recording_id,node,FCV_raw,EdgeStdFCV,NetTE_raw,NetTE,n_rois
2017-10-26_1,AL_R,0.3092294912370727,1.6378505034489974,0.0009446632217295914,0.40029789034340474,23
2017-10-26_1,AME_R,0.2676182779951919,-1.4291612209937992,0.0009483693865340033,0.40186836532151893,1
2017-10-26_1,AMMC_R,0.27864356601127216,-0.616527198185662,-0.0010848838584872093,-0.4597159176208025,4
2017-10-26_1,ATL_R,0.2947505625980829,0.5706611466999,-0.0007633998890956293,-0.323488157540279,1
2017-10-26_1,AVLP_R,0.2831755039679877,-0.2824944756380704,0.0005806471582765687,0.24604729722243465,28
2017-10-26_1,CRE_R,0.31309204842438587,1.922545595393516,0.007428502926998642,3.14780334587701,8
2017-10-26_1,EPA_R,0.28887373221919993,0.13750127775249307,-0.001135721735374691,-0.48125829843916135,1
2017-10-26_1,GA_R,0.29331228711148566,0.46465107305146697,-0.002640050824259054,-1.1187127338517002,1
2017-10-26_1,GOR_R,0.29444520590152357,0.5481544112427845,-0.0021161452069822606,-0.8967094754301597,1
2017-10-26_1,IB_R,0.2756841608859025,-0.8346542247667948,0.00029707202158137764,0.12588327859461837,4
2017-10-26_1,ICL_R,0.30383567464986244,1.2402918305906472,0.0018665180377092031,0.7909307948021078,8
2017-10-26_1,IPS_R,0.2759611991118309,-0.8142347411506285,0.00011400389108123713,0.04830876871357827,11
2017-10-26_1,IVLP_R,0.2699814907809382,-1.254977371099654,-3.9124197595332186e-05,-0.01657874827614809,5
2017-10-26_1,LAL_R,0.29843708916556855,0.8423816596112713,-0.0030230376896282743,-1.2810021410288295,9
2017-10-26_1,LB_R,0.2665942081868954,-1.5046416952216468,-0.0014486532235455758,-0.6138619731196228,1
2017-10-26_1,LH_R,0.3123138178647127,1.8651850412332003,-0.00446267812828434,-1.8910449766035564,14
2017-10-26_1,LO_R,0.2723329465769137,-1.0816600863128891,0.0005564299915933,0.23578535358959365,29
2017-10-26_1,MB_R,0.31218461851625695,1.8556622254911859,0.008428184846925502,3.571415226128356,16
2017-10-26_1,ME_R,0.27202695718354264,-1.1042134555590337,-3.5504051915188265e-05,-0.01504472361512216,23
2017-10-26_1,OTU_R,0.2940256897501492,0.5172333960976817,-0.0033577367130001395,-1.4228297361695101,3
2017-10-26_1,PLP_R,0.2865211320748434,-0.035900352806190694,0.0032452750944394885,1.3751745002940103,15
2017-10-26_1,PVLP_R,0.2755391980068659,-0.8453389132191548,0.0006801386559105346,0.2882064876025409,17
2017-10-26_1,SCL_R,0.301122530524479,1.0403158098415355,-0.0030336220005507284,-1.2854872074901234,6
2017-10-26_1,SIP_R,0.3022193753427245,1.1211602663080795,-0.005273663789566217,-2.2346974464387936,6
2017-10-26_1,SLP_R,0.31105384729780305,1.77231717701829,-0.004195135575062985,-1.7776747117640803,22
2017-10-26_1,SMP_R,0.311551789056686,1.8090186594698185,0.0003527886918672443,0.14949303184780025,21
2017-10-26_1,SPS_R,0.27944275066931507,-0.557622193374473,-0.0010862611331780168,-0.4602995331786774,12
2017-10-26_1,VES_R,0.2742611377608736,-0.9395401021202616,-0.0013429120091550738,-0.569054486102854,6
2017-10-26_1,WED_R,0.26423219670229436,-1.6787370015620209,-0.0003708890346166308,-0.15716299173446335,1
2017-10-26_1,AL_L,0.2972136260135088,0.7522046246380576,0.0014101028545882585,0.5975263828154718,22
2017-10-26_1,AME_L,0.26439349852963095,-1.666848028444615,0.0009651079307162127,0.40896126760609236,1
2017-10-26_1,AMMC_L,0.2925676867012843,0.4097692753293572,0.00039951278424437303,0.1692922101968107,4
2017-10-26_1,ATL_L,0.2733844945984213,-1.0041542925733213,-0.001768938043313933,-0.7495815975457241,1
2017-10-26_1,AVLP_L,0.3022000600359572,1.1197366050470554,0.0014321299447116686,0.6068602888086163,34
2017-10-26_1,CRE_L,0.2884204857585243,0.10409412375114736,-0.0013315670898760136,-0.5642471143866045,10
2017-10-26_1,EPA_L,0.27819201303132274,-0.6498095318600396,0.00048625355513513076,0.20604832263522857,1
2017-10-26_1,GA_L,0.27616341879807016,-0.7993298609443324,-5.6656893074292525e-05,-0.02400816952471889,1
2017-10-26_1,GOR_L,0.2740357134451877,-0.9561553114669402,-0.001209101678777854,-0.5123528047797637,1
2017-10-26_1,IB_L,0.2830364911398179,-0.29274060740467855,0.00010537045732024698,0.04465037994449254,3
2017-10-26_1,ICL_L,0.27997823781083825,-0.5181533768371321,0.0008713727204530427,0.3692412848057214,8
2017-10-26_1,IPS_L,0.2858571436460675,-0.08484053352412288,-0.00036157029244774546,-0.1532142058126095,8
2017-10-26_1,IVLP_L,0.28395629254537447,-0.22494537926262348,2.400409856316416e-05,0.010171656727396429,7
2017-10-26_1,LAL_L,0.2892635608838118,0.1662341358390498,8.165213509298424e-06,0.0034599819986548094,5
2017-10-26_1,LB_L,0.27097722128099716,-1.1815856845772232,-0.00015117588750039536,-0.06406027825069979,1
2017-10-26_1,LH_L,0.2979468559535748,0.8062483462143232,-9.201543350923448e-05,-0.03899123313527701,11
2017-10-26_1,LO_L,0.26513752328696566,-1.6120086600090768,-0.0004582379845842524,-0.1941768180288032,22
2017-10-26_1,MB_L,0.3007567338419921,1.0133542620628584,0.0029351369314573237,1.2437544878482663,16
2017-10-26_1,ME_L,0.2678020820090779,-1.4156136932562358,-0.0003414594680201401,-0.1446923110185075,16
2017-10-26_1,OTU_L,0.2905831948133938,0.26349957028994886,-0.003163354331252417,-1.3404608500483008,4
2017-10-26_1,PLP_L,0.283617813046637,-0.2498934764276062,-6.897862371650568e-05,-0.029229461799045935,13
2017-10-26_1,PVLP_L,0.28751023143443993,0.037002576384735426,-0.0012141304990563957,-0.5144837506048068,11
2017-10-26_1,SCL_L,0.28212354177964905,-0.3600307961137691,-0.0031587673895236467,-1.3385171487853331,8
2017-10-26_1,SIP_L,0.2793463403065848,-0.5647282518095572,-0.0027620518863723915,-1.1704102771245377,7
2017-10-26_1,SLP_L,0.29314391309218,0.45224083429442435,-0.0012608903404372476,-0.5342980774749442,23
2017-10-26_1,SMP_L,0.2808297862716967,-0.4553888258925943,0.0003946184659271332,0.1672182591293889,22
2017-10-26_1,SPS_L,0.2861270002818411,-0.0649503788913965,0.0025423753027230492,1.0773230572879537,15
2017-10-26_1,VES_L,0.2901748313554184,0.23340057975669537,0.002960713795621094,1.2545925987547242,6
2017-10-26_1,WED_L,0.2713892027086093,-1.1512200266139676,-4.317118763659768e-05,-0.018293646811938735,1
2017-10-26_1,EB,0.31806465046339516,2.28905807043185,0.0016167519485095,0.6850932473183515,3
2017-10-26_1,FB,0.28340462047711446,-0.2656071280937803,0.0009518637202979596,0.4033490776025649,13
2017-10-26_1,FLA,0.3023599016561069,1.1315179515846676,0.00487906580167237,2.0674878648077284,6
2017-10-26_1,NO,0.2874740097430849,0.03433280678635183,0.001278950768982863,0.5419511238508483,1
2017-10-26_1,PB,0.29354022179724243,0.4814513126782123,-0.001257695805196891,-0.532944403818632,1
2017-10-26_1,PRW,0.27871833871924817,-0.6110159728652729,0.000778219256406535,0.3297678150248991,7
2017-10-26_1,SAD,0.2860020093434471,-0.07416300797950336,0.002241198449185224,0.9497003698388532,20
2017-10-26_1,SOG,0.29438627337808654,0.5438107085181919,0.0023856739699221583,1.0109213900150937,71
2017-10-30_1,AL_R,0.2939242557448601,2.462720566866311,0.0024888281601727668,2.0266664348655246,23
2017-10-30_1,AME_R,0.26714046347531334,-1.503447901317787,0.0005492880325402479,0.4472882605705353,1
2017-10-30_1,AMMC_R,0.26747780496995965,-1.4534940641011818,-0.0006549829548307116,-0.5333562160725065,4
2017-10-30_1,ATL_R,0.27087777360287574,-0.9500235977468307,0.0002307319082061742,0.1878862596047877,1
2017-10-30_1,AVLP_R,0.2846825734463182,1.0942037953586496,0.0002144735145076568,0.17464696035508492,28
2017-10-30_1,CRE_R,0.2850744906773942,1.152239257566108,-0.001054637764624633,-0.8587973218520555,8
2017-10-30_1,EPA_R,0.26954035381463,-1.1480699438162376,-2.117602352403475e-05,-0.01724375221514078,1
2017-10-30_1,GA_R,0.2772017065819921,-0.013569815389843167,-0.0008025140672533239,-0.6534916108859938,1
2017-10-30_1,GOR_R,0.2768502271985508,-0.06561720411629965,-0.0011858263458520472,-0.9656249037903657,1
2017-10-30_1,IB_R,0.27657270500010206,-0.10671294521342538,-0.0008896106554008721,-0.7244148407877679,4
2017-10-30_1,ICL_R,0.273675453124396,-0.5357406541416293,-0.0004510884469954423,-0.36732379893106704,8
2017-10-30_1,IPS_R,0.2796013938693969,0.34177807399879545,0.0022025085035490407,1.793514766539316,11
2017-10-30_1,IVLP_R,0.27514679777379186,-0.3178625920831684,0.00220777663882684,1.7978046380188744,5
2017-10-30_1,LAL_R,0.28111923249093024,0.5665410059963762,0.0006564741715563057,0.5345705220391594,9
2017-10-30_1,LB_R,0.2720620810580083,-0.7746502660725586,0.0008129864468394963,0.6620193270779359,1
2017-10-30_1,LH_R,0.2773988297733747,0.01562036717061577,-2.2355525964803814e-06,-0.0018204227528302596,14
2017-10-30_1,LO_R,0.2666564279800122,-1.5751243203858958,2.0836960879604547e-05,0.016967651642276975,29
2017-10-30_1,MB_R,0.2918116262968696,2.1498804650147094,0.0027130907946053516,2.2092847293192026,16
2017-10-30_1,ME_R,0.2658652406250477,-1.6922840678968631,-0.0006726060004074023,-0.5477067588387475,24
2017-10-30_1,OTU_R,0.26875592440981577,-1.2642289678849827,-0.0006287820320314204,-0.5120206607900799,3
2017-10-30_1,PLP_R,0.2827236041150392,0.8041178241986788,-0.00028802435595733463,-0.2345398143526186,15
2017-10-30_1,PVLP_R,0.2802173319050064,0.43298674193515957,0.00026796282228638173,0.21820359734355751,17
2017-10-30_1,SCL_R,0.2777083540622651,0.061455007104329384,-0.000992168615050555,-0.8079283503889598,6
2017-10-30_1,SIP_R,0.2764396583366844,-0.12641461687865418,-0.0017246345914007741,-1.4043794162781158,6
2017-10-30_1,SLP_R,0.28666827606624723,1.3882484563646151,-0.0008174962541897103,-0.6656916879627284,22
2017-10-30_1,SMP_R,0.2815365272409756,0.6283343944348957,-0.0011538323383313675,-0.9395720078144155,21
2017-10-30_1,SPS_R,0.27988457637967645,0.3837119992513793,0.00018616174948588469,0.15159253466205425,12
2017-10-30_1,VES_R,0.2806704292227202,0.5000818073556885,0.0017666700445124926,1.438609116527879,6
2017-10-30_1,WED_R,0.26562511262468863,-1.727842441922749,-2.3132277405340105e-05,-0.018836740490812555,1
2017-10-30_1,AL_L,0.28550097923267664,1.2153940730970605,0.0004929780829955409,0.4014347595062806,22
2017-10-30_1,AMMC_L,0.27056191030674775,-0.9967969236728946,-0.00017641588330559213,-0.14365642232518683,4
2017-10-30_1,ATL_L,0.26704523526971297,-1.5175493811430838,0.0001402025380525172,0.11416769646895537,1
2017-10-30_1,AVLP_L,0.28629248241015237,1.3326005878944842,-1.4902752133044618e-05,-0.012135392880264361,34
2017-10-30_1,CRE_L,0.28054648481417965,0.4817280059218237,-0.00032374806725477874,-0.2636298285906167,10
2017-10-30_1,EPA_L,0.26917717862554014,-1.2018492581455495,7.326404547285533e-05,0.059659314459054626,1
2017-10-30_1,GA_L,0.2675679491035274,-1.4401454383147356,0.00018281904888243057,0.14887055520873801,1
2017-10-30_1,GOR_L,0.2729735794267704,-0.6396747535460485,-0.0003853445674578135,-0.3137881968798972,1
2017-10-30_1,IB_L,0.27058030167652963,-0.9940735128062962,0.0002237794908975217,0.1822248680205467,3
2017-10-30_1,ICL_L,0.27978632550245325,0.36916291944623275,-0.0007105770672667959,-0.5786268070491575,8
2017-10-30_1,IPS_L,0.27777872993316444,0.07187633046560021,-0.0001268318401601294,-0.10327986376806346,8
2017-10-30_1,IVLP_L,0.27404982514364373,-0.48030330295671175,0.00024744038475060527,0.2014920637869397,7
2017-10-30_1,LAL_L,0.2808951495062867,0.5333585925798738,-0.0024712308009652772,-2.012336808650746,5
2017-10-30_1,LB_L,0.26913203820429854,-1.2085336930294226,-0.00023514336786251234,-0.19147853542251356,1
2017-10-30_1,LH_L,0.28264453021556196,0.7924084888063327,-0.000846302083442223,-0.6891484328713372,11
2017-10-30_1,LO_L,0.2687480525446649,-1.265394640879794,-0.0005253308620305239,-0.42777980509603697,22
2017-10-30_1,MB_L,0.28494387964362294,1.1328982561676793,0.0045870291384915935,3.735243010946047,16
2017-10-30_1,OTU_L,0.28036686953823137,0.45513041149975747,-0.001287810693239646,-1.048671317777326,4
2017-10-30_1,PLP_L,0.27547095981654185,-0.2698603801634259,-0.0013373309331303868,-1.0889959209938398,13
2017-10-30_1,PVLP_L,0.2843968310475594,1.0518907994775946,-0.0010558203295420374,-0.8597602909567553,11
2017-10-30_1,SCL_L,0.2776100988868533,0.046905290819484385,-0.001157561740688255,-0.9426088806286027,8
2017-10-30_1,SIP_L,0.2806061790282317,0.49056757976273485,-0.0019526975326758097,-1.5900923214578517,7
2017-10-30_1,SLP_L,0.29381163806538524,2.4460440378371837,-0.0014763656595553202,-1.202212662042994,23
2017-10-30_1,SMP_L,0.2817671276503104,0.6624819140635476,-0.00014008991288040815,-0.114075985172978,22
2017-10-30_1,SPS_L,0.2792433723390992,0.2887619181793519,-9.292119394245534e-05,-0.07566623837851917,15
2017-10-30_1,VES_L,0.27931379102021403,0.29918958091650566,0.0021448492579515268,1.7465625262914248,6
2017-10-30_1,WED_L,0.26910466989352666,-1.2125864175323047,-0.0005527684683208422,-0.45012239853478336,1
2017-10-30_1,EB,0.28456481516124027,1.07676604074783,0.00036305505836902493,0.295637727256176,3
2017-10-30_1,FB,0.2795448512197626,0.3334051867007455,0.0007950197888285677,0.6473889788200115,13
2017-10-30_1,FLA,0.2769077920342088,-0.05709295057649979,-0.001454454015400851,-1.1843698899098238,6
2017-10-30_1,NO,0.2712485356986758,-0.8951208073293582,0.00023618167668360706,0.19232403599600092,1
2017-10-30_1,PB,0.2769628743927586,-0.04893630451851178,-0.0006872194763155962,-0.5596065925009466,1
2017-10-30_1,PRW,0.2788542446944986,0.23113954048982752,0.0009958123466006553,0.8108954609948347,7
2017-10-30_1,SAD,0.2792838608996195,0.2947575012708609,0.0018695221958540014,1.522362188038881,20
2017-10-30_1,SOG,0.2765816682755833,-0.10538565517818678,0.0017038727216230564,1.3874729117323668,71
2017-10-30_2,AL_R,0.2830018351789833,0.583151833896729,0.004090501040252909,1.5976711909852392,23
2017-10-30_2,AME_R,0.26318721696072755,-1.463798765528487,0.0004603371249434218,0.17979884503772298,1
2017-10-30_2,AMMC_R,0.26907570151059845,-0.8554884339189082,0.00014193241333538062,0.05543607631962036,4
2017-10-30_2,ATL_R,0.28387626142127526,0.6734845014806823,-0.0013992399261229553,-0.5465162573592063,1
2017-10-30_2,AVLP_R,0.2897575770372896,1.2810542458483942,-0.00011992662537881124,-0.046841037935039735,28
2017-10-30_2,CRE_R,0.28447162390353564,0.7349884667105236,-0.0021099284408541584,-0.8240975498651065,8
2017-10-30_2,EPA_R,0.2651530495011694,-1.2607182896543836,-0.0008219608516143946,-0.32104213146974697,1
2017-10-30_2,GA_R,0.27403417861300144,-0.34325259040168304,-0.001355157553537825,-0.5292985287688755,1
2017-10-30_2,GOR_R,0.2703827047352316,-0.7204683692048339,-0.0009915690275495701,-0.3872878294369651,1
2017-10-30_2,IB_R,0.26723047494378854,-1.046109700773646,0.0005004707705875757,0.19547427667895548,4
2017-10-30_2,ICL_R,0.28168743349146635,0.4473674704276667,-0.0014846286643462555,-0.5798674595105965,8
2017-10-30_2,IPS_R,0.2690378603853255,-0.8593976141618567,0.0012041503666103117,0.4703180200703876,11
2017-10-30_2,IVLP_R,0.26786873514482035,-0.9801741835357913,-0.00014595549060178844,-0.0570074130787109,5
2017-10-30_2,LAL_R,0.27241746173240966,-0.5102676472337765,-0.0005422548027168794,-0.21179431760285725,9
2017-10-30_2,LB_R,0.26614790340761824,-1.157944833324565,0.0004579778575456559,0.17887736047723787,1
2017-10-30_2,LH_R,0.2814403178199461,0.42183916771832164,-0.001474708044337864,-0.5759926557571818,14
2017-10-30_2,LO_R,0.2670960650754495,-1.0599949221558997,-0.0007039748386840295,-0.2749590595078825,30
2017-10-30_2,MB_R,0.2905441447784071,1.3623106844753894,0.007890597376510088,3.081915878778124,16
2017-10-30_2,ME_R,0.2681867121515164,-0.9473255453591418,-0.0006096120339884979,-0.23810275924563,24
2017-10-30_2,OTU_R,0.2817241427883118,0.45115972705126717,-0.002301560824388945,-0.8989454805759205,3
2017-10-30_2,PLP_R,0.2818075832036697,0.4597795453264329,-0.0018262121242532186,-0.7132834024085537,15
2017-10-30_2,PVLP_R,0.28399013919861277,0.6852486536846076,-0.0009430052528074657,-0.3683197511826299,17
2017-10-30_2,SCL_R,0.28547898798147264,0.8390542872304857,0.001341554422007151,0.5239854066990185,6
2017-10-30_2,SIP_R,0.2819070119278467,0.4700510370257574,-0.0021315706006178243,-0.8325505620572196,6
2017-10-30_2,SLP_R,0.28535017692717807,0.8257474517468755,0.0012253673511872752,0.47860496699562216,22
2017-10-30_2,SMP_R,0.28265387097443256,0.547205366029514,-0.0010933284379787596,-0.42703310192424626,21
2017-10-30_2,SPS_R,0.2762952529137591,-0.10967214265847708,0.001421794197732557,0.555325522930763,12
2017-10-30_2,VES_R,0.2703895102124909,-0.7197653288736083,-0.00016250090120604018,-0.06346973287897681,6
2017-10-30_2,WED_R,0.2628328572555696,-1.500405921058586,-0.00018886397659607988,-0.07376664409888796,1
2017-10-30_2,AL_L,0.29548368132817054,1.8725898728023929,0.002679365862072667,1.0465088764964985,22
2017-10-30_2,AME_L,0.26764229344101753,-1.003566760482189,-0.00011188004648357692,-0.0436981986690434,1
2017-10-30_2,AMMC_L,0.27149800769873883,-0.605251914133879,-0.0002931495801410491,-0.11449859912804596,4
2017-10-30_2,ATL_L,0.2799621594495544,0.2691379080225348,0.0017353630526921362,0.6777994988640814,1
2017-10-30_2,AVLP_L,0.2816028029890482,0.438624710120791,-0.001310696330893856,-0.5119328286174198,34
2017-10-30_2,CRE_L,0.28954220520023655,1.2588052423046925,-0.0061580617556240115,-2.405220720506201,10
2017-10-30_2,EPA_L,0.26508715401604266,-1.267525627615372,-0.0005694286057342687,-0.22240788347245702,1
2017-10-30_2,GA_L,0.26614074961641976,-1.1586838562530206,-0.0006490975270378972,-0.25352503492435047,1
2017-10-30_2,GOR_L,0.2752442456949653,-0.2182465210700737,0.00036928116252709514,0.1442341338963697,1
2017-10-30_2,IB_L,0.2644066389496813,-1.337826286838918,-0.0005584206139162304,-0.21810837316180967,3
2017-10-30_2,ICL_L,0.2761281975859496,-0.12692980564397127,-0.0006339013218050783,-0.2475896888447727,8
2017-10-30_2,IPS_L,0.27217032185589035,-0.5357984504423383,0.0007549340737760018,0.2948627585950863,8
2017-10-30_2,IVLP_L,0.2738028448005238,-0.3671505469962821,0.0006614350479616099,0.2583438337839578,7
2017-10-30_2,LAL_L,0.28703526884269476,0.9998259966151051,-0.00046984439914239055,-0.18351220385196512,5
2017-10-30_2,LB_L,0.27217999838630946,-0.5347988157522534,-0.0002554588984048008,-0.09977734229764205,1
2017-10-30_2,LH_L,0.2949061371452577,1.8129266283035015,-0.0017546970593689123,-0.6853509907644212,11
2017-10-30_2,LO_L,0.2628293413238194,-1.5007691346478822,0.0009927956214337492,0.38776691346420455,22
2017-10-30_2,MB_L,0.2962247886786947,1.9491500224194132,0.012022611460214274,4.695801267711134,16
2017-10-30_2,ME_L,0.2617515795919886,-1.6121073900060454,-9.119063551805695e-05,-0.03561731186989919,16
2017-10-30_2,OTU_L,0.2850636322794417,0.796145935735548,-0.0012660761736536612,-0.49450505166335673,4
2017-10-30_2,PLP_L,0.2841868245786231,0.7055672514024981,5.857262444771267e-05,0.02287734283395324,13
2017-10-30_2,PVLP_L,0.27082962399230914,-0.6742993423231227,-0.0005673511295605467,-0.22159646115522696,11
2017-10-30_2,SCL_L,0.29397296955084995,1.7165256809979776,0.005324518644985216,2.0796547809778034,8
2017-10-30_2,SIP_L,0.2962288880774529,1.9495735111110957,-0.004378565198558656,-1.710183521956813,7
2017-10-30_2,SLP_L,0.2959546481107002,1.9212431310781577,0.0014830754947267265,0.5792608212696045,23
2017-10-30_2,SMP_L,0.2899540188910638,1.3013476860704645,-0.006015335984757918,-2.3494747739632267,22
2017-10-30_2,SPS_L,0.2755295271295423,-0.18877550138753024,-0.0001675157936133837,-0.06542845359466888,15
2017-10-30_2,VES_L,0.2808544417017975,0.3613151920341342,-0.0013487220695133613,-0.5267849522351569,6
2017-10-30_2,WED_L,0.26456584199812955,-1.3213798041531597,0.0006653292673690978,0.25986484113672315,1
2017-10-30_2,EB,0.2844312763447368,0.730820359166946,-0.0006444221943718836,-0.2516989397259245,3
2017-10-30_2,FB,0.2835894428041058,0.6438546830368225,-0.0010291148884142226,-0.40195252201469556,13
2017-10-30_2,FLA,0.27240544820814194,-0.5115087052461058,1.1359068713320179e-05,0.004436634207180472,6
2017-10-30_2,NO,0.27093981275110185,-0.6629162844526034,-0.0012623212399152164,-0.4930384466193935,1
2017-10-30_2,PB,0.27556168964366773,-0.185452950488852,0.004536414309666523,1.7718363549124734,1
2017-10-30_2,PRW,0.26933153742452537,-0.8290592859232776,0.00012839105424574244,0.05014708137953757,7
2017-10-30_2,SAD,0.2710625617852113,-0.6502356864122257,-0.000361957433568329,-0.14137362594077674,20
2017-10-30_2,SOG,0.28042712015671234,0.3171707082381493,0.00014503763203447005,0.05664891514020091,71
2017-11-08_1,AL_R,0.2995286405852524,2.588159027753078,0.0072438764687584095,2.148819523860282,23
2017-11-08_1,AME_R,0.26953895472826933,-1.358365573501428,-0.00023607322955732603,-0.07002863272466586,1
2017-11-08_1,AMMC_R,0.2705842478035061,-1.2208091197054205,0.0008072191679448136,0.23945304915054277,4
2017-11-08_1,ATL_R,0.2770057643833147,-0.3757628167719963,-0.004405756671341122,-1.306921231137194,1
2017-11-08_1,AVLP_R,0.2799951812975634,0.01763268099183607,-0.0036246074590176036,-1.0752015592559647,28
2017-11-08_1,CRE_R,0.28200277166475435,0.2818236702254153,-0.007627792864866725,-2.262704272039736,8
2017-11-08_1,EPA_R,0.27820812930291716,-0.2175363265871516,-0.0002790177411737542,-0.08276766898543224,1
2017-11-08_1,GA_R,0.2680359857385419,-1.5561503759554585,-0.0020658875802250344,-0.612823753363771,1
2017-11-08_1,GOR_R,0.2768852848261877,-0.39161745220957656,0.0010939631056721064,0.3245126128239957,1
2017-11-08_1,IB_R,0.28093110917294845,0.14079710501486647,0.0022028628322774855,0.6534560166506185,4
2017-11-08_1,ICL_R,0.28096419554958946,0.14515114193285308,-0.003059308508483872,-0.9075115900849674,8
2017-11-08_1,IPS_R,0.29151240332390604,1.5332537609134786,-0.003590921016244511,-1.0652088314351063,11
2017-11-08_1,IVLP_R,0.2724831510594454,-0.970920926454411,0.0025783103977358836,0.7648285755729404,5
2017-11-08_1,LAL_R,0.2839951225836073,0.5440092080493937,-0.0006900667461283688,-0.20470101930127613,9
2017-11-08_1,LB_R,0.2686195992884306,-1.4793491302456834,-0.002263271520660748,-0.6713756166836371,1
2017-11-08_1,LH_R,0.27632893214578297,-0.464831274810517,-0.005109736245116492,-1.5157493439648324,14
2017-11-08_1,LO_R,0.26846539147630843,-1.4996422712658333,-0.00031303864468457804,-0.09285961105522227,30
2017-11-08_1,MB_R,0.28786989269077234,1.0539137007158825,0.00425903463668613,1.2633976876302202,16
2017-11-08_1,ME_R,0.27174013257462,-1.0686992340877222,-0.0003978320906032724,-0.11801269212601409,24
2017-11-08_1,OTU_R,0.27396671774814063,-0.7756893904370376,-0.0005074833952808201,-0.1505395947207862,3
2017-11-08_1,PLP_R,0.2760352461664742,-0.5034791935620825,-0.0026779333472730375,-0.7943806724251214,15
2017-11-08_1,PVLP_R,0.27507020471509863,-0.6304748495768364,-0.0010659148921334349,-0.3161924062162166,17
2017-11-08_1,SCL_R,0.2825490271632841,0.35370874344022185,-0.002194635112784803,-0.6510153504743008,6
2017-11-08_1,SIP_R,0.2844191888609612,0.599814660768057,-0.0042947407970832414,-1.2739895433740758,6
2017-11-08_1,SLP_R,0.28813545726413303,1.088860953147524,0.0006281496026274361,0.18633395197340563,22
2017-11-08_1,SMP_R,0.2963089799289601,2.1644643599147972,8.847800460457779e-05,0.026246066528948377,21
2017-11-08_1,SPS_R,0.2791314066909465,-0.09603665690017105,0.0002989296547400595,0.08867432805302249,12
2017-11-08_1,VES_R,0.2838402553050041,0.5236292838363981,0.0018650290725503145,0.5532411963328316,6
2017-11-08_1,WED_R,0.27421820525845364,-0.7425946240866448,-0.001037437444127013,-0.3077448717324591,1
2017-11-08_1,AL_L,0.2908304986661567,1.4435177923424285,0.002990468055809345,0.8870907961390213,22
2017-11-08_1,AME_L,0.26705454236157483,-1.6853044608101702,0.00025355561575257304,0.07521459813172801,1
2017-11-08_1,AMMC_L,0.2786213438959071,-0.16315891281199515,0.0003516011864113066,0.10429878218264958,4
2017-11-08_1,ATL_L,0.27938039746696836,-0.0632704509538383,0.00032420018211853745,0.09617056336892185,1
2017-11-08_1,AVLP_L,0.28948097341623086,1.2659255819990098,0.0016623663627880565,0.4931234417888738,34
2017-11-08_1,CRE_L,0.28145349742203457,0.20954134215880488,-0.009480062590005514,-2.812160542587617,10
2017-11-08_1,EPA_L,0.2703183216947652,-1.2558039487698731,-0.0010335468867314426,-0.30659077893057934,1
2017-11-08_1,GA_L,0.27473887684100895,-0.6740762935003249,-0.004291753404766485,-1.2731033649634744,1
2017-11-08_1,GOR_L,0.2719450846390557,-1.0417283492231477,0.001373705778453554,0.40749532512205117,1
2017-11-08_1,IB_L,0.2818647630352473,0.2636622778676468,0.0038155151778813644,1.1318323197775326,3
2017-11-08_1,ICL_L,0.2861149158720576,0.8229656600222082,0.0003484280349854502,0.10335750029228985,8
2017-11-08_1,IPS_L,0.2820880035879707,0.2930398557963375,0.007236272404091239,2.146563858307731,8
2017-11-08_1,IVLP_L,0.2851092745449527,0.6906272201871144,0.0021474528815807717,0.6370192394103182,7
2017-11-08_1,LAL_L,0.28066255603418827,0.1054565691414519,-0.0018837820276749184,-0.5588040626069346,5
2017-11-08_1,LB_L,0.2800362210716085,0.02303335369882622,-0.0006328315142603185,-0.1877227916601556,1
2017-11-08_1,LH_L,0.28543812916076494,0.7339031930575285,0.003520795028714481,1.0444066971380346,11
2017-11-08_1,LO_L,0.270701811780173,-1.2053381631789053,-0.00024296666082735012,-0.07207349637789098,22
2017-11-08_1,MB_L,0.2854147742157638,0.7308297742345509,0.0025735393654685457,0.7634132991902965,16
2017-11-08_1,ME_L,0.2645679723496229,-2.0125272857409913,-0.00015019790043848338,-0.04455462241756786,16
2017-11-08_1,OTU_L,0.2791406826193565,-0.09481598123707537,-0.007552875975662662,-2.2404809673101678,4
2017-11-08_1,PLP_L,0.2799212295509385,0.007900922254759841,0.006628482495784041,1.966269394838007,13
2017-11-08_1,PVLP_L,0.2883649450430262,1.1190606414472986,0.007524357515587635,2.2320212670289794,11
2017-11-08_1,SCL_L,0.2819556903137982,0.27562794978023075,-0.001197836505175277,-0.3553255608118303,8
2017-11-08_1,SIP_L,0.27858921561997113,-0.1673868674488604,-0.002394516382331927,-0.71030802012559,7
2017-11-08_1,SLP_L,0.28227435104662574,0.31756244777914433,0.00013000320970610538,0.03856408048726191,23
2017-11-08_1,SMP_L,0.2928882549591517,1.7143104199284298,-0.004933412215443862,-1.46344468096839,22
2017-11-08_1,SPS_L,0.27627385446064157,-0.4720792813560768,0.002640855305635318,0.7833818625860447,15
2017-11-08_1,VES_L,0.28065907133808654,0.1049979968523337,0.001576331397469044,0.46760207708732704,6
2017-11-08_1,WED_L,0.2667237904020683,-1.728830116641666,-0.0009555848908106986,-0.28346417542262026,1
2017-11-08_1,EB,0.27974065527681635,-0.015861941370263248,0.0013832383396062365,0.4103230588093413,3
2017-11-08_1,FB,0.27816635437123094,-0.22303374314568536,0.0007021921670187977,0.20829789747234237,13
2017-11-08_1,FLA,0.28548715882301173,0.7403553035988301,0.0009498779473237466,0.2817712708515362,6
2017-11-08_1,NO,0.27602457707664135,-0.5048832037840982,-0.0011863172893894303,-0.3519085069889302,1
2017-11-08_1,PB,0.28543805767945624,0.7338937863986965,0.0027688997248380663,0.8213648885378078,1
2017-11-08_1,PRW,0.2726439251284719,-0.9497636918744077,0.001935946293392725,0.5742780416436686,7
2017-11-08_1,SAD,0.28325982587859505,0.4472470562419051,0.006766223988363609,2.0071289552925715,20
2017-11-08_1,SOG,0.29909538627833737,2.5311444665137994,0.0007069781479263617,0.20971760821138521,71
2017-11-08_2,AL_R,0.2786876480136988,0.3975815705113594,0.00022529268253925248,0.13961003318293871,23
2017-11-08_2,AME_R,0.2701532244885362,-1.3128123976752368,0.00015661359454574117,0.09705077362031389,1
2017-11-08_2,AMMC_R,0.26874194934429674,-1.5956477276822305,-0.0010710939112517628,-0.6637386301521305,4
2017-11-08_2,ATL_R,0.2817281351911732,1.0069292216289942,-3.6102244296868455e-05,-0.022371945095847553,1
2017-11-08_2,AVLP_R,0.2790502957196183,0.47026022853116617,-0.00299484032560057,-1.8558514751665396,28
2017-11-08_2,CRE_R,0.27676289202752125,0.011838934317736728,-0.0029575195975612774,-1.8327244564757783,8
2017-11-08_2,EPA_R,0.27689163295641817,0.03764005698229727,-0.00035259595337372353,-0.21849769906352323,1
2017-11-08_2,GA_R,0.2720849312198551,-0.9256767543816972,-0.0013670599348294228,-0.8471437274992245,1
2017-11-08_2,GOR_R,0.2756464853713692,-0.2119014513211903,-0.0011020863620675465,-0.6829441233711936,1
2017-11-08_2,IB_R,0.283000679597869,1.2619613595402273,0.0012350466959128712,0.7653373747229159,4
2017-11-08_2,ICL_R,0.2788829148965565,0.4367152387247671,0.001331522196669002,0.8251215972289325,8
2017-11-08_2,IPS_R,0.28708488020161055,2.0804808596455957,0.005382908740849201,3.3356967454979527,11
2017-11-08_2,IVLP_R,0.279455299607358,0.5514275393213655,-6.881596728214654e-05,-0.04264408132342524,5
2017-11-08_2,LAL_R,0.2821614363197677,1.0937676161112266,-0.0025805957025558436,-1.5991511468766848,9
2017-11-08_2,LB_R,0.2712379304538828,-1.0954251851804717,0.00010408726788143213,0.06450110478096129,1
2017-11-08_2,LH_R,0.2770632643103486,0.07203690073499126,-0.002650260333718931,-1.642321130733845,14
2017-11-08_2,LO_R,0.27106652353640076,-1.1297770493576271,-0.00025799532781469055,-0.15987530474265008,30
2017-11-08_2,MB_R,0.2793806073512583,0.5364583754491384,0.005501941486309121,3.409459307851128,16
2017-11-08_2,ME_R,0.2720884607978249,-0.9249693874632444,-0.00032864940484124227,-0.20365843132719058,24
2017-11-08_2,OTU_R,0.2746079803041116,-0.42002948688581776,-0.0027446573680887645,-1.7008173630668562,3
2017-11-08_2,PLP_R,0.27814766604100166,0.2893631411930131,0.0023472798699437124,1.454569304421995,15
2017-11-08_2,PVLP_R,0.28077173393516486,0.8152557085182709,0.001168906257972823,0.7243512733037745,17
2017-11-08_2,SCL_R,0.2782903700926551,0.3179626298947651,0.000716733567249,0.44414756830606367,6
2017-11-08_2,SIP_R,0.27745340581444017,0.15022562354327632,-0.0020495160555131617,-1.2700501467432508,6
2017-11-08_2,SLP_R,0.27758363318701046,0.17632464615216076,-0.001748129997530874,-1.0832863465099638,22
2017-11-08_2,SMP_R,0.2777318882896007,0.20603662757370936,-0.001536116657988048,-0.9519052957133294,21
2017-11-08_2,SPS_R,0.28399143919846537,1.4605206693502812,0.001629490586978484,1.0097675270909725,12
2017-11-08_2,VES_R,0.28599456729613454,1.861969953611478,0.0022381889278543796,1.3869675080680621,6
2017-11-08_2,WED_R,0.26605343612165366,-2.134455859929337,-0.00013860552490731865,-0.08589147997861826,1
2017-11-08_2,AL_L,0.2797730734820659,0.6151129794621377,0.0005143705493060826,0.3187466572263705,22
2017-11-08_2,AME_L,0.26966931458533766,-1.4097933568620193,-0.00011124112453216957,-0.06893422774411583,1
2017-11-08_2,AMMC_L,0.27592098902714035,-0.15688784721637353,-0.00017658506412259018,-0.10942675271963577,4
2017-11-08_2,ATL_L,0.273092857902033,-0.7236769693360406,-0.0009083662588321905,-0.5628990791377738,1
2017-11-08_2,AVLP_L,0.2791850315843736,0.49726280342053675,-0.0007917399010603245,-0.4906277141958669,34
2017-11-08_2,CRE_L,0.27460789230516325,-0.42004712285970885,-0.002829372437208951,-1.7533138466528402,10
2017-11-08_2,EPA_L,0.27108574818875575,-1.1259242139163688,0.00031061519325225305,0.19248293796455881,1
2017-11-08_2,GA_L,0.2669810033627952,-1.9485610060287388,0.00036118462830930873,0.22381995444811884,1
2017-11-08_2,GOR_L,0.2705239998490644,-1.2385048667295453,-0.0004203638114632988,-0.2604922849949766,1
2017-11-08_2,IB_L,0.2761644921405583,-0.10808709867175204,0.0012378289819333455,0.7670615099201394,3
2017-11-08_2,ICL_L,0.2777599238691083,0.21165527140395973,-0.0016498979675301708,-1.022413632787288,8
2017-11-08_2,IPS_L,0.28122878901647336,0.9068546609131485,0.0014658486033331778,0.9083613806092168,8
2017-11-08_2,IVLP_L,0.2767413206259504,0.00751578407527488,-0.0003397371345139997,-0.21052930831303066,7
2017-11-08_2,LAL_L,0.28313118736311516,1.2881165759787352,-0.00212691146049015,-1.3180107592907166,5
2017-11-08_2,LB_L,0.27114142606736513,-1.1147657440497,0.00020013967729931153,0.1240231448001482,1
2017-11-08_2,LH_L,0.27886858059211334,0.4338424837243368,4.8699096739411264e-05,0.030177999725240906,11
2017-11-08_2,LO_L,0.2693655744464806,-1.470666279311381,-0.0006236737180260572,-0.3864799668039566,22
2017-11-08_2,MB_L,0.2771566831504728,0.090759081582043,0.0013368746432063743,0.8284384170664444,16
2017-11-08_2,ME_L,0.2684431632325304,-1.6555278076707958,0.00019774786570750507,0.12254097994714079,16
2017-11-08_2,OTU_L,0.2716802872362269,-1.0067719363609056,-0.0011699555050789798,-0.725001473841389,4
2017-11-08_2,PLP_L,0.2839804407557359,1.4583164583630446,0.0015125411891123333,0.9372959797118279,13
2017-11-08_2,PVLP_L,0.28553685665131884,1.7702396189544973,0.00045089337507675693,0.2794109349089299,11
2017-11-08_2,SCL_L,0.27671300193438547,0.0018404014209211525,0.0013492229654170629,0.8360904617496422,8
2017-11-08_2,SIP_L,0.27338975824488154,-0.6641748185389298,-0.0006054974200621083,-0.3752164249379319,7
2017-11-08_2,SLP_L,0.2786753638053049,0.39511967769822404,-0.0008126800257321871,-0.5036039523379302,23
2017-11-08_2,SMP_L,0.2781885131312025,0.29754935511730846,-0.000404402968690815,-0.25060162292828525,22
2017-11-08_2,SPS_L,0.2789351712345928,0.4471879935761487,0.0012181538242071422,0.754869150221301,15
2017-11-08_2,VES_L,0.27991465875674315,0.6434882527395855,0.00036300452632791126,0.22494771421334067,6
2017-11-08_2,WED_L,0.26616092982365297,-2.1129129192754563,-0.00043100729910799,-0.2670878727722168,1
2017-11-08_2,EB,0.2762537898972589,-0.09019082905460116,-0.00043904897827601574,-0.2720711642082314,3
2017-11-08_2,FB,0.27956501515851,0.5734157634062621,0.0012354596599775524,0.7655932815110268,13
2017-11-08_2,FLA,0.27615152716096,-0.1106854256515769,-0.0004943424292254379,-0.30633557277597556,6
2017-11-08_2,NO,0.2796838828966005,0.5972381881596788,0.00041580873162818494,0.2576695797044025,1
2017-11-08_2,PB,0.2787389916824561,0.40787141622714235,0.0017693357371321725,1.0964271816939484,1
2017-11-08_2,PRW,0.27179064100867667,-0.9846558055867253,-0.0003641880433557245,-0.22568111953153955,7
2017-11-08_2,SAD,0.27753451806610213,0.1664814263610785,0.00126119529651204,0.7815412165707368,20
2017-11-08_2,SOG,0.2869223313604467,2.047904253077777,0.0013967157973484067,0.8655209597452059,71
2017-11-16_1,AL_R,0.27946036704298155,0.6282017632249042,0.0008959311760806648,0.6021019581032218,23
2017-11-16_1,AME_R,0.26488349749515167,-1.7846622477741743,-0.00039504175332987564,-0.26548402328510207,1
2017-11-16_1,AMMC_R,0.2715340281969301,-0.6838205250906757,-0.0014766804173243454,-0.992388918368904,4
2017-11-16_1,ATL_R,0.2645571747075683,-1.8386774468225906,0.0007125891092374654,0.4788886796771977,1
2017-11-16_1,AVLP_R,0.28383460354468554,1.3522555661301612,0.0006423214517730604,0.43166597409424623,28
2017-11-16_1,CRE_R,0.27424617449964245,-0.23488735841134425,-0.0024875306058064735,-1.6717210970934246,8
2017-11-16_1,EPA_R,0.27274368582191405,-0.48358964977294566,-0.0009116595877022549,-0.6126720863541893,1
2017-11-16_1,GA_R,0.2711098717642529,-0.7540298240133665,-0.0032747282116401127,-2.200749701678927,1
2017-11-16_1,GOR_R,0.27343817502694323,-0.3686330053889161,-0.0015040502447793605,-1.0107825485311033,1
2017-11-16_1,IB_R,0.27256539458129253,-0.5131016459227696,-0.0014399213258954205,-0.9676853233625635,4
2017-11-16_1,ICL_R,0.27534045940119084,-0.05375377221424018,-0.00022244326074052868,-0.14949086094385358,8
2017-11-16_1,IPS_R,0.27519599796832594,-0.07766602519786914,0.001113969945852639,0.7486328231150041,11
2017-11-16_1,IVLP_R,0.27332888602306427,-0.38672327527795075,-0.0005179626343801962,-0.3480918230225092,5
2017-11-16_1,LAL_R,0.2785783224981901,0.4821996650897651,0.0006418035252451865,0.43131790653625507,9
2017-11-16_1,LB_R,0.2656009880748768,-1.6658982571677414,-0.00120719871183627,-0.8112863215632345,1
2017-11-16_1,LH_R,0.2784342111806314,0.45834536560700523,-0.0008115992768529222,-0.5454275136690928,14
2017-11-16_1,LO_R,0.26762255331952894,-1.331274831424465,0.00016654146151086325,0.11192259267025981,30
2017-11-16_1,MB_R,0.2822024766778636,1.0820946673570997,0.0016231842137956758,1.0908453903390254,16
2017-11-16_1,ME_R,0.2757455086840725,0.013292779457179894,-0.0012266234016955206,-0.8243404981697081,24
2017-11-16_1,OTU_R,0.2709615138080546,-0.7785870564206145,-0.0016224717196067833,-1.0903665654496562,3
2017-11-16_1,PLP_R,0.2692002230207282,-1.0701280583963626,-0.0004891326581569202,-0.32871691387821467,15
2017-11-16_1,PVLP_R,0.2775474219386379,0.3115578924580968,0.0004322801038221144,0.2905096997505589,17
2017-11-16_1,SCL_R,0.28128063324016056,0.9295047819011774,-0.0014199192813154405,-0.9542431410507946,6
2017-11-16_1,SIP_R,0.2822634524865496,1.092187803872956,-0.0014885560206713841,-1.0003698037536375,6
2017-11-16_1,SLP_R,0.2895910866718997,2.305108366383579,0.0006154658786858186,0.4136179436500454,22
2017-11-16_1,SMP_R,0.2764264107674171,0.126000389724643,-0.0009660303232823348,-0.6492114179795141,21
2017-11-16_1,SPS_R,0.2729738267183163,-0.44549514089598397,0.0012134120778933097,0.8154619546578673,12
2017-11-16_1,VES_R,0.27669897221401546,0.17111664072251043,0.00506746213341704,3.4055393478902913,6
2017-11-16_1,WED_R,0.26728779656260737,-1.3866860792623161,0.0006124841700697381,0.4116141149585503,1
2017-11-16_1,AL_L,0.2844531317158173,1.4546386161407265,4.363118281133483e-05,0.029321918141063833,22
2017-11-16_1,AME_L,0.2676378293844394,-1.3287462317734062,0.0004649681409553284,0.3124773817443452,1
2017-11-16_1,AMMC_L,0.2716125979529091,-0.6708151170411215,-0.0003668396748184686,-0.24653108677877142,4
2017-11-16_1,ATL_L,0.2741323716438071,-0.25372479221652605,0.0010863142621333102,0.730047085990714,1
2017-11-16_1,AVLP_L,0.29187149650047745,2.682577533384732,0.0008703396108800759,0.5849033920419225,34
2017-11-16_1,CRE_L,0.27833275538885843,0.44155170302580865,-0.000778608906910254,-0.5232566518090053,10
2017-11-16_1,EPA_L,0.27028280036888247,-0.8909323872055547,0.0006219445217822088,0.4179718536359138,1
2017-11-16_1,GA_L,0.27744907733217905,0.295279214733649,-0.0007577457190330222,-0.5092357463996084,1
2017-11-16_1,GOR_L,0.2703960316265039,-0.872189568280105,-0.0011565734298710636,-0.7772640861342555,1
2017-11-16_1,IB_L,0.26939335029791195,-1.0381602991233676,-0.0007358795995390603,-0.4945408304117222,3
2017-11-16_1,ICL_L,0.27061038009469485,-0.836709131070063,0.0008121494442135758,0.545797248369679,8
2017-11-16_1,IPS_L,0.27434145984173114,-0.21911507123081128,0.000508336674746865,0.3416227891295202,8
2017-11-16_1,IVLP_L,0.28451924245094173,1.4655817211056839,0.001422098358719805,0.9557075691308241,7
2017-11-16_1,LAL_L,0.2753321520081856,-0.05512886921581252,0.0021075958637346262,1.4163895959019699,5
2017-11-16_1,LB_L,0.266634297318819,-1.4948577824787206,-0.000950387029114138,-0.6386984920971269,1
2017-11-16_1,LH_L,0.28154927101642374,0.9739715599164028,-0.0012817487046931002,-0.8613869295943555,11
2017-11-16_1,LO_L,0.2714978555595312,-0.6898080695820612,0.0005992769033449432,0.4027382979666941,22
2017-11-16_1,MB_L,0.27880687406299165,0.5200310968356372,0.002290689713548987,1.5394360624532781,16
2017-11-16_1,ME_L,0.27133915348390836,-0.7160775319988557,-0.0008004833819848469,-0.5379571830847544,16
2017-11-16_1,OTU_L,0.2710682310653717,-0.7609224797645608,-0.0028640287724095233,-1.9247430806855652,4
2017-11-16_1,PLP_L,0.2801043967819304,0.7348060086717,-0.00016541103598809534,-0.11116290103442922,13
2017-11-16_1,PVLP_L,0.2818906177064445,1.0304736189437076,-0.0003278913003091278,-0.22035620506564715,11
2017-11-16_1,SCL_L,0.27377442344686576,-0.31297484720040775,-0.0005874959768200405,-0.39482103923266443,8
2017-11-16_1,SIP_L,0.2775282129680401,0.3083782911251952,-0.0003227813938765008,-0.21692214143336214,7
2017-11-16_1,SLP_L,0.28254024335543193,1.1380041380253567,-0.001370105542180552,-0.9207662952011317,23
2017-11-16_1,SMP_L,0.2776673541717836,0.3314099030812642,-0.00013298876347829055,-0.08937382360807107,22
2017-11-16_1,SPS_L,0.279079380255158,0.5651382017387238,0.0020853854198950405,1.4014632800384483,15
2017-11-16_1,VES_L,0.27992258655777036,0.7047115260896893,0.0026562430719336495,1.7851026926038929,6
2017-11-16_1,WED_L,0.2711686852816527,-0.7442946048684946,0.000777249017741337,0.5223427513295174,1
2017-11-16_1,EB,0.276435481060506,0.1275017672111953,-0.0019632463080061944,-1.3193808607716346,3
2017-11-16_1,FB,0.2771597048910159,0.24738029193911035,0.0011817300635313995,0.7941703606233685,13
2017-11-16_1,FLA,0.2719842748992755,-0.6092925847400025,-0.0024682272016502424,-1.6587484293809682,6
2017-11-16_1,NO,0.2732367653598537,-0.4019717229779745,-0.0006617411788136967,-0.44471681548604575,1
2017-11-16_1,PB,0.2830803499769214,1.2274063121216614,0.002020107639955581,1.3575939738110232,1
2017-11-16_1,PRW,0.29294414004596553,2.860128893026553,0.0007705526671991255,0.517842533141722,7
2017-11-16_1,SAD,0.27190073411960664,-0.62312083092499,0.001664937605722044,1.118905357117159,20
2017-11-16_1,SOG,0.27757196266085216,0.315620042101434,0.0034327379442795486,2.3069386277499686,71
2018-10-19_1,AL_R,0.30171469205511997,0.13364130664699164,-0.0005890325827022378,-0.3576467770643654,23
2018-10-19_1,AME_R,0.28146543947838054,-2.1738353930328578,0.0003824324045664997,0.2322039916887343,1
2018-10-19_1,AMMC_R,0.2999216124552994,-0.07068669911900835,-0.0011781392895855178,-0.71533856059396,4
2018-10-19_1,ATL_R,0.30081132716996745,0.030699560234440253,0.00053519342621061,0.32495690325338045,1
2018-10-19_1,AVLP_R,0.3018244265924695,0.14614596019529325,0.002926760450578236,1.7770603411898136,28
2018-10-19_1,CRE_R,0.29369749627296327,-0.7799475971404382,-0.0022922121245945912,-1.3917774717116724,8
2018-10-19_1,EPA_R,0.2920546418831291,-0.967156888502814,-0.00090616465437762,-0.5502019372867692,1
2018-10-19_1,GA_R,0.29593047637066255,-0.5254913140374884,0.00013854324947730015,0.0841202135750588,1
2018-10-19_1,GOR_R,0.29004825317807825,-1.1957922502209934,-0.002653607400855925,-1.611208212211965,1
2018-10-19_1,IB_R,0.3000093480071947,-0.06068891075794675,-0.001176616983950521,-0.714414252295825,4
2018-10-19_1,ICL_R,0.299390878385249,-0.13116579560547817,-0.001529857829369699,-0.9288938135317857,8
2018-10-19_1,IPS_R,0.30603913755784845,0.6264277538881987,0.0017586460845369885,1.0678086791838346,11
2018-10-19_1,IVLP_R,0.3019025461422522,0.15504796979934857,0.003240015435771345,1.9672614253805938,5
2018-10-19_1,LAL_R,0.2877430295829942,-1.4584809451765284,-0.0013855841883418593,-0.8412942405298421,9
2018-10-19_1,LB_R,0.3001607089845267,-0.04344077149400568,0.00013032321056618692,0.0791291986291344,1
2018-10-19_1,LH_R,0.30510079371583465,0.5195000268755922,0.0006710363520391103,0.4074375436055227,14
2018-10-19_1,LO_R,0.2989165187743475,-0.18522081542788058,0.0007326930864580862,0.4448740674869316,28
2018-10-19_1,LOP_R,0.26846925592546983,-3.6547982394122833,0.0005107586603928011,0.31012068620920463,1
2018-10-19_1,MB_R,0.2911746819161478,-1.0674315585315117,-0.00014568278978064207,-0.0884551750936513,16
2018-10-19_1,ME_R,0.3029304064787729,0.27217643012440074,-0.0026349265951063384,-1.5998656648461558,24
2018-10-19_1,OTU_R,0.308970271166078,0.9604411935944898,-0.000459430797947854,-0.27895561127765667,3
2018-10-19_1,PLP_R,0.3036023896421418,0.3487513795539965,-0.0007662282791084486,-0.46523585038629567,15
2018-10-19_1,PVLP_R,0.3049572501659313,0.5031427121778715,0.0013413538959782222,0.8144386437818674,17
2018-10-19_1,SCL_R,0.2980589066253591,-0.28294886952041887,-0.0023376021580557007,-1.4193372360692509,6
2018-10-19_1,SIP_R,0.31222058474756087,1.3308263634915776,0.0004416056345809583,0.2681325899100277,6
2018-10-19_1,SLP_R,0.32615933739613995,2.9191984200554555,0.0027000361736145336,1.6393986747225326,22
2018-10-19_1,SMP_R,0.30146538006818546,0.105231290098376,0.0018547562996046353,1.1261645489121532,21
2018-10-19_1,SPS_R,0.3018722843614561,0.1515995287364872,-0.0023656261692967208,-1.4363527588010943,12
2018-10-19_1,VES_R,0.29600973937981717,-0.5164590030384697,3.373285034721196e-05,0.020481796019718033,6
2018-10-19_1,WED_R,0.29858062500876875,-0.22349714363818718,0.0002566779583995077,0.15584883970917968,1
2018-10-19_1,AL_L,0.3031778027132691,0.3003681396467707,-0.0003948587036057423,-0.23974894918808828,22
2018-10-19_1,AME_L,0.29792955999287835,-0.2976883933374247,4.3869127232643024e-05,0.026636305746286122,1
2018-10-19_1,AMMC_L,0.31132851349954366,1.2291715685082512,0.002994004739735717,1.8178894973339903,4
2018-10-19_1,ATL_L,0.30383173189064755,0.3748857710666529,-0.0002555110670932934,-0.1551403306604316,1
2018-10-19_1,AVLP_L,0.32064023955730026,2.290276951566042,0.0016589180506904628,1.0072561546960574,34
2018-10-19_1,CRE_L,0.2993141292820987,-0.1399116377825912,-0.0005919196410916306,-0.35939973124463515,10
2018-10-19_1,EPA_L,0.2957268952647726,-0.5486901287372361,-0.0005197439070862446,-0.3155763173837924,1
2018-10-19_1,GA_L,0.3010813971769316,0.061475029402523765,-0.003236022671775901,-1.9648371126744983,1
2018-10-19_1,GOR_L,0.29896607700259353,-0.17957347330886778,-0.0011507021441838166,-0.6986793690433878,1
2018-10-19_1,IB_L,0.30727928928111325,0.7677475974062022,-0.000695749414048075,-0.4224427355735976,3
2018-10-19_1,ICL_L,0.2984175478094819,-0.24208038942355364,0.00224140125145392,1.3609263005672507,8
2018-10-19_1,IPS_L,0.30846433385057725,0.902787778358927,0.0011033646965874365,0.6699371804710165,8
2018-10-19_1,IVLP_L,0.30712793974842895,0.7505007623018959,0.004106765524348736,2.4935317622061897,7
2018-10-19_1,LAL_L,0.2907505479421192,-1.1157631825707073,0.0013656952409485355,0.8292181378772648,5
2018-10-19_1,LB_L,0.2981283249961537,-0.2750383912185042,-0.00013122693864994845,-0.07967792113785721,1
2018-10-19_1,LH_L,0.3055092330284076,0.5660431866008038,-0.0036661627655584865,-2.226008094968482,11
2018-10-19_1,LO_L,0.3039714390838521,0.39080591882892074,-0.00042336795065048874,-0.25705909572583874,23
2018-10-19_1,MB_L,0.30128883834677517,0.08511371256647376,-0.001168053696074769,-0.7092148246244611,16
2018-10-19_1,ME_L,0.2991027570740348,-0.1639982771891092,-0.0025239707650563732,-1.5324958856875526,17
2018-10-19_1,OTU_L,0.3133715193555633,1.4619795890615643,-0.00012698012262908747,-0.07709935399700679,4
2018-10-19_1,PLP_L,0.30292674563707006,0.2717592637673466,-0.0010590037659562086,-0.6430022632291723,13
2018-10-19_1,PVLP_L,0.3135606418164597,1.483530788062652,0.0015965677226848075,0.9693984970469199,11
2018-10-19_1,SCL_L,0.29698060419609934,-0.4058253915695969,-0.0005397353416752141,-0.32771464785922616,8
2018-10-19_1,SIP_L,0.29543682024433204,-0.5817452426625066,-0.0014519119134242177,-0.8815668804522222,7
2018-10-19_1,SLP_L,0.32640524814099287,2.947220852577278,0.0027985198867437333,1.69919567683811,23
2018-10-19_1,SMP_L,0.2940728821555926,-0.7371709971512171,0.000743112015462285,0.45120019695454,22
2018-10-19_1,SPS_L,0.2969625802256415,-0.40787928919913224,-0.0005512374606096824,-0.33469846486210175,15
2018-10-19_1,VES_L,0.29018723498376214,-1.1799547630308045,-0.0014881353115154144,-0.9035608786826816,6
2018-10-19_1,WED_L,0.293236722494057,-0.8324544615108757,-0.0005338571379562907,-0.32414554034847326,1
2018-10-19_1,EB,0.2957000368852391,-0.5517507397266931,-0.001135719763057896,-0.6895824184165594,3
2018-10-19_1,FB,0.2938433346691162,-0.7633287762843942,0.00026596597774133836,0.1614883073387598,13
2018-10-19_1,FLA,0.30358512131577264,0.34678359034358897,0.00027722632399749126,0.1683253256386077,6
2018-10-19_1,NO,0.29756195803292323,-0.3395779867502422,-5.5168055541823044e-05,-0.03349675016435375,1
2018-10-19_1,PB,0.3048498221749893,0.49090089806386283,0.001342372171978974,0.815056917100739,1
2018-10-19_1,PRW,0.2951477837761218,-0.6146820097468916,-0.0005316675004477959,-0.3228160437792686,7
2018-10-19_1,SAD,0.3012700090229209,0.08296804195963,0.003613259640782807,2.193886557674474,20
2018-10-19_1,SOG,0.29797075904792164,-0.2929936097052409,0.0008458103372509551,0.5135562106560847,71
2018-10-19_2,AL_R,0.3040931808315267,1.161729628768673,-0.001981857885908114,-0.5753742481921171,23
2018-10-19_2,AME_R,0.26191811073282606,-1.802427207580248,-0.000701961716114444,-0.2037939740991713,1
2018-10-19_2,AMMC_R,0.27641929953543926,-0.7832517130556615,-0.0010761845952793278,-0.31243859957246695,4
2018-10-19_2,ATL_R,0.2780363219165815,-0.6696038178802677,0.0017548587336240005,0.5094717092086659,1
2018-10-19_2,AVLP_R,0.29225372925230864,0.32962688999355816,-0.0029185473656236443,-0.8473145366522232,28
2018-10-19_2,CRE_R,0.2884652509309716,0.06336428771997285,-0.007516943234845109,-2.1823237645872005,8
2018-10-19_2,EPA_R,0.2678113496168034,-1.3882373962699652,-0.0023484339350868227,-0.6817988410961591,1
2018-10-19_2,GA_R,0.2763285258886801,-0.7896314849202186,-0.001622819442683512,-0.4711379778665256,1
2018-10-19_2,GOR_R,0.2714125459159578,-1.1351373870893804,-0.0030485737919039436,-0.8850638918396434,1
2018-10-19_2,IB_R,0.2801803310368407,-0.5189181337512798,0.0013702172885598917,0.3978023590242138,4
2018-10-19_2,ICL_R,0.2890927207746231,0.10746425062008835,0.0005285835143683156,0.15345870374911305,8
2018-10-19_2,IPS_R,0.2911914354103831,0.2549665385967289,-0.0016073516529695464,-0.4666473592701328,11
2018-10-19_2,IVLP_R,0.27657963082482795,-0.7719832768346919,-0.003968891316944735,-1.1522510639540247,5
2018-10-19_2,LAL_R,0.28723333627054703,-0.02321738846812167,0.0002757853058095441,0.08006616625787492,9
2018-10-19_2,LB_R,0.27225061617777563,-1.076235962857141,0.0002816116431577003,0.0817576722408445,1
2018-10-19_2,LH_R,0.29123671304028126,0.2581487501705846,-0.0003410552680178714,-0.09901538340516607,14
2018-10-19_2,LO_R,0.27271692085887317,-1.0434630426210378,-0.0027211823271231844,-0.7900153925238459,28
2018-10-19_2,LOP_R,0.2662346540619169,-1.499051033257895,-0.0007426266408150362,-0.2155998410302763,1
2018-10-19_2,MB_R,0.2941916431308198,0.4658277465138013,0.005519584049585292,1.602449169259244,16
2018-10-19_2,ME_R,0.2769465070578903,-0.74619840696297,-0.0034432759337789547,-0.9996540699527889,24
2018-10-19_2,OTU_R,0.30311225997191976,1.0927883498302713,0.0008956704513157877,0.2600316179167293,3
2018-10-19_2,PLP_R,0.2928507963716403,0.3715900824526177,-0.0021122545666589034,-0.6132310958940677,15
2018-10-19_2,PVLP_R,0.28707697867850396,-0.03420654448576209,-0.002751420677087369,-0.7987942096130645,17
2018-10-19_2,SCL_R,0.3004409913157716,0.9050457039895936,0.0021094452990621597,0.6124155075297656,6
2018-10-19_2,SIP_R,0.29892025556082513,0.7981650450184127,-0.0007560247126342478,-0.21948957780455092,6
2018-10-19_2,SLP_R,0.30151352666107073,0.980425850805097,0.002988047195930111,0.8674917718093949,22
2018-10-19_2,SMP_R,0.3024836538206969,1.0486085247308086,0.009282035595208052,2.694766506851801,21
2018-10-19_2,SPS_R,0.285790932504779,-0.12459270267793705,-0.0036306758187341216,-1.0540601243344137,12
2018-10-19_2,VES_R,0.28753432209968643,-0.002063441337748402,-0.0031251490203747442,-0.9072952611143066,6
2018-10-19_2,WED_R,0.26937107262557336,-1.278616627212878,0.0006185871253727782,0.17958860962404388,1
2018-10-19_2,AL_L,0.30404893460352217,1.158619906392033,0.004821517399731057,1.3997860132863682,22
2018-10-19_2,AME_L,0.2677853689444803,-1.3900633751551053,3.2600770073128636e-05,0.009464676405248632,1
2018-10-19_2,AMMC_L,0.28341792352285866,-0.29137300156102663,-0.0007245822345404196,-0.2103611774670848,4
2018-10-19_2,ATL_L,0.29951375323857365,0.8398773692596875,-0.0016447783193009745,-0.47751309296168626,1
2018-10-19_2,AVLP_L,0.3007797410501167,0.9288537815700317,-0.00021260364945320477,-0.06172322740032714,34
2018-10-19_2,CRE_L,0.2889831279838199,0.09976182785437378,0.003844762853008001,1.1162140089640225,10
2018-10-19_2,EPA_L,0.26778686034946,-1.3899585559276342,-0.0016758748580895269,-0.4865410599789287,1
2018-10-19_2,GA_L,0.28848507214996133,0.06475736665584013,-0.0025506631441683508,-0.7405101543366914,1
2018-10-19_2,GOR_L,0.2745204635113421,-0.916706091880903,-0.0009678755239511772,-0.2809942407559588,1
2018-10-19_2,IB_L,0.2773269717754771,-0.7194585084640415,-0.0006904121393699235,-0.20044089359649409,3
2018-10-19_2,ICL_L,0.31273790939283214,1.7693001960115176,0.009279632872354775,2.694068946817276,8
2018-10-19_2,IPS_L,0.28464572338946276,-0.20508052214734218,-0.002841541259481853,-0.8249580746967117,8
2018-10-19_2,IVLP_L,0.2882318130244468,0.046957757396036484,-0.0043741953278372435,-1.2699191834567864,7
2018-10-19_2,LAL_L,0.28576661441646145,-0.12630183149656593,0.004417049610085415,1.2823606660704887,5
2018-10-19_2,LB_L,0.27505141177492304,-0.8793898782609182,-0.0017626834337573657,-0.5117433811527422,1
2018-10-19_2,LH_L,0.29254857391283007,0.350349222264738,-0.0018776583469487552,-0.5451229714396296,11
2018-10-19_2,LO_L,0.27328212761225157,-1.0037390668681492,-0.0005350258429949352,-0.15532904471377273,23
2018-10-19_2,MB_L,0.2886593390775529,0.07700523022930357,0.0059595113586474735,1.7301691468169937,16
2018-10-19_2,ME_L,0.2704354759015002,-1.2038080201474473,0.00024335987955338996,0.07065239578164582,17
2018-10-19_2,OTU_L,0.30502228351545346,1.227029012167125,-0.00185907774979095,-0.5397286405965106,4
2018-10-19_2,PLP_L,0.2825319440223149,-0.35364159263285705,-0.0015735905625070714,-0.45684581790780066,13
2018-10-19_2,PVLP_L,0.2815836961334016,-0.42028654321380116,0.0011162818923402607,0.32407967248441233,11
2018-10-19_2,SCL_L,0.32006131494175755,2.2840052711281955,0.0006902989530965461,0.20040803328526124,8
2018-10-19_2,SIP_L,0.3276246399738882,2.815572416056537,-0.006867931332114624,-1.9939022141538907,7
2018-10-19_2,SLP_L,0.3261651714506599,2.7129977530995086,0.0008369461691363851,0.24298274677927478,23
2018-10-19_2,SMP_L,0.3116597811057145,1.693526964924006,0.008287028736279444,2.4058954795835064,22
2018-10-19_2,SPS_L,0.28044061281665994,-0.5006249568763461,-0.0018080542211247935,-0.5249154571411557,15
2018-10-19_2,VES_L,0.289273088006763,0.12014085703590607,0.0009694830339894173,0.2814609340977419,6
2018-10-19_2,WED_L,0.26614760489116673,-1.5051690407436842,-0.0008855951579499309,-0.25710655230687174,1
2018-10-19_2,EB,0.2894827013123544,0.13487294192170063,0.0012536355066087807,0.36395626157193267,3
2018-10-19_2,FB,0.29058684105102256,0.21247431512626222,0.00766921746517253,2.2265321164658354,13
2018-10-19_2,FLA,0.29376628886783157,0.4359329118743785,-0.0025933859338806717,-0.7529134619533387,6
2018-10-19_2,NO,0.2770013764933599,-0.7423420621632321,-0.002725756680018018,-0.791343421580089,1
2018-10-19_2,PB,0.2847822379201858,-0.19548598019265864,0.004604020913792602,1.3366422944702612,1
2018-10-19_2,PRW,0.2788157637243667,-0.6148229305533276,0.0008846328551943023,0.25682717595577714,7
2018-10-19_2,SAD,0.2962649416801053,0.6115437359425012,-0.002168729038159042,-0.6296268005570941,20
2018-10-19_2,SOG,0.297861552184141,0.723757039428385,0.006220838186965324,1.8060377186479737,71
2018-10-20_1,AL_R,0.3284961266943943,0.8259000232076683,0.013959372257077251,1.1421650935796377,23
2018-10-20_1,AME_R,0.290915403297282,-2.007459736669169,-0.0014238249098294604,-0.11649829816322131,1
2018-10-20_1,AMMC_R,0.3074817893921072,-0.7584541964706638,-0.011417718094869255,-0.9342052648306344,4
2018-10-20_1,ATL_R,0.32100367235456145,0.26101417987586534,-0.011879409480662394,-0.9719811601322289,1
2018-10-20_1,AVLP_R,0.31633242421831165,-0.09116974052910662,-0.008329659740473293,-0.6815382827935405,28
2018-10-20_1,CRE_R,0.3244458929031112,0.5205368368461,0.0047765364734611016,0.3908193812534316,8
2018-10-20_1,EPA_R,0.3084891901002225,-0.6825022623292165,-0.014922626963163703,-1.2209792322999853,1
2018-10-20_1,GA_R,0.30421601376017615,-1.004673971500613,0.004369091401808418,0.3574819553418322,1
2018-10-20_1,GOR_R,0.3073130980769538,-0.7711725036502717,-0.010183478648950514,-0.8332189750257506,1
2018-10-20_1,IB_R,0.32157526222434063,0.3041086067465839,0.002704070426028537,0.22124883514192267,4
2018-10-20_1,ICL_R,0.3280035152382489,0.7887600921225726,-0.00963567706882936,-0.7883974865304538,8
2018-10-20_1,IPS_R,0.3307194484122258,0.9935250638966922,0.0017733571961888672,0.14509726158411534,11
2018-10-20_1,IVLP_R,0.31077247654917606,-0.5103562427761674,-0.012839522283291173,-1.0505382262284884,5
2018-10-20_1,LAL_R,0.32670656972020684,0.690978226596926,0.02249412524901707,1.8404842421914855,9
2018-10-20_1,LB_R,0.2906299074743935,-2.0289843988646648,-0.012083898782327155,-0.9887126103773182,1
2018-10-20_1,LH_R,0.30793734232543757,-0.7241082543728238,-0.01693721078439614,-1.3858138162860518,14
2018-10-20_1,LO_R,0.2975674138972635,-1.5059382795885963,0.007704164077116527,0.63035981289427,28
2018-10-20_1,LOP_R,0.2902863609367359,-2.0548857346414766,0.027280403990716656,2.232100742291622,1
2018-10-20_1,MB_R,0.33089349376186683,1.0066470329672645,0.02205399625629208,1.8044725961872758,16
2018-10-20_1,ME_R,0.29868321255369407,-1.421813794281377,-0.017196839072344983,-1.4070567749477976,24
2018-10-20_1,OTU_R,0.31693664873611255,-0.045614858134277486,-0.014671450730549153,-1.2004278264096715,3
2018-10-20_1,PLP_R,0.31307577226430366,-0.33670164530131513,-0.015308975098026114,-1.2525904928554679,15
2018-10-20_1,PVLP_R,0.3092684645373274,-0.6237496723733944,-0.0010693363192278813,-0.08749380664304608,17
2018-10-20_1,SCL_R,0.32332898022127204,0.4363283607457602,-0.00620146304936408,-0.5074078184652276,6
2018-10-20_1,SIP_R,0.32309062364361646,0.4183577131747987,-0.013578472086137558,-1.1109995890444844,6
2018-10-20_1,SLP_R,0.33015846680387184,0.951230435920926,-0.002275539202326721,-0.18618612628887718,22
2018-10-20_1,SMP_R,0.33457076907841865,1.2838914009856535,0.027347129697005555,2.2375602838214346,21
2018-10-20_1,SPS_R,0.32840716125144315,0.8191925656791408,-0.004275623884411246,-0.3498343810964737,12
2018-10-20_1,VES_R,0.3156755018467703,-0.14069772308601405,-0.0059171573268468804,-0.48414573574517905,6
2018-10-20_1,WED_R,0.2982010936629885,-1.4581626492506379,0.0007982140679533323,0.06531040428112965,1
2018-10-20_1,AL_L,0.3313716898671438,1.0427001335876156,0.016514432649826428,1.3512218290002753,22
2018-10-20_1,AME_L,0.2925698283306528,-1.8827260729301158,-0.008368592400322014,-0.6847237788359484,1
2018-10-20_1,AMMC_L,0.3112527744403026,-0.47414468018617834,0.011910732185752223,0.9745440046306234,4
2018-10-20_1,ATL_L,0.3195940615997258,0.15473803538451636,-0.010858679069452743,-0.8884643211104898,1
2018-10-20_1,AVLP_L,0.3292599663084176,0.883488920645967,0.019425833420970526,1.5894345704461335,34
2018-10-20_1,CRE_L,0.3256676853350852,0.612652613200294,-0.008560740804123642,-0.7004454886354702,10
2018-10-20_1,EPA_L,0.3071025954290607,-0.7870431330041917,-0.008102127186313784,-0.6629214183509253,1
2018-10-20_1,GA_L,0.301270146333987,-1.2267745983325484,0.008372761337343437,0.6850648840271784,1
2018-10-20_1,GOR_L,0.3123782802564786,-0.3892883336128824,-0.00953622700258665,-0.7802604161719341,1
2018-10-20_1,IB_L,0.32329518775429517,0.4337806126593939,-0.0008860395839585584,-0.07249634623177383,3
2018-10-20_1,ICL_L,0.32425510600638885,0.5061526561539728,-0.0004866221720522013,-0.03981574876321129,8
2018-10-20_1,IPS_L,0.3284687209392047,0.8238337946488734,-0.00400380221941314,-0.3275937522399625,8
2018-10-20_1,IVLP_L,0.32674844347692444,0.694135255162471,0.00319819284055358,0.26167825871716,7
2018-10-20_1,LAL_L,0.3240619449031524,0.491589474618045,0.0029611688354657948,0.24228479746646092,5
2018-10-20_1,LB_L,0.3032453908131978,-1.0778530843910497,0.007095021870037874,0.5805193936305338,1
2018-10-20_1,LH_L,0.3204718974712352,0.22092156271657148,-0.012462109936978766,-1.0196580978168777,11
2018-10-20_1,LO_L,0.29279130745447424,-1.8660278835297324,-0.014361418708886829,-1.1750608008362182,23
2018-10-20_1,MB_L,0.33287090850401374,1.155732171637501,-0.004098896139005994,-0.3353743997913279,16
2018-10-20_1,ME_L,0.28816833403348974,-2.2145721817218242,-0.006714994392777933,-0.5494252934708815,17
2018-10-20_1,OTU_L,0.3232464490969127,0.4301060120105799,-0.011613679291893081,-0.9502389398995991,4
2018-10-20_1,PLP_L,0.3342236323539033,1.2577193867850738,-0.005390280069398191,-0.44103628920443155,13
2018-10-20_1,PVLP_L,0.32762596125962706,0.7602948005180294,0.0033804884178549473,0.27659380371969466,11
2018-10-20_1,SCL_L,0.3267516332731093,0.6943757465456962,-0.012427943325658811,-1.0168625630251344,8
2018-10-20_1,SIP_L,0.3233540630445025,0.43821945425277575,-0.0020333668232464233,-0.16637142166457589,7
2018-10-20_1,SLP_L,0.3349854219331545,1.3151537239726798,-0.00023686038661016343,-0.01938007387837582,23
2018-10-20_1,SMP_L,0.337604600881547,1.5126240110098368,0.019276946348225438,1.5772525314372892,22
2018-10-20_1,SPS_L,0.33127219246065437,1.0351986295643854,0.006755663190315054,0.5527528414500684,15
2018-10-20_1,VES_L,0.32316609778436206,0.4240480079315063,0.01735265449010961,1.4198056957398526,6
2018-10-20_1,WED_L,0.3028839503590217,-1.1051035134909,0.010997796017086768,0.8998469620048446,1
2018-10-20_1,EB,0.3249862988769349,0.5612801861438096,0.016566142937122053,1.3554527989923602,3
2018-10-20_1,FB,0.33874045827785937,1.5982608042578692,0.02377707492194632,1.945456035066791,13
2018-10-20_1,FLA,0.3154302983064756,-0.15918459032134885,-0.003124302256964722,-0.25563248217612433,6
2018-10-20_1,NO,0.3094090302124,-0.6131518687291675,-0.0072292294650643275,-0.5915003480394811,1
2018-10-20_1,PB,0.31854353951293396,0.07553500951070943,-0.016038696925784027,-1.3122968166312854,1
2018-10-20_1,PRW,0.3118301236236938,-0.430616035824211,-0.0012130560450650564,-0.09925304990177025,7
2018-10-20_1,SAD,0.3243437530485635,0.5128361081853687,0.010783312494188627,0.8822977779519552,20
2018-10-20_1,SOG,0.3368679368702638,1.4570839900245132,0.02426686468212004,1.9855309579903162,71
2018-10-31_1,AL_R,0.2975450127653387,1.4142791367302645,-0.00023677858837367616,-0.04202830241698777,23
2018-10-31_1,AME_R,0.27502793405343606,-0.792310025897463,-0.0012861065476852127,-0.22828447157256374,1
2018-10-31_1,AMMC_R,0.2745735592468455,-0.8368370507758631,-0.0005075734198910397,-0.09009450278645621,4
2018-10-31_1,ATL_R,0.2831671416638326,0.005301757374604142,-0.003754107870470941,-0.6663557797597199,1
2018-10-31_1,AVLP_R,0.3128832915152711,2.9173728593219668,0.001174157295712571,0.2084134306580178,28
2018-10-31_1,CRE_R,0.28876469553635564,0.5538410181893357,-0.0026255655957230497,-0.46603903516199424,8
2018-10-31_1,EPA_R,0.27565180400085953,-0.7311731136679883,-0.006061509114713162,-1.0759205041565956,1
2018-10-31_1,GA_R,0.27177680810196325,-1.1109081612348641,-0.0029003746396846657,-0.5148177599861944,1
2018-10-31_1,GOR_R,0.27553977270657426,-0.7421517598328823,-0.006575970129191234,-1.1672375579778294,1
2018-10-31_1,IB_R,0.2793764808709697,-0.36616876647748,-0.0008715259544394611,-0.15469623596044627,4
2018-10-31_1,ICL_R,0.2762008784142296,-0.677365882920153,-0.005791775871851972,-1.0280427362353082,8
2018-10-31_1,IPS_R,0.2906690126907445,0.7404569486501266,0.00723995215356417,1.285094656085658,11
2018-10-31_1,IVLP_R,0.27955139091318054,-0.3490282391242078,-0.009231014758850851,-1.6385091344847,5
2018-10-31_1,LAL_R,0.28686376334238783,0.3675568011393573,0.0014999234749929378,0.26623706916377066,9
2018-10-31_1,LB_R,0.2906981749081017,0.743314736447639,-0.0003520169079272221,-0.06248315425763822,1
2018-10-31_1,LH_R,0.2997845951406932,1.633749799932109,0.005197309011681492,0.92252461000722,14
2018-10-31_1,LO_R,0.27806575985249465,-0.49461450455924216,-0.0009477079850361634,-0.1682185795247446,28
2018-10-31_1,LOP_R,0.26378408342464793,-1.8941651671051851,-0.0011818406811365879,-0.2097772349124685,1
2018-10-31_1,MB_R,0.29352470932415037,1.0203044956454173,0.013769501577374403,2.444092518668887,16
2018-10-31_1,ME_R,0.2932883425293523,0.9971414373073602,-0.0032033442484029214,-0.5685949973023998,24
2018-10-31_1,OTU_R,0.29025080791090657,0.6994744505758211,-0.005716096162911425,-1.0146095549834493,3
2018-10-31_1,PLP_R,0.2837412345950236,0.06156070892490367,-0.003951766945040544,-0.7014403514624743,15
2018-10-31_1,PVLP_R,0.2866283926068543,0.34449135286904164,0.0017721193792066808,0.31455196054620643,17
2018-10-31_1,SCL_R,0.2781780914851378,-0.4836064263630428,-0.0040443848932483475,-0.717880077551116,6
2018-10-31_1,SIP_R,0.29293448966493224,0.9624651853039692,0.006772033059950441,1.2020388134600375,6
2018-10-31_1,SLP_R,0.2821046569693973,-0.0988177530732369,0.0010947604658164353,0.19432045881987708,22
2018-10-31_1,SMP_R,0.2815015930807648,-0.1579157496674942,0.011592749991776372,2.05771816550401,21
2018-10-31_1,SPS_R,0.2810927987374472,-0.1979760602987877,-0.005199978553061141,-0.9229984547631549,12
2018-10-31_1,VES_R,0.28832583397128775,0.510834232728273,-0.0019271590354480552,-0.34207156695949786,6
2018-10-31_1,WED_R,0.2707671776647668,-1.2098481529398757,-0.0011601775318967082,-0.20593201650056914,1
2018-10-31_1,AL_L,0.2901440210119169,0.689009735457305,-0.0029319666882618597,-0.5204253623487823,22
2018-10-31_1,AME_L,0.26942928561420754,-1.340956550139259,0.0009093051462050463,0.16140205892991003,1
2018-10-31_1,AMMC_L,0.2796262554847845,-0.3416917922218529,-0.00014352580189061744,-0.02547589225838195,4
2018-10-31_1,ATL_L,0.2798282994697237,-0.321892240368559,0.0005318891634144849,0.09441055783736507,1
2018-10-31_1,AVLP_L,0.3208418516443488,3.6972818677521326,0.0016914231491777392,0.30022834461935255,34
2018-10-31_1,CRE_L,0.28975922181171987,0.6513008587505891,0.0007759314513329566,0.1377281700827104,10
2018-10-31_1,EPA_L,0.26965605383071684,-1.3187341164310475,-0.0017265603147293032,-0.3064652067867472,1
2018-10-31_1,GA_L,0.2783036126519633,-0.471305823343382,-0.007230894627665864,-1.2834869412993744,1
2018-10-31_1,GOR_L,0.2736258163692976,-0.929712294021753,-0.0032715660486839697,-0.5807043965235753,1
2018-10-31_1,IB_L,0.27573222799050756,-0.7232918646728062,0.003535122518626098,0.6274857845653034,3
2018-10-31_1,ICL_L,0.26817073030016014,-1.4642902450681896,-0.007174288876316895,-1.27343939581574,8
2018-10-31_1,IPS_L,0.282041819722731,-0.10497556729404373,0.0027208672011713258,0.4829551115780064,8
2018-10-31_1,IVLP_L,0.28118245702977934,-0.18918988431516623,-0.006485586309110467,-1.1511943906034123,7
2018-10-31_1,LAL_L,0.2899561054368675,0.6705947147213456,0.008870258765796515,1.5744747888161623,5
2018-10-31_1,LB_L,0.28437691686314853,0.12385518422811577,-0.0017211613185142399,-0.30550688261042114,1
2018-10-31_1,LH_L,0.2882080629058906,0.49929311054713327,0.0022039180175335285,0.39119640664875727,11
2018-10-31_1,LO_L,0.2795790229415818,-0.3463204040985453,-0.0007747163952358056,-0.13751249709700916,21
2018-10-31_1,MB_L,0.2826301839766168,-0.04731807970815629,0.015414784969941,2.73613103642248,16
2018-10-31_1,ME_L,0.2583198931711955,-2.429635294028472,-0.0024640760262408263,-0.4373745663432309,18
2018-10-31_1,OTU_L,0.27688402163433196,-0.6104204125379897,-0.008638571114280376,-1.5333501299055572,4
2018-10-31_1,PLP_L,0.2885287509870087,0.5307193383199642,0.01214020652999713,2.1548919391401116,13
2018-10-31_1,PVLP_L,0.28731653897282805,0.4119271127598961,-0.0014791615436690424,-0.2625518173239197,11
2018-10-31_1,SCL_L,0.281447067347801,-0.16325906675500762,0.0032673367087596786,0.5799536868475728,8
2018-10-31_1,SIP_L,0.28801392159696376,0.4802679912686749,0.00795867234031435,1.4126678018223808,7
2018-10-31_1,SLP_L,0.27502649723580197,-0.7924508286303853,0.008612183596038967,1.5286663339411455,23
2018-10-31_1,SMP_L,0.28126990418738373,-0.18062039123210252,0.013430780207362682,2.383969328173797,22
2018-10-31_1,SPS_L,0.2794089056379731,-0.36299126106544055,0.0023422096892185334,0.4157432385191948,15
2018-10-31_1,VES_L,0.28712922957999165,0.39357149560460775,-0.0050986194552422185,-0.9050071708168049,6
2018-10-31_1,WED_L,0.27413107678046894,-0.8801986709687708,-0.001832490349016134,-0.32526783394416026,1
2018-10-31_1,EB,0.275543274039028,-0.7418086423998419,-0.006141691794622636,-1.0901529647138888,3
2018-10-31_1,FB,0.28605501980895465,0.28830297167720786,-0.003948702195522397,-0.7008963570900705,13
2018-10-31_1,FLA,0.2853860844824007,0.22274982151246234,-0.007168757693696387,-1.2724576084949564,6
2018-10-31_1,NO,0.2775158890558359,-0.5484997778789685,-0.0011501102384179273,-0.20414506752957928,1
2018-10-31_1,PB,0.28893961258079753,0.5709822317349598,0.0008058902044400737,0.14304586178900056,1
2018-10-31_1,PRW,0.28212363321460354,-0.09695815229841084,-0.004591708347432728,-0.8150302287128791,7
2018-10-31_1,SAD,0.28316363809311296,0.004958420599909573,-0.002876780631437626,-0.5106298132607474,20
2018-10-31_1,SOG,0.30701649057965535,2.3424483973409886,0.009054425135566087,1.6071643995486118,71
2018-11-03_2,AL_R,0.2835497354781543,0.3902125156441788,0.0019075924157197415,0.5341166748974917,23
2018-11-03_2,AME_R,0.26623002561645265,-1.5805062594747668,-0.0006328060204528389,-0.17718263330998762,1
2018-11-03_2,AMMC_R,0.27229226856691385,-0.8907154894674584,-0.0006151971719567805,-0.1722522406695137,4
2018-11-03_2,ATL_R,0.27149268001897325,-0.9816964687320737,-0.004260477975803924,-1.1929132822913846,1
2018-11-03_2,AVLP_R,0.30225474879830233,2.518557691932479,-0.001396603411613275,-0.39104221856529353,28
2018-11-03_2,CRE_R,0.2834370292769082,0.37738826924273317,0.0008715198992006322,0.2440213678939411,8
2018-11-03_2,EPA_R,0.2736818613521435,-0.7326010283425969,-0.0008475705282894151,-0.23731565956150377,1
2018-11-03_2,GA_R,0.27627018902291656,-0.4380888235953532,-0.002366585219956518,-0.662632446076171,1
2018-11-03_2,GOR_R,0.27514866385741044,-0.565701278889344,-0.0009933359717491299,-0.2781292806128781,1
2018-11-03_2,IB_R,0.27153355200894547,-0.97704585976357,-0.0017614808105832088,-0.49320613024636134,4
2018-11-03_2,ICL_R,0.2780169397321413,-0.23933523906022855,-0.0050268061845528,-1.407481484263747,8
2018-11-03_2,IPS_R,0.29202502912948153,1.3545716450225684,0.0017324565883204985,0.4850794880146687,11
2018-11-03_2,IVLP_R,0.2824468476366462,0.2647207035141949,0.0005649349570846776,0.15817906295123174,5
2018-11-03_2,LAL_R,0.28971337124723057,1.091540241691885,0.0013475656770367147,0.37731188942333377,9
2018-11-03_2,LB_R,0.2850045494822191,0.5557481565417299,-0.00022252651365130228,-0.06230635043866033,1
2018-11-03_2,LH_R,0.2826106132569749,0.2833547329106372,-7.429147196540688e-05,-0.020801253796362877,14
2018-11-03_2,LO_R,0.27035107631546357,-1.1115935553586056,-0.0002245111701509973,-0.06286204468534291,30
2018-11-03_2,LOP_R,0.26500717995225304,-1.719647441905302,-0.0005710573269842488,-0.15989329699111576,1
2018-11-03_2,MB_R,0.291689968359922,1.3164468407014016,0.012585765995287018,3.523953769707292,16
2018-11-03_2,ME_R,0.2882420778202135,0.9241294938511723,-0.0004939688025210508,-0.13830888198729427,23
2018-11-03_2,OTU_R,0.2773447385103409,-0.3158214838667439,-0.0004523025740334491,-0.12664253899288672,3
2018-11-03_2,PLP_R,0.28617871096424413,0.6893498217038553,0.00026792175377953636,0.07501679870510378,15
2018-11-03_2,PVLP_R,0.2952377332948609,1.7201283701739645,-0.0005166797180955474,-0.14466782879928972,17
2018-11-03_2,SCL_R,0.27658428128714097,-0.40234991531286507,-0.0014384451609410487,-0.4027577065483031,6
2018-11-03_2,SIP_R,0.28534775012657876,0.594799154443727,0.0014152477264184607,0.39626253677762535,6
2018-11-03_2,SLP_R,0.2930227370744144,1.468095589411055,0.0006415433942124542,0.1796290558168949,22
2018-11-03_2,SMP_R,0.28167019106194563,0.17634903298370674,0.010825925843125502,3.031207015905089,21
2018-11-03_2,SPS_R,0.297398868410121,1.9660325788021684,0.00019513971380452465,0.054638178585122724,12
2018-11-03_2,VES_R,0.2877635810045174,0.8696838555548781,0.00020153513025374903,0.05642886434183644,6
2018-11-03_2,WED_R,0.26837213527151893,-1.3367668579887464,-0.0004989904047036785,-0.13971490637612113,1
2018-11-03_2,AL_L,0.28387501075642857,0.4272238803319083,-0.002636384169326548,-0.7381748504917317,22
2018-11-03_2,AME_L,0.26478036927359166,-1.7454550372059499,0.00039142841814721724,0.10959806897863686,1
2018-11-03_2,AMMC_L,0.26991786195147455,-1.1608867414212787,-0.0026362838499060597,-0.7381467615378979,4
2018-11-03_2,ATL_L,0.2723301716320537,-0.8864026988547923,-0.003361480577566746,-0.9411983472082693,1
2018-11-03_2,AVLP_L,0.30370161266065937,2.683188727980792,0.0023417864316715763,0.6556889049763589,34
2018-11-03_2,CRE_L,0.28056936256047543,0.0510915423354065,0.0045348553858343835,1.2697376336071036,10
2018-11-03_2,EPA_L,0.26830753765151427,-1.3441170817273485,-0.0011686826844530868,-0.32722551436379005,1
2018-11-03_2,GA_L,0.27642767168737364,-0.4201696987324356,-0.0024762563772375915,-0.6933398411027053,1
2018-11-03_2,GOR_L,0.27044694303891187,-1.1006853846492066,-0.000450034861663826,-0.1260075904679787,1
2018-11-03_2,IB_L,0.2708815812615032,-1.051230185198141,-0.0008438712279801711,-0.23627987331894046,3
2018-11-03_2,ICL_L,0.2826857112337863,0.2918997370739511,-0.0015623363906513573,-0.4374466532627742,8
2018-11-03_2,IPS_L,0.2860473454296242,0.6744024278071746,0.00015397719934372883,0.04311287308849496,8
2018-11-03_2,IVLP_L,0.27751990212544053,-0.29589053653847236,-0.001324266868275729,-0.37078833535489564,7
2018-11-03_2,LAL_L,0.2807266324812863,0.06898646021672916,-0.004375191294383665,-1.2250324581600671,5
2018-11-03_2,LB_L,0.2686886246036082,-1.3007551999498101,-0.0008904264845827037,-0.24931512060270686,1
2018-11-03_2,LH_L,0.28326256535594857,0.35753693643395823,-0.0005558118333513815,-0.15562463231240575,11
2018-11-03_2,LO_L,0.2634650811300678,-1.895114763600419,0.00020030196756628337,0.05608358473765627,22
2018-11-03_2,MB_L,0.29158938269695883,1.3050017266612621,0.0169404168840514,4.743235013373105,16
2018-11-03_2,ME_L,0.27006294611242765,-1.1443783771215454,0.0002762420608426598,0.07734644454876524,17
2018-11-03_2,OTU_L,0.27738200778349975,-0.31158080911320407,-0.004622580893919624,-1.2943003527163128,4
2018-11-03_2,PLP_L,0.27789627248145127,-0.25306533144489907,-0.00193455630082435,-0.5416664326632027,13
2018-11-03_2,PVLP_L,0.27874232714945957,-0.1567972165437429,-0.0020200010402439362,-0.5655905475475936,11
2018-11-03_2,SCL_L,0.28442097546107253,0.4893463351874204,-0.00042104814089289293,-0.1178914484730907,8
2018-11-03_2,SIP_L,0.2813352259541837,0.13823511351581327,0.0015179041377950877,0.4250058367873946,7
2018-11-03_2,SLP_L,0.2767955818799386,-0.3783071311816586,0.0036913145271863326,1.03355026210758,23
2018-11-03_2,SMP_L,0.2808213848131519,0.07976783016373278,0.006527054794555475,1.827543858432852,22
2018-11-03_2,SPS_L,0.2833967977574588,0.37281053604953035,-0.0011843719603040388,-0.3316184359229263,15
2018-11-03_2,VES_L,0.2820149588916863,0.2155783526751067,-0.0017114931017477078,-0.4792098128942146,6
2018-11-03_2,WED_L,0.268204848408101,-1.3558015511332016,-0.0003125535568658833,-0.08751348828235016,1
2018-11-03_2,EB,0.28197713695634413,0.2112747933958026,-0.00406648533325649,-1.1385962781252095,3
2018-11-03_2,FB,0.2844811621209905,0.49619465895607223,-0.0009939455925002823,-0.278299971482621,13
2018-11-03_2,FLA,0.2763192197123227,-0.4325098790898574,-0.0034351424940234454,-0.9618233284989316,6
2018-11-03_2,NO,0.275278459201058,-0.5509325487725165,-0.0015368836601747254,-0.4303200115036585,1
2018-11-03_2,PB,0.2865360570796678,0.7300103584278822,-0.0004276731718439335,-0.11974642518273947,1
2018-11-03_2,PRW,0.28558421490367664,0.6217052388759821,-0.003210004447706441,-0.8987857615109202,7
2018-11-03_2,SAD,0.2844184214417528,0.489055726749655,0.0006261461483191255,0.1753179012372512,20
2018-11-03_2,SOG,0.2872525014363836,0.8115307970716006,0.0007928257021304518,0.22198737230532165,71
2018-11-03_3,AL_R,0.28264198079920194,-0.1449045431444654,0.013296489723013548,0.9648631175433372,23
2018-11-03_3,AME_R,0.26822173359218376,-0.9213337131811181,-0.0001318721640100461,-0.009569336714764266,1
2018-11-03_3,AMMC_R,0.2708383398509269,-0.7804478187423667,-0.004430548236021659,-0.3215038459387553,4
2018-11-03_3,ATL_R,0.2704042559221596,-0.8038201936885483,-0.011475794319739198,-0.8327438981481925,1
2018-11-03_3,AVLP_R,0.31198888920760237,1.4352206385921147,0.009300087484925933,0.6748631850254743,28
2018-11-03_3,CRE_R,0.2801084152755077,-0.2813192764396057,0.012008407088380968,0.8713930775256361,8
2018-11-03_3,EPA_R,0.2678726021586897,-0.9401319921044907,-0.005868504192624408,-0.4258494812214553,1
2018-11-03_3,GA_R,0.274724129048261,-0.5712253249729728,-0.008660120042938898,-0.6284237868034676,1
2018-11-03_3,GOR_R,0.27623345831823115,-0.48995853005806916,-0.013974405471845667,-1.0140562441862115,1
2018-11-03_3,IB_R,0.27526323570446665,-0.542198212772339,-0.008151639432138489,-0.5915257635230774,4
2018-11-03_3,ICL_R,0.27398645708505986,-0.610943786239629,-0.00024341855348211265,-0.017663728493253046,8
2018-11-03_3,IPS_R,0.3464900565625874,3.2928665131849857,0.0020348049583045753,0.1476561330517408,11
2018-11-03_3,IVLP_R,0.28299272282091614,-0.12601954534193147,-0.017420507444413577,-1.2641234996716337,5
2018-11-03_3,LAL_R,0.2887305586322764,0.1829226685372339,0.004526429682195826,0.3284615071709563,9
2018-11-03_3,LB_R,0.27283828713239666,-0.6727646850501184,0.00042389752074817067,0.030760230098931255,1
2018-11-03_3,LH_R,0.28241511591816937,-0.15711962578222055,0.012501648852421313,0.9071852900620649,14
2018-11-03_3,LO_R,0.35435415031642964,3.7162928039225305,-0.00527363759378302,-0.38268283701406824,23
2018-11-03_3,MB_R,0.36384354156073473,4.227229964859899,0.022080914798743752,1.602307130283411,16
2018-11-03_3,ME_R,0.2953196729205548,0.5377002576228578,-0.008438293567281015,-0.6123268928626202,24
2018-11-03_3,OTU_R,0.28595647224124043,0.033557573523205556,-0.009655251169980448,-0.7006357270676616,3
2018-11-03_3,PLP_R,0.2846586635221938,-0.03632032330683467,0.009870384457363997,0.7162469281196934,15
2018-11-03_3,PVLP_R,0.2821267344872605,-0.17264694316035686,0.009105676913511671,0.6607557330644139,17
2018-11-03_3,SCL_R,0.27492639888617354,-0.5603345129002467,0.00428168611505887,0.31070162872892493,6
2018-11-03_3,SIP_R,0.2727656063758818,-0.6766780340134421,-0.00024368417243277618,-0.017683003199145703,6
2018-11-03_3,SLP_R,0.26602812588026276,-1.0394441027397596,0.014876464994497808,1.079514420093299,22
2018-11-03_3,SMP_R,0.274774968730969,-0.5684879646432063,0.0351441426575632,2.550243542043586,21
2018-11-03_3,SPS_R,0.2944180474256892,0.4891540486284903,-0.005460594498900901,-0.3962494118075702,12
2018-11-03_3,VES_R,0.2980001585501965,0.6820256081414681,0.0019917260823274292,0.14453010359273022,6
2018-11-03_3,WED_R,0.27577527887231984,-0.514628279599092,-0.0014027800332222968,-0.10179308556451491,1
2018-11-03_3,AL_L,0.286340756862169,0.0542486050292525,0.011200329659851242,0.8127547358918951,22
2018-11-03_3,AME_L,0.2576067855865801,-1.4928742111804787,-9.370098796343411e-05,-0.006799435734290875,1
2018-11-03_3,AMMC_L,0.27722822950021325,-0.436397079126296,-0.02024158389225457,-1.468835620915242,4
2018-11-03_3,ATL_L,0.27128069111090675,-0.7566303059965627,-0.012858208546593036,-0.933059133856595,1
2018-11-03_3,AVLP_L,0.299163402070941,0.7446581128687509,0.0017760351178039467,0.12887843455892076,34
2018-11-03_3,CRE_L,0.27894643678107733,-0.3438836683726331,0.0051472961793027645,0.3735148405285548,10
2018-11-03_3,EPA_L,0.2789618531522704,-0.3430536049126542,-0.011252157864266837,-0.8165156625673433,1
2018-11-03_3,GA_L,0.3098208680949241,1.318487907941042,-0.0013024482160022242,-0.09451248203919538,1
2018-11-03_3,GOR_L,0.2796893374962737,-0.30388367548493533,-0.011463616036607368,-0.8318601779728919,1
2018-11-03_3,IB_L,0.27887378763297277,-0.3477953154447613,-0.004811958150440402,-0.34918095220922135,3
2018-11-03_3,ICL_L,0.27585160035451683,-0.5105189030934424,-0.019968249678837702,-1.449001055042402,8
2018-11-03_3,IPS_L,0.2945045328653699,0.49381068295573133,-0.007998122115962751,-0.5803857409029841,8
2018-11-03_3,IVLP_L,0.2866748924596574,0.07223946336289885,-0.00589344270928263,-0.42765915094865486,7
2018-11-03_3,LAL_L,0.2821818385034914,-0.16967997837996088,-0.009133192382867271,-0.6627524000115678,5
2018-11-03_3,LB_L,0.2804193595159181,-0.2645771100229288,-0.007460246548097898,-0.5413546651776194,1
2018-11-03_3,LH_L,0.2973122163246434,0.6449847444481311,-0.009175421345863959,-0.6658167553216076,11
2018-11-03_3,LO_L,0.26022688059154414,-1.3518004722274244,-0.00020529818268675453,-0.0148975142086019,22
2018-11-03_3,MB_L,0.2712774780101988,-0.756803308933343,0.056329452627538815,4.087560882903369,16
2018-11-03_3,ME_L,0.27641628362860726,-0.48011466941135766,-0.0028962949911269507,-0.21017037373609485,15
2018-11-03_3,OTU_L,0.2800426975613745,-0.2848577144087084,-0.015946782816311646,-1.1571823017545828,4
2018-11-03_3,PLP_L,0.28350418947931916,-0.09848065315900133,0.012415343180321692,0.9009224972815325,13
2018-11-03_3,PVLP_L,0.27959937754298475,-0.3087273880001204,-0.009346073321145584,-0.6782001587848668,11
2018-11-03_3,SCL_L,0.28843958433915384,0.16725574371494556,-0.024960695899717084,-1.8112791694313317,8
2018-11-03_3,SIP_L,0.2886242227446741,0.17719722681831443,-0.0031753716743673373,-0.23042164337449575,7
2018-11-03_3,SLP_L,0.27728175660250454,-0.43351502010124254,0.0018077022434461161,0.13117636748762876,23
2018-11-03_3,SMP_L,0.2807919087352266,-0.24451794758327988,0.04559817663792218,3.3088431444435393,22
2018-11-03_3,SPS_L,0.2961784413249634,0.5839389128911379,-0.007744039584508339,-0.5619481781688067,15
2018-11-03_3,VES_L,0.28189171787675016,-0.18530093925513696,-0.0072412167834203685,-0.5254607152717455,6
2018-11-03_3,WED_L,0.2910483806403881,0.30772112672004504,-0.001979568366288667,-0.14364787587370573,1
2018-11-03_3,EB,0.28821187760532035,0.15499533320852604,-0.0023616295932686678,-0.17137224480382418,3
2018-11-03_3,FB,0.27814914194349327,-0.3868124032363891,0.015263711056599303,1.1076150278867178,13
2018-11-03_3,FLA,0.2806499707698956,-0.2521603114787459,0.001085232003543897,0.07875013300576966,6
2018-11-03_3,NO,0.2855132633850172,0.0096938852347816,-0.00585694685202107,-0.42501081989674894,1
2018-11-03_3,PB,0.2753701373492098,-0.536442308999547,-0.011049212211524722,-0.8017888602852562,1
2018-11-03_3,PRW,0.28426895084193055,-0.05730361773623327,0.0005923128145624081,0.04298132820953494,7
2018-11-03_3,SAD,0.2880905234015253,0.14846126049948152,0.0024213894211756546,0.17570873173077534,20
2018-11-03_3,SOG,0.312861320261741,1.482194931720002,0.010166787373116696,0.737755480173631,71
2018-11-03_4,AL_R,0.31163443251815737,1.4033183427464038,0.005663686329578767,2.4781551656285874,23
2018-11-03_4,AME_R,0.2831057763678069,-0.6692861580424455,-0.001944208652518115,-0.850691658211217,1
2018-11-03_4,AMMC_R,0.2834551805100127,-0.643901976119768,-0.001920784587012187,-0.8404424202492947,4
2018-11-03_4,ATL_R,0.2914172168059288,-0.06546070025346237,-0.001935922211773633,-0.8470659125853746,1
2018-11-03_4,AVLP_R,0.33263204390480894,2.928793066702325,0.002045831592378831,0.8951569408394175,28
2018-11-03_4,CRE_R,0.30402565185213903,0.8505410590638331,0.002439958218965837,1.0676076873589553,8
2018-11-03_4,EPA_R,0.2738931442858197,-1.3385831139386302,-8.145944347055853e-05,-0.035642711986277754,1
2018-11-03_4,GA_R,0.29345142400745056,0.08232428405114486,0.0001332783262654949,0.05831614843785549,1
2018-11-03_4,GOR_R,0.27776401567604947,-1.0573646288097223,-0.0013074443734589923,-0.5720744121965544,1
2018-11-03_4,IB_R,0.2949129004763621,0.18850042818143328,0.0030955196608953286,1.354449662561583,4
2018-11-03_4,ICL_R,0.29063960600977506,-0.12195406003446421,-0.001483768527134769,-0.6492253324328475,8
2018-11-03_4,IPS_R,0.30847424892301833,1.1737312669274191,0.0020413180152466055,0.893182017823771,11
2018-11-03_4,IVLP_R,0.2922994290595431,-0.001368053272276423,-0.0010011355933854929,-0.4380485072568312,5
2018-11-03_4,LAL_R,0.3029133442508641,0.7697320041783019,0.00010356900343013218,0.04531678590831774,9
2018-11-03_4,LB_R,0.27978379814399995,-0.9106276002014836,-0.000292771547484698,-0.12810266680186022,1
2018-11-03_4,LH_R,0.31541604457343875,1.678052144601886,0.0018263775531358452,0.7991344690214008,14
2018-11-03_4,LO_R,0.28632333178819663,-0.43553102388217957,0.00022554062919184322,0.09868566915012358,15
2018-11-03_4,MB_R,0.31791535476856503,1.8596268227776245,0.006635555415206345,2.9033980648132673,16
2018-11-03_4,ME_R,0.2859277005210871,-0.46427360259119776,0.00011323226801143512,0.04954496304339801,20
2018-11-03_4,OTU_R,0.29122418519530374,-0.07948443073931308,-0.007070939110199802,-3.093900908719657,3
2018-11-03_4,PLP_R,0.31809575757588826,1.872733071752078,-0.0001835472942048273,-0.08031141712339016,15
2018-11-03_4,PVLP_R,0.29136434890853896,-0.06930154860958383,0.001155974427977056,0.5057984911814408,17
2018-11-03_4,SCL_R,0.2909415996611287,-0.10001424633603592,-0.0003422949100287799,-0.149771694633958,6
2018-11-03_4,SIP_R,0.29624413356126705,0.28521440127683795,0.0032129246482148354,1.4058204057252557,6
2018-11-03_4,SLP_R,0.2883598646421671,-0.2875770811202546,-0.0017001573333728878,-0.7439066065639097,22
2018-11-03_4,SMP_R,0.2956803909576744,0.24425854792942372,0.0046286857631921375,2.0252889843529194,21
2018-11-03_4,SPS_R,0.29474321851418117,0.17617304771649175,0.002139442414777186,0.9361165084400614,12
2018-11-03_4,VES_R,0.3018553414377694,0.6928681876455203,-0.0006925464212847428,-0.3030248130764723,6
2018-11-03_4,WED_R,0.27403791893804147,-1.3280652474743404,-0.0026057228914143416,-1.1401382894090064,1
2018-11-03_4,AL_L,0.29807512504097067,0.41823578026293257,0.0012180215292938547,0.5329473012837017,22
2018-11-03_4,AME_L,0.2756995156421867,-1.2073503848689031,0.0003293447161707874,0.14410531624759304,1
2018-11-03_4,AMMC_L,0.2719824723621869,-1.477393270560869,4.462371757376797e-05,0.019525180205947044,4
2018-11-03_4,ATL_L,0.2758851892297476,-1.1938612141477796,-0.0029171207806012096,-1.2763909423188418,1
2018-11-03_4,AVLP_L,0.33329493619728656,2.9769521367155294,-0.0005205759613325735,-0.22777885861033068,34
2018-11-03_4,CRE_L,0.3014724123872268,0.665048423915512,-0.0004737366992272084,-0.2072842632909471,10
2018-11-03_4,EPA_L,0.27447854938440597,-1.2960534821284133,-0.0008477203715637111,-0.37092142741517964,1
2018-11-03_4,GA_L,0.28270793923529786,-0.6981889926896043,-0.002670182385572615,-1.1683426459228694,1
2018-11-03_4,GOR_L,0.28415029090840005,-0.5934022633870673,-0.002734307272231567,-1.196400594381157,1
2018-11-03_4,IB_L,0.28670227736735393,-0.408000659017594,0.00021421035898759792,0.09372809099330033,3
2018-11-03_4,ICL_L,0.28204019448799283,-0.746700593143154,-0.0010343519034283356,-0.4525823577432005,8
2018-11-03_4,IPS_L,0.2979517885788382,0.4092753965287693,-0.0012869926871314505,-0.5631257435787811,8
2018-11-03_4,IVLP_L,0.29714707013474456,0.3508126683754919,-0.0003645394395711116,-0.15950482471646504,7
2018-11-03_4,LAL_L,0.2987228154745193,0.4652904364870485,0.001610837167620251,0.7048244227574557,5
2018-11-03_4,LB_L,0.2832610521171154,-0.6580053877466417,-0.0007324552528860961,-0.32048698725631436,1
2018-11-03_4,LH_L,0.28045359094383493,-0.861967208901668,0.0014853923289124783,0.6499358295418366,11
2018-11-03_4,LO_L,0.2683128329859073,-1.743992266583179,-0.000933019818232164,-0.4082443390465532,25
2018-11-03_4,MB_L,0.298164088358086,0.4246989578653615,0.004834034789196018,2.115139784686024,16
2018-11-03_4,ME_L,0.26371169296661207,-2.078264706984612,-0.0005504005761364894,-0.24082866732823402,17
2018-11-03_4,OTU_L,0.2782879589055113,-1.0193001966886512,-0.002862509035620611,-1.2524954844752703,4
2018-11-03_4,PLP_L,0.2896453578178118,-0.1941861086351447,0.0010821294239521948,0.47348748955969594,13
2018-11-03_4,PVLP_L,0.2826829759300414,-0.7000025747439593,-0.0007530034277833805,-0.32947787460471956,11
2018-11-03_4,SCL_L,0.282508129275177,-0.7127051697035666,-0.001164366999144559,-0.5094706743464996,8
2018-11-03_4,SIP_L,0.29493791221605603,0.19031752899364857,0.00037764957610142766,0.16524118627925574,7
2018-11-03_4,SLP_L,0.30407992314239085,0.8544838637948633,0.00043396057370007367,0.18988015486972892,23
2018-11-03_4,SMP_L,0.2897924318510432,-0.1835011923314093,-0.0013571539611533286,-0.5938249231460456,22
2018-11-03_4,SPS_L,0.29587876809848307,0.2586706307393118,0.0002881843086040311,0.12609551296837057,15
2018-11-03_4,VES_L,0.2997572941471688,0.5404452261695301,-0.003512729077288474,-1.537000321305507,6
2018-11-03_4,WED_L,0.28316195843942604,-0.6652045352037199,-0.002253116372228208,-0.9858547334161692,1
2018-11-03_4,EB,0.29460373094195047,0.16603928717460553,-0.0007909387101947483,-0.3460765191264585,3
2018-11-03_4,FB,0.2986139137056271,0.4573787320183822,0.001138591392939872,0.4981925159269983,13
2018-11-03_4,FLA,0.2891081466757637,-0.23321445350407052,-0.002808952486925206,-1.2290617294825872,6
2018-11-03_4,NO,0.28565428739819365,-0.48413704326983575,-0.0009255993788600519,-0.4049975137297633,1
2018-11-03_4,PB,0.3080430254989237,1.142402920968399,0.0005693842610909746,0.24913500955748707,1
2018-11-03_4,PRW,0.28793687857034467,-0.3183069841205906,-0.0004092397711699319,-0.1790635275136883,7
2018-11-03_4,SAD,0.2904212845101786,-0.13781509885444368,0.0002575239063644925,0.11268000409858227,20
2018-11-03_4,SOG,0.31514593343858127,1.658428593079922,0.005120932948051356,2.240672540739901,70
2018-11-03_5,AL_R,0.296630105386744,1.9103294687249186,0.0006836169811732586,0.08738149367181422,23
2018-11-03_5,AME_R,0.26402379466014037,-1.4016693616257045,-0.00023658402914664614,-0.030240714340140865,1
2018-11-03_5,AMMC_R,0.2721600149268206,-0.575229589501048,-0.0003565851160245437,-0.045579529060096234,4
2018-11-03_5,ATL_R,0.26866046517348374,-0.9306977314502941,0.00018617833930582796,0.023797743218666362,1
2018-11-03_5,AVLP_R,0.29291781534150113,1.5332521479921861,0.0003547157045912327,0.04534057659427316,28
2018-11-03_5,CRE_R,0.2827180380681288,0.49720576168073277,-0.005606384829304132,-0.7166209938828794,8
2018-11-03_5,EPA_R,0.26871127301809017,-0.925536904660656,-0.0004156169949933491,-0.053125119501245086,1
2018-11-03_5,GA_R,0.2682539436748594,-0.9719903124860787,0.00024362125350167163,0.031140228530660875,1
2018-11-03_5,GOR_R,0.26539964443014424,-1.2619168803591534,-0.0023951729869954087,-0.30615651595845217,1
2018-11-03_5,IB_R,0.26693305882861657,-1.1061597100136158,-0.002750374241784638,-0.3515591566949601,4
2018-11-03_5,ICL_R,0.2685546476898164,-0.9414461839531072,-0.0036800244620333743,-0.4703891844368796,8
2018-11-03_5,IPS_R,0.2947286224724443,1.7171855941879572,0.02108380242084893,2.6949800817605256,11
2018-11-03_5,IVLP_R,0.2790518389339439,0.12481014335812175,-0.004840785322447468,-0.6187603053600113,5
2018-11-03_5,LAL_R,0.28776072296379995,1.0094184623547449,0.003302551492124974,0.42213972188736437,9
2018-11-03_5,LB_R,0.2614530666203528,-1.662792072879855,-0.00025616763122053853,-0.032743935365683895,1
2018-11-03_5,LH_R,0.28221563897137547,0.4461743759232951,-0.00524362216925856,-0.6702518369483346,14
2018-11-03_5,LO_R,0.2772581970037177,-0.057379740826789524,3.713168760886522e-05,0.004746257648909263,19
2018-11-03_5,MB_R,0.28834302864996136,1.0685663913444408,0.009418398732580087,1.2038813720471158,16
2018-11-03_5,ME_R,0.2673789568847033,-1.0608674396737525,-0.00019918696109965704,-0.025460535153713992,22
2018-11-03_5,OTU_R,0.2689792481605974,-0.8983172242132523,-0.005755596502817567,-0.7356935729204831,3
2018-11-03_5,PLP_R,0.2795155612309962,0.17191291798118027,-0.001279816300758543,-0.16358906092982806,15
2018-11-03_5,PVLP_R,0.2743967067181346,-0.3480367415029898,-4.124927769535948e-05,-0.005272577477109865,17
2018-11-03_5,SCL_R,0.2754870301828315,-0.23728670694499837,-0.0020469399914639337,-0.26164457413523057,6
2018-11-03_5,SIP_R,0.2716039544066149,-0.6317116554412137,-0.004003597002742011,-0.5117489702481959,6
2018-11-03_5,SLP_R,0.2744416750066381,-0.34346906992017345,-0.0036948883276051443,-0.4722891178954798,22
2018-11-03_5,SMP_R,0.28003421534910344,0.2245954139228696,-0.011726454275461035,-1.4989023360792137,21
2018-11-03_5,SPS_R,0.28354130392582816,0.5808293148214209,0.007905169721754451,1.0104569620704515,12
2018-11-03_5,VES_R,0.2917291550141004,1.4125135079465552,0.020738237239845227,2.650809146121609,6
2018-11-03_5,WED_R,0.2927070561305683,1.511844198287357,3.9063318427983846e-05,0.004993163139623394,1
2018-11-03_5,AL_L,0.2862475698446746,0.8557193394240525,-0.004485640442964009,-0.5733648706446528,22
2018-11-03_5,AME_L,0.26701577190109266,-1.0977580971604324,-0.002434574581407567,-0.3111929183118232,1
2018-11-03_5,AMMC_L,0.26435333796465454,-1.3681958709185722,-0.003475569691168213,-0.4442553057320755,4
2018-11-03_5,ATL_L,0.2714754127230988,-0.6447683274770756,-0.000176119998589279,-0.02251206299146715,1
2018-11-03_5,AVLP_L,0.29828501593677714,2.078427658428197,9.022573787179548e-05,0.011532861178123511,34
2018-11-03_5,CRE_L,0.2835017396509726,0.5768105580493331,-0.01107742186051241,-1.4159415211469968,10
2018-11-03_5,EPA_L,0.2639483054493135,-1.409337207891998,-0.0012190762922973165,-0.15582513345121052,1
2018-11-03_5,GA_L,0.26746874126355397,-1.0517475560956786,-0.0014181514751749036,-0.1812713808556827,1
2018-11-03_5,GOR_L,0.26514191519509783,-1.2880958287283235,-0.004733897534135013,-0.6050976626006269,1
2018-11-03_5,IB_L,0.2775567941315179,-0.027049620185035542,-0.004496208273645483,-0.5747156750501156,3
2018-11-03_5,ICL_L,0.27393298690053025,-0.3951392642751506,-0.005790607041212564,-0.7401687004018964,8
2018-11-03_5,IPS_L,0.2936043875891639,1.602990993955983,0.023724997123330156,3.0325836588173685,8
2018-11-03_5,IVLP_L,0.27999659508761754,0.22077412107304284,-0.0071857282708971,-0.9184963023492156,7
2018-11-03_5,LAL_L,0.2856527888183328,0.7953042228511878,0.002548608077367756,0.32576894184552574,5
2018-11-03_5,LB_L,0.2632763299299156,-1.4775933854439787,0.0002876316166822772,0.0367657343002223,1
2018-11-03_5,LH_L,0.2778447936518158,0.0022040443085046143,-0.005594416705476969,-0.7150912007892791,11
2018-11-03_5,LO_L,0.27524692192382927,-0.26167579774526656,-0.0013614831303950445,-0.1740279027866111,23
2018-11-03_5,MB_L,0.28774319842613,1.0076384005516177,0.0036791027206730083,0.47027136533778463,16
2018-11-03_5,ME_L,0.26742989347272755,-1.0556935357208377,-0.0019123257819230889,-0.24443787649155632,19
2018-11-03_5,OTU_L,0.2725929331564841,-0.5312557501328002,-0.009777545137766337,-1.2497882909744022,4
2018-11-03_5,PLP_L,0.27199837054060977,-0.5916486815765675,-0.006676866682632713,-0.853452444634563,13
2018-11-03_5,PVLP_L,0.27189595083854345,-0.6020520030775101,-0.0016703814235557027,-0.21351199255092213,11
2018-11-03_5,SCL_L,0.277118553843454,-0.07156404972753085,-0.008190617987236914,-1.046943615402377,8
2018-11-03_5,SIP_L,0.27491188898023833,-0.2957069006997253,-0.002645685582874449,-0.3381776117099724,7
2018-11-03_5,SLP_L,0.27087500399917214,-0.7057550796444978,-0.003410168922892616,-0.4358956292222881,23
2018-11-03_5,SMP_L,0.2801767733511457,0.23907579902316523,-0.004643424730772266,-0.593533220943626,22
2018-11-03_5,SPS_L,0.2856398244984869,0.7939873669662686,0.009117284864204461,1.1653923053495587,15
2018-11-03_5,VES_L,0.29110569632071226,1.3491854460696036,0.011411124518206578,1.458596161793175,6
2018-11-03_5,WED_L,0.29642279527934556,1.8892718630675178,0.008874113527484228,1.1343095862159327,1
2018-11-03_5,EB,0.2788332389836436,0.10260576746966339,-0.0013875584584931622,-0.17736091115232733,3
2018-11-03_5,FB,0.2838546391421439,0.612656462598025,0.0012104766775543328,0.15472591093050253,13
2018-11-03_5,FLA,0.27746906079623657,-0.03596116820624321,-0.009034371570989892,-1.1547941376535138,6
2018-11-03_5,NO,0.2633056237201966,-1.4746178571801194,0.0001462642681072264,0.018695834904640742,1
2018-11-03_5,PB,0.282084207554112,0.4328241780460252,0.00045111902190767293,0.05766307017477337,1
2018-11-03_5,PRW,0.28293453995415757,0.5191970258660119,-0.005557600940048274,-0.7103853250395145,7
2018-11-03_5,SAD,0.2846788667674063,0.6963777076570158,0.004212671983224346,0.5384734147647688,20
2018-11-03_5,SOG,0.29511502569486364,1.756434653409257,0.03313838191153685,4.2358241369712655,70
2018-12-12_2,AL_R,0.3031890854753193,1.327522583403092,0.0023138952713469586,0.9008059248914654,23
2018-12-12_2,AME_R,0.2642343463556059,-1.6900505309487384,0.00045840427034630576,0.1784580693157844,1
2018-12-12_2,AMMC_R,0.2815386813054395,-0.3495949898171143,-0.0015569096927234177,-0.6061093140614792,4
2018-12-12_2,ATL_R,0.292450469742662,0.49567108465120574,-5.088401261671595e-05,-0.019809288957450325,1
2018-12-12_2,AVLP_R,0.2995981643974577,1.0493570213898438,0.0007216492638723879,0.2809400842983688,28
2018-12-12_2,CRE_R,0.29704963886611807,0.8519391385238837,-0.00416243067371399,-1.620445946392752,8
2018-12-12_2,EPA_R,0.27750706279173726,-0.6618985479768571,-0.001525155405134719,-0.5937472807599651,1
2018-12-12_2,GA_R,0.26420434261270137,-1.6923747279518386,-0.00040472699792583626,-0.1575613564752654,1
2018-12-12_2,GOR_R,0.2754624206307569,-0.8202838267097934,-0.0016231810390952678,-0.6319089352463854,1
2018-12-12_2,IB_R,0.2797086515050956,-0.4913556291839905,-0.0018389774015773633,-0.7159190649618671,4
2018-12-12_2,ICL_R,0.2806815931287554,-0.41598809876960086,-0.0018037406120277918,-0.7022012838706208,8
2018-12-12_2,IPS_R,0.30999159665325976,1.854469376129602,0.0098617001511834,3.8391875534271005,11
2018-12-12_2,IVLP_R,0.2866320002494706,0.04495167268509211,-0.0012690241364414767,-0.4940346588250355,5
2018-12-12_2,LAL_R,0.2954407960608173,0.7273124331678424,0.004599561352049241,1.7906221466176648,9
2018-12-12_2,LB_R,0.2714668205355646,-1.1297972696287908,-0.001125223232772108,-0.4380525633368898,1
2018-12-12_2,LH_R,0.28320802110894133,-0.22028197107800956,-0.004056980305469775,-1.579393822006379,14
2018-12-12_2,LO_R,0.2733194774362668,-0.9862838543162963,-0.0007191937090643057,-0.2799841299181481,27
2018-12-12_2,LOP_R,0.2651264187693632,-1.6209474181403971,-0.00017125647506335072,-0.06667062650734891,3
2018-12-12_2,MB_R,0.29872707895780726,0.9818796344943878,0.0012819922910290017,0.49908319781122334,16
2018-12-12_2,ME_R,0.2637108206922189,-1.730604697199342,0.0006079921988443685,0.2366930698155502,23
2018-12-12_2,OTU_R,0.27611856243226257,-0.7694567411184543,-0.0021028634151422257,-0.8186506308450726,3
2018-12-12_2,PLP_R,0.2872282686961387,0.09114075453396654,-0.002272108540063366,-0.8845382330956324,15
2018-12-12_2,PVLP_R,0.2844807961937398,-0.12168827071457795,0.0008164658975091397,0.3178524659501667,17
2018-12-12_2,SCL_R,0.2806384017650322,-0.4193338559454566,-0.0006766872951989822,-0.26343626367289535,6
2018-12-12_2,SIP_R,0.29174090267297936,0.4407054871221464,-0.0008523089102248351,-0.3318062514218244,6
2018-12-12_2,SLP_R,0.28311145203395693,-0.22776255626317074,-0.00012204963103632033,-0.047514263990148055,22
2018-12-12_2,SMP_R,0.29849282104562735,0.9637331805944941,-0.001211898982921982,-0.47179567619349205,21
2018-12-12_2,SPS_R,0.3016207161039038,1.2060310946778767,0.004790618466476138,1.865001217615217,12
2018-12-12_2,VES_R,0.2975179945404806,0.8882196405333379,0.0027911515382520896,1.0866031293904674,6
2018-12-12_2,WED_R,0.2746249822517863,-0.8851547922049579,-0.0010094438202412693,-0.39297931301319605,1
2018-12-12_2,AL_L,0.3043551951402595,1.4178535996754764,0.0023430964045905167,0.9121740080389926,22
2018-12-12_2,AME_L,0.268120602969156,-1.389007224344067,0.00013442989694632855,0.052333936263809465,1
2018-12-12_2,AMMC_L,0.2812321169743913,-0.3733425569705585,-0.001200382692069437,-0.46731235183512254,4
2018-12-12_2,ATL_L,0.28818413579065333,0.1651856309849869,0.001310162380677991,0.510049892792955,1
2018-12-12_2,AVLP_L,0.30382328151710336,1.3766496721261028,0.0005692902356346987,0.22162628689070857,34
2018-12-12_2,CRE_L,0.3020386235888395,1.2384036998942258,-0.00013944791831411963,-0.05428746606929064,10
2018-12-12_2,EPA_L,0.2747327737319841,-0.8768048794613088,-0.0015214212361095334,-0.5922935582755955,1
2018-12-12_2,GA_L,0.2658027443005278,-1.5685568288177443,-0.0007689297415502411,-0.2993465069879818,1
2018-12-12_2,GOR_L,0.2731726422332728,-0.9976582331674374,-0.001426810198406218,-0.5554612156978501,1
2018-12-12_2,IB_L,0.27610564965884976,-0.7704570106302707,-0.0008324862680411913,-0.3240892411719891,3
2018-12-12_2,ICL_L,0.27979691578755544,-0.4845183628660247,-0.0013750378492739961,-0.5353060948411025,8
2018-12-12_2,IPS_L,0.3079639024441491,1.697396946232549,0.003779478464762568,1.471361576393195,8
2018-12-12_2,IVLP_L,0.2836829238477685,-0.18349431008988368,-0.0022845581951360322,-0.8893849187651115,7
2018-12-12_2,LAL_L,0.28894914444406666,0.2244459314504148,-0.0003697680887776545,-0.1439517550043687,5
2018-12-12_2,LB_L,0.2640003510508657,-1.7081766423391533,-0.000690213563325817,-0.2687020778267186,1
2018-12-12_2,LH_L,0.28326795610359795,-0.2156391924951822,-0.0012031523833155664,-0.4683906004125446,11
2018-12-12_2,LO_L,0.273515325263644,-0.9711127826635861,-0.0002236076903454553,-0.08705110158128637,21
2018-12-12_2,MB_L,0.2999739661718008,1.0784679679963265,0.006406433220362223,2.494042437350429,16
2018-12-12_2,ME_L,0.26519215295062015,-1.6158554138673027,-0.0004363019925108051,-0.16985359050710158,16
2018-12-12_2,OTU_L,0.27345090373714587,-0.9761031040144478,-0.004748257490180862,-1.848509970624268,4
2018-12-12_2,PLP_L,0.2960667502235165,0.7758010765232219,0.0006926449448046553,0.2696486214620033,13
2018-12-12_2,PVLP_L,0.2939888916293074,0.6148427343291881,-0.0007697018283147028,-0.2996470825328518,11
2018-12-12_2,SCL_L,0.29358760143710844,0.5837573639122184,-0.0022410065472729308,-0.8724301399902574,8
2018-12-12_2,SIP_L,0.28379491025034637,-0.17481944368778923,0.0016782082600014202,0.6533311868220665,7
2018-12-12_2,SLP_L,0.28750641409386274,0.11268688969029146,-1.787263328906387e-05,-0.006957866312950819,23
2018-12-12_2,SMP_L,0.3066520945717638,1.5957796268419588,0.0011294837704728354,0.43971120262431296,22
2018-12-12_2,SPS_L,0.29881873345556725,0.9889795189885447,-0.001237825545737797,-0.48188895988085695,15
2018-12-12_2,VES_L,0.30411303040303783,1.3990946548898762,0.00408141246056682,1.5889053285736032,6
2018-12-12_2,WED_L,0.29778581765357925,0.9089661746842876,-0.003219267265171424,-1.2532697837216549,1
2018-12-12_2,EB,0.28193049994528147,-0.3192433196479096,-0.0010224115937086083,-0.39802770362822565,3
2018-12-12_2,FB,0.2962609372316416,0.7908434951895109,-0.00086863311871609,-0.3381613116141234,13
2018-12-12_2,FLA,0.2797312848972438,-0.48960236585387057,-0.004346956934470467,-1.6922825377224628,6
2018-12-12_2,NO,0.27170504291001907,-1.111343714332688,-0.0008374101137088888,-0.3260061081130461,1
2018-12-12_2,PB,0.28673440760547514,0.05288451195379982,0.0018584939955578026,0.7235169297870313,1
2018-12-12_2,PRW,0.28281390534235523,-0.25081158488282995,-0.0014052507066040893,-0.5470680450157124,7
2018-12-12_2,SAD,0.30421606291232006,1.407075920762529,0.002922541772483438,1.1377537164261453,20
2018-12-12_2,SOG,0.30357421679732627,1.3573562300670188,0.006592649375035763,2.566536909126061,71
2018-12-12_3,AL_R,0.2952990369517021,1.8348161022733873,0.00044419210678322467,0.16118005179309342,23
2018-12-12_3,AME_R,0.25895914857205526,-2.413412911828586,0.0005526265418968006,0.20052669393477915,1
2018-12-12_3,AMMC_R,0.2693453552128519,-1.199237900146294,-1.9458522425762882e-06,-0.0007060741522658638,4
2018-12-12_3,ATL_R,0.2767077501117509,-0.33855447437394814,0.00012229215626499232,0.04437507055995472,1
2018-12-12_3,AVLP_R,0.2888195407969062,1.0773458735815697,0.0013053616936361619,0.4736650250556469,28
2018-12-12_3,CRE_R,0.28685712335229074,0.8479340867620908,-0.0035786717375489345,-1.2985608866078138,8
2018-12-12_3,EPA_R,0.26961527349228304,-1.1676837397664834,-0.0013028037500920238,-0.47273684675929284,1
2018-12-12_3,GA_R,0.27273713442677044,-0.8027299440550782,-0.0014323877985575474,-0.5197578615956164,1
2018-12-12_3,GOR_R,0.2718579229526808,-0.9055120895239385,-0.0021131310535489473,-0.7667731313893672,1
2018-12-12_3,IB_R,0.2783691238987332,-0.1443354869243457,0.0004934934462599636,0.17906959176685902,4
2018-12-12_3,ICL_R,0.27336781138009375,-0.7290021410513108,-0.0019256503600908641,-0.6987436742686309,8
2018-12-12_3,IPS_R,0.26962192619566255,-1.166906021155358,-0.0009429838979041363,-0.3421722069870465,10
2018-12-12_3,IVLP_R,0.28080449256887635,0.14036554838020018,-7.682063845229582e-05,-0.027875224020048165,5
2018-12-12_3,LAL_R,0.287794434852899,0.9575082789152429,0.002917118591986334,1.0585089616921348,9
2018-12-12_3,LB_R,0.2761574423356801,-0.4028869081053416,-0.0012723251481541631,-0.4616773466828476,1
2018-12-12_3,LH_R,0.28826215015910905,1.0121854345912058,0.00016627074796687132,0.060333192237599684,14
2018-12-12_3,LO_R,0.2670171715663794,-1.4714087228459545,-0.0004426622186409682,-0.1606249148461713,3
2018-12-12_3,MB_R,0.29238475828522675,1.494129222425041,0.0022274281221588313,0.8082470953725462,16
2018-12-12_3,ME_R,0.2713657166558508,-0.9630523067439787,0.0002764262149761989,0.10030432996544898,4
2018-12-12_3,OTU_R,0.2813189475982849,0.20050670125198974,-0.0032204879942968117,-1.1685899271801268,3
2018-12-12_3,PLP_R,0.2878286327500749,0.9615061034953898,0.0004750588674293719,0.17238039957878468,14
2018-12-12_3,PVLP_R,0.28186393949436184,0.2642176945598607,0.0014639030276767675,0.5311935133871194,17
2018-12-12_3,SCL_R,0.28664923179453344,0.8236310141102203,0.0014852714049474627,0.5389472670054967,6
2018-12-12_3,SIP_R,0.28069941698404666,0.1280819347520072,0.0010562797958948945,0.38328288506356445,6
2018-12-12_3,SLP_R,0.28338276671758506,0.4417726118919297,0.004635756532134537,1.682135874409541,22
2018-12-12_3,SMP_R,0.28416731290683533,0.5334881353205286,0.01062518680104341,3.8554673366567487,21
2018-12-12_3,SPS_R,0.2872708171506047,0.8962959853620805,0.0019034998304536092,0.69070610795519,12
2018-12-12_3,VES_R,0.2888084944804037,1.0760545299820892,-0.0013307170282609868,-0.4828654905426551,6
2018-12-12_3,WED_R,0.2721332755198329,-0.8733226465443004,-0.0006719092487905493,-0.2438097522817333,1
2018-12-12_3,AL_L,0.2890325566813077,1.102247993564024,-0.0020176361530446388,-0.7321217434556048,22
2018-12-12_3,AME_L,0.2636794796365601,-1.861593732449173,-0.00038515935356656566,-0.13975935998959527,1
2018-12-12_3,AMMC_L,0.2696644050435028,-1.1619401315523048,-0.0003438585302449158,-0.12477289638426689,4
2018-12-12_3,ATL_L,0.2743742737407881,-0.6113440305575534,-0.001467483873388975,-0.5324928631246382,1
2018-12-12_3,AVLP_L,0.29644939153975897,1.9692955945171087,0.0026953396993443304,0.9780340211050028,34
2018-12-12_3,CRE_L,0.2778867908220471,-0.20072149861024313,-0.006829903243391027,-2.478306439265068,10
2018-12-12_3,EPA_L,0.27036776094608705,-1.0797159672570784,-0.0015251179611167158,-0.5534060335820736,1
2018-12-12_3,GA_L,0.2703909558468078,-1.0770044220483654,-0.0005655657431990317,-0.2052218271985331,1
2018-12-12_3,GOR_L,0.2706838579827469,-1.0427633880861924,-0.002889230821273614,-1.0483895735732824,1
2018-12-12_3,IB_L,0.281945734395983,0.2737797347797579,0.003886630296704615,1.410307078754949,3
2018-12-12_3,ICL_L,0.2797625837523351,0.018563653497158116,-0.0011473523473260123,-0.4163295743955755,8
2018-12-12_3,IPS_L,0.28815520313552573,0.9996830448256667,0.0010343309838770683,0.3753185142343534,8
2018-12-12_3,IVLP_L,0.27760241459915697,-0.23396583079919914,0.0005477916761312835,0.19877230905805957,7
2018-12-12_3,LAL_L,0.29090295068003097,1.3209019962997288,-0.0018645708861085768,-0.6765803070461592,5
2018-12-12_3,LB_L,0.2635001698592681,-1.8825555194102617,-0.0007364899532158293,-0.26724357995481474,1
2018-12-12_3,LH_L,0.2821047371413953,0.2923675760335719,-0.002212239555290135,-0.8027357547674911,11
2018-12-12_3,LO_L,0.27282187924961415,-0.7928230502463123,0.000698921933079098,0.2536116055479453,6
2018-12-12_3,MB_L,0.29375686964469,1.6545326674481518,0.0029503032451302282,1.0705503825791545,16
2018-12-12_3,ME_L,0.26944236806064203,-1.1878968417914344,0.0002971555894830976,0.10782621431602102,9
2018-12-12_3,OTU_L,0.26997874458682697,-1.1251930079982,-0.0062135791461706245,-2.2546663781421548,4
2018-12-12_3,PLP_L,0.2823722145862752,0.32363639640213376,0.001137204462324895,0.4126473013315278,13
2018-12-12_3,PVLP_L,0.2783792735510104,-0.14314896574308744,-0.0002192333094962661,-0.07955124739896424,11
2018-12-12_3,SCL_L,0.28110219931828245,0.17516825435739658,-0.0033117788965898675,-1.2017158475536147,8
2018-12-12_3,SIP_L,0.27721618201888915,-0.27911744041735637,-0.004355364965163017,-1.5803926723204689,7
2018-12-12_3,SLP_L,0.278311171313765,-0.15111029730164063,0.0004966886151500136,0.18022899437514822,23
2018-12-12_3,SMP_L,0.28601750501006556,0.7497804830704806,0.00879763383813173,3.1923193952177984,22
2018-12-12_3,SPS_L,0.2896431597409589,1.1736291053332764,0.0029308386654726963,1.0634874431225043,15
2018-12-12_3,VES_L,0.2870069705521279,0.8654516205359918,-0.000926515553135519,-0.3361964847213475,6
2018-12-12_3,WED_L,0.2872903971445395,0.898584938411711,-0.00034774559764020414,-0.12618336206910982,1
2018-12-12_3,EB,0.27279903975109454,-0.7954930479982287,-0.0036540644054553124,-1.3259179556155702,3
2018-12-12_3,FB,0.28330791758001916,0.433022549850847,-0.003365720120478633,-1.2212890212489707,13
2018-12-12_3,FLA,0.27045410178792983,-1.0696224946083313,0.0005849264557670089,0.2122470773252326,6
2018-12-12_3,NO,0.2757719308022308,-0.44795422544437097,0.00045972628112140186,0.16681679991660803,1
2018-12-12_3,PB,0.2955816197062617,1.8678507732735639,0.0007147486672924522,0.2593545122796691,1
2018-12-12_3,PRW,0.28271414190853694,0.3636086042408366,0.0027350525964102905,0.9924442879877258,7
2018-12-12_3,SAD,0.2851602379138674,0.649563693385907,0.0017698785042216882,0.6422201219283526,20
2018-12-12_3,SOG,0.27875266300020324,-0.09949875209771354,0.0008037697507249552,0.29165680360635954,44
2018-12-12_4,AL_R,0.3099733701846296,0.4146033772578924,-0.007204865834061506,-1.1240865690047612,23
2018-12-12_4,AME_R,0.26571621232590853,-1.8663766857600552,-0.000930483286925397,-0.14517185879735195,1
2018-12-12_4,AMMC_R,0.3029391947740029,0.052067357149476225,-0.003759031661449489,-0.5864754598375428,4
2018-12-12_4,ATL_R,0.2972164338448054,-0.24287936370836313,-0.004618437994295602,-0.7205580560051071,1
2018-12-12_4,AVLP_R,0.30618392454365373,0.2192982475306569,-0.0023847019297317746,-0.37205570124823784,28
2018-12-12_4,CRE_R,0.30898249918194837,0.3635346437130619,-0.0038277486528995996,-0.5971965265347613,8
2018-12-12_4,EPA_R,0.27469273005180705,-1.4037338284517884,-0.0016147381316995821,-0.25192772330642216,1
2018-12-12_4,GA_R,0.2773911512096226,-1.2646592660442482,0.00028764923268046215,0.044878370602268264,1
2018-12-12_4,GOR_R,0.2744326491027275,-1.4171382016271954,-0.0065701297117736835,-1.0250565014977728,1
2018-12-12_4,IB_R,0.29138390103400336,-0.5434836433778016,-0.0038397453133944518,-0.5990682178675021,4
2018-12-12_4,ICL_R,0.29585498149127254,-0.3130475766123773,-0.004793464146586153,-0.747865233063737,8
2018-12-12_4,IPS_R,0.3297191476576307,1.4322856443497258,0.018791923406217718,2.931872597381556,11
2018-12-12_4,IVLP_R,0.3107161387994498,0.45288510350992,-0.00496362251205524,-0.7744129492367918,5
2018-12-12_4,LAL_R,0.31989447007300686,0.9259292766940392,0.006641297897518102,1.036159997881777,9
2018-12-12_4,LB_R,0.29152478840968776,-0.5362224158020745,0.0006848895103611419,0.10685488357181733,1
2018-12-12_4,LH_R,0.31173569766466125,0.5054323875457433,-0.0030544094345979957,-0.4765419232987376,14
2018-12-12_4,LO_R,0.27342859355021154,-1.4688864567854314,0.000471605847420513,0.07357885783844866,26
2018-12-12_4,LOP_R,0.2633779422292426,-1.986889337961354,-0.0010113071535720873,-0.15778181227116436,1
2018-12-12_4,MB_R,0.3208878260403389,0.9771260834161807,0.008568395729281362,1.3368213619841172,16
2018-12-12_4,OTU_R,0.30738221030540525,0.2810569791030432,-0.0012928809021733178,-0.20171229984396938,3
2018-12-12_4,PLP_R,0.31286252397580644,0.5635081536943767,0.0018058584357980168,0.2817458728527336,15
2018-12-12_4,PVLP_R,0.31009641074498584,0.4209447936229246,0.00012091011723305118,0.018864117940395737,17
2018-12-12_4,SCL_R,0.30270852086586797,0.04017860037043031,-0.009194855741461356,-1.4345602098584187,6
2018-12-12_4,SIP_R,0.29622729611272935,-0.29385876581200815,-0.0018977095391720493,-0.296076270396419,6
2018-12-12_4,SLP_R,0.30522797865306545,0.17002952754831094,0.011847209533759452,1.8483743380932571,22
2018-12-12_4,SMP_R,0.30825748745781373,0.3261680940244333,0.0029477781607253426,0.459905557604118,21
2018-12-12_4,SPS_R,0.3099138363445765,0.4115350486799571,0.0030224954783422573,0.47156278136645013,12
2018-12-12_4,VES_R,0.3271899180383653,1.3019310844216958,0.012944931738543945,2.0196384275733177,6
2018-12-12_4,WED_R,0.321611672776663,1.0144325905241744,-0.005445575415603757,-0.8496061309349912,1
2018-12-12_4,AL_L,0.31308276220658143,0.5748590636447117,-0.0019232894960505057,-0.30006719633800377,22
2018-12-12_4,AME_L,0.26375573519586926,-1.9674181774414068,-0.00018074876212598092,-0.028200005461519764,1
2018-12-12_4,AMMC_L,0.2967367991500034,-0.2675993689980719,-0.007353396505147499,-1.1472599821256144,4
2018-12-12_4,ATL_L,0.2800809167792031,-1.1260308060335416,-0.004564540243901329,-0.7121490531571499,1
2018-12-12_4,AVLP_L,0.32339097600877165,1.106136518089044,-0.0007227875034146245,-0.11276764113938481,34
2018-12-12_4,CRE_L,0.3131114286739625,0.5763365114460854,0.0021326756675518798,0.33273514443598257,10
2018-12-12_4,EPA_L,0.277329949688071,-1.267813545650977,-0.00506483349665835,-0.7902036538867311,1
2018-12-12_4,GA_L,0.2701543515752579,-1.6376383836535513,-0.0020079385231400446,-0.3132739425317815,1
2018-12-12_4,GOR_L,0.2772428899677404,-1.2723005370434202,-0.006217915209074596,-0.9701048062113737,1
2018-12-12_4,IB_L,0.2866210843872306,-0.788955570196479,-0.005926799545594835,-0.9246856110616927,3
2018-12-12_4,ICL_L,0.2997133592648354,-0.1141897374989201,-0.00801212899600433,-1.2500339077743865,8
2018-12-12_4,IPS_L,0.31991689363777964,0.9270849700702785,0.011571094356412624,1.8052954842322169,8
2018-12-12_4,IVLP_L,0.30682793829012206,0.25249022340703564,-0.004904646475535335,-0.7652116438867672,7
2018-12-12_4,LAL_L,0.3209603047401629,0.9808615801649733,0.004362347105512658,0.6806033455142496,5
2018-12-12_4,LB_L,0.27385690222869047,-1.4468117551169082,-0.0002244255982545586,-0.035014364812480714,1
2018-12-12_4,LH_L,0.30566478485042536,0.1925421848400697,-0.0018128795603486057,-0.28284129252999046,11
2018-12-12_4,LO_L,0.26673631709786155,-1.8138012661083434,-0.001765044440169233,-0.2753781672811959,24
2018-12-12_4,MB_L,0.3301827505119239,1.4561793808426269,0.008798877417646076,1.3727805840236853,16
2018-12-12_4,ME_L,0.26729488348843955,-1.785013181594479,-5.4461161335940856e-05,-0.008496904925101469,17
2018-12-12_4,OTU_L,0.30352387276896664,0.0822012137801915,-0.009264903768470797,-1.445488941657191,4
2018-12-12_4,PLP_L,0.3199112774440332,0.9267955157405044,0.005476028003645309,0.854357273565172,13
2018-12-12_4,PVLP_L,0.29380737513141963,-0.418579642151757,-0.008344350773448441,-1.301866384125344,11
2018-12-12_4,SCL_L,0.3029629250060035,0.053290395155148454,-0.005133256037273717,-0.8008787810430629,8
2018-12-12_4,SIP_L,0.2921155799551,-0.5057734714575981,0.00013742941890575283,0.02144142133053452,7
2018-12-12_4,SLP_L,0.2935592995214059,-0.4313652693347915,-0.007355190815770768,-1.14753992633536,23
2018-12-12_4,SMP_L,0.3060661453474071,0.21322799784733099,0.0032561612483022534,0.5080187764810908,22
2018-12-12_4,SPS_L,0.31781281320271937,0.8186422738926504,0.0072299177419190225,1.1279951099546077,15
2018-12-12_4,VES_L,0.33418914761637386,1.662666023047609,0.01065838362266087,1.6628964582369647,6
2018-12-12_4,WED_L,0.3300949521201258,1.4516543188877709,-0.00541329201479594,-0.8445693491148072,1
2018-12-12_4,EB,0.31536910536709994,0.6926954412767314,0.0036971569454966433,0.5768219092003104,3
2018-12-12_4,FB,0.30338810116663895,0.07520364925013107,-0.0028542816160887093,-0.44531844210537624,13
2018-12-12_4,FLA,0.30543232972075773,0.180561625265713,-0.00032208618595508214,-0.05025114471701168,6
2018-12-12_4,NO,0.29318075096208,-0.4508753725244926,-0.001787227400283841,-0.27883910161361813,1
2018-12-12_4,PB,0.340447507012387,1.9852170791971413,0.006548014483868755,1.0216061345886647,1
2018-12-12_4,PRW,0.2991459996968113,-0.14343101565231026,-0.0003404665515325324,-0.053118807010087615,7
2018-12-12_4,SAD,0.32396383815490454,1.1356613949091516,0.0036044606406319276,0.5623596452672068,20
2018-12-12_4,SOG,0.3321489983128799,1.5575182884889462,0.022347106301393502,3.486544042327778,71
2018-12-14_1,AL_R,0.3225011837469979,0.6402253930893597,-0.007440677673167627,-0.5186799870115485,23
2018-12-14_1,AME_R,0.26903770813653605,-1.530115746884521,-0.0037133724267385698,-0.258854374113729,1
2018-12-14_1,AMMC_R,0.2977649621482737,-0.3639375194451968,-0.015932091082436144,-1.1106053989551201,4
2018-12-14_1,ATL_R,0.27884689603723184,-1.1319133515571178,-0.004282765207347646,-0.2985460061159868,1
2018-12-14_1,AVLP_R,0.3152780302232954,0.3470026447768446,-0.005409329864663427,-0.37707736676495046,28
2018-12-14_1,CRE_R,0.315732251363968,0.3654416784721141,-0.01968530309311728,-1.3722369387773428,8
2018-12-14_1,EPA_R,0.26977980219134023,-1.4999905588289133,-0.004649933681156515,-0.32414084405837,1
2018-12-14_1,GA_R,0.2764869934831316,-1.2277132138184284,-0.004620930689383622,-0.3221190831305571,1
2018-12-14_1,GOR_R,0.2830164888069434,-0.9626494078700775,-0.010507819172396068,-0.7324864415928729,1
2018-12-14_1,IB_R,0.31120860340983336,0.1818049218730748,-0.005597535365182206,-0.39019692802703976,4
2018-12-14_1,ICL_R,0.30915455059945357,0.09842098045992279,-0.0016282798598835264,-0.1135052764913026,8
2018-12-14_1,IPS_R,0.33529354503584524,1.1595292293173556,0.042325579856879895,2.9504612583327723,11
2018-12-14_1,IVLP_R,0.3067521692931123,0.0008967001260713929,-0.0033698220550623407,-0.23490592342872857,5
2018-12-14_1,LAL_R,0.31881435565872823,0.4905592035156858,-0.001221438191984863,-0.08514487166118713,9
2018-12-14_1,LB_R,0.2741969108699722,-1.3206787468767787,-0.000841116459901666,-0.05863313714962578,1
2018-12-14_1,LH_R,0.30129550850940207,-0.22061556129246912,-0.015921936556506394,-1.109897540127107,14
2018-12-14_1,LO_R,0.2727338433058819,-1.3800717378607996,-0.003524326805929202,-0.24567624915616057,29
2018-12-14_1,LOP_R,0.2619851822068519,-1.8164118956319257,-0.0018879649544154553,-0.13160758751394527,1
2018-12-14_1,MB_R,0.3186689497442629,0.4846564739501979,0.0007527867676899187,0.05247578890507814,16
2018-12-14_1,ME_R,0.2627925798700297,-1.783635718163011,-0.0008118834436443298,-0.05659534151343765,22
2018-12-14_1,OTU_R,0.3146553653978132,0.3217256669573498,-0.010291282647587345,-0.7173919613843921,3
2018-12-14_1,PLP_R,0.3091256625524913,0.09724827486867896,0.009443999545593267,0.6583289556151469,15
2018-12-14_1,PVLP_R,0.3042183688184125,-0.10196252007864963,-0.006090973331261242,-0.42459384845269266,17
2018-12-14_1,SCL_R,0.30141845728596145,-0.21562447560585,-0.014740633467244506,-1.0275504344051878,6
2018-12-14_1,SIP_R,0.29364012171195564,-0.5313847494007645,-0.014158102144800887,-0.9869429316976761,6
2018-12-14_1,SLP_R,0.2966270630664413,-0.41013034851663943,-0.019321748439179165,-1.3468940155295557,22
2018-12-14_1,SMP_R,0.3059968128335226,-0.029766873105439826,-0.009042224136239703,-0.6303217130952127,21
2018-12-14_1,SPS_R,0.3117008263675463,0.2017866331809531,0.013960539990733899,0.9731711302561261,12
2018-12-14_1,VES_R,0.3328878226255649,1.061869317409816,0.0253086809477718,1.7642353132172788,6
2018-12-14_1,WED_R,0.32359886306712227,0.6847855074433606,0.0033407173885434244,0.23287707488628379,1
2018-12-14_1,AL_L,0.34111093285874006,1.3956851465121793,-0.0033643589694181603,-0.23452509881631659,22
2018-12-14_1,AME_L,0.271751601024436,-1.4199457043117698,-0.0027381848017610333,-0.1908753099914904,1
2018-12-14_1,AMMC_L,0.2829588710248501,-0.9649883924093963,-0.009904256181605115,-0.6904128485714957,4
2018-12-14_1,ATL_L,0.2853717316996523,-0.8670387038088375,-0.006066778519139121,-0.4229072594901706,1
2018-12-14_1,AVLP_L,0.3375452871256531,1.2509383350352135,0.004022761968417787,0.2804215176601271,34
2018-12-14_1,CRE_L,0.3153572474619947,0.35021845576146726,-0.013533242090554724,-0.9433847480137887,10
2018-12-14_1,EPA_L,0.2834611552568823,-0.944598245298827,-0.003155279933245034,-0.21995047046522753,1
2018-12-14_1,GA_L,0.29788895979291935,-0.35890385512836237,-0.003314573086849813,-0.23105458953501404,1
2018-12-14_1,GOR_L,0.2785324144107005,-1.144679682291017,-0.014091862728935511,-0.9823254679571618,1
2018-12-14_1,IB_L,0.29293826324143996,-0.559876580423835,-0.011907272843918857,-0.8300405413741754,3
2018-12-14_1,ICL_L,0.3098143144846952,0.1252039886063055,-0.008357809799901285,-0.582612077672798,8
2018-12-14_1,IPS_L,0.3506239947679324,1.7818663551389977,0.024827097354316145,1.7306647457272595,8
2018-12-14_1,IVLP_L,0.3177207182894817,0.4461631715034284,0.0007722836772956286,0.05383489317827129,7
2018-12-14_1,LAL_L,0.3256541603523426,0.7682199681112618,0.021452397321115656,1.4954187847712421,5
2018-12-14_1,LB_L,0.2583595744930903,-1.96359285401024,0.0005648658592469634,0.03937606618736292,1
2018-12-14_1,LH_L,0.3156330754519207,0.3614156483730062,-0.005312314829806309,-0.37031457455301575,11
2018-12-14_1,LO_L,0.28589405004169965,-0.845835275244487,3.581984489491588e-07,2.496954914716137e-05,4
2018-12-14_1,MB_L,0.3298930970686427,0.9402989180875638,0.00030478762188659435,0.02124634968821581,16
2018-12-14_1,ME_L,0.2734807217955376,-1.3497523264466986,0.0013176797760290617,0.09185374762043352,4
2018-12-14_1,OTU_L,0.31741576317958337,0.4337835681704935,-0.02043079131159591,-1.4242039552860886,4
2018-12-14_1,PLP_L,0.3306376535235697,0.9705240668776464,0.033117501713294695,2.3085780775656035,13
2018-12-14_1,PVLP_L,0.3159876929835304,0.375811289678038,0.00955236746917825,0.6658831429709874,11
2018-12-14_1,SCL_L,0.31891934308267,0.49482115099962604,-0.00019625462666990798,-0.013680655403094367,8
2018-12-14_1,SIP_L,0.30121945641136355,-0.22370288390420776,-0.016747353626418167,-1.167436293169031,7
2018-12-14_1,SLP_L,0.31577799046613997,0.3672984499224516,-0.01144989285951851,-0.7981571760694773,23
2018-12-14_1,SMP_L,0.31498323585147064,0.33503551496160905,-0.0031891666557070735,-0.22231266992319598,22
2018-12-14_1,SPS_L,0.3209139706672148,0.5757927349872772,0.02563875459847416,1.7872443191679788,15
2018-12-14_1,VES_L,0.32658090887923275,0.8058411745770501,0.022012506189342307,1.534463247286331,6
2018-12-14_1,WED_L,0.3308235680931982,0.978071238743634,-0.0014247872773714,-0.09932007257701951,1
2018-12-14_1,EB,0.29863225751625955,-0.3287298043433349,-0.0014010403730336694,-0.09766470668502879,3
2018-12-14_1,FB,0.2916489993352499,-0.6122140400434665,-0.008044397456187376,-0.5607645098157719,13
2018-12-14_1,FLA,0.327602747228768,0.8473225370039505,-0.006100131251686557,-0.42523223520399417,6
2018-12-14_1,NO,0.300528566436363,-0.2517494506269632,-0.0011355022420829533,-0.07915438808740105,1
2018-12-14_1,PB,0.3454210123699514,1.5706521267342801,0.020001182156572355,1.3942564584671868,1
2018-12-14_1,PRW,0.3050584595102889,-0.06785917440069487,-0.002588945301053153,-0.18047201802147023,7
2018-12-14_1,SAD,0.3474677143923228,1.6537376640978718,0.0384913293542499,2.683180630376676,20
2018-12-14_1,SOG,0.3920959894697105,3.4654152683045854,0.04193750976060872,2.9234093954064466,66
2018-12-14_2,AL_R,0.29262620630476155,1.4743834198117625,0.0024300514467934585,1.7438608116051573,23
2018-12-14_2,AME_R,0.2684192582284174,-1.3087972285357943,-0.0005042079755989666,-0.3618312405303329,1
2018-12-14_2,AMMC_R,0.2733708107283388,-0.7394951813055799,-0.0016157765079216214,-1.1595183864089749,4
2018-12-14_2,ATL_R,0.270157187422676,-1.1089797675983806,0.0009267243152511134,0.6650386841235458,1
2018-12-14_2,AVLP_R,0.28914744568307255,1.0744148152614044,-0.00022589251011173253,-0.16210566098868837,28
2018-12-14_2,CRE_R,0.2811898478910219,0.15949435059482495,-0.005849950902978785,-4.198059322151455,8
2018-12-14_2,EPA_R,0.26933451978772593,-1.2035655300990427,8.39757529383666e-05,0.06026293182701532,1
2018-12-14_2,GA_R,0.2644212341442359,-1.768467866388538,-0.0008542801504123583,-0.6130510851537916,1
2018-12-14_2,GOR_R,0.2711748474844344,-0.9919748572086288,-8.274076604766542e-06,-0.005937667682843011,1
2018-12-14_2,IB_R,0.27363587750666263,-0.7090192730818724,-0.00018669901244245434,-0.1339795055752382,4
2018-12-14_2,ICL_R,0.2796520084885173,-0.01731789569986128,0.0006793586610012853,0.48752340099957897,8
2018-12-14_2,IPS_R,0.28610506598333724,0.7246188691337105,0.0013193427841997687,0.946790728021804,11
2018-12-14_2,IVLP_R,0.2775921449175698,-0.25414958595740544,-0.0011977360843428478,-0.8595229631401416,5
2018-12-14_2,LAL_R,0.28666409052218367,0.7888924104972023,1.9168604313517352e-05,0.013755831350656028,9
2018-12-14_2,LB_R,0.27827020459578217,-0.1761900443880295,0.0006323265723316797,0.4537720923895949,1
2018-12-14_2,LH_R,0.2899291408690416,1.1642897927940556,-0.002548276461765024,-1.8287018016312708,14
2018-12-14_2,LO_R,0.26277069194557484,-1.9582380551833691,-0.00019304275751018588,-0.13853192294772965,27
2018-12-14_2,MB_R,0.2951784083926226,1.767821462443359,0.0014463723864177533,1.0379500923694358,16
2018-12-14_2,ME_R,0.2639819189332202,-1.818977893095229,0.0011595617349288209,0.8321281719559935,24
2018-12-14_2,OTU_R,0.27884894840270147,-0.10964929093621897,-0.0009735965310406632,-0.6986752642775806,3
2018-12-14_2,PLP_R,0.2857451026312141,0.6832322791107229,-0.00045311109677165825,-0.3251629450093229,15
2018-12-14_2,PVLP_R,0.2815785340005789,0.20418332398332492,-0.0010428346523048036,-0.7483621326362827,17
2018-12-14_2,SCL_R,0.2860949528121478,0.7234561127937095,-0.0025508912069035854,-1.8305782028842108,6
2018-12-14_2,SIP_R,0.2762813385249088,-0.40485883580907917,-0.00025194563633039734,-0.18080198360872302,6
2018-12-14_2,SLP_R,0.2870215886033639,0.8299955573385243,0.0012348498270023916,0.8861566385223559,22
2018-12-14_2,SMP_R,0.28144216762714286,0.1885046745957358,0.0016205188461064916,1.162921597368515,21
2018-12-14_2,SPS_R,0.2815407418654277,0.19983819386279744,-0.0002756301703117905,-0.19779854995952287,12
2018-12-14_2,VES_R,0.28990068566096633,1.1610181707700813,-0.0009797839432988185,-0.7031154936301238,6
2018-12-14_2,WED_R,0.27470400757166985,-0.5862116016038046,-0.0001962375655679352,-0.14082459069345205,1
2018-12-14_2,AL_L,0.2870149683583931,0.8292343982848495,-0.0007309882746237092,-0.5245739992629471,22
2018-12-14_2,AME_L,0.26672640859056135,-1.503431692070144,2.7382161522252563e-05,0.019650068922905987,1
2018-12-14_2,AMMC_L,0.27384835466593954,-0.6845898276164498,-0.0018049232947870172,-1.2952544712111465,4
2018-12-14_2,ATL_L,0.2663083847736764,-1.5514937523527241,0.00019367747512614249,0.13898741090802066,1
2018-12-14_2,AVLP_L,0.28905691415383905,1.0640060020796136,-0.00017332633031465696,-0.12438296129651921,34
2018-12-14_2,CRE_L,0.28373443957923444,0.4520573916788834,-0.002625983948879137,-1.8844664817270051,10
2018-12-14_2,EPA_L,0.27030722355450915,-1.0917294451969817,-0.000692297181240666,-0.4968083807210531,1
2018-12-14_2,GA_L,0.272016865963618,-0.8951642419495712,-0.0005421626138936102,-0.3890683619616566,1
2018-12-14_2,GOR_L,0.26649690939000054,-1.5298182374453655,-0.0006675691348985329,-0.47906296589845604,1
2018-12-14_2,IB_L,0.2699005531552337,-1.1384861524840626,0.0007743119613569737,0.5556640733468065,3
2018-12-14_2,ICL_L,0.2800326386514476,0.02644484962036821,0.0014702449464820072,1.055081590562067,8
2018-12-14_2,IPS_L,0.2904644759155295,1.2258396476980435,0.0015413714956006006,1.106123638184677,8
2018-12-14_2,IVLP_L,0.2725586076924868,-0.832877782234173,0.0003040764337309923,0.21821224287898788,7
2018-12-14_2,LAL_L,0.2912588173543213,1.3171686212495004,-0.0002615704768724269,-0.187708990561741,5
2018-12-14_2,LB_L,0.28516649516571063,0.6167072014388122,5.991898072690806e-05,0.04299923876050382,1
2018-12-14_2,LH_L,0.2830829928695287,0.3771576616441618,0.0011465809218761682,0.8228128419389423,11
2018-12-14_2,LO_L,0.2673883948717673,-1.427320180552323,-0.00032073771008959566,-0.23016875801838171,22
2018-12-14_2,MB_L,0.29596056197821824,1.8577491442229856,0.003841537142632729,2.756775412389965,16
2018-12-14_2,ME_L,0.2662510364731457,-1.5580873419183874,-0.0008100174951978217,-0.5812871856906451,15
2018-12-14_2,OTU_L,0.2840731496677854,0.4910003993179323,-9.586671626613189e-05,-0.06879616061395566,4
2018-12-14_2,PLP_L,0.27736406894188687,-0.2803724968287684,0.0017884405344672197,1.2834260632872305,13
2018-12-14_2,PVLP_L,0.2783481715650263,-0.16722583463609536,-0.00046854877442840714,-0.3362413775763866,11
2018-12-14_2,SCL_L,0.2869250156509241,0.818892134819643,0.001994484755185743,1.4312881352787028,8
2018-12-14_2,SIP_L,0.27518942982362227,-0.5304004430203103,-0.0016821550126175579,-1.2071531281445604,7
2018-12-14_2,SLP_L,0.28516490150961404,0.6165239716985675,0.0007846670903165299,0.5630951520655372,23
2018-12-14_2,SMP_L,0.2796229646120343,-0.02065719955285242,0.0020131642938230913,1.444693001851186,22
2018-12-14_2,SPS_L,0.29581231455984064,1.840704478175256,0.0002007826541983649,0.14408625083580712,15
2018-12-14_2,VES_L,0.29042820251733575,1.2216691335306151,-0.0006373141066746554,-0.45735126175192553,6
2018-12-14_2,WED_L,0.2776662633876272,-0.24562785529981568,0.0010776813359038137,0.7733689142922444,1
2018-12-14_2,EB,0.29224377896026943,1.4304140445219653,-0.00025992213938669494,-0.18652610566872335,3
2018-12-14_2,FB,0.2776953189347875,-0.24228720961706765,0.00045055992050620284,0.32333216224186534,13
2018-12-14_2,FLA,0.27810214364140706,-0.19551276092728243,-0.0009490753934524895,-0.6810783319359137,6
2018-12-14_2,NO,0.2772346700396881,-0.29525006501213463,0.0002435672739753186,0.17478947807278916,1
2018-12-14_2,PB,0.28957495567724484,1.1235675436021675,0.0011334639512159816,0.8133998020909764,1
2018-12-14_2,PRW,0.2756550658423277,-0.47686419580949546,0.0005367157360348019,0.3851595571270473,7
2018-12-14_2,SAD,0.283604061422257,0.4370672342115993,7.55984355992112e-05,0.054251176218544396,20
2018-12-14_2,SOG,0.2879152373169427,0.9327423306289458,0.0014201474142758058,1.0191304491622415,71
2018-12-14_3,AL_R,0.3021923831131473,0.9522776417767275,-0.0032996090136263455,-0.7153292632447873,23
2018-12-14_3,AME_R,0.26145736529644803,-1.7645739435207144,-0.002066914642548113,-0.44809082601543515,1
2018-12-14_3,AMMC_R,0.2806529141909105,-0.48431287479484086,-0.005438336677316268,-1.1789885870102927,4
2018-12-14_3,ATL_R,0.2859732176944619,-0.12947137029544792,0.003389648537450496,0.734849123317316,1
2018-12-14_3,AVLP_R,0.31839138836478637,2.0326820568722646,0.0031569890192860886,0.68441037102026,28
2018-12-14_3,CRE_R,0.30135478930870846,0.8964137149296884,-0.0060130387778119234,-1.3035794789720585,8
2018-12-14_3,EPA_R,0.2735058174148203,-0.9609936827859132,-0.0015796283913105727,-0.3424510021309752,1
2018-12-14_3,GA_R,0.2671694324944305,-1.3836034750162862,-0.0004570135372318375,-0.09907693776168262,1
2018-12-14_3,GOR_R,0.2752331480260285,-0.8457881136976383,-0.0009278589261433222,-0.2011525120983209,1
2018-12-14_3,IB_R,0.2909350345823779,0.20146060912703215,0.0014060636731195427,0.30482353733858497,4
2018-12-14_3,ICL_R,0.27810550684597485,-0.6542140569823569,-0.0011882007932281662,-0.25759257975618643,8
2018-12-14_3,IPS_R,0.3044483195393805,1.1027389594450212,0.013950569593642785,3.024373684292431,11
2018-12-14_3,IVLP_R,0.28956155617446583,0.10985546962030546,-0.004468661779704959,-0.9687707014272552,5
2018-12-14_3,LAL_R,0.292956084347749,0.33625599043069526,-6.778962032008478e-05,-0.014696256119726248,9
2018-12-14_3,LB_R,0.27678997521030446,-0.741954394447358,0.0005530173249100979,0.1198898032936277,1
2018-12-14_3,LH_R,0.2890102517125395,0.07308581830688417,-0.002555046571192516,-0.5539139861054565,14
2018-12-14_3,LO_R,0.2695709054776425,-1.2234354910265042,-0.0014003746991823893,-0.3035902125663841,30
2018-12-14_3,LOP_R,0.26856680618600026,-1.2904046222189776,-0.000681325894438357,-0.14770609126278034,1
2018-12-14_3,MB_R,0.31737744592904615,1.9650564300384439,0.0016698616627000746,0.36201286515070347,16
2018-12-14_3,ME_R,0.2646688067601399,-1.550384523720232,-0.002025490887914402,-0.4391104820532882,22
2018-12-14_3,OTU_R,0.28240030857356496,-0.367769137904453,-0.0038703600539891554,-0.8390635964681715,3
2018-12-14_3,PLP_R,0.29114909443698966,0.2157374865293561,0.0044565975044958015,0.966155261518675,15
2018-12-14_3,PVLP_R,0.28193263622874026,-0.39896088445417155,-0.0018099697882275174,-0.39238720398729365,17
2018-12-14_3,SCL_R,0.2896474613248825,0.11558497599108908,0.0017442787106993225,0.37814589542741794,6
2018-12-14_3,SIP_R,0.3052421521162045,1.1556841994473668,0.0045610585793561306,0.9888016003451878,6
2018-12-14_3,SLP_R,0.2941934343665558,0.4187819482022172,0.0020519401283883754,0.4448444692085839,22
2018-12-14_3,SMP_R,0.3074539881612247,1.3032042101755261,0.00720533645439808,1.562060230794077,21
2018-12-14_3,SPS_R,0.28736756790212403,-0.03647417095228828,-0.001397573239906854,-0.3029828782454681,12
2018-12-14_3,VES_R,0.28947484244013116,0.10407203415811166,-0.0019896259016570807,-0.43133523532260404,6
2018-12-14_3,WED_R,0.2684623906886599,-1.2973686896156165,-0.0033382835912199845,-0.7237136072631583,1
2018-12-14_3,AL_L,0.31269432273772757,1.6527121290311373,-0.008306391879097125,-1.8007603805660752,22
2018-12-14_3,AME_L,0.2711542404822275,-1.117833813457082,-0.0027686127168694663,-0.6002134455293546,1
2018-12-14_3,AMMC_L,0.2741746495498916,-0.9163854379916382,-0.001743148128626748,-0.37790079413278804,4
2018-12-14_3,ATL_L,0.27779129206520126,-0.6751708398935616,-0.0007092578523198563,-0.15376151988169973,1
2018-12-14_3,AVLP_L,0.32194676079999773,2.2698102024985314,0.006083912842972679,1.3189444184558696,34
2018-12-14_3,CRE_L,0.29074791181044635,0.18898032000932138,-0.003209375007663445,-0.6957672409753279,10
2018-12-14_3,EPA_L,0.26682760913251585,-1.4064016322894308,-0.0023095666324796666,-0.5006958675418116,1
2018-12-14_3,GA_L,0.28408340053654896,-0.2555140975750026,-0.005580083931615313,-1.209718276063139,1
2018-12-14_3,GOR_L,0.27665136348132513,-0.7511992043382706,-0.004194267948174165,-0.9092842784791862,1
2018-12-14_3,IB_L,0.28982577901309803,0.12747800365821618,-0.00015795973184996826,-0.034244426579014525,3
2018-12-14_3,ICL_L,0.27614926862945594,-0.7846867849847012,-0.00430871360493099,-0.9340951960731628,8
2018-12-14_3,IPS_L,0.29793050894926987,0.6680288504647518,0.002978613125802115,0.6457398812926638,8
2018-12-14_3,IVLP_L,0.2743185128773927,-0.906790368924867,-0.00384814603415857,-0.8342477718133425,7
2018-12-14_3,LAL_L,0.28888172423211766,0.0645135846942782,0.0017258762821670136,0.37415639376538196,5
2018-12-14_3,LB_L,0.2743425293536399,-0.905188572606546,-0.001427843473895429,-0.3095452267200522,1
2018-12-14_3,LH_L,0.31128083963828457,1.5584388475809308,0.0007309144478123932,0.15845649932747388,11
2018-12-14_3,LO_L,0.26607669464309697,-1.4564844192954591,0.000703172369513362,0.1524422351075094,20
2018-12-14_3,MB_L,0.3062911529798896,1.2256480735840076,0.007491004634765926,1.6239908438306891,16
2018-12-14_3,ME_L,0.28237651286568843,-0.3693562099160213,-0.00036773826308820405,-0.07972276100455321,17
2018-12-14_3,OTU_L,0.2889344096275228,0.0680274753883391,-0.00854326147747691,-1.8521118451166836,4
2018-12-14_3,PLP_L,0.3133504291500137,1.696471622505881,0.018062886281696312,3.9158915746080543,13
2018-12-14_3,PVLP_L,0.2998530810435449,0.7962561920037673,0.004203074076357759,0.9111933777571902,11
2018-12-14_3,SCL_L,0.2912857616488358,0.22485260543842717,0.0014819615545902185,0.32127760065640537,8
2018-12-14_3,SIP_L,0.28818437545619063,0.018003401836179628,-0.0009468622299321317,-0.20527227878653415,7
2018-12-14_3,SLP_L,0.3156704008497988,1.8512038192307936,-0.001023184748580282,-0.2218184001021521,23
2018-12-14_3,SMP_L,0.3037773765523049,1.0579899298439281,0.0009916331256938629,0.2149782566002058,22
2018-12-14_3,SPS_L,0.288768058208415,0.05693254672638908,-0.000861994931098337,-0.18687371638182246,15
2018-12-14_3,VES_L,0.296864837565143,0.59695312386511,0.003396966282149993,0.736435552770893,6
2018-12-14_3,WED_L,0.2863183432842591,-0.1064529685363874,-0.004643055192702771,-1.0065778207311775,1
2018-12-14_3,EB,0.26849974781545616,-1.2948771289241428,-0.00030879188014326485,-0.06694364914347638,3
2018-12-14_3,FB,0.28374587402888574,-0.2780256730345034,-0.0016338331583045248,-0.35420216897468715,13
2018-12-14_3,FLA,0.27120666278529015,-1.1143374698978004,-0.0021094785446688046,-0.45731834497876694,6
2018-12-14_3,NO,0.2760150181362403,-0.7936407190902693,-0.0006639196378383252,-0.14393255183488726,1
2018-12-14_3,PB,0.30255884718690945,0.9767192292147269,0.004839112826692734,1.0490815726291707,1
2018-12-14_3,PRW,0.27924732537476643,-0.5780596412894864,-0.00044024639077607414,-0.09544195238269164,7
2018-12-14_3,SAD,0.2805393427301974,-0.49188760581548924,-0.004629513726400881,-1.003642137420524,20
2018-12-14_3,SOG,0.3066576298827494,1.250090516667986,0.01247586087099994,2.7046684405158645,71
