epsilon,run,layer,fc_state_mean,fc_state_std,fc_state_width_p95_p05,fcv_from_fc_state
0.0,0,Layer 1,0.6580290788927553,0.3215967202726918,0.9136665167903774,0.32064383900703425
0.0,0,Layer 2,0.7764997816928295,0.24635027131688852,0.7333546621563525,0.24562034298264268
0.0,0,Layer 3,0.7652880501151781,0.2572471735486634,0.7263688095444756,0.2564849580257251
0.0,0,Layer 4,0.7824729993333388,0.24023127119352516,0.714047280578667,0.2395194732698669
0.0,1,Layer 1,0.7576448226790057,0.30008554618003974,0.8733480005902321,0.29919640186660534
0.0,1,Layer 2,0.9006621195212077,0.11880230583667901,0.3477152377246304,0.11845029823084052
0.0,1,Layer 3,0.9155757713123537,0.10105139519114349,0.2935090983220804,0.10075198299171381
0.0,1,Layer 4,0.9073813360413152,0.10869019720685905,0.30334202374704666,0.1083681514702258
0.0,2,Layer 1,0.937744188338605,0.07034230104906543,0.20119503753933143,0.07013387895820558
0.0,2,Layer 2,0.9459780621640304,0.07414926609679962,0.2123804795055626,0.07392956408470819
0.0,2,Layer 3,0.9519265131167016,0.06381907436155936,0.1820969952464625,0.06362998039225776
0.0,2,Layer 4,0.9517170434722619,0.06175508738138509,0.18146602486418262,0.06157210894250401
0.0,3,Layer 1,0.7076687237208451,0.3248946855235185,0.9277032384134953,0.3239320324874908
0.0,3,Layer 2,0.885044933167843,0.12579847356797086,0.36472388057569605,0.12542573653069758
0.0,3,Layer 3,0.8277929307909326,0.1987974184705899,0.5344086773652482,0.1982083877878108
0.0,3,Layer 4,0.8758046810543408,0.13673175783679575,0.4082501493408274,0.13632662581196464
0.0,4,Layer 1,0.4328734297196157,0.4448934195191655,1.2726500825277705,0.4435752138971843
0.0,4,Layer 2,0.6847161868169029,0.2679711771787347,0.7811318909479652,0.26717718676038305
0.0,4,Layer 3,0.6916273673672739,0.2618750637181981,0.775935746664928,0.2610991358979505
0.0,4,Layer 4,0.47707050711449617,0.4343437639066024,1.1669766261134502,0.43305681659218054
0.0,5,Layer 1,0.9237418528046615,0.1016071529356082,0.29734861053977013,0.10130609404294581
0.0,5,Layer 2,0.9638074017038517,0.04709652666180122,0.12252054930155842,0.046956981090890165
0.0,5,Layer 3,0.9494443865207114,0.07366956778852099,0.2025657560434232,0.07345128710787457
0.0,5,Layer 4,0.9596422482109462,0.05277335867155942,0.14590005776705206,0.05261699282068469
0.0,6,Layer 1,0.775827280409321,0.22585516232658234,0.597219290076852,0.22518596037467628
0.0,6,Layer 2,0.7851111212242334,0.2536024663333565,0.7266668391285931,0.252851049966645
0.0,6,Layer 3,0.857514870925064,0.16982495989047008,0.4352548869757227,0.1693217737181003
0.0,6,Layer 4,0.8028919615811902,0.2295865680156372,0.6501021908360761,0.228906310022573
0.0,7,Layer 1,0.8273777524413498,0.180274649761395,0.5087502785184048,0.179740501476907
0.0,7,Layer 2,0.8981561861274956,0.10141921596505198,0.29395820704349795,0.10111871392389671
0.0,7,Layer 3,0.9001252501003847,0.10220928885490396,0.3032610605694033,0.10190644585189249
0.0,7,Layer 4,0.8124526578215961,0.19000230666395962,0.5085607966852074,0.18943933562899917
0.0,8,Layer 1,0.8572506310580928,0.20058038184261184,0.5656952592712697,0.19998606829378518
0.0,8,Layer 2,0.9437234375010614,0.0776136321636128,0.2160584706412415,0.07738366534061274
0.0,8,Layer 3,0.9407448502522752,0.08303148381568154,0.22944446354253833,0.08278546406361247
0.0,8,Layer 4,0.8994255794594055,0.1456503056245719,0.4343354689914103,0.14521874821487796
0.0,9,Layer 1,-0.1548370325986741,0.2971416046330524,0.9067994275314948,0.2962611831285601
0.0,9,Layer 2,0.4076389820172936,0.20724686018837202,0.6179349718643558,0.20663279406769638
0.0,9,Layer 3,0.4587893878137199,0.16036357474195206,0.5337806609031901,0.15988842236497525
0.0,9,Layer 4,0.44637295511907676,0.16375617156675726,0.5205180808901817,0.16327096702894517
0.0,10,Layer 1,0.8257367403820587,0.19622570561134478,0.5386182284599026,0.19564429483526796
0.0,10,Layer 2,0.9233577384967083,0.08775409805738729,0.262916150494223,0.08749408534347448
0.0,10,Layer 3,0.9302300967366108,0.07731923892401986,0.22034900293012372,0.07709014437920257
0.0,10,Layer 4,0.9328253188985349,0.07131592495000688,0.20730183004794978,0.07110461804124775
0.0,11,Layer 1,0.478029204412586,0.3521995700534595,1.028463474992572,0.35115601347803155
0.0,11,Layer 2,0.6131161002860167,0.22221558382268813,0.6580461726787185,0.22155716583079355
0.0,11,Layer 3,0.6987900133301773,0.19822364343383386,0.6174867324195579,0.19763631282897468
0.0,11,Layer 4,0.5848493428740267,0.2959301716255353,0.8606110518223675,0.2950533395600662
0.0,12,Layer 1,0.8741893910520475,0.1348983321479479,0.36415441127652626,0.13449863250746882
0.0,12,Layer 2,0.9176078449647671,0.0953138388323405,0.28121803962170844,0.09503142683726717
0.0,12,Layer 3,0.8932613177994688,0.13173752099475317,0.3571279286121246,0.13134718674123952
0.0,12,Layer 4,0.9117361371639149,0.10097052227737989,0.28799879932028305,0.10067134970192512
0.0,13,Layer 1,0.845855487902646,0.18855571015928643,0.5345681368309317,0.18799702534561297
0.0,13,Layer 2,0.8979966269188593,0.1364931435073524,0.3572723138131356,0.13608871848949583
0.0,13,Layer 3,0.9130100413610366,0.11686092544319061,0.3187204975046881,0.11651467008819874
0.0,13,Layer 4,0.833289727156448,0.22479814224192887,0.6484262407914401,0.22413207220826886
0.0,14,Layer 1,0.8248065870421621,0.18892551627093387,0.5804824759545331,0.1883657357330396
0.0,14,Layer 2,0.8295421455184108,0.22435899711731502,0.5659930264535691,0.2236942282572546
0.0,14,Layer 3,0.8951430963695285,0.12903768162400628,0.38344397213005854,0.12865534691213745
0.0,14,Layer 4,0.8658916063951084,0.1690962161046766,0.4612685373804878,0.16859518917789976
0.0,15,Layer 1,0.8160011621593785,0.22587933094865545,0.6959213742832262,0.22521005738585995
0.0,15,Layer 2,0.9111343834561025,0.10015203206696173,0.31598145550782986,0.09985528465301662
0.0,15,Layer 3,0.902855642958116,0.12073884413848912,0.3852220978273041,0.12038109862877376
0.0,15,Layer 4,0.908895772736308,0.10767018466105731,0.32263806540479556,0.10735116119046215
0.0,16,Layer 1,0.33552372991708496,0.44353648166066456,1.2767118604848555,0.44222229660413853
0.0,16,Layer 2,0.6840084376891385,0.18797666431922605,0.5182489608401496,0.18741969520070165
0.0,16,Layer 3,0.6866696673653233,0.1911827906546513,0.535456871863577,0.1906163218816598
0.0,16,Layer 4,0.5371046333798263,0.26260608928975393,0.8004267909585838,0.2618279954630518
0.0,17,Layer 1,0.9108068905670531,0.12473404930133468,0.36361679678642134,0.12436446612067266
0.0,17,Layer 2,0.9657042099530155,0.04606755597350413,0.13510629665781126,0.045931059211333905
0.0,17,Layer 3,0.9650775393660611,0.047201591338462544,0.1414576962990305,0.04706173446412157
0.0,17,Layer 4,0.9450320875163647,0.08150730224832223,0.24051854840508224,0.08126579859971267
0.0,18,Layer 1,0.557933414745187,0.39236343209189334,1.1718185087495312,0.3912008712192188
0.0,18,Layer 2,0.7683357533621169,0.18650358101242995,0.5418875953444902,0.1859509765947788
0.0,18,Layer 3,0.7610517058547916,0.20268000831733185,0.5779941066508588,0.20207947363935014
0.0,18,Layer 4,0.6044428740314495,0.2947221645372774,0.892212082001981,0.29384891175993705
0.0,19,Layer 1,0.7184033510779346,0.2936544575737902,0.8744398653536447,0.2927843683795919
0.0,19,Layer 2,0.8472379406234302,0.16345262888103992,0.4708481295983711,0.1629683237309402
0.0,19,Layer 3,0.7470239527317123,0.28220183091781564,0.792198710973262,0.28136567550681557
0.0,19,Layer 4,0.8215634953099049,0.1883337800856337,0.5105830552632302,0.18777575284399417
0.0,20,Layer 1,0.8884901924270848,0.14082930427409127,0.3770386043262465,0.14041203134424113
0.0,20,Layer 2,0.9457338765506036,0.06969671495808913,0.18574177782254653,0.06949020571911078
0.0,20,Layer 3,0.9466849885930904,0.06779255483004229,0.1905772414459289,0.06759168755940023
0.0,20,Layer 4,0.9518131152813919,0.05743772173377898,0.16228712397739786,0.05726753551752725
0.0,21,Layer 1,0.8375926608752595,0.16590913802762225,0.4580310046581135,0.1654175543159045
0.0,21,Layer 2,0.810056331051098,0.2165030838761041,0.5965631014183956,0.2158615918471813
0.0,21,Layer 3,0.86386479411732,0.15510682601290082,0.4258674242765216,0.15464724922194972
0.0,21,Layer 4,0.7198063133087705,0.3375593705843358,0.990066726401685,0.3365591924730533
0.0,22,Layer 1,0.4969569072698681,0.44701642546173004,1.2602878101373391,0.4456919294379443
0.0,22,Layer 2,0.7763714235194363,0.2081248285306914,0.5840052172862378,0.2075081610166167
0.0,22,Layer 3,0.7718076136544899,0.21288549719528235,0.6009336020329554,0.21225472396527062
0.0,22,Layer 4,0.6580236195551551,0.3203535862024446,0.8823812893045948,0.31940438830509127
0.0,23,Layer 1,0.09061590867432281,0.25385212188147055,0.7809944220918136,0.25309996579299054
0.0,23,Layer 2,0.292657764855269,0.2429717332998411,0.7521442002011935,0.2422518154706124
0.0,23,Layer 3,0.39270701397991853,0.20929382366639526,0.642841860531999,0.2086736924554163
0.0,23,Layer 4,0.23128197449637586,0.25659788625913477,0.8155678377983255,0.2558375945546163
0.0,24,Layer 1,0.9256591300830112,0.10107955420762166,0.29881681643477476,0.10078005857388572
0.0,24,Layer 2,0.9654692758168085,0.04627060799033738,0.12953770076485038,0.04613350959123929
0.0,24,Layer 3,0.9670273539421078,0.04393630992203463,0.12480692394122506,0.04380612797686013
0.0,24,Layer 4,0.9390026830310513,0.09159745041222837,0.26727952806190136,0.09132604996260375
0.0,25,Layer 1,0.8434270727474703,0.18121492453061722,0.5085082179143964,0.1806779902406892
0.0,25,Layer 2,0.831753382927379,0.21172026506205083,0.6372592446634757,0.21109294437928192
0.0,25,Layer 3,0.8861248440409385,0.14447734407110097,0.42792954058658206,0.14404926211068605
0.0,25,Layer 4,0.7836160071302835,0.2746302037115114,0.7855434459670994,0.27381648280080517
0.0,26,Layer 1,0.8368343234557833,0.20560716296997622,0.5843514354285786,0.20499795522210806
0.0,26,Layer 2,0.9147964320314748,0.11609548460087916,0.36293312879016404,0.11575149722373855
0.0,26,Layer 3,0.9141391510728307,0.11640345422601554,0.3554649349925323,0.11605855434427623
0.0,26,Layer 4,0.8731198608039353,0.17619120339031896,0.5173241136562245,0.17566915423278415
0.0,27,Layer 1,0.7671016625123319,0.24858602472000801,0.682449106058737,0.24784947191667364
0.0,27,Layer 2,0.8661440886199042,0.14228568841698921,0.39327659666025383,0.14186410026537874
0.0,27,Layer 3,0.8559934750739061,0.15795341969994395,0.46974847823724075,0.15748540853878842
0.0,27,Layer 4,0.8239899015471776,0.16353247306316526,0.49001837792622904,0.16304793133719112
0.0,28,Layer 1,0.8494219143477836,0.16102273622632857,0.4440445432638609,0.16054563077399406
0.0,28,Layer 2,0.9072310733175203,0.09921906500125893,0.292174936133211,0.09892508194025133
0.0,28,Layer 3,0.8934695570748211,0.1122142690560644,0.33890390613729326,0.11188178160211175
0.0,28,Layer 4,0.8679748248264231,0.1595306215180171,0.4094065401831629,0.1590579371560176
0.0,29,Layer 1,0.1350751925985044,0.49776947100654695,1.3859447181835698,0.49629459525801245
0.0,29,Layer 2,0.6119502413299557,0.24990292321277302,0.7429032596845957,0.24916246847940193
0.0,29,Layer 3,0.5528988440378592,0.2784581896823931,0.796263303038919,0.2776331265661016
0.0,29,Layer 4,0.5705117322929274,0.27077062931372525,0.7778398984821318,0.26996834420414884
0.0,30,Layer 1,0.9151429537919268,0.12137939847541881,0.34574029258230554,0.12101975502275562
0.0,30,Layer 2,0.9677232108434135,0.04383580189547279,0.12776505958434892,0.04370591775251306
0.0,30,Layer 3,0.9611327525476769,0.0548423345781942,0.16402918034070202,0.05467983841486214
0.0,30,Layer 4,0.9661890936614647,0.04407780810629765,0.1269123640523694,0.04394720690632231
0.0,31,Layer 1,0.8610385715058056,0.15444042572164723,0.4143043750154032,0.15398282345441777
0.0,31,Layer 2,0.911878544087623,0.11554272768921785,0.3276510679444201,0.11520037811393395
0.0,31,Layer 3,0.9363602445955744,0.07431816106801196,0.20562564235663827,0.07409795862527625
0.0,31,Layer 4,0.9267891776234364,0.08631555427023867,0.25568040527238156,0.08605980391765664
0.0,32,Layer 1,0.92725886996577,0.09575350079991617,0.31069240235182116,0.0954697860998533
0.0,32,Layer 2,0.9595387148777763,0.0557493311265563,0.18032256330130558,0.05558414756013684
0.0,32,Layer 3,0.9567182647922099,0.06113508055872501,0.1878150133483527,0.06095393918113422
0.0,32,Layer 4,0.9595408975446054,0.0525969270319181,0.15535629015537833,0.05244108394260618
0.0,33,Layer 1,0.722343369734674,0.3252248309945635,0.9236134603050196,0.3242611997475824
0.0,33,Layer 2,0.8864244552554789,0.12611604041441643,0.3639499987118515,0.12574236243627063
0.0,33,Layer 3,0.8496374701038034,0.17790812080014087,0.48455000007160803,0.17738098446872844
0.0,33,Layer 4,0.8880175428889194,0.12300132340693405,0.35466244378522915,0.1226368742402069
0.0,34,Layer 1,0.8764314798972758,0.13906669983896383,0.401952078421836,0.13865464945225273
0.0,34,Layer 2,0.917231034533398,0.10270006444239657,0.26843908127778426,0.10239576728629995
0.0,34,Layer 3,0.939668973107392,0.06830359065913597,0.1756005485078841,0.06810120920493132
0.0,34,Layer 4,0.9330236221972841,0.07626736639475362,0.1982058718802293,0.07604138851613289
0.0,35,Layer 1,0.7716934292839253,0.2975190787228244,0.8339984592385306,0.29663753877412613
0.0,35,Layer 2,0.9214101735480301,0.09790666002526274,0.2843314393666747,0.09761656558013879
0.0,35,Layer 3,0.918803559317546,0.1027212558029018,0.2994302219513213,0.10241689585745081
0.0,35,Layer 4,0.8946669312052264,0.12966017100428004,0.39026668651795926,0.1292759918753785
0.0,36,Layer 1,0.8427159119391134,0.21212381569503685,0.6159332942213724,0.21149529930406047
0.0,36,Layer 2,0.9444812277049099,0.07164086630175862,0.20937306083985796,0.0714285966016928
0.0,36,Layer 3,0.9438815297066581,0.07317471109540608,0.21551471876460393,0.07295789666003619
0.0,36,Layer 4,0.9315858553836335,0.08916892990307788,0.26587301249912965,0.08890472508559298
0.0,37,Layer 1,0.8926302126130466,0.1327772053616536,0.3890560353757372,0.13238379055509644
0.0,37,Layer 2,0.9058254222632725,0.12739432455965766,0.3472294794377617,0.12701685906460822
0.0,37,Layer 3,0.9319504549629115,0.08938663087520095,0.2647958052117083,0.08912178101638084
0.0,37,Layer 4,0.8438373971014923,0.22570230018651305,0.6986193703066689,0.22503355116046206
0.0,38,Layer 1,0.20430651632504218,0.3145448188754092,1.0195873680965382,0.31361283217833735
0.0,38,Layer 2,0.6470553727962691,0.17967827161996458,0.5323312183204301,0.17914589038570555
0.0,38,Layer 3,0.6836261867360474,0.13632939732953014,0.4201981722489173,0.13592545748660032
0.0,38,Layer 4,0.6620565493427057,0.15691369770249416,0.46726900443189234,0.1564487672058803
0.0,39,Layer 1,0.30461236276366466,0.28448827537203275,0.8935995415703986,0.28364534529590696
0.0,39,Layer 2,0.40235846233293243,0.25550402146156337,0.8406837720569377,0.25474697084505066
0.0,39,Layer 3,0.41814711199689447,0.2673002983509645,0.822506225764516,0.26650829572610146
0.0,39,Layer 4,-0.04448435169486619,0.3711918995359332,1.155417419810607,0.37009206926797605
0.0,40,Layer 1,0.5730943402638484,0.370791916303283,1.0427429287155934,0.3696932711734351
0.0,40,Layer 2,0.7500004948328874,0.22876701113157696,0.6217339982281531,0.22808918146054377
0.0,40,Layer 3,0.7560917881149708,0.22498021126261195,0.6112867478818989,0.22431360176400117
0.0,40,Layer 4,0.5563996635507359,0.41236753498674705,1.0787570620901237,0.411145702567806
0.0,41,Layer 1,0.9428437946168998,0.0772225828357169,0.2176238808938159,0.07699377467993891
0.0,41,Layer 2,0.9749897201944375,0.03129269837714015,0.09420173391998132,0.031199979067035973
0.0,41,Layer 3,0.9757715157550931,0.030976077674465252,0.08853441893422154,0.030884296501838476
0.0,41,Layer 4,0.9601068941806414,0.056590745660541536,0.16784085429156226,0.056423069008541465
0.0,42,Layer 1,0.7333208107263183,0.3095580183889819,0.8912705277685091,0.3086408074295329
0.0,42,Layer 2,0.84537941698672,0.1907991897876298,0.5339166650941778,0.1902338576122981
0.0,42,Layer 3,0.8519777269828168,0.1837911925737474,0.5110676531759897,0.18324662488024632
0.0,42,Layer 4,0.741786773640427,0.3142099730300419,0.873191671548538,0.313278978470989
0.0,43,Layer 1,0.22719178751671285,0.31198361164196253,0.9411083889222628,0.31105921372374445
0.0,43,Layer 2,0.3289635275545873,0.3413324292658598,0.974346428755164,0.3403210716968739
0.0,43,Layer 3,0.4673765079506174,0.2804636020906342,0.8555343552275632,0.2796325969985909
0.0,43,Layer 4,0.3376861994598208,0.3440341856119645,0.9988696119811191,0.34301482282139434
0.0,44,Layer 1,0.8159464836851473,0.2371750026329503,0.6984151703879766,0.23647226033974655
0.0,44,Layer 2,0.9337846150652491,0.08194640227956274,0.2404422536034837,0.08170359759096381
0.0,44,Layer 3,0.9284216201528943,0.09106855255448723,0.2707525939542291,0.09079871921307085
0.0,44,Layer 4,0.8948107474933596,0.1348686913732708,0.38700977380443047,0.1344690795575023
0.0,45,Layer 1,0.6524793750989573,0.3850080937546807,1.1148259553564053,0.38386732652498284
0.0,45,Layer 2,0.8459239353219185,0.16682923943959346,0.46781006380446355,0.1663349294954774
0.0,45,Layer 3,0.7939962211690742,0.22166476979153854,0.6237626783482946,0.22100798384480513
0.0,45,Layer 4,0.8214388638686615,0.19279935467725318,0.546457125866032,0.1922280960744071
0.0,46,Layer 1,0.6509821497374396,0.29533512600694883,0.8660282545151713,0.2944600570434842
0.0,46,Layer 2,0.6095129170029435,0.35502865182196947,1.0177914441598213,0.3539767127636171
0.0,46,Layer 3,0.7330611897809691,0.2639373288753144,0.7491226647097862,0.26315529062635545
0.0,46,Layer 4,0.6327815036185461,0.3480045629152376,0.9820745748484796,0.3469734360179106
0.0,47,Layer 1,0.7611446449401785,0.22637202047504904,0.6166134795238194,0.22570128708822587
0.0,47,Layer 2,0.9099831266682532,0.08444115607107167,0.2268537946699265,0.08419095950313908
0.0,47,Layer 3,0.9083194247438511,0.08596223275947379,0.22182994615497398,0.08570752928774322
0.0,47,Layer 4,0.8735874087437515,0.13041884099684745,0.3798996263889187,0.1300324139519158
0.0,48,Layer 1,0.35311238978063375,0.2962069117286468,0.8827972101233521,0.29532925969069945
0.0,48,Layer 2,0.7419349524776881,0.1423371620057211,0.43506621800068623,0.14191542133943844
0.0,48,Layer 3,0.7048531891266651,0.17494251962041843,0.5456472501515537,0.17442417027477872
0.0,48,Layer 4,0.7340399676699925,0.13566619760258178,0.4135774470790528,0.13526422280019915
0.0,49,Layer 1,0.6592664163648484,0.24982183454465573,0.7591496180490034,0.24908162007453308
0.0,49,Layer 2,0.756515207011449,0.2445617863777434,0.688204138050853,0.24383715726978009
0.0,49,Layer 3,0.8262359932012732,0.15677549183650982,0.47351152719667866,0.15631097083965817
0.0,49,Layer 4,0.7717221850417744,0.22638867665657156,0.6788969268078391,0.22571789391799088
0.05,0,Layer 1,0.2732024457793508,0.40537605630344015,1.2127516950822763,0.4041749394224278
0.05,0,Layer 2,0.7107701929268804,0.18291324894051664,0.5461752654407288,0.1823712825672023
0.05,0,Layer 3,0.6939581013376409,0.1926782800966129,0.5686882166475244,0.19210738023405358
0.05,0,Layer 4,0.6641520008050766,0.21483150758344977,0.6387694123873696,0.21419496838405835
0.05,1,Layer 1,0.6991056735862445,0.2695739540506777,0.7837971627417464,0.26877521465337806
0.05,1,Layer 2,0.8649463671180585,0.1347835655321324,0.392439931365253,0.1343842059416328
0.05,1,Layer 3,0.8656242798076113,0.13183772545763528,0.38709498020516686,0.13144709430135676
0.05,1,Layer 4,0.8418046443596627,0.15768942086245902,0.45070170616792815,0.15722219192180056
0.05,2,Layer 1,0.457303196697956,0.44972711170688323,1.267621525565413,0.44839458400249477
0.05,2,Layer 2,0.7175595974817818,0.2540167419699379,0.7274976216992286,0.2532640981171607
0.05,2,Layer 3,0.7203154763690883,0.25281589732334747,0.7104664382515767,0.2520668115366031
0.05,2,Layer 4,0.5560811023117668,0.38998455243850516,1.0842229569326396,0.3888290401136299
0.05,3,Layer 1,0.3125447968581466,0.21407735540732967,0.6574851208935992,0.21344305073781622
0.05,3,Layer 2,0.08901100801076069,0.30403302493799816,0.9563572772460718,0.30313218436549794
0.05,3,Layer 3,0.2582043570515679,0.28345199803336457,0.9028233515469348,0.2826121384153616
0.05,3,Layer 4,0.3560231694915338,0.2105257811749529,0.7026656527329379,0.20990199971148069
0.05,4,Layer 1,0.4966627509260857,0.47320976291594624,1.2862815741102085,0.47180765683281656
0.05,4,Layer 2,0.7805027866229061,0.20591794491726484,0.5502740090955769,0.20530781633197331
0.05,4,Layer 3,0.7690454007662233,0.21920335268440433,0.5868976132985892,0.21855385984142633
0.05,4,Layer 4,0.7121388841191355,0.2720901431436701,0.721133432156309,0.2712839483548928
0.05,5,Layer 1,-0.1606378281503846,0.32843037492076854,1.0067046245158324,0.3274572457449811
0.05,5,Layer 2,0.28454450508819684,0.2384616638342813,0.7695820005821292,0.2377551092032124
0.05,5,Layer 3,0.29592648527552656,0.22676833399606616,0.7730733382967003,0.2260964263443773
0.05,5,Layer 4,0.03473625451222436,0.3258858676271722,0.9646063397647751,0.3249202777488265
0.05,6,Layer 1,0.3825640782928297,0.4559455895941553,1.3275140398457208,0.45459463672960176
0.05,6,Layer 2,0.7139737776350293,0.202954860636215,0.5812888915987645,0.20235351157920214
0.05,6,Layer 3,0.5877419113390508,0.30560636923858825,0.898646327805968,0.3047008668949506
0.05,6,Layer 4,0.7042374495399865,0.20795930338635404,0.5989436293499523,0.20734312631822963
0.05,7,Layer 1,0.6406383430464172,0.23830639261513603,0.7442460766096171,0.23760029804794994
0.05,7,Layer 2,0.7605417916686874,0.22754835865996992,0.6955446522416704,0.22687413981901164
0.05,7,Layer 3,0.8420942531184686,0.11619961359492344,0.3528618810679699,0.11585531768675192
0.05,7,Layer 4,0.8219056599887304,0.14222242557996503,0.40888504824060523,0.14180102487420962
0.05,8,Layer 1,0.7333692759585516,0.28852282893940256,0.8482948763508373,0.2876679446042085
0.05,8,Layer 2,0.8680060554395304,0.13238046554596664,0.37322993008201966,0.1319882262673732
0.05,8,Layer 3,0.8641745422283642,0.14597973550964932,0.4312849845900708,0.14554720200926144
0.05,8,Layer 4,0.8770884084838739,0.12625059807785,0.35673984440687234,0.12587652140945474
0.05,9,Layer 1,0.883645683321657,0.11940637759855126,0.2999758963642325,0.11905258014652113
0.05,9,Layer 2,0.9222787235915438,0.08453290046479851,0.21728344201193994,0.08428243206102774
0.05,9,Layer 3,0.9073621997844661,0.10151978133397109,0.25934048342433524,0.10121898132069741
0.05,9,Layer 4,0.920808587173324,0.08411969582770239,0.22621836213863944,0.08387045173665854
0.05,10,Layer 1,0.13936579440605334,0.33173138535173036,1.0417830172256286,0.33074847538279695
0.05,10,Layer 2,0.16095878128146926,0.26081192438608186,0.7900405397790304,0.26003914661522365
0.05,10,Layer 3,0.3404205622974796,0.2540477673900948,0.77887804433094,0.2532950316099447
0.05,10,Layer 4,0.36028161652208157,0.22662550279410515,0.7451528117217711,0.22595401834690784
0.05,11,Layer 1,0.9174814335878251,0.09033710976615121,0.24904790033163804,0.09006944366738988
0.05,11,Layer 2,0.9460247643689887,0.06291924701991385,0.1883077822100122,0.06273281921155893
0.05,11,Layer 3,0.9345792971904856,0.08497101454101884,0.24009137368255307,0.08471924801861337
0.05,11,Layer 4,0.9111207382796922,0.11054444274051128,0.32589009979732264,0.11021690293096138
0.05,12,Layer 1,0.762008633641374,0.24921618447137336,0.7163128153973836,0.2484777645239308
0.05,12,Layer 2,0.9154832016675323,0.08721547842601277,0.25352913159571255,0.08695706162562673
0.05,12,Layer 3,0.9002219568357188,0.10799257330054045,0.32340621273559644,0.10767259460224718
0.05,12,Layer 4,0.9091330420834696,0.09286175305413344,0.26590394283028485,0.09258660651437278
0.05,13,Layer 1,-0.07342519867419665,0.3967329463366766,1.2530046797277947,0.395557438726671
0.05,13,Layer 2,0.5109285020960168,0.18001030527308517,0.5300245753393806,0.1794769402332471
0.05,13,Layer 3,0.5522731467619958,0.15591681304084135,0.4749105950661884,0.15545483628305076
0.05,13,Layer 4,0.5143195217495946,0.17273573389364819,0.5168727955220709,0.17222392318675628
0.05,14,Layer 1,0.3964547766767087,0.4867635423492492,1.379617351130487,0.4853212768313781
0.05,14,Layer 2,0.734236048871146,0.21286182120759814,0.5786802705931748,0.2122311181288152
0.05,14,Layer 3,0.6784015619560432,0.2614258882309326,0.7272952204134062,0.260651291303943
0.05,14,Layer 4,0.716464367347042,0.22957387642026808,0.6167874518495531,0.22889365603201356
0.05,15,Layer 1,0.8579714172299103,0.12613720174036133,0.3326816947287977,0.12576346106185263
0.05,15,Layer 2,0.946182766966916,0.04924864709592992,0.13163973413698904,0.04910272485786448
0.05,15,Layer 3,0.9444547147235844,0.05064501328629266,0.13253767240911063,0.05049495365782825
0.05,15,Layer 4,0.9419430962426707,0.05249258099665186,0.1417750586340969,0.05233704708145736
0.05,16,Layer 1,0.5852454818940305,0.22654419278402377,0.710682401611705,0.22587294925590456
0.05,16,Layer 2,0.8346850145440923,0.10522520100594214,0.30642040287577554,0.10491342194728566
0.05,16,Layer 3,0.81995032745624,0.12268305186039935,0.3473852007126317,0.12231954572254955
0.05,16,Layer 4,0.7916241145540882,0.15871079667651924,0.4602728787375547,0.15824054143050048
0.05,17,Layer 1,0.37156907417056995,0.3724974941093826,1.051923980436677,0.37139379540455675
0.05,17,Layer 2,0.38392399799181226,0.37102192832851233,1.0037048779953925,0.3699226016800545
0.05,17,Layer 3,0.3421530520430854,0.3628414355568491,1.036844909015748,0.36176634745876995
0.05,17,Layer 4,0.4167511917336686,0.3738301884227099,1.0454265052035683,0.37272254098531304
0.05,18,Layer 1,0.09596729719689279,0.4045160156321999,1.1884709607383552,0.40331744702544453
0.05,18,Layer 2,0.44798790284391854,0.25368152826831264,0.7986530496914767,0.25292987764350117
0.05,18,Layer 3,0.4504405134592853,0.25592119143006226,0.815420044895348,0.2551629047516666
0.05,18,Layer 4,0.12447140150861953,0.3861676048978894,1.1710588703426883,0.3850234020720674
0.05,19,Layer 1,0.613272127363861,0.39839649809329414,1.1383763161665286,0.39721606143021243
0.05,19,Layer 2,0.7972123878203513,0.22012327767113796,0.590743218069778,0.21947105911850423
0.05,19,Layer 3,0.7987527229044864,0.22462096391069214,0.6195235872010044,0.22395541885101938
0.05,19,Layer 4,0.7146829328251395,0.30795371431149954,0.8210076742290495,0.30704125685606176
0.05,20,Layer 1,0.8398409484023277,0.15484639964688024,0.3982381545135567,0.15438759449130235
0.05,20,Layer 2,0.9236747426369741,0.0841079861870702,0.22447360376971204,0.08385877679133417
0.05,20,Layer 3,0.9356803433412055,0.0638133357223715,0.16967452512801717,0.06362425875648264
0.05,20,Layer 4,0.931340448854965,0.06781841882295335,0.18107992112056925,0.06761747491808977
0.05,21,Layer 1,0.7893150937854535,0.20558088479464637,0.6332279965097105,0.2049717549082096
0.05,21,Layer 2,0.760658830716543,0.2576972918245684,0.7156377397051338,0.256933742614918
0.05,21,Layer 3,0.846901421141147,0.16549500115234123,0.49825416397282124,0.1650046445155436
0.05,21,Layer 4,0.7276729053116845,0.31570715069102007,0.9140268805953075,0.31477172004025783
0.05,22,Layer 1,0.7620434934631686,0.2290235134053562,0.6504847623067425,0.2283449237259154
0.05,22,Layer 2,0.9132534106050031,0.08233926488905605,0.23708689267770078,0.08209529616053707
0.05,22,Layer 3,0.9118505647975989,0.08342350274039526,0.24227861131462647,0.08317632144821832
0.05,22,Layer 4,0.882627104762557,0.11971123523392674,0.3418307392413191,0.11935653449802862
0.05,23,Layer 1,0.544482374142463,0.42600828979628413,1.1525862582584634,0.4247460402372167
0.05,23,Layer 2,0.7769761919972245,0.211641015623834,0.5919770758430003,0.21101392975473154
0.05,23,Layer 3,0.7205601251354048,0.2548702074540258,0.697780403599505,0.25411503480907077
0.05,23,Layer 4,0.7367651479885746,0.2477143822722784,0.7220833456641098,0.24698041211891034
0.05,24,Layer 1,0.7755639919189862,0.26878156983274,0.7977936339426881,0.2679851782456911
0.05,24,Layer 2,0.8816035493508179,0.13373790526218368,0.3563663943787503,0.13334164393114592
0.05,24,Layer 3,0.8983142620668368,0.11910808152940344,0.32923686188082457,0.118755167919521
0.05,24,Layer 4,0.8569964856865842,0.17365937255359773,0.497053216229604,0.1731448251335498
0.05,25,Layer 1,-0.30388640460243077,0.2502774046729414,0.7958160688001681,0.24953584036243454
0.05,25,Layer 2,0.19551552649970985,0.20345351454182445,0.6187242633217978,0.20285068798851033
0.05,25,Layer 3,0.2076122034738398,0.1889790224131851,0.5910636990577278,0.1884190833382246
0.05,25,Layer 4,0.0673149411155165,0.22980263348240074,0.6857838094606545,0.22912173529395372
0.05,26,Layer 1,0.22039216807988316,0.3036505894958862,0.9130569889263631,0.3027508820679273
0.05,26,Layer 2,0.40391729580067737,0.22378823547084836,0.7441386416669167,0.22312515776012445
0.05,26,Layer 3,0.3686283234290691,0.2704925130537344,0.8986914301916434,0.26969105199414706
0.05,26,Layer 4,-0.013061675893918913,0.3266927643346214,1.0386951015536277,0.3257247836459614
0.05,27,Layer 1,0.6293585989866909,0.3002118994681583,0.9041879868402587,0.29932238077378803
0.05,27,Layer 2,0.8627110474429669,0.11412998690785016,0.3416731077759949,0.11379182324037858
0.05,27,Layer 3,0.8260784665248012,0.15868346705127892,0.458297067693608,0.15821329278210552
0.05,27,Layer 4,0.8522855332805919,0.12135519524120242,0.3595715801469411,0.12099562350198344
0.05,28,Layer 1,0.00208741345426337,0.2858053635582238,0.8292273118930493,0.28495853099000557
0.05,28,Layer 2,0.5876257879119794,0.14395228806545207,0.4344038524952996,0.14352576182995497
0.05,28,Layer 3,0.5739914504227003,0.15573905663144424,0.47255363630103536,0.1552776065604688
0.05,28,Layer 4,0.5695298440985255,0.1502223268672568,0.45180111740180634,0.14977722269817842
0.05,29,Layer 1,0.49974243264371554,0.3906157178888499,1.130148543217653,0.38945833544001124
0.05,29,Layer 2,0.7482964660137014,0.18666225557488694,0.506035876385956,0.18610918100935073
0.05,29,Layer 3,0.7533969374494224,0.18227863147541737,0.49835458793818727,0.18173854545428084
0.05,29,Layer 4,0.5219544207661059,0.3966203437112887,1.1447190553921542,0.395445169739425
0.05,30,Layer 1,0.7793530140412886,0.191099469771821,0.5339010431906452,0.19053324787606202
0.05,30,Layer 2,0.8046905497061277,0.1949418524963918,0.5827932530005413,0.1943642457379059
0.05,30,Layer 3,0.7808882346609163,0.2006616386348811,0.5597255900530929,0.2000670843246592
0.05,30,Layer 4,0.7615441618496211,0.2556095312667994,0.6697566258061645,0.2548521680279543
0.05,31,Layer 1,0.6652310762564773,0.21863001117612155,0.6498922555483945,0.21798221712653174
0.05,31,Layer 2,0.5754225185825639,0.3406840038185236,1.0371709124751194,0.3396745675143453
0.05,31,Layer 3,0.7349255107433044,0.188178297599954,0.5387102643003732,0.18762073104817348
0.05,31,Layer 4,0.4667398965684503,0.38532854824796614,1.0714721260375901,0.3841868315213864
0.05,32,Layer 1,0.8275805308277013,0.21577460390037623,0.5813620679018536,0.21513527033538518
0.05,32,Layer 2,0.8905017367535183,0.1464831004687593,0.39420502782362465,0.1460490755133624
0.05,32,Layer 3,0.9017285278792818,0.13266749983344306,0.378169928775691,0.1322744100810173
0.05,32,Layer 4,0.8199585947590825,0.24123164056633914,0.6533920407010932,0.24051687857876466
0.05,33,Layer 1,0.8493472511676432,0.1624875183683832,0.48212872758203457,0.16200607281127322
0.05,33,Layer 2,0.9452365026581124,0.05803273671632763,0.1645190902602407,0.05786078748884503
0.05,33,Layer 3,0.9432596941331993,0.060885184426805156,0.17996477557743706,0.06070478348382534
0.05,33,Layer 4,0.9359536967011343,0.06960467096982569,0.20418649547664758,0.06939843445437496
0.05,34,Layer 1,0.8256127132203875,0.23474734749657133,0.6716703322022284,0.23405179827143416
0.05,34,Layer 2,0.9367288255474978,0.08196687015199071,0.2243580474285063,0.08172400481771055
0.05,34,Layer 3,0.9083731870201451,0.12399366072990137,0.3460892091560783,0.12362627129797664
0.05,34,Layer 4,0.9300662325636436,0.09040094803427653,0.256229184157694,0.09013309278467536
0.05,35,Layer 1,0.8311224730012144,0.1663562561833778,0.4652908704871933,0.1658633476742124
0.05,35,Layer 2,0.9347226837236586,0.06413726887191944,0.17342675115333717,0.06394723210199629
0.05,35,Layer 3,0.9365274280658699,0.061648950442568615,0.16661544011736673,0.061466286484197497
0.05,35,Layer 4,0.9341720037054697,0.06309663293317813,0.17186382929076527,0.06290967953577681
0.05,36,Layer 1,0.037425854686331944,0.37787702197538386,1.1329284200178107,0.37675738389369723
0.05,36,Layer 2,0.20961272638848913,0.24792076166767396,0.8015867200852077,0.24718618001845694
0.05,36,Layer 3,0.27099495393344963,0.27234054652259354,0.8552463547943796,0.27153360979624797
0.05,36,Layer 4,0.3309501460530191,0.24486463504830577,0.7409172855094166,0.24413910860897584
0.05,37,Layer 1,0.7272614050995092,0.2861199989723152,0.8258513692426066,0.28527223414896913
0.05,37,Layer 2,0.8162140636415489,0.20743389795342662,0.5756941871256969,0.20681927764556227
0.05,37,Layer 3,0.839869702017142,0.18362954364336564,0.5254063235473756,0.18308545491071102
0.05,37,Layer 4,0.7272810906974333,0.3148498975170768,0.888411391037497,0.31391700688130214
0.05,38,Layer 1,0.2611629714788917,0.28095531034070825,0.8966973653794155,0.28012284833212914
0.05,38,Layer 2,0.2594011692777669,0.28579445424069394,0.9149559112751907,0.28494765399645045
0.05,38,Layer 3,0.146294240135258,0.2917446661066022,0.8837330151876132,0.290880235566226
0.05,38,Layer 4,0.230980532672033,0.32739162024681395,0.95691365552158,0.32642156886941825
0.05,39,Layer 1,0.8674921140167641,0.19063917889131282,0.5198092663255611,0.19007432082338271
0.05,39,Layer 2,0.9499655038986551,0.06949997786776344,0.19336846527403417,0.06929405155477847
0.05,39,Layer 3,0.9525615366768014,0.0657126385162522,0.17880598963582994,0.06551793397415992
0.05,39,Layer 4,0.9434084812264371,0.07830884494987905,0.21993234174366394,0.07807681823261417
0.05,40,Layer 1,-0.11483136022239346,0.281386019806424,0.875995341157852,0.28055228161884505
0.05,40,Layer 2,0.20811001380893468,0.2709802071899338,0.8273146102605289,0.2701773011075075
0.05,40,Layer 3,0.21511596507178712,0.2703041654630471,0.8322760048335148,0.2695032624716218
0.05,40,Layer 4,-0.040168129389129545,0.3128015478495503,0.9714753852686071,0.3118747264113161
0.05,41,Layer 1,0.8874716571058858,0.12215240233270068,0.34750405924955685,0.12179046849320381
0.05,41,Layer 2,0.8877964169216837,0.15116885915266012,0.41511040980504665,0.1507209504373123
0.05,41,Layer 3,0.900828438137118,0.13052277633531983,0.3670834075299355,0.13013604133315287
0.05,41,Layer 4,0.9114485143996073,0.10931333291157656,0.310884662722277,0.10898944084287099
0.05,42,Layer 1,-0.2984674731385907,0.28787060042842844,0.9141211538779219,0.28701764862640367
0.05,42,Layer 2,0.22368335553385588,0.23348006794443785,0.7307963036623578,0.23278827362993088
0.05,42,Layer 3,0.24877463055841548,0.20937549014408396,0.6462929608078171,0.20875511695782442
0.05,42,Layer 4,0.0727943813628178,0.27638712652143815,0.7864570292194553,0.27556819990207493
0.05,43,Layer 1,0.6781096711808173,0.29793139407263725,0.8257861880902895,0.2970486324461431
0.05,43,Layer 2,0.6763625010114287,0.3216634173098655,0.9043919676176385,0.32071033842292246
0.05,43,Layer 3,0.7542717667436083,0.2557914393343647,0.7135301843927196,0.25503353710746807
0.05,43,Layer 4,0.6260543724307011,0.3645969391781203,1.0571140905396383,0.36351664957639673
0.05,44,Layer 1,-0.3505432239921982,0.27288342933425563,0.8639797774314669,0.2720748840627101
0.05,44,Layer 2,0.28229835813372706,0.1806812489115809,0.5987847986358543,0.1801458958862221
0.05,44,Layer 3,0.21129798145411774,0.19738799795646786,0.6131261931186869,0.19680314334365054
0.05,44,Layer 4,0.24903057756341393,0.17399956727240684,0.5459957190212843,0.1734840118657913
0.05,45,Layer 1,0.9350409340822444,0.07935995928270313,0.23557991557876445,0.07912481814575463
0.05,45,Layer 2,0.9469243028919851,0.07834303659434375,0.23973104314283233,0.07811090856827996
0.05,45,Layer 3,0.9628960967707909,0.049852373551352996,0.15710437232412833,0.049704662490228466
0.05,45,Layer 4,0.9274681839963828,0.11086483587259711,0.3388618035864728,0.11053634674797659
0.05,46,Layer 1,0.8410363456267658,0.18514870290352187,0.5401550826949529,0.18460011294835074
0.05,46,Layer 2,0.8357602842660884,0.21573607390928276,0.6360878605809783,0.21509685450747923
0.05,46,Layer 3,0.8830604806688339,0.15437193567802351,0.40946252521441295,0.1539145363447027
0.05,46,Layer 4,0.8343079485045961,0.21857871461836575,0.624384879247665,0.2179310725589108
0.05,47,Layer 1,0.9392105902344704,0.07710098838516306,0.2188556676007335,0.0768725405100305
0.05,47,Layer 2,0.9649999124318871,0.048846597892626555,0.14161184114132497,0.04870186691407823
0.05,47,Layer 3,0.9692298391333776,0.040765175684237806,0.1179316201353281,0.040644389713013304
0.05,47,Layer 4,0.9447165462471592,0.0836725049547907,0.2538732576236499,0.08342458587665315
0.05,48,Layer 1,0.010947183094003388,0.23178007774036852,0.7435788804961198,0.2310933204449453
0.05,48,Layer 2,0.015229597167182377,0.22562915456284985,0.6754608712578265,0.22496062226504907
0.05,48,Layer 3,0.05985496223207831,0.20323396478235692,0.6939125646584394,0.20263178874827847
0.05,48,Layer 4,0.11157724453832037,0.20289393510705464,0.6464879794970286,0.20229276657052492
0.05,49,Layer 1,0.710560556756833,0.20693295112391866,0.6324917592967275,0.20631981510621913
0.05,49,Layer 2,0.6753565587132679,0.29038184571030884,0.8415217298662141,0.28952145316516775
0.05,49,Layer 3,0.7036596030727148,0.21105000966536794,0.6585935984109677,0.21042467492888042
0.05,49,Layer 4,0.7400674105076128,0.20594318078564225,0.5999746233831804,0.20533297742724305
0.1,0,Layer 1,0.8357511774503991,0.18989093690111145,0.532201996402767,0.18932829585135874
0.1,0,Layer 2,0.9021770479340692,0.12026420290259825,0.3072716877063607,0.11990786374037682
0.1,0,Layer 3,0.8963409490825153,0.13010693564161693,0.37306924250029316,0.12972143276273218
0.1,0,Layer 4,0.8725922109252664,0.1487104668839471,0.3651439381572702,0.14826984230985082
0.1,1,Layer 1,0.5526092724774208,0.3832308581093573,1.0733858729915589,0.38209535677462764
0.1,1,Layer 2,0.7879719935835203,0.19560541459607156,0.5288753246670422,0.195025841723339
0.1,1,Layer 3,0.7511409729300486,0.22863090794471813,0.6437437870933096,0.22795348154327322
0.1,1,Layer 4,0.7762371376645213,0.20326408142528074,0.5331521348773545,0.20266181615650863
0.1,2,Layer 1,0.5150675678756067,0.25590324461417835,0.7953003364763219,0.25514501111165044
0.1,2,Layer 2,0.7866715231496386,0.1554483346713215,0.4579535651323227,0.15498774600063983
0.1,2,Layer 3,0.7895470128985677,0.1431419326298357,0.44176479117942885,0.14271780745275886
0.1,2,Layer 4,0.7920447435241912,0.13499749470718944,0.42833728204893357,0.13459750125107423
0.1,3,Layer 1,0.9239389451710228,0.11472166226732197,0.35710972051139445,0.11438174548382075
0.1,3,Layer 2,0.9651567376658693,0.051359456361775725,0.16008432410601858,0.05120727986028654
0.1,3,Layer 3,0.9603981947915214,0.06238611315630406,0.19587142387472545,0.06220126500731352
0.1,3,Layer 4,0.9553572458874553,0.06925108778160448,0.22358516836761877,0.06904589892234762
0.1,4,Layer 1,0.24944447443483467,0.2808911789486657,0.8810451118251028,0.28005890695944347
0.1,4,Layer 2,0.6862967662290764,0.16629620053364652,0.46195694538102455,0.16580346996753817
0.1,4,Layer 3,0.6971932275168728,0.1398471968824398,0.43417517327547284,0.13943283390681296
0.1,4,Layer 4,0.675429882221846,0.15762568358729753,0.45518362856950595,0.15715864349823988
0.1,5,Layer 1,0.7087012816708604,0.2834659238845218,0.7908611552295581,0.28262602300464684
0.1,5,Layer 2,0.820816791506152,0.18698611544605523,0.5070868593984459,0.18643208129360625
0.1,5,Layer 3,0.8181018643363912,0.19752072003136284,0.5353368311602835,0.1969354721670889
0.1,5,Layer 4,0.6880184413874268,0.33767623669461616,0.9406154069329847,0.33667571231261606
0.1,6,Layer 1,0.47121296921658956,0.436286494330828,1.191609762721838,0.4349937907654594
0.1,6,Layer 2,0.7430006007222163,0.20975203060531955,0.574142524506037,0.20913054174116702
0.1,6,Layer 3,0.6369904962568127,0.29262267027092204,0.8379404543856028,0.2917556382310075
0.1,6,Layer 4,0.720436593474942,0.22833019346142105,0.600745408190272,0.22765365806781102
0.1,7,Layer 1,0.19220374725814918,0.37956827727228043,1.1199611343146942,0.37844362805277343
0.1,7,Layer 2,0.4559219138961968,0.2594310758167177,0.7571669998607993,0.2586623894580211
0.1,7,Layer 3,0.39620193310472424,0.2851225198975285,0.860038681369299,0.28427771057423357
0.1,7,Layer 4,0.32767392843519316,0.2866162196328576,0.9196117759540272,0.28576698452284094
0.1,8,Layer 1,0.7427428765984065,0.3138570956241827,0.9184162985051915,0.312927146630112
0.1,8,Layer 2,0.9051791439584042,0.11319280021381384,0.33583502459241443,0.11285741340190973
0.1,8,Layer 3,0.8926755144949852,0.13186145657097637,0.40292657498705886,0.13147075510013342
0.1,8,Layer 4,0.8622099593147964,0.16780491449655618,0.4788797244993467,0.16730771365702812
0.1,9,Layer 1,0.07255296018707379,0.5104442851516215,1.4156327906219457,0.5089318543156649
0.1,9,Layer 2,0.6227622924391973,0.19759716876661493,0.5296859063661793,0.19701169438707195
0.1,9,Layer 3,0.6123393787896607,0.209095495336408,0.5585988927424753,0.20847595176621697
0.1,9,Layer 4,0.5716052680170421,0.22381727135804805,0.6198017487615637,0.22315410761487658
0.1,10,Layer 1,0.7322743022687108,0.28062685529436876,0.8073897381246542,0.2797953664880661
0.1,10,Layer 2,0.8483031736738219,0.16505822987874483,0.4463141379321305,0.1645691673818987
0.1,10,Layer 3,0.8581678223470394,0.15515713018011407,0.42299294176559854,0.15469740433945103
0.1,10,Layer 4,0.6861419362395114,0.3586714806372143,0.9721593392474236,0.3576087479882773
0.1,11,Layer 1,0.6999600312738865,0.25226887450607005,0.737014767077542,0.2515214095312359
0.1,11,Layer 2,0.879551932857441,0.10888650865619184,0.3061821939578493,0.10856388125472649
0.1,11,Layer 3,0.8799911593532552,0.10558560230542968,0.29599107784325795,0.10527275538872381
0.1,11,Layer 4,0.8358096680513403,0.16070007317972856,0.43967342001056864,0.16022392376815203
0.1,12,Layer 1,0.6065411186254481,0.36102939980439264,1.0480555393803617,0.35995968071293694
0.1,12,Layer 2,0.7858726592023363,0.21252899664451735,0.6053357075280923,0.2118992797147555
0.1,12,Layer 3,0.8016193710997223,0.19548138922320016,0.5596893954661648,0.19490218383386165
0.1,12,Layer 4,0.812458049749108,0.18083091912541915,0.4982890164366958,0.1802951226317853
0.1,13,Layer 1,0.8192894350600043,0.2074903276618405,0.5672309567926799,0.2068755401544726
0.1,13,Layer 2,0.8350066935202601,0.20691361367951744,0.5583826217572873,0.20630053495807535
0.1,13,Layer 3,0.8743461031693996,0.16020738709203894,0.4350205745174285,0.15973269749430133
0.1,13,Layer 4,0.7941965766124366,0.2616331627004846,0.7174884345777517,0.2608579516255686
0.1,14,Layer 1,0.8639150669124698,0.127564801720258,0.38544692471668895,0.1271868311065854
0.1,14,Layer 2,0.9035828654605803,0.1011504430608926,0.25187371112688606,0.10085073738564825
0.1,14,Layer 3,0.9187331323665464,0.0894356300512297,0.23985903157081856,0.08917063500934667
0.1,14,Layer 4,0.9063105601276109,0.10398146270024966,0.2649289837109967,0.10367336880022875
0.1,15,Layer 1,0.8135307478464142,0.18128220809203843,0.5299147597175766,0.18074507444297178
0.1,15,Layer 2,0.8628717270563512,0.1444783966389754,0.4322981988141371,0.14405031155983405
0.1,15,Layer 3,0.7683090002286775,0.2769580011592524,0.8539838092835246,0.27613738305576285
0.1,15,Layer 4,0.8068895501045195,0.21126464199014086,0.6023323947268857,0.2106386713046265
0.1,16,Layer 1,0.7489205357819952,0.22852238309468081,0.6729418903308052,0.22784527824905387
0.1,16,Layer 2,0.7770371656934352,0.21773943623771516,0.6159875174813645,0.21709428093448366
0.1,16,Layer 3,0.760962547548485,0.2585861712758211,0.7468399708950513,0.2578199883434891
0.1,16,Layer 4,0.7847220111398716,0.2196512983720877,0.6383459114230517,0.21900047827971034
0.1,17,Layer 1,0.5316407832535512,0.4246510814247769,1.1223205122850406,0.4233928532326864
0.1,17,Layer 2,0.7215599209825099,0.28809715139983794,0.8322395365566557,0.2872435283342001
0.1,17,Layer 3,0.7232996809049795,0.28528814044666956,0.7951735008540404,0.284442840394743
0.1,17,Layer 4,0.5961863701898206,0.3874609631111864,1.06603593757068,0.3863129281044573
0.1,18,Layer 1,0.8954434407560546,0.1429156549648218,0.40255520718784754,0.14249220024155942
0.1,18,Layer 2,0.9484626845529791,0.0711295919538462,0.21627585843213848,0.07091883714406698
0.1,18,Layer 3,0.9597327001266205,0.0527429577380316,0.14899517366856008,0.052586681964194956
0.1,18,Layer 4,0.9582576958895177,0.0526477653973066,0.15429657251584028,0.05249177167546982
0.1,19,Layer 1,0.6837669454108253,0.2772161110634515,0.7646949630580873,0.2763947281881945
0.1,19,Layer 2,0.7058074122050036,0.2774428051902499,0.750267312367564,0.2766207506272147
0.1,19,Layer 3,0.769466871587208,0.22179294362081203,0.6035541315978442,0.22113577789893482
0.1,19,Layer 4,0.519919829107404,0.45872246557448315,1.263997051134115,0.45736328491116185
0.1,20,Layer 1,0.9351955480470256,0.08470824270628752,0.23132605309603638,0.08445725476880743
0.1,20,Layer 2,0.9674976794281209,0.04406119986915579,0.1176849988260118,0.04393064787888017
0.1,20,Layer 3,0.9676561366938855,0.04370929362682108,0.1228171654038438,0.04357978432399978
0.1,20,Layer 4,0.9536800698108577,0.06710705354669642,0.18489865233170488,0.06690821739543247
0.1,21,Layer 1,0.6670936063193095,0.2182622156378384,0.6406522978697526,0.2176155113552018
0.1,21,Layer 2,0.7157913955573411,0.19689533860683095,0.5814397303675409,0.1963119437286285
0.1,21,Layer 3,0.59912629476874,0.31515910170967687,0.9699032346257939,0.3142252949113176
0.1,21,Layer 4,0.46076251099898075,0.4126217805530807,1.237945400470088,0.4113991948122872
0.1,22,Layer 1,0.7212943074343262,0.24606170985150752,0.7869618100759515,0.24533263651607562
0.1,22,Layer 2,0.8912287303020344,0.10388572025784105,0.30569275066888946,0.10357791003975449
0.1,22,Layer 3,0.8857734654504114,0.10979132289683147,0.3264821368692663,0.10946601455838993
0.1,22,Layer 4,0.8727395548496886,0.12364272941643442,0.3515288516402709,0.12327637978327959
0.1,23,Layer 1,0.9054586798463824,0.11632260743415287,0.32722965628682865,0.11597794709899005
0.1,23,Layer 2,0.9179341458181981,0.11972484422259484,0.3317979258915552,0.1193701031636787
0.1,23,Layer 3,0.9422405765907156,0.0812350566468609,0.23107905502989912,0.08099435965365835
0.1,23,Layer 4,0.9236344470971007,0.11230159762468621,0.31588007637356463,0.11196885141885034
0.1,24,Layer 1,0.8558310252891008,0.14344415545846637,0.4361715494519435,0.14301913480437337
0.1,24,Layer 2,0.8599457279663544,0.16914500889303533,0.5018190706669454,0.16864383739471592
0.1,24,Layer 3,0.8878449177335086,0.1347718006159757,0.3867585868072573,0.1343724758845636
0.1,24,Layer 4,0.8938912339720654,0.12032079975788652,0.3682124071707348,0.11996429290091043
0.1,25,Layer 1,0.654148530810555,0.2226893420291588,0.6586743462153044,0.22202952030615963
0.1,25,Layer 2,0.7221812990286669,0.1916145901122833,0.5445514823652113,0.19104684193067917
0.1,25,Layer 3,0.6430255183220916,0.2718961266058972,0.7829330259549664,0.2710905066821991
0.1,25,Layer 4,0.46186811398035454,0.39444318251056015,1.1479868547816523,0.3932744594008781
0.1,26,Layer 1,0.17289243270613283,0.44146455296175824,1.2682501506861836,0.44015650696672265
0.1,26,Layer 2,0.6258247116661257,0.2006202331819023,0.5944857016915233,0.20002580155477376
0.1,26,Layer 3,0.6268719202603613,0.19868009079862256,0.5833993161571858,0.19809140775415418
0.1,26,Layer 4,0.5395560336690585,0.2569790455944342,0.7704674866383908,0.25621762452643976
0.1,27,Layer 1,0.7461485380476792,0.23362219391955533,0.6438988743666061,0.23292997849012245
0.1,27,Layer 2,0.7789377131962028,0.25568739454601236,0.7228953492581212,0.25492980060064774
0.1,27,Layer 3,0.8757650113256732,0.1227800586356039,0.3492773253802127,0.12241626506964025
0.1,27,Layer 4,0.8586910994383211,0.14173966613844993,0.39096987294870367,0.14131969583418386
0.1,28,Layer 1,0.4893217891798647,0.46726893282812393,1.299016254928251,0.4658844292432048
0.1,28,Layer 2,0.7978089862013756,0.18731388980072683,0.507192742976484,0.1867588844628701
0.1,28,Layer 3,0.7730235759844916,0.21086245076687146,0.5800497491176284,0.21023767176167502
0.1,28,Layer 4,0.7468798442329486,0.23075741038702438,0.629094081427678,0.23007368322375288
0.1,29,Layer 1,0.8349706025492316,0.15975832294676992,0.45589709570331005,0.15928496391238745
0.1,29,Layer 2,0.7963064943133163,0.2651731720912032,0.7250133014262503,0.2643874720765188
0.1,29,Layer 3,0.898110482394769,0.1151292181821605,0.3196570494892331,0.11478809382292396
0.1,29,Layer 4,0.8574009401358555,0.16907516270411765,0.4776883545943015,0.16857419815792404
0.1,30,Layer 1,0.8086830737818524,0.19864849263562637,0.5655061308919995,0.1980599032155504
0.1,30,Layer 2,0.8842201148392781,0.1131378358704514,0.3197294935708733,0.11280261191621892
0.1,30,Layer 3,0.8985327902585399,0.09821692427616949,0.2772530735764913,0.09792591052754068
0.1,30,Layer 4,0.8277247856869271,0.15357748461644627,0.4404765428528373,0.15312243921737084
0.1,31,Layer 1,0.7424332901014853,0.18892685186000502,0.5646204027130781,0.18836706736480113
0.1,31,Layer 2,0.7704927131830511,0.17991435001496311,0.5480595573813654,0.17938126928762585
0.1,31,Layer 3,0.7901136321576182,0.17159316769769775,0.4567057366289695,0.17108474237956844
0.1,31,Layer 4,0.5754265130628142,0.2928084198430827,0.8549705366816904,0.2919408374328557
0.1,32,Layer 1,0.2259940423985055,0.47849971124644,1.3326968801179433,0.4770819312078788
0.1,32,Layer 2,0.6925172319986995,0.20609432552821336,0.608353057059069,0.20548367433255546
0.1,32,Layer 3,0.6428682143457499,0.23762279576542153,0.710278359273367,0.2369187266748347
0.1,32,Layer 4,0.663604021150007,0.2229650710388549,0.6668343186350116,0.22230443233921643
0.1,33,Layer 1,0.6669393969013855,0.33863400695183327,0.9582361496068411,0.3376306447257964
0.1,33,Layer 2,0.8470586583955781,0.15215466685602172,0.41740988792961176,0.15170383722253986
0.1,33,Layer 3,0.8487914016178543,0.15104621297120258,0.41635739754277645,0.15059866765274674
0.1,33,Layer 4,0.6999444447946,0.33645531248629024,0.9702914974698853,0.3354584056654516
0.1,34,Layer 1,0.624730533881901,0.3583465271502666,1.0424476003489627,0.35728475732859233
0.1,34,Layer 2,0.8296219236410219,0.16098710927846135,0.4498097783931664,0.16051010938768587
0.1,34,Layer 3,0.7288622282301551,0.2830558946377559,0.7669000537755798,0.2822172086620233
0.1,34,Layer 4,0.8203721499151045,0.16647456713455264,0.4784400939928448,0.16598130807365027
0.1,35,Layer 1,0.32568867331373447,0.44204824022157885,1.291104953897182,0.44073846477900924
0.1,35,Layer 2,0.6827628962110466,0.21469135892878483,0.625156829082667,0.2140552349855793
0.1,35,Layer 3,0.6889695807248681,0.20976193161473053,0.6210440213816348,0.20914041341418932
0.1,35,Layer 4,0.5705166203184583,0.314506951294921,0.9466996149097164,0.3135750767983343
0.1,36,Layer 1,0.6599273473043591,0.34204450069251,0.970350713538495,0.34103103327762235
0.1,36,Layer 2,0.7852774113214319,0.22551857136800144,0.6389646087160714,0.22485036672483147
0.1,36,Layer 3,0.845050447310895,0.15848163393684644,0.44977400421018965,0.15801205769303034
0.1,36,Layer 4,0.8416210681453713,0.15877742787967936,0.46696582432939693,0.15830697520743955
0.1,37,Layer 1,0.5268408636546807,0.37049988162043973,1.076039013097212,0.36940210178044286
0.1,37,Layer 2,0.7273537622708931,0.2119250213388606,0.6003651655081477,0.21129709396949353
0.1,37,Layer 3,0.7132164932661601,0.21658958839465878,0.5922730606132138,0.21594784005548798
0.1,37,Layer 4,0.5141204737798339,0.4167539441010005,1.188671983337127,0.41551911488574594
0.1,38,Layer 1,0.8807043889994743,0.12786303869059076,0.37123436703503443,0.12748418440987852
0.1,38,Layer 2,0.869437183095585,0.1758764502044126,0.43913775902470287,0.17535533365096
0.1,38,Layer 3,0.9223198286292895,0.09866155863325936,0.2508815886178918,0.09836922744660265
0.1,38,Layer 4,0.8894531174406937,0.1431778680280479,0.43302382196872513,0.142753636375483
0.1,39,Layer 1,0.7654664140631952,0.1861091879427855,0.5486241420761335,0.18555775209976116
0.1,39,Layer 2,0.807310511843701,0.17145444933636036,0.5285036374368854,0.17094643503650142
0.1,39,Layer 3,0.7289537690674837,0.24920207969080588,0.7215044722179488,0.2484637015353976
0.1,39,Layer 4,0.7118532218766431,0.2799536225893398,0.8096311587656262,0.27912412855099206
0.1,40,Layer 1,0.33831426559948485,0.3864141355023503,1.130525021557267,0.38526920221387256
0.1,40,Layer 2,0.5790636535368174,0.25680138279167514,0.7842384084239172,0.25604048813314234
0.1,40,Layer 3,0.5534716121691337,0.24476405878193552,0.8130743664752137,0.24403883034701276
0.1,40,Layer 4,0.6229514848857683,0.21652810746744183,0.6392907440069574,0.21588654129438173
0.1,41,Layer 1,0.03016327353390851,0.3032002930789952,0.970966025607225,0.3023019198655746
0.1,41,Layer 2,0.4539009143302615,0.17413432899190923,0.5616817972314603,0.1736183742904323
0.1,41,Layer 3,0.46779633726539527,0.16580861723364926,0.5399971995769137,0.16531733136197566
0.1,41,Layer 4,0.2536514141965906,0.28310415725093047,0.8841618631699896,0.2822653282745482
0.1,42,Layer 1,0.7952861715729815,0.2112103720290669,0.6333007104208579,0.2105845621437906
0.1,42,Layer 2,0.8316337000727363,0.1947317748269189,0.564201850075958,0.19415479052215515
0.1,42,Layer 3,0.8290068915702441,0.20934360171795785,0.6233683389002869,0.2087233230161315
0.1,42,Layer 4,0.8238330591168441,0.20832179830380965,0.5868809263322774,0.20770454717430964
0.1,43,Layer 1,0.53602636396201,0.33008656404111497,0.9705549476310639,0.32910852762751786
0.1,43,Layer 2,0.6243072164416138,0.33965385695151007,0.9349773254779219,0.3386474729410543
0.1,43,Layer 3,0.7636862003928353,0.18642929420176718,0.5287048303638147,0.18587690989366853
0.1,43,Layer 4,0.7407658089367799,0.21072414250659097,0.6096750753527324,0.210099773304548
0.1,44,Layer 1,0.640926989932458,0.3196142787722329,0.9486602967741297,0.31866727142022844
0.1,44,Layer 2,0.725761565218158,0.27266150285213414,0.7660118641876319,0.2718536151419811
0.1,44,Layer 3,0.706231959984282,0.2932401914217645,0.8238354703828921,0.29237132968552937
0.1,44,Layer 4,0.7026708003340012,0.2933429182990103,0.8411181380025815,0.2924737521861736
0.1,45,Layer 1,0.23698952000455922,0.503582184395505,1.3812762041038802,0.5020900857546279
0.1,45,Layer 2,0.6024793006432023,0.301553969323789,0.8873088160507795,0.30066047411740215
0.1,45,Layer 3,0.5815282646923855,0.3119080418299376,0.8907821463636736,0.31098386782276577
0.1,45,Layer 4,0.5244592195616741,0.3367790015450786,0.9808614774526356,0.3357811356434391
0.1,46,Layer 1,0.6990246948570823,0.33788297677086343,0.9511083071013631,0.33688183982432807
0.1,46,Layer 2,0.8556027374920415,0.167293376864064,0.4768004700281553,0.16679769169492675
0.1,46,Layer 3,0.7938099139380492,0.24109377416909286,0.6860161574031366,0.24037942067544515
0.1,46,Layer 4,0.846336248504846,0.17800295264357677,0.52467486254207,0.1774755353283069
0.1,47,Layer 1,0.6231468433457907,0.31003785988409105,0.8607584606788813,0.3091192271689388
0.1,47,Layer 2,0.8049441705136007,0.1861256769295762,0.5295826477459686,0.18557419223018726
0.1,47,Layer 3,0.8492379412494458,0.12567926110065963,0.37873582564063935,0.12530687728628812
0.1,47,Layer 4,0.8426292712438275,0.1298102971996792,0.39884060269795585,0.12942567325144322
0.1,48,Layer 1,0.5779456610527762,0.31712556389149077,0.9404600414388028,0.3161859305257118
0.1,48,Layer 2,0.6470798881035867,0.33574482308531217,0.9509437339300301,0.3347500214228815
0.1,48,Layer 3,0.7737003299659037,0.19563908559657853,0.54763688188374,0.1950594129576992
0.1,48,Layer 4,0.731545711528292,0.24043010697196435,0.643488435346214,0.23971771990396382
0.1,49,Layer 1,0.6031932494033267,0.328487683856497,0.925499313710283,0.3275143848760822
0.1,49,Layer 2,0.668950808258776,0.2787992746986478,0.8098645549794173,0.27797320095786454
0.1,49,Layer 3,0.7138388122838067,0.256998257428747,0.7102060810562411,0.25623677943667406
0.1,49,Layer 4,0.6928964181383557,0.27886185078467823,0.8107071797394633,0.2780355916328622
0.15,0,Layer 1,0.8916807646900937,0.11789473135927933,0.3323876250132315,0.11754541286891429
0.15,0,Layer 2,0.9306096758621367,0.08379134892337226,0.20559145537653623,0.08354307771418344
0.15,0,Layer 3,0.9373056965524962,0.07672592679774491,0.19133971365827174,0.07649859021864736
0.15,0,Layer 4,0.9346842810332008,0.07763847805082601,0.1995555330079335,0.07740843761022057
0.15,1,Layer 1,0.7303791191574149,0.23200312934446204,0.644881616391924,0.23131571115394436
0.15,1,Layer 2,0.8933927694288192,0.09996152417974229,0.26990096690258036,0.0996653412348519
0.15,1,Layer 3,0.8935786714264248,0.09842981873659566,0.2718814568659359,0.09813817418817906
0.15,1,Layer 4,0.8661974661409854,0.13665070777909372,0.38338888077171707,0.13624581590310958
0.15,2,Layer 1,-0.08414153467681657,0.4259803512597508,1.2616207759410554,0.42471818448171444
0.15,2,Layer 2,0.4271267370239189,0.28114775539878833,0.8650712065522015,0.2803147231813763
0.15,2,Layer 3,0.42248133553235967,0.28007074027527107,0.8701384166578425,0.279240899220795
0.15,2,Layer 4,0.3217611544937062,0.308306592930743,0.9065565082269311,0.3073930899067278
0.15,3,Layer 1,0.4826053740190932,0.4057390251237119,1.1513894441759849,0.4045368327771645
0.15,3,Layer 2,0.8005667365981325,0.1587845792709748,0.45131352004168424,0.15831410540938085
0.15,3,Layer 3,0.8100744253399548,0.14888103680309248,0.44254057970019234,0.14843990683553232
0.15,3,Layer 4,0.7677517468482199,0.18767144882065948,0.5007601487417517,0.18711538404634084
0.15,4,Layer 1,0.8937845890205502,0.1289984838756867,0.3588819745911167,0.12861626530554965
0.15,4,Layer 2,0.8804527448389821,0.17211033338735096,0.45972309634882236,0.17160037572306933
0.15,4,Layer 3,0.9212956124754974,0.11200182375328302,0.28823735428067143,0.11166996576827774
0.15,4,Layer 4,0.8927730954257255,0.15148200218515215,0.4252162951239846,0.15103316563655755
0.15,5,Layer 1,0.7569472608628908,0.2894727766323531,0.7987294932000828,0.28861507763114136
0.15,5,Layer 2,0.9034157260884099,0.11187049771445366,0.2997663205107485,0.1115390288444928
0.15,5,Layer 3,0.8999995213271962,0.11808178875504377,0.31200838031483413,0.11773191601932494
0.15,5,Layer 4,0.8345613609115947,0.19935339629426513,0.549895437964936,0.19876271826616534
0.15,6,Layer 1,0.08265951066693342,0.4741025067612593,1.3498132157606917,0.47269775550536647
0.15,6,Layer 2,0.627469811236728,0.20810659039818638,0.6027497520894151,0.20748997692314167
0.15,6,Layer 3,0.5793476263480897,0.2284912105049385,0.6809804315387354,0.22781419802274352
0.15,6,Layer 4,0.5961878041540151,0.22172770464476135,0.6455524837463911,0.22107073222397874
0.15,7,Layer 1,0.7693738313710219,0.28871925574219537,0.9018357249172486,0.28786378940038043
0.15,7,Layer 2,0.915657423775453,0.10314306811099097,0.3035429607307669,0.10283745834854661
0.15,7,Layer 3,0.8942410407970677,0.1325011909617495,0.3852833361156338,0.1321085939774341
0.15,7,Layer 4,0.8916574719376577,0.13299227425182175,0.3762759695795186,0.13259822220270784
0.15,8,Layer 1,0.10053527543514047,0.5030246554069265,1.4063271719377637,0.5015342087074244
0.15,8,Layer 2,0.6278487240209133,0.1915630352417677,0.5421584514662205,0.19099543981567133
0.15,8,Layer 3,0.6213506646905517,0.20239777206678267,0.5553779308585427,0.20179807364619634
0.15,8,Layer 4,0.6236706846313009,0.20135290435279407,0.549571029522878,0.20075630184335042
0.15,9,Layer 1,0.9356966296768506,0.07378360114129859,0.1882968208069905,0.07356498258330868
0.15,9,Layer 2,0.9425691542028602,0.08685668282162262,0.2397318557605167,0.08659932912166038
0.15,9,Layer 3,0.9578304286634457,0.0605302264103772,0.14044894664337282,0.06035087719716519
0.15,9,Layer 4,0.9571559662307334,0.058299561911517875,0.13827701960807293,0.058126822089126576
0.15,10,Layer 1,0.8774712203371502,0.14645911721932345,0.42386357715484135,0.14602516332556265
0.15,10,Layer 2,0.9265372247758614,0.09626911257310485,0.2586860119749581,0.09598387013109667
0.15,10,Layer 3,0.9473631053744014,0.0625342693234595,0.1622224948586133,0.06234898219226801
0.15,10,Layer 4,0.940351975633045,0.06923834063272251,0.18874442091667953,0.06903318954287868
0.15,11,Layer 1,0.5658923642893808,0.33574308667175,0.9635527611196166,0.3347482901542597
0.15,11,Layer 2,0.7775301289418505,0.19660697316973072,0.5816289463351758,0.1960244327095163
0.15,11,Layer 3,0.8151196360401044,0.15042405848322268,0.4056652391826563,0.14997835658952394
0.15,11,Layer 4,0.8059412649278336,0.16115903675489793,0.46104737952623986,0.16068152744825773
0.15,12,Layer 1,0.5523446807526065,0.29335969834404585,0.8496958516321879,0.2924904825124478
0.15,12,Layer 2,0.8411828324325534,0.10700485952099287,0.3113011475865102,0.10668780738847913
0.15,12,Layer 3,0.8166846266848429,0.12968066679520618,0.38448172618668863,0.12929642693790178
0.15,12,Layer 4,0.8291448371718252,0.11545820816626784,0.3370081282533366,0.11511610901975058
0.15,13,Layer 1,0.9090016672990279,0.1282321340972249,0.37452634552506525,0.1278521861980892
0.15,13,Layer 2,0.9659336846744345,0.045943491903673174,0.13540063825997495,0.04580736273955488
0.15,13,Layer 3,0.9634978140969316,0.05084890951745421,0.14778349951067737,0.05069824575068066
0.15,13,Layer 4,0.947493777566239,0.07779393825332803,0.24181195201966565,0.07756343718888788
0.15,14,Layer 1,0.7956264806138358,0.21901522717918248,0.6432446281108676,0.2183662917463341
0.15,14,Layer 2,0.8850334295777356,0.11244322472681208,0.33090169253571977,0.1121100588841957
0.15,14,Layer 3,0.8938533047040723,0.10549972339393575,0.3093210553291924,0.10518713093382327
0.15,14,Layer 4,0.7920742022957276,0.2098065934226632,0.5972671865538639,0.2091849428905484
0.15,15,Layer 1,0.6628693441771454,0.25685580458320434,0.7481662172758387,0.25609474867456444
0.15,15,Layer 2,0.6910522232231525,0.26221596125471414,0.7449412927810255,0.26143902336547153
0.15,15,Layer 3,0.6817962331830466,0.23631098983841048,0.7002553842652802,0.23561080758874364
0.15,15,Layer 4,0.6823759671281631,0.26785964763836967,0.765521030643661,0.26706598767864165
0.15,16,Layer 1,0.9034161482377052,0.11101055867519988,0.321076343962305,0.11068163777836333
0.15,16,Layer 2,0.9067509343546701,0.1372085852326619,0.40022893531534387,0.13680204038281157
0.15,16,Layer 3,0.9473175197905461,0.06718802381792452,0.18907404945927553,0.0669889477542185
0.15,16,Layer 4,0.9255651288588883,0.09936262415104548,0.28503763827482986,0.0990682157286591
0.15,17,Layer 1,0.7297746023678149,0.22983566179904716,0.6538664069769183,0.2291546657487061
0.15,17,Layer 2,0.721909275982012,0.28530267726901537,0.772388648447929,0.2844573341449278
0.15,17,Layer 3,0.8350000414949769,0.15645467280928788,0.4448867912591389,0.15599110238942113
0.15,17,Layer 4,0.7993515593230276,0.19614111217846875,0.5297950115745451,0.19555995205015142
0.15,18,Layer 1,0.8026108961320755,0.2547080854481166,0.7604694904004574,0.2539533931657163
0.15,18,Layer 2,0.9288953621179442,0.08950468192766896,0.25377782832228735,0.08923948228718384
0.15,18,Layer 3,0.898891208142753,0.13431387489521035,0.40091737869153077,0.133915906983731
0.15,18,Layer 4,0.9195168635244813,0.10106137127196714,0.28700854703712986,0.1007619295137145
0.15,19,Layer 1,0.8811285002560619,0.13097455499310576,0.3893292257263756,0.13058648138456594
0.15,19,Layer 2,0.9290318824161623,0.08351141695814511,0.22599652590339003,0.08326397517882451
0.15,19,Layer 3,0.9239632309928826,0.0931329655609763,0.2725144831759293,0.09285701542683643
0.15,19,Layer 4,0.8928543758539704,0.13850027094874398,0.37917160050275767,0.1380898988735448
0.15,20,Layer 1,0.7083689745576383,0.27899692873412574,0.8428953156141237,0.2781702693504686
0.15,20,Layer 2,0.7605954486065118,0.24785589757170512,0.7016680162748103,0.24712150811282452
0.15,20,Layer 3,0.7588171437450496,0.2536856902680999,0.7473069655730193,0.25293402731141007
0.15,20,Layer 4,0.7132417704175178,0.2883098239060398,0.8501280414708442,0.2874555706982578
0.15,21,Layer 1,0.27113419724764753,0.3694839074897141,1.1039271950304703,0.3683891379500546
0.15,21,Layer 2,0.6265852611706346,0.23923221641662396,0.7207175884321144,0.23852337866177414
0.15,21,Layer 3,0.6300250749596148,0.23552063281506386,0.7296299289436295,0.23482279236913195
0.15,21,Layer 4,0.6247372975471969,0.2569825485826372,0.8234725608199506,0.2562211171353957
0.15,22,Layer 1,0.7292559327086084,0.2686330920287776,0.7915986352872808,0.2678371403769297
0.15,22,Layer 2,0.8213284053584536,0.16982557697751877,0.5032270683039188,0.1693223889767389
0.15,22,Layer 3,0.8515453320733479,0.1524418549706493,0.4740946593181007,0.1519901744075501
0.15,22,Layer 4,0.8586901036526178,0.13917429049347835,0.4075443394527798,0.13876192131894205
0.15,23,Layer 1,0.6743147344551799,0.3430603500526272,0.9657314137008325,0.34204387270709347
0.15,23,Layer 2,0.8292422103079127,0.16839298810201628,0.47327990977175527,0.16789404481834574
0.15,23,Layer 3,0.8370208027490926,0.16340007794467523,0.48481403220439545,0.16291592850139594
0.15,23,Layer 4,0.7576427810504213,0.2158975032987999,0.6884850710979171,0.2152578055866428
0.15,24,Layer 1,0.08475460378202329,0.5136395981854107,1.4325750934310086,0.5121176997344694
0.15,24,Layer 2,0.5656249605582782,0.2834493057359036,0.8039624885392715,0.28260945409509586
0.15,24,Layer 3,0.5391394175449515,0.29130643533464107,0.8515607697938695,0.2904433032586656
0.15,24,Layer 4,0.4909808811911242,0.3100570839040325,0.9082147435899013,0.309138394228696
0.15,25,Layer 1,0.49136106161477977,0.3199129119213654,0.9547908759931911,0.3189650197284557
0.15,25,Layer 2,0.7215555709025172,0.23783770058537673,0.6818380279447509,0.23713299473836832
0.15,25,Layer 3,0.77537086121274,0.16887814657277994,0.5034291432229812,0.1683777657793697
0.15,25,Layer 4,0.7584720419077889,0.19304807201290927,0.5753368842775286,0.19247607646818954
0.15,26,Layer 1,0.2646986700593423,0.3840178706901163,1.116568773237977,0.38288003746113286
0.15,26,Layer 2,0.6305791047603528,0.2411339252025522,0.7151366476935693,0.24041945274261792
0.15,26,Layer 3,0.6217034791946017,0.24726858010992267,0.7404360678522411,0.24653593085475387
0.15,26,Layer 4,0.6290435704377787,0.2480765452194537,0.7586912776412261,0.2473415019883279
0.15,27,Layer 1,0.8182971306558398,0.17570624467084708,0.4883980861228166,0.17518563243119506
0.15,27,Layer 2,0.785832704499158,0.24400554478129727,0.6966717502552078,0.24328256380020538
0.15,27,Layer 3,0.8701775088554259,0.13979159749750628,0.4018373360363299,0.13937739926115988
0.15,27,Layer 4,0.751159589766554,0.2876311815967034,0.7750064351409232,0.28677893918536884
0.15,28,Layer 1,0.55161708918352,0.4403476661864145,1.1880154607787268,0.43904292949280244
0.15,28,Layer 2,0.7517698699479057,0.2735132689183261,0.7717349814738605,0.27270285745131845
0.15,28,Layer 3,0.7289031160038981,0.29170417774215285,0.8201980919374767,0.2908398671675646
0.15,28,Layer 4,0.7038894319498314,0.308955966420442,0.883538408463163,0.3080405393225986
0.15,29,Layer 1,0.31901977352668776,0.46470809432296956,1.2908966170639355,0.4633311784243735
0.15,29,Layer 2,0.687035142172746,0.1964502975222715,0.5667380080560075,0.19586822128721815
0.15,29,Layer 3,0.6897816759612134,0.19804492538753113,0.5664901511391119,0.19745812431878787
0.15,29,Layer 4,0.47146276784108215,0.36893625151677834,1.1510767714245345,0.3678431046650498
0.15,30,Layer 1,0.9038227429189194,0.11719482476988703,0.3447277738908904,0.11684758008138224
0.15,30,Layer 2,0.9346729879087894,0.09052675536248703,0.28035488263555375,0.09025852734961255
0.15,30,Layer 3,0.9262018670236655,0.10511060396945998,0.3068237126815899,0.10479916445832464
0.15,30,Layer 4,0.9168596383881036,0.11956544571129324,0.35431107592710387,0.11921117694530055
0.15,31,Layer 1,-0.24547847913937956,0.3311456784763029,0.9927206638701127,0.33016450393896307
0.15,31,Layer 2,0.4141589198714328,0.14783662143698323,0.5119520122618108,0.1473985860402728
0.15,31,Layer 3,0.31182297957655236,0.21208263014727774,0.6657214073214269,0.21145423578782224
0.15,31,Layer 4,0.3874032940960456,0.14603093416719146,0.48948009974357654,0.14559824896674406
0.15,32,Layer 1,0.5377083134307379,0.43544464343514927,1.2289263574776257,0.43415443424828776
0.15,32,Layer 2,0.7841276713342609,0.19598719849328822,0.5402052412186502,0.19540649440652194
0.15,32,Layer 3,0.8197125525409555,0.1623183552028917,0.45973883905268154,0.16183741087107748
0.15,32,Layer 4,0.8174270168365327,0.16137506588804545,0.46163599719850545,0.16089691649367788
0.15,33,Layer 1,0.5967233282931851,0.38332889302380313,1.0940721860991203,0.3821931012146145
0.15,33,Layer 2,0.8525495756947172,0.1402268538150893,0.39793406341232995,0.13981136592755977
0.15,33,Layer 3,0.8210796196547501,0.17396755739857506,0.4831984330126489,0.17345209683623855
0.15,33,Layer 4,0.8246643924246665,0.16755219633147084,0.4701067340386376,0.1670557442881519
0.15,34,Layer 1,-0.03311115528114914,0.26840731184329386,0.85891667245131,0.2676120291712438
0.15,34,Layer 2,0.23404460832887916,0.2939940767601067,0.8812831593431985,0.2931229812846258
0.15,34,Layer 3,0.3795483758000317,0.20888614259590502,0.6413299154071344,0.20826721933149378
0.15,34,Layer 4,0.2905419053756527,0.2595989137410493,0.8049032696316845,0.25882973008370613
0.15,35,Layer 1,-0.10496074265109276,0.2704387658746627,0.8076900594295324,0.2696374640663264
0.15,35,Layer 2,0.11842635054597403,0.2799362145116049,0.8009328189221333,0.27910677205286016
0.15,35,Layer 3,0.2762487555885882,0.19589618350929108,0.5962013426453465,0.19531574909714428
0.15,35,Layer 4,0.2037123917983579,0.231659140414367,0.7124637469401499,0.23097274145254915
0.15,36,Layer 1,0.1139960849114667,0.29170606359279055,0.9463313835892613,0.2908417474304845
0.15,36,Layer 2,0.6513656495657724,0.1306785802876452,0.4001477994211746,0.13029138364312332
0.15,36,Layer 3,0.6474443540029408,0.1358833621057074,0.41790685620492163,0.13548074385153078
0.15,36,Layer 4,0.6503558976874514,0.12319125940340683,0.36619016501090396,0.12282624746211981
0.15,37,Layer 1,0.8509584384748932,0.19844435020762127,0.5387116207565543,0.19785636565532816
0.15,37,Layer 2,0.9345268066952047,0.08284419071131402,0.22127566054771874,0.08259872590299619
0.15,37,Layer 3,0.9439504375984595,0.07186031927407098,0.20013184478841706,0.07164739934154687
0.15,37,Layer 4,0.9447568880648917,0.06812706571008639,0.1872528552355628,0.06792520729391748
0.15,38,Layer 1,0.8120927287585783,0.23313059945680276,0.6709190808725005,0.23243984060675743
0.15,38,Layer 2,0.8690705814037736,0.18242127364471888,0.5459268769905004,0.18188076497918873
0.15,38,Layer 3,0.8794210029731986,0.16618219194124315,0.4968284236995202,0.165689799179114
0.15,38,Layer 4,0.8301366753651694,0.22941909126969484,0.68646940739564,0.2287393295051167
0.15,39,Layer 1,0.18174685839994192,0.447277537389522,1.3477820959783746,0.4459522676990645
0.15,39,Layer 2,0.6620453204184904,0.17852120708354743,0.5310434064692777,0.17799225419619139
0.15,39,Layer 3,0.6653621055175893,0.1787939590608137,0.5218066914491919,0.17826419801767449
0.15,39,Layer 4,0.5713808871487832,0.24552534623308414,0.7446564354155033,0.2447978621266815
0.15,40,Layer 1,0.5367671343462499,0.37898238964010256,1.1328548846021034,0.3778594763877659
0.15,40,Layer 2,0.7329895662286856,0.21318084344875546,0.6334519945895538,0.21254919511680986
0.15,40,Layer 3,0.7657716512633544,0.19764163749028787,0.5822665102423781,0.197056031351274
0.15,40,Layer 4,0.6908909783876029,0.25854477011380317,0.7369646620770747,0.2577787098518506
0.15,41,Layer 1,0.8276548419969706,0.1471070709543764,0.45285642123397496,0.1466711971934769
0.15,41,Layer 2,0.8701632181002653,0.11908896056734354,0.3641083194157392,0.11873610361228802
0.15,41,Layer 3,0.8245128008012889,0.18664490019912602,0.545774809116337,0.1860918770570384
0.15,41,Layer 4,0.7722680287240622,0.22230798227732787,0.6652277104335054,0.22164929051163265
0.15,42,Layer 1,0.5245575743903584,0.4509067989227657,1.2408337920527526,0.44957077584116567
0.15,42,Layer 2,0.797239326632963,0.2073230343904322,0.5622152032943204,0.20670874256792096
0.15,42,Layer 3,0.7412602489642547,0.25997132897202163,0.7265772070075698,0.25920104185971676
0.15,42,Layer 4,0.7715827034472668,0.23127171121583864,0.6452603569442841,0.23058646019491003
0.15,43,Layer 1,0.8440100869105779,0.18435886260788237,0.5512023381247968,0.18381261292539797
0.15,43,Layer 2,0.8804000612554717,0.15641544197031756,0.4619042088204415,0.15595198779022917
0.15,43,Layer 3,0.9067507827515968,0.12138954357118255,0.36987171627442683,0.12102987005891029
0.15,43,Layer 4,0.8276482601035202,0.2300563921785798,0.6858181813630788,0.2293747421108618
0.15,44,Layer 1,0.7645141161834824,0.204869574925245,0.5561878161829668,0.20426255262823903
0.15,44,Layer 2,0.7321410225604277,0.2868869339364339,0.745063456596581,0.2860368967081991
0.15,44,Layer 3,0.8535283220807396,0.14360622575547655,0.43131498660756085,0.1431807248920406
0.15,44,Layer 4,0.8068305451724369,0.1979852580515285,0.5499759645395235,0.19739863377528055
0.15,45,Layer 1,0.18804019016351858,0.4790704011921871,1.3762328884315367,0.4776509302167367
0.15,45,Layer 2,0.5665013329951926,0.22392306168064793,0.6668595843268783,0.22325958448397976
0.15,45,Layer 3,0.597415710515596,0.23795653086169713,0.6873665618483855,0.23725147292420717
0.15,45,Layer 4,0.48465991547694715,0.30272918250473263,0.8864272783921582,0.3018322051775633
0.15,46,Layer 1,0.2931869884721353,0.4844294098810503,1.3542729334111252,0.48299406032643477
0.15,46,Layer 2,0.642608252252625,0.2475453437487804,0.7010996230397089,0.24681187445139777
0.15,46,Layer 3,0.655777883553171,0.2524478859368464,0.7077546626309832,0.2516998905566071
0.15,46,Layer 4,0.5599940385957335,0.3083943675033074,0.8863522506049969,0.3074806044059131
0.15,47,Layer 1,0.44052084097703903,0.26761128887535585,0.8322481830081,0.2668183647950617
0.15,47,Layer 2,0.5304299888523075,0.2332675223367139,0.72960737515829,0.23257635778835475
0.15,47,Layer 3,0.3555719067330619,0.3488067007441056,1.0676528558350242,0.34777319713687627
0.15,47,Layer 4,0.30362451342333485,0.3490046106118166,1.0937133307731366,0.3479705206036905
0.15,48,Layer 1,0.8216441240587266,0.19732867590070882,0.5602055435673341,0.19674399705733198
0.15,48,Layer 2,0.8682929765246237,0.15715689425934676,0.45494509671609606,0.15669124317875832
0.15,48,Layer 3,0.8912262952380533,0.12875169721844534,0.35376856092890596,0.1283702098696407
0.15,48,Layer 4,0.745347571524675,0.33000149751793345,0.9239349253346327,0.3290237131538479
0.15,49,Layer 1,-0.1643674151118097,0.4533972752133902,1.2670808582799653,0.45205387292656113
0.15,49,Layer 2,0.4719027002869784,0.21811750535796373,0.6784859720646653,0.21747122984746928
0.15,49,Layer 3,0.44532467083989474,0.22693781331008553,0.7074391075432446,0.22626540349636254
0.15,49,Layer 4,0.43138548466112936,0.23004018887702296,0.7050315441544492,0.22935858681919288
0.2,0,Layer 1,0.6850495308060691,0.3160485769722386,0.9026194924106915,0.31511213468582716
0.2,0,Layer 2,0.8443851236249074,0.15928905206715227,0.46583239698401857,0.15881708346806192
0.2,0,Layer 3,0.7513616336777247,0.27905393414552243,0.7877278411873407,0.27822710585657134
0.2,0,Layer 4,0.8289171157860588,0.17540704460063944,0.5405968651115612,0.17488731888166256
0.2,1,Layer 1,0.6032044748424833,0.24211977230774345,0.7127188525169789,0.24140237881292886
0.2,1,Layer 2,0.5269265932300101,0.28709849627333006,0.8813774761871124,0.2862478321923488
0.2,1,Layer 3,0.5582852003478029,0.3264830221969412,0.9640867651300644,0.3255156629678329
0.2,1,Layer 4,0.676032522639516,0.20653454180633216,0.6099154597112746,0.20592258626327936
0.2,2,Layer 1,-0.058746386172051676,0.38677672812372776,1.1772472044254036,0.38563072048438074
0.2,2,Layer 2,0.38826542681436715,0.27887572213259265,0.8489006741451542,0.27804942188039605
0.2,2,Layer 3,0.39728407914561953,0.27347269260901524,0.8415746650392785,0.2726624013683735
0.2,2,Layer 4,0.1792665119893386,0.3703003634903163,1.0863678572881106,0.3692031748164487
0.2,3,Layer 1,0.8654116027779897,0.17985149171369705,0.5638074923798178,0.17931859723358773
0.2,3,Layer 2,0.942355104129158,0.0729849803392901,0.22061794407494628,0.0727687280703592
0.2,3,Layer 3,0.9508666292627791,0.061466542023864305,0.18992098918178013,0.061284418536069904
0.2,3,Layer 4,0.9387884306383644,0.07779274100325706,0.23770676438857274,0.0775622434862323
0.2,4,Layer 1,0.6930131133980768,0.3088835846436391,0.8307394826337965,0.3079683720107909
0.2,4,Layer 2,0.7908583404758037,0.22913031099989076,0.6159159803684069,0.22845140488243731
0.2,4,Layer 3,0.8457693101710889,0.16932292739660113,0.4911228813144486,0.1688212287311865
0.2,4,Layer 4,0.8392739861670159,0.17480162537018945,0.4613211548085332,0.17428369348991243
0.2,5,Layer 1,0.5649531977461822,0.34892270476397197,1.0131960078807045,0.34788885744037285
0.2,5,Layer 2,0.7388684465751968,0.21076989829645024,0.6360706089333407,0.21014539352139855
0.2,5,Layer 3,0.7168885236728647,0.22482629243508934,0.6838664250003548,0.22416013899326626
0.2,5,Layer 4,0.6204622156075468,0.32838667231803975,0.9508534591314418,0.32741367263173016
0.2,6,Layer 1,0.8405221944930488,0.15618724278088192,0.48704094319416225,0.15572446474802626
0.2,6,Layer 2,0.8181026266094206,0.23392380963614487,0.6746628526962191,0.23323070052855024
0.2,6,Layer 3,0.8749441650680841,0.13854627980664536,0.3953920591936949,0.13813577140860453
0.2,6,Layer 4,0.8870810138382305,0.12217542654876103,0.33181761923575137,0.12181342448921473
0.2,7,Layer 1,0.7539768742340153,0.21207741672854782,0.5849705740469602,0.21144903781629293
0.2,7,Layer 2,0.7138664614277594,0.2814805861998519,0.7773570078672845,0.2806465678149357
0.2,7,Layer 3,0.8110228134567377,0.1815118534601077,0.49099026675980156,0.1809740393788251
0.2,7,Layer 4,0.6043223771554294,0.41413183486571137,1.198231509260962,0.41290477488008287
0.2,8,Layer 1,0.35261307241296663,0.4996389956092586,1.3943676430306078,0.4981585805163919
0.2,8,Layer 2,0.710781262131169,0.21562898091725555,0.6020297591894206,0.21499007882871846
0.2,8,Layer 3,0.5928169552426016,0.31257698070187434,0.9133678464548012,0.3116508246492439
0.2,8,Layer 4,0.6953795585871105,0.22413335122148434,0.6217984237041594,0.22346925094332562
0.2,9,Layer 1,0.7760370830953696,0.23819350905655554,0.6411071292133402,0.2374877489599077
0.2,9,Layer 2,0.8852253578750877,0.11493219883282618,0.2771078671640784,0.11459165823590782
0.2,9,Layer 3,0.8944253373061577,0.11285037346079407,0.28978467732981783,0.11251600124890687
0.2,9,Layer 4,0.8644719992168135,0.145369757181888,0.3944111176612636,0.14493903102866615
0.2,10,Layer 1,0.5878526540208624,0.3080110980061021,0.8443042159868787,0.307098470524529
0.2,10,Layer 2,0.6616592223193122,0.22879332535436897,0.6597771389119843,0.228115417715097
0.2,10,Layer 3,0.7419979775697522,0.20396817033815745,0.5446230485490042,0.20336381887542831
0.2,10,Layer 4,0.5794199796823793,0.36707317379359533,1.0871243367914294,0.36598554718429144
0.2,11,Layer 1,0.16505963655663822,0.25830651247218106,0.8313968772276352,0.2575411581603479
0.2,11,Layer 2,0.6884438893147145,0.0990359273568998,0.3067135784885018,0.0987424869271423
0.2,11,Layer 3,0.646768851988372,0.13987443992325452,0.4011831667705246,0.13945999622732935
0.2,11,Layer 4,0.6697290840964014,0.1075903465487879,0.3345467275308518,0.10727155963608233
0.2,12,Layer 1,0.6202146707680939,0.321030679670653,0.9434719468844588,0.3200794755660212
0.2,12,Layer 2,0.8496222712118784,0.13042922605964766,0.3700300572129136,0.13004276824409192
0.2,12,Layer 3,0.8647884294239016,0.1117643526735136,0.3157856637467472,0.11143319830806908
0.2,12,Layer 4,0.8470829067557238,0.13035938465037003,0.3690133212877864,0.12997313377277817
0.2,13,Layer 1,0.9478854724825246,0.05802133820698697,0.16330457008894417,0.057849422752939604
0.2,13,Layer 2,0.9754811093116182,0.02753792939655618,0.07300469533178666,0.02745633535232983
0.2,13,Layer 3,0.9782309234291061,0.023529109448457947,0.06403823278530807,0.023459393415371434
0.2,13,Layer 4,0.9734356289650733,0.030395008614746127,0.07815218802282109,0.03030494913200657
0.2,14,Layer 1,0.8499948028872872,0.21149241133329888,0.6156261256895756,0.21086576577417315
0.2,14,Layer 2,0.9457429756294583,0.07342756809226873,0.21512282849584796,0.07321000444933544
0.2,14,Layer 3,0.9426179805562339,0.0801657819644363,0.22914326299676835,0.07992825319947891
0.2,14,Layer 4,0.9139141006671273,0.12463830662054708,0.3766656144299164,0.12426900712252573
0.2,15,Layer 1,0.9022395036239058,0.1228544466420952,0.3738782254524031,0.12249043266673895
0.2,15,Layer 2,0.9446073619651684,0.07748369798167053,0.23534610002817835,0.07725411614968541
0.2,15,Layer 3,0.9615404166854513,0.046748034330847406,0.1386183990212223,0.04660952133207547
0.2,15,Layer 4,0.9578098596821268,0.05109932460455831,0.15759488641110664,0.0509479188655254
0.2,16,Layer 1,0.5854705152426732,0.4497685271603116,1.2646132932776375,0.44843587674319885
0.2,16,Layer 2,0.8487022465036176,0.16085110718796103,0.4544691087898577,0.1603745102672283
0.2,16,Layer 3,0.8121118077057392,0.19784585847063865,0.5319416426251391,0.1972596472310938
0.2,16,Layer 4,0.8195272167362214,0.1903779575991886,0.5163945548026785,0.1898138735219735
0.2,17,Layer 1,0.7552390217938861,0.2713775802038994,0.8314671366462973,0.27057349671736214
0.2,17,Layer 2,0.8578640868556896,0.1578461068356155,0.4262281311626598,0.15737841363920124
0.2,17,Layer 3,0.9050660954013773,0.09928869737022404,0.3062957894485465,0.09899450799063267
0.2,17,Layer 4,0.8982965425974034,0.10636843349224395,0.32931478782601464,0.10605326707062697
0.2,18,Layer 1,0.9468017509662613,0.06851118903979998,0.18769073920406232,0.0683081924779302
0.2,18,Layer 2,0.9766658004523624,0.02922066419927358,0.08806392666168572,0.029134084263191053
0.2,18,Layer 3,0.9758604149568297,0.031159139682875325,0.09521848225495322,0.03106681610310546
0.2,18,Layer 4,0.9755189452534376,0.02949948573674866,0.08512186653626796,0.02941207966096143
0.2,19,Layer 1,0.38862051073952675,0.4475071561266482,1.3004369184247806,0.4461812060828813
0.2,19,Layer 2,0.6463746438419369,0.21594974578881757,0.6626625085688003,0.2153098932837572
0.2,19,Layer 3,0.71623433636731,0.19086847422227118,0.5387051577347037,0.19030293675927457
0.2,19,Layer 4,0.6431717897658618,0.2596733367743835,0.6853829157191482,0.2589039326038642
0.2,20,Layer 1,0.15179245626425034,0.44167153683901955,1.223514213436578,0.4403628775570738
0.2,20,Layer 2,0.45308470331546763,0.33236846271023535,0.9623561851172533,0.33138366510053496
0.2,20,Layer 3,0.4645643653854844,0.3303437919656899,0.9598636088016306,0.32936499339360414
0.2,20,Layer 4,0.22127306289750726,0.42221710978442123,1.1953812893381077,0.420966093376006
0.2,21,Layer 1,0.1480440896887854,0.43294458528521124,1.2368692815749776,0.43166178369433567
0.2,21,Layer 2,0.6057917601532122,0.18709887206421166,0.530534069962602,0.1865445038173449
0.2,21,Layer 3,0.6056131891084743,0.18689468453404914,0.5440826679150168,0.1863409212886016
0.2,21,Layer 4,0.3564121312070038,0.3848420380017799,1.174519560553636,0.3837017627902091
0.2,22,Layer 1,-0.22050642833532116,0.19901457359524038,0.6248434434540032,0.19842489948845551
0.2,22,Layer 2,0.07124783789574726,0.20132992754461046,0.6280219345557461,0.2007333931147481
0.2,22,Layer 3,0.006856841512794973,0.1836305076063917,0.5704949153248136,0.18308641601754416
0.2,22,Layer 4,0.009015333963502082,0.19323712416431188,0.5895382852179567,0.19266456846383834
0.2,23,Layer 1,-0.14955313367378345,0.3808187524556566,1.143490812751367,0.37969039811635114
0.2,23,Layer 2,0.33658812370290575,0.2559065989472788,0.8216329232995175,0.25514835550596426
0.2,23,Layer 3,0.2671636090921665,0.2750488177860171,0.852196895939068,0.27423385653458593
0.2,23,Layer 4,0.3202615257265013,0.2634445042653089,0.8351273585575175,0.2626639262406263
0.2,24,Layer 1,0.720295596301088,0.25717290941372317,0.7814345509936185,0.25641091393314985
0.2,24,Layer 2,0.8068991723140762,0.1816884833872057,0.4907945030420426,0.18115014595684073
0.2,24,Layer 3,0.8476507999699184,0.13707814941906712,0.3724437752209383,0.13667199104655112
0.2,24,Layer 4,0.7389098754360506,0.2097673358775759,0.6079825903578153,0.20914580166436883
0.2,25,Layer 1,0.8045339990429345,0.256574183675104,0.7163065350844908,0.2558139622006184
0.2,25,Layer 2,0.923809526699778,0.10110172131201837,0.29080092632890175,0.10080215999782875
0.2,25,Layer 3,0.9081772933036062,0.1265798416210492,0.3717350264339958,0.12620478941408533
0.2,25,Layer 4,0.895500353998274,0.14162792905002483,0.42734619904892923,0.14120828981934103
0.2,26,Layer 1,0.9531346651465756,0.052993114084385846,0.1622926744968699,0.05283609710493078
0.2,26,Layer 2,0.9751255208981706,0.030367123804255765,0.08627904732772573,0.030277146943358535
0.2,26,Layer 3,0.977887689730162,0.026276271238694013,0.07622580581517369,0.026198415449078177
0.2,26,Layer 4,0.9693328264000575,0.040759040770539594,0.1201690152504662,0.040638272976877124
0.2,27,Layer 1,0.888326967776832,0.11718328147158907,0.3191368327166143,0.1168360709855248
0.2,27,Layer 2,0.9044421358787558,0.12408433053116914,0.3397873003286236,0.12371667244739087
0.2,27,Layer 3,0.9096485250782494,0.12092496860549047,0.29224048889417353,0.12056667161466075
0.2,27,Layer 4,0.925845477517511,0.08581512634601297,0.22858960355433044,0.0855608587460952
0.2,28,Layer 1,0.47341113796052553,0.23213974364971723,0.6745444385964174,0.23145192067518308
0.2,28,Layer 2,0.790376618385443,0.12036822377681354,0.3652598460793465,0.12001157640391695
0.2,28,Layer 3,0.7916187088847756,0.11097949623295995,0.32044440413272046,0.11065066737319161
0.2,28,Layer 4,0.7876360508080915,0.11125502875259224,0.31968074685697745,0.11092538349837866
0.2,29,Layer 1,0.5678296429310162,0.22818975303526082,0.6734838086003505,0.22751363376234657
0.2,29,Layer 2,0.6179376487763735,0.21684193896671128,0.6381706604563592,0.21619944292049828
0.2,29,Layer 3,0.51895659685132,0.2932880293140204,0.973820572547293,0.29241902583557067
0.2,29,Layer 4,0.26565578146744956,0.4567581225970808,1.3938443207509743,0.45540476222204135
0.2,30,Layer 1,0.9252348561050316,0.08527370028481233,0.2568751382012284,0.0850210369137873
0.2,30,Layer 2,0.9659936519825324,0.03814880227095282,0.11568630522184165,0.03803576853428895
0.2,30,Layer 3,0.9667404365495565,0.037145311896458505,0.11412656357919893,0.03703525147114343
0.2,30,Layer 4,0.9469964396056816,0.06836292703375432,0.21215066555811246,0.06816036976768286
0.2,31,Layer 1,0.7017748699437478,0.29292346267206315,0.8766021402214975,0.2920555393934455
0.2,31,Layer 2,0.7435658084402205,0.27817705321089603,0.8238478676131173,0.27735282309338816
0.2,31,Layer 3,0.7530583829580428,0.2684656429924095,0.7681268867362866,0.2676701874869451
0.2,31,Layer 4,0.7735267963882941,0.24905286068496,0.7079071860813696,0.24831492466091132
0.2,32,Layer 1,0.48913503388729984,0.42534454852128895,1.1909120519746517,0.4240842656073592
0.2,32,Layer 2,0.7864373889273824,0.17500029081142884,0.48319203654029563,0.17448177029151354
0.2,32,Layer 3,0.8181591478131077,0.14757403920530276,0.4191289476692983,0.14713678183172965
0.2,32,Layer 4,0.8060190514770298,0.15587246762277854,0.44247354382735715,0.1554106222591081
0.2,33,Layer 1,0.7277147307759425,0.2542565841386567,0.7260200866169442,0.25350322964085453
0.2,33,Layer 2,0.8944913332508168,0.0992070954734049,0.26289393825764484,0.09891314787774294
0.2,33,Layer 3,0.9032340390692554,0.08878437876579001,0.2498289836628097,0.08852131336158674
0.2,33,Layer 4,0.894078686527698,0.09711361130939901,0.27547317314382624,0.09682586664341293
0.2,34,Layer 1,0.7075901514646402,0.35431124517131013,1.0047627354625641,0.3532614317669654
0.2,34,Layer 2,0.878360393340773,0.14680066550413698,0.3973590471927474,0.1463656996132337
0.2,34,Layer 3,0.8466734177058715,0.18710936206574597,0.5138014425748757,0.1865549627373249
0.2,34,Layer 4,0.8470342008904562,0.18497922106393538,0.4952039435043841,0.18443113327828162
0.2,35,Layer 1,-0.09533961507005076,0.30245094237660924,0.941546975413182,0.30155478946644654
0.2,35,Layer 2,0.4636380839889894,0.239628371439642,0.7917925061960008,0.2389183598895513
0.2,35,Layer 3,0.5478395920348443,0.13471318544657643,0.39991857068068504,0.13431403439012204
0.2,35,Layer 4,0.5314776385491299,0.14469742144651124,0.44340069961523937,0.1442686874035507
0.2,36,Layer 1,0.7823297703959641,0.1912856384086455,0.5315034743904742,0.19071886490089823
0.2,36,Layer 2,0.7659838250029025,0.24086551101288992,0.6825878728236332,0.24015183385600644
0.2,36,Layer 3,0.8368281798658573,0.1591397188532749,0.46040874384023756,0.15866819272393895
0.2,36,Layer 4,0.6753069542595049,0.3110111552307351,0.8037608517360368,0.31008963867117995
0.2,37,Layer 1,0.6815041332652843,0.3501549058189243,0.9405296258794571,0.34911740752121134
0.2,37,Layer 2,0.8922895340362264,0.11578529749128103,0.3084974322300663,0.11544222918907793
0.2,37,Layer 3,0.8827908036863565,0.12491695287293358,0.33793105917429256,0.1245468277545719
0.2,37,Layer 4,0.8794410199647338,0.12669386825246592,0.34190324645908665,0.12631847818807376
0.2,38,Layer 1,0.9033815893066822,0.10628153002209308,0.2839683693579603,0.10596662109280545
0.2,38,Layer 2,0.9192578063933533,0.10463589928360904,0.2930139120236165,0.1043258663079678
0.2,38,Layer 3,0.9301120126395485,0.09023406659587259,0.2621965340772423,0.08996670581087948
0.2,38,Layer 4,0.895067987630997,0.14488481387131996,0.4080338995144097,0.1444555245903248
0.2,39,Layer 1,-0.1809573760781282,0.43866557003334244,1.2882731091550328,0.4373658173392871
0.2,39,Layer 2,0.46458588835773923,0.19322812497688704,0.6285701923925755,0.1926555959407311
0.2,39,Layer 3,0.4466942206775651,0.2017919845528456,0.6430147641461992,0.20119408106217182
0.2,39,Layer 4,0.4558152891787204,0.19989517191757641,0.6401201118227626,0.1993028886248421
0.2,40,Layer 1,0.8790661118499712,0.1544937365277987,0.42580869532065946,0.15403597630227786
0.2,40,Layer 2,0.9393034782616456,0.08246501625014596,0.22812702529511664,0.08222067492418253
0.2,40,Layer 3,0.9262496276643352,0.10404156639468395,0.29300749622707034,0.10373329440925105
0.2,40,Layer 4,0.9319315116383291,0.09292430951892727,0.2649254952913539,0.09264897762627089
0.2,41,Layer 1,0.894955780005709,0.11247233799159534,0.3310525745237137,0.11213908588726407
0.2,41,Layer 2,0.9310530710522945,0.08123168669958454,0.22304145142482168,0.08099099969143292
0.2,41,Layer 3,0.9022127520931261,0.13116229159993628,0.3986844898777445,0.130773661733561
0.2,41,Layer 4,0.8957100199462975,0.13619808705098724,0.350684916206936,0.13579453627640453
0.2,42,Layer 1,-0.08949623239649941,0.3417271490408913,1.0908676374227035,0.34071462192926055
0.2,42,Layer 2,0.483812875785218,0.21557452738392627,0.7271003588501356,0.21493578663954627
0.2,42,Layer 3,0.5074228851895923,0.18981563790916403,0.6245566853843396,0.189253219968026
0.2,42,Layer 4,0.3836147619313163,0.28174703770822496,0.8924377073944196,0.28091222983562275
0.2,43,Layer 1,0.6430856839098678,0.3874698333675202,1.048956127212084,0.38632177207849233
0.2,43,Layer 2,0.8510419992315085,0.16804858681888094,0.4611375618801101,0.16755066398569973
0.2,43,Layer 3,0.8319074493713486,0.19146096887938324,0.5227093425695393,0.1908936758728031
0.2,43,Layer 4,0.7960994750460374,0.2314404048079978,0.6330265872954594,0.23075465395310485
0.2,44,Layer 1,0.8517705293084167,0.17447706457220358,0.4729284448146306,0.173960094355664
0.2,44,Layer 2,0.9240141319244113,0.09008429525732786,0.25428741647481956,0.08981737824023923
0.2,44,Layer 3,0.8812209120991481,0.15871179298802776,0.45149270774958694,0.1582415347899684
0.2,44,Layer 4,0.9105403822282855,0.10599103369022969,0.2924933054418527,0.10567698549270622
0.2,45,Layer 1,0.7419941433431424,0.31484819818713883,0.9256251615949953,0.31391531258642674
0.2,45,Layer 2,0.899940035540598,0.11675089319052114,0.3381609936929856,0.1164049638577353
0.2,45,Layer 3,0.8950444679966,0.12357152026628063,0.36237141065391465,0.12320538162366407
0.2,45,Layer 4,0.9078456186348187,0.10550640333842422,0.3053254747610731,0.10519379108584011
0.2,46,Layer 1,0.7294853491171185,0.25762367756299975,0.7484550165433907,0.2568603464701595
0.2,46,Layer 2,0.8528970655473496,0.1409321017636763,0.39627045331549005,0.14051452424800234
0.2,46,Layer 3,0.859627242533064,0.13581602296426112,0.3644081222281921,0.13541360423390514
0.2,46,Layer 4,0.6993899403572282,0.31894660775290756,0.9545428320165078,0.3180015786897533
0.2,47,Layer 1,0.06101299590084881,0.39654962893067663,1.137705510260703,0.39537466448454933
0.2,47,Layer 2,0.5461024992847603,0.18876427078067104,0.602779501641837,0.18820496800824263
0.2,47,Layer 3,0.5170934164202092,0.21133915536447398,0.6576430833253055,0.2107129638981059
0.2,47,Layer 4,0.46416177033540207,0.20125330287482188,0.628306401399199,0.2006569954815172
0.2,48,Layer 1,-0.04506012874769444,0.4161393814490238,1.1954130441704138,0.4149063731641479
0.2,48,Layer 2,0.43275623558735177,0.2817830991917608,0.8699419308603917,0.28094818447008363
0.2,48,Layer 3,0.43690071448271783,0.2765645784056299,0.8498052872782365,0.2757451260017504
0.2,48,Layer 4,0.2568180921880822,0.35378074542481464,1.0693989756454323,0.35273250387502564
0.2,49,Layer 1,0.5132140942180958,0.42590553147068655,1.1295713376220968,0.4246435863814014
0.2,49,Layer 2,0.7413536690191251,0.25177625572146073,0.6928292371854153,0.2510302503610485
0.2,49,Layer 3,0.7429316436579265,0.25170465752507465,0.6856576701740082,0.25095886430793274
0.2,49,Layer 4,0.6501161867104499,0.3319168319450891,0.9162906411810748,0.3309333725035601
0.25,0,Layer 1,0.18871598527305722,0.49003182622609165,1.3059064029466179,0.4885798768828555
0.25,0,Layer 2,0.5650499327343177,0.2983366865746644,0.8529483610692006,0.2974527240788581
0.25,0,Layer 3,0.5495939063655997,0.30855861214563374,0.8550107061872526,0.30764436239637766
0.25,0,Layer 4,0.5135217861630941,0.32544345169157984,0.9050622475613995,0.3244791726781467
0.25,1,Layer 1,0.528097730863957,0.4668268884262612,1.2702529146043913,0.46544369460541163
0.25,1,Layer 2,0.7924248775449573,0.22143042553961093,0.6066116878811714,0.22077433394774276
0.25,1,Layer 3,0.7590201319840132,0.2537409058265872,0.6998105885588406,0.252989079267883
0.25,1,Layer 4,0.7387660585222835,0.2704343317588617,0.7566192853522391,0.26963304308867525
0.25,2,Layer 1,0.44726531129260305,0.4217683153587269,1.2014187635350912,0.4205186287144957
0.25,2,Layer 2,0.7841134339633009,0.16959521069326122,0.4782095224711427,0.1690927052607499
0.25,2,Layer 3,0.777592020910232,0.17593719840877203,0.4943212889461746,0.1754159018602443
0.25,2,Layer 4,0.7012109199058116,0.24938767317081653,0.6734257246678661,0.24864874510759208
0.25,3,Layer 1,0.8105927526626839,0.21313611361761098,0.6420355136138841,0.21250459781878972
0.25,3,Layer 2,0.9009942387715044,0.10245568668026174,0.27120247783277696,0.10215211360801488
0.25,3,Layer 3,0.8849205014094782,0.12843133158429854,0.33948623747909257,0.128050793469089
0.25,3,Layer 4,0.8594040999878335,0.13519817060000597,0.3685354880758861,0.13479758254734578
0.25,4,Layer 1,0.18095630675890584,0.4430488512234774,1.3207811208131914,0.4417361110010521
0.25,4,Layer 2,0.6409594233909228,0.20662699054955766,0.5973155353602045,0.20601476108370065
0.25,4,Layer 3,0.6141826506855552,0.22113097832612083,0.6683567714873508,0.2204757739872058
0.25,4,Layer 4,0.6377863249750628,0.20969929638387302,0.6189750631267471,0.2090779637696089
0.25,5,Layer 1,0.6663700205822417,0.21725758006288357,0.6036071522879833,0.2166138524847898
0.25,5,Layer 2,0.873682289994432,0.08962214875437327,0.24376087239424282,0.08935660106326618
0.25,5,Layer 3,0.8747402021838486,0.08581722199399935,0.2281987867280867,0.08556294818474058
0.25,5,Layer 4,0.8638493620254142,0.09970634855395383,0.2652408455797095,0.09941092168665358
0.25,6,Layer 1,0.31630482307269714,0.5002394939391667,1.3982224842858089,0.49875729958807824
0.25,6,Layer 2,0.6687093094330517,0.24628372648226657,0.7052758079286606,0.24555399531833466
0.25,6,Layer 3,0.6657042138186804,0.25754880581236494,0.7104221130682042,0.2567856965622364
0.25,6,Layer 4,0.5960501767609728,0.2981018874449569,0.8241362795922227,0.29721862065180493
0.25,7,Layer 1,0.8090806681433355,0.2149161497650801,0.606986743933965,0.21427935977348828
0.25,7,Layer 2,0.8844966011581901,0.14630328617662502,0.3946594463182038,0.14586979400548708
0.25,7,Layer 3,0.8939375984015137,0.13386705900792864,0.36069756752839055,0.13347041499828455
0.25,7,Layer 4,0.8435150027989884,0.1972217022628184,0.5418883462244499,0.19663734037906527
0.25,8,Layer 1,0.6982372019148434,0.2999574767517391,0.8687577436051455,0.29906871190411155
0.25,8,Layer 2,0.8355280552553012,0.1496538314375795,0.42082374041225534,0.14921041170310628
0.25,8,Layer 3,0.8378806494947861,0.16434136272727806,0.4752654599160117,0.16385442428591998
0.25,8,Layer 4,0.8551335954256101,0.13974492013727116,0.38401713171949103,0.13933086020451835
0.25,9,Layer 1,0.7455472411650382,0.2778794334907422,0.8366742181748712,0.27705608521138037
0.25,9,Layer 2,0.8596851857763941,0.16328750625505253,0.43487138226507893,0.1628036903582534
0.25,9,Layer 3,0.9033656840824615,0.10142255601414277,0.29302469452246493,0.10112204407652402
0.25,9,Layer 4,0.8993615641290608,0.1042674936104356,0.3044688502816496,0.10395855220955869
0.25,10,Layer 1,0.741932008166812,0.2581180395058768,0.719378989826093,0.25735324363368983
0.25,10,Layer 2,0.7470131686547057,0.2771665210098164,0.763369766624503,0.2763452850683745
0.25,10,Layer 3,0.8043890818121793,0.22324327439600195,0.6300731750099686,0.22258181138830815
0.25,10,Layer 4,0.7163024015780228,0.3149106707303566,0.8745326678589965,0.313977600025406
0.25,11,Layer 1,0.6906017896215975,0.27956339225042687,0.8366892456219133,0.2787350544526618
0.25,11,Layer 2,0.7203122404684559,0.27715274982968785,0.7575893509717084,0.27633155469183235
0.25,11,Layer 3,0.8209180616333248,0.1789298957300274,0.5251626656444394,0.17839973191068673
0.25,11,Layer 4,0.8042918378797137,0.19137046093493779,0.5415954861774517,0.1908034361006343
0.25,12,Layer 1,0.6664521602864306,0.2568285008920798,0.7397800332056857,0.2560675258834433
0.25,12,Layer 2,0.6951772721805761,0.21919542227933414,0.6843564783581365,0.21854595293390425
0.25,12,Layer 3,0.7055505278122023,0.27942835871751226,0.749877394196992,0.2786004210199835
0.25,12,Layer 4,0.7658893876007031,0.19124222380090528,0.580259096037089,0.19067557892931558
0.25,13,Layer 1,0.18775500759843386,0.5282736109835774,1.4806976331171748,0.5267083523994079
0.25,13,Layer 2,0.6629251519122091,0.2233953885177002,0.6022685130131531,0.222733474800507
0.25,13,Layer 3,0.591295496704665,0.2636011354591392,0.7510671207186909,0.2628200933410103
0.25,13,Layer 4,0.6310036345221318,0.24253512652684575,0.646599192613672,0.2418165023501583
0.25,14,Layer 1,0.9392425529286907,0.06664666310364295,0.18582360487572758,0.06644919107520869
0.25,14,Layer 2,0.9641750289822664,0.04274241775768509,0.11437332939218703,0.042615773278550866
0.25,14,Layer 3,0.9629330756062605,0.048055036149398316,0.11996102445209511,0.04791265054413333
0.25,14,Layer 4,0.9671978386802321,0.037449986909924016,0.09446889315904416,0.037339023741844016
0.25,15,Layer 1,0.8535189244851608,0.2053514211358944,0.6078068786374422,0.20474297114327433
0.25,15,Layer 2,0.9434024870940129,0.07420484559500301,0.22177608026300122,0.07398497890255493
0.25,15,Layer 3,0.947555967569752,0.07055684681102908,0.21072388536097364,0.07034778902762541
0.25,15,Layer 4,0.9399074545368467,0.0808421518185428,0.24486070615435362,0.08060261899035347
0.25,16,Layer 1,0.7552892279954617,0.26822255637619946,0.7818627947397632,0.2674278211289589
0.25,16,Layer 2,0.9050226881626786,0.10187389239302251,0.2862899208283788,0.10157204315948984
0.25,16,Layer 3,0.9068994344441232,0.10010745801488226,0.2895277255150225,0.09981084267249289
0.25,16,Layer 4,0.9123291884946583,0.09083978107102621,0.26446076554479137,0.09057062557253222
0.25,17,Layer 1,0.5178536330931901,0.3871490079181039,1.052819412821556,0.3860018972250898
0.25,17,Layer 2,0.6352698674585332,0.30530538245489186,0.8945183805093317,0.30440077192590687
0.25,17,Layer 3,0.6296085078041284,0.3218741446235956,0.9320115034493677,0.32092044135805425
0.25,17,Layer 4,0.6556683373866821,0.30269051322832125,0.852161390123594,0.30179365047703754
0.25,18,Layer 1,0.7869190835731342,0.20972930111312482,0.5722352894104356,0.20910787959576382
0.25,18,Layer 2,0.8634069155672158,0.13337341887939694,0.3644376409527954,0.13297823751038568
0.25,18,Layer 3,0.8912915327068927,0.11116699268070852,0.30361970666707516,0.1108376082746887
0.25,18,Layer 4,0.847679497462907,0.17120251272055764,0.5006810994230428,0.17069524490120108
0.25,19,Layer 1,0.5235948905841984,0.4414117352014905,1.1656620429918718,0.44010384570386674
0.25,19,Layer 2,0.7930102017155212,0.2002635699769374,0.5631253392167355,0.19967019513199818
0.25,19,Layer 3,0.7254662900365526,0.2665528906286198,0.7698818154748431,0.26576310255002383
0.25,19,Layer 4,0.7743213958176208,0.21676713876863227,0.5908419720427804,0.21612486435312306
0.25,20,Layer 1,-0.031170233528540665,0.3266925159973981,1.0111255784896862,0.32572453604455376
0.25,20,Layer 2,0.5227396602334297,0.14260736150730866,0.4129050562322941,0.1421848202481504
0.25,20,Layer 3,0.5290679469256451,0.13670748640714672,0.3927191258452083,0.13630242629782074
0.25,20,Layer 4,0.3456405293665377,0.29324879942102267,0.9719112271614285,0.2923799121795485
0.25,21,Layer 1,0.8786215220066129,0.16063546882076674,0.4465539533838042,0.1601595108299338
0.25,21,Layer 2,0.955946242137489,0.0556949006850999,0.15459997470377085,0.05552987839441703
0.25,21,Layer 3,0.94484001434493,0.07263185022300131,0.19177329689484135,0.07241664426782596
0.25,21,Layer 4,0.9448787623662888,0.07183717380404298,0.19545384563537616,0.07162432245084002
0.25,22,Layer 1,0.8711333442944654,0.14011958108531797,0.3968964636162847,0.13970441104361236
0.25,22,Layer 2,0.8767734712937504,0.1738187597749367,0.5097603112250022,0.1733037400954171
0.25,22,Layer 3,0.9350302583332981,0.07543951082688896,0.21429618890852586,0.07521598585904611
0.25,22,Layer 4,0.9290693430611522,0.08173667555311401,0.23823166565782006,0.08149449227840383
0.25,23,Layer 1,0.623442736372358,0.40573049567271696,1.1792211876012164,0.4045283285986726
0.25,23,Layer 2,0.8539589907130851,0.15093598309130632,0.4281110968641193,0.1504887643806199
0.25,23,Layer 3,0.8481666523236662,0.16121376851741306,0.4613915201786323,0.1607360970422312
0.25,23,Layer 4,0.7652862446519448,0.2443727856790339,0.6682685055381206,0.2436487165743718
0.25,24,Layer 1,0.635303421336743,0.3292084368327907,0.9601509309447059,0.32823300228330754
0.25,24,Layer 2,0.7289930166158347,0.2777855855390999,0.7606722160897523,0.2769625153283542
0.25,24,Layer 3,0.7670988465264174,0.24152116562404186,0.6679719924737826,0.240805545782559
0.25,24,Layer 4,0.7431771978881725,0.2647558782180823,0.7663069845598864,0.2639714146324063
0.25,25,Layer 1,0.9051406745524201,0.10149699396524783,0.2639386272603199,0.10119626147025212
0.25,25,Layer 2,0.9177714059140614,0.10595561178011005,0.28910979558931793,0.10564166853662499
0.25,25,Layer 3,0.938227243904527,0.07487133275338492,0.20654315506694454,0.07464949127983064
0.25,25,Layer 4,0.8929977695171071,0.13945905015291354,0.4131645638930085,0.1390458372441984
0.25,26,Layer 1,0.3305706376045113,0.47057318993068864,1.334374440063469,0.4691788959328346
0.25,26,Layer 2,0.7009941529553285,0.20868308951864073,0.6061316961992163,0.2080647678942993
0.25,26,Layer 3,0.5793578258202077,0.2981298638605666,0.8934607665858035,0.2972465141741491
0.25,26,Layer 4,0.6845902749392818,0.21701694870109156,0.616822552503778,0.2163739341063777
0.25,27,Layer 1,0.09193970225979639,0.5252029460156475,1.4525202877913057,0.5236467857180482
0.25,27,Layer 2,0.5996966400495806,0.2100802933631092,0.5873701775009266,0.20945783186642536
0.25,27,Layer 3,0.6009063490167269,0.22043508427893474,0.6150422978438406,0.21978194185283983
0.25,27,Layer 4,0.587896041927133,0.2256596395012734,0.6421466592650334,0.22499101687753056
0.25,28,Layer 1,0.47688559343866394,0.4496224863358924,1.2328056092016648,0.44829026863328464
0.25,28,Layer 2,0.7971427796102295,0.18197143684060899,0.5001946771655648,0.18143226102779847
0.25,28,Layer 3,0.7827732710145414,0.19656290701411527,0.5224361097368405,0.1959804971205748
0.25,28,Layer 4,0.7372300649964275,0.24241362081630932,0.7071141172080817,0.2416953566573333
0.25,29,Layer 1,0.6180132140708465,0.3574134885027953,1.1023856605175266,0.35635448324615326
0.25,29,Layer 2,0.8678104971353005,0.12215210568261196,0.36406131640800954,0.1217901727220802
0.25,29,Layer 3,0.8436151137094037,0.14476864515939022,0.4236359169285061,0.14433970008274252
0.25,29,Layer 4,0.8591928284818124,0.12828788858090448,0.388373396510013,0.12790777548293553
0.25,30,Layer 1,0.9495034410181681,0.0520163050114508,0.14970951259390086,0.051862182287462456
0.25,30,Layer 2,0.9742233682491654,0.02814350910929752,0.08184552418490099,0.028060120750867192
0.25,30,Layer 3,0.9709952151947991,0.03482757070933214,0.09768088205372893,0.03472437768040711
0.25,30,Layer 4,0.9666635350833828,0.04067423552314047,0.1143659512909444,0.04055371900483741
0.25,31,Layer 1,0.684516321248378,0.3684192137194164,1.0686840584030701,0.3673275988348992
0.25,31,Layer 2,0.8827474432537962,0.13075737936313,0.36273076712674424,0.13036994923935274
0.25,31,Layer 3,0.8881236317273784,0.1253070844262495,0.3560792687542309,0.12493580336000387
0.25,31,Layer 4,0.8448612889667947,0.1728059226862531,0.4756976480096342,0.17229390401211112
0.25,32,Layer 1,0.8926839478487997,0.12329563936175064,0.3650231935735563,0.12293031814583316
0.25,32,Layer 2,0.9457966193089603,0.06292782642279321,0.19677487602771448,0.06274137319392946
0.25,32,Layer 3,0.9454572721710311,0.06403300232646705,0.18747937147131832,0.06384327449513542
0.25,32,Layer 4,0.900818578460692,0.13858091724867305,0.4378142814017921,0.13817030622094884
0.25,33,Layer 1,0.8294832608039934,0.1641332491862695,0.465108481109841,0.16364692737898084
0.25,33,Layer 2,0.8675895144804805,0.14114213714197388,0.41420225644349273,0.1407239372978852
0.25,33,Layer 3,0.8556545873301604,0.16464094720492956,0.5146950575956641,0.16415312110390873
0.25,33,Layer 4,0.7771657750722233,0.22797332119485397,0.6844570048107232,0.2272978432028765
0.25,34,Layer 1,0.8127784664566323,0.23064813058877057,0.6659788032773437,0.2299647272182056
0.25,34,Layer 2,0.9236290474918739,0.09155975252517509,0.24720547744823484,0.09128846377323914
0.25,34,Layer 3,0.9036872933010405,0.11970616998618021,0.35093303512177587,0.11935148425845653
0.25,34,Layer 4,0.9263310304595325,0.08543732021178646,0.24289723162193722,0.08518417203991215
0.25,35,Layer 1,0.6992758545020764,0.20552414285599327,0.6033726994158272,0.2049151810941888
0.25,35,Layer 2,0.6355421873039669,0.28322445126067886,0.8293973759235527,0.28238526585681767
0.25,35,Layer 3,0.7485283958734003,0.21754414512825035,0.6360501392375121,0.21689956846661507
0.25,35,Layer 4,0.760261312528073,0.19149065196463927,0.527678690475457,0.1909232710079835
0.25,36,Layer 1,0.8653934314326275,0.17737229541922664,0.5325136836988071,0.1768467467220622
0.25,36,Layer 2,0.9394640400659481,0.07990493036564243,0.2525272001199138,0.07966817449601
0.25,36,Layer 3,0.9379801963668578,0.08366757598505013,0.25766054628571844,0.08341967151129946
0.25,36,Layer 4,0.9470691915571455,0.06509507498038757,0.21158488947642629,0.06490220026020137
0.25,37,Layer 1,0.2795007836986999,0.477749890828676,1.30939232409904,0.4763343324851251
0.25,37,Layer 2,0.5483159030460871,0.359562113483686,0.9981947407955346,0.3584967419168105
0.25,37,Layer 3,0.5459744703807283,0.35926966382257264,0.9742280937559706,0.35820515877511644
0.25,37,Layer 4,0.45085851172937935,0.3991937952729824,1.0866701277209727,0.3980109962426942
0.25,38,Layer 1,0.3049138618149396,0.5086934373736741,1.3881946666386407,0.5071861942462399
0.25,38,Layer 2,0.6489051367304756,0.29629053766727337,0.858075728339773,0.2954126378482223
0.25,38,Layer 3,0.6196856118496972,0.3115181756737551,0.8687707819885051,0.31059515682810374
0.25,38,Layer 4,0.5773654453342284,0.3373503821501397,0.9598444286276524,0.3363508232652084
0.25,39,Layer 1,0.43736039476694255,0.4074144851244462,1.1625709869598033,0.40620732844105895
0.25,39,Layer 2,0.7117179106280667,0.18783784312834365,0.540966649462848,0.18728128533277047
0.25,39,Layer 3,0.7376621571474158,0.17034572004506535,0.48730405656134473,0.16984099087625334
0.25,39,Layer 4,0.5642373665599248,0.25426146448849113,0.7823104743340529,0.2535080955303615
0.25,40,Layer 1,-0.03223223314545054,0.41251214872369446,1.2439837369623974,0.411289887818665
0.25,40,Layer 2,0.4939969486857993,0.22481635590073965,0.6613631806887177,0.22415023190056452
0.25,40,Layer 3,0.5835541475442358,0.1447882498688974,0.44235012577100674,0.1443592467040938
0.25,40,Layer 4,0.5715069374928856,0.14929954060306008,0.4622215595362536,0.1488571706215151
0.25,41,Layer 1,0.3659329177346243,0.41862123935292594,1.2571427793208487,0.41738087739883756
0.25,41,Layer 2,0.6696816198697656,0.2034881951996843,0.5773595611680158,0.2028852658886396
0.25,41,Layer 3,0.6108695955469807,0.2323002253700357,0.6627898356223232,0.23161192689306281
0.25,41,Layer 4,0.6875585902309559,0.18622544601554192,0.5373942569543266,0.18567366570339672
0.25,42,Layer 1,0.6731232766072734,0.23911147936074112,0.7317403148683962,0.2384029993461025
0.25,42,Layer 2,0.6465165440510562,0.2638863175489443,0.7753054545422164,0.26310443044498827
0.25,42,Layer 3,0.7697233040661257,0.18965228771722611,0.5363577140219975,0.18909035377772074
0.25,42,Layer 4,0.7388541623258807,0.21619053625693388,0.6275159794532637,0.21554997029706638
0.25,43,Layer 1,0.564253084109659,0.3860847863464433,1.1129811838923627,0.38494082890946124
0.25,43,Layer 2,0.7964555164072753,0.17713717578223748,0.4955404952847281,0.17661232373738056
0.25,43,Layer 3,0.7970142921435507,0.17882775186131378,0.5004241767745025,0.17829789069113822
0.25,43,Layer 4,0.6654417123368063,0.321521078659046,0.90063866686453,0.3205684215171808
0.25,44,Layer 1,0.6604197024458738,0.32657261397700693,1.0037814528637177,0.32560498929018894
0.25,44,Layer 2,0.7969822742445323,0.2034042280041595,0.5612529320513964,0.202801547485352
0.25,44,Layer 3,0.83391032093652,0.1702063790641435,0.44782398572368765,0.1697020627584046
0.25,44,Layer 4,0.7901025914208251,0.21847306528675692,0.5959787202551794,0.21782573626304655
0.25,45,Layer 1,0.8782716270697858,0.15444697410789826,0.4500715765672164,0.15398935243800022
0.25,45,Layer 2,0.9270443563933954,0.09581763759791663,0.2660720799508365,0.09553373286247901
0.25,45,Layer 3,0.9393981740039176,0.07837277057445491,0.22283872755931478,0.07814055444751568
0.25,45,Layer 4,0.93819277522977,0.0744700681535929,0.20100893216686977,0.07424941561479947
0.25,46,Layer 1,0.5559747418243685,0.44055471404946916,1.2243434974909806,0.4392493638793588
0.25,46,Layer 2,0.8064609924417327,0.19494518869503027,0.50694523741174,0.19436757205148963
0.25,46,Layer 3,0.7587469467050001,0.23980956797366393,0.6531883445534583,0.23909901954377374
0.25,46,Layer 4,0.775833862015846,0.22251990383325831,0.5955641594633099,0.22186058415046161
0.25,47,Layer 1,0.8612716579457248,0.141232870896783,0.4009811780261011,0.14081440221134842
0.25,47,Layer 2,0.8230645421051123,0.2311728422435908,0.621758931329391,0.23048788416840904
0.25,47,Layer 3,0.9074273197410889,0.10940416060040571,0.3200234565764035,0.10907999941203061
0.25,47,Layer 4,0.8476491649267803,0.19947909049069887,0.5424082241358964,0.1988880400345318
0.25,48,Layer 1,0.8098746801077193,0.2458484379526476,0.7490148677969266,0.2451199965353421
0.25,48,Layer 2,0.9332335523218374,0.0840877537656555,0.26350987912409807,0.08383860431796653
0.25,48,Layer 3,0.9177236864309362,0.10832161125529693,0.3516968199322553,0.10800065762758736
0.25,48,Layer 4,0.9118558355780204,0.11534987381506802,0.3768401819475634,0.11500809565992655
0.25,49,Layer 1,0.25139648065945264,0.32399507627658825,1.0221992951041985,0.3230350887552992
0.25,49,Layer 2,0.7044679417413252,0.14668180967253605,0.4287442082832842,0.14624719594783386
0.25,49,Layer 3,0.7054183902359652,0.13853667161818298,0.418994634875043,0.13812619168891135
0.25,49,Layer 4,0.6157722655230865,0.23384641851877028,0.7078001175750712,0.23315353871869407
0.3,0,Layer 1,0.9154163178996089,0.09658998930721385,0.254182234715152,0.09630379611723705
0.3,0,Layer 2,0.9539485638174365,0.055263539138107665,0.15295605236858223,0.055099794958521534
0.3,0,Layer 3,0.9368738254981532,0.08668224612812697,0.22562396792767825,0.08642540927876302
0.3,0,Layer 4,0.9461398022828935,0.0649986436889124,0.17438302698359842,0.06480605469169935
0.3,1,Layer 1,-0.1424936435676747,0.4717219444964595,1.3692807190482472,0.47032424677389206
0.3,1,Layer 2,0.4910241133060943,0.18763956598364387,0.5285928803855052,0.18708359567719812
0.3,1,Layer 3,0.5356481952035153,0.1736935132829384,0.49214449415558803,0.1731788647049515
0.3,1,Layer 4,0.5147766172176437,0.1773726254430176,0.5245417657061622,0.17684707576800274
0.3,2,Layer 1,-0.21140892492497204,0.27802487801556364,0.9037989200394315,0.2772010987885145
0.3,2,Layer 2,0.4856675533781309,0.11492643166343343,0.35597252677564906,0.11458590815446194
0.3,2,Layer 3,0.4467809540928013,0.1484033023061558,0.488294346433637,0.14796358785132752
0.3,2,Layer 4,0.4065841510442631,0.18132629791452864,0.6224288218591524,0.18078903362866372
0.3,3,Layer 1,0.8662335832475995,0.1412511066056072,0.42748096112311984,0.140832583888324
0.3,3,Layer 2,0.9134931659294052,0.10243011836630161,0.2861438545194087,0.1021266210521885
0.3,3,Layer 3,0.8969047641708114,0.1316246282352855,0.37739529682750617,0.13123462847957215
0.3,3,Layer 4,0.8559707570769861,0.18588221509689204,0.4534863416363837,0.18533145176748192
0.3,4,Layer 1,0.5165742099676321,0.4355584249794223,1.2265019427493904,0.43426787866131833
0.3,4,Layer 2,0.8049222810563068,0.16411524446258224,0.47332590980138217,0.1636289760027403
0.3,4,Layer 3,0.8142831308575229,0.15636791701198913,0.44041529647399635,0.15590460364690165
0.3,4,Layer 4,0.7290240118164383,0.22644800735965231,0.6131403523371441,0.22577704882600944
0.3,5,Layer 1,0.02001137780999754,0.48774626760232886,1.3725323374850698,0.48630109029952984
0.3,5,Layer 2,0.52122086692252,0.26002716655706376,0.7721600619580127,0.25925671399969885
0.3,5,Layer 3,0.5238966921653335,0.25687449074305885,0.7745973875123897,0.25611337946789775
0.3,5,Layer 4,0.34230621912267883,0.35688372318083844,1.0858958252862916,0.35582628760267454
0.3,6,Layer 1,0.3991165520158049,0.5056432190012264,1.3885164079747498,0.5041450135777241
0.3,6,Layer 2,0.74018286211499,0.2323181438580092,0.6473971730768507,0.23162979228910344
0.3,6,Layer 3,0.7172710285751038,0.253167466504528,0.708350570658038,0.25241733902903124
0.3,6,Layer 4,0.6639742004319241,0.292715632691018,0.8295602033150895,0.2918483252062903
0.3,7,Layer 1,0.9502466190562815,0.05578321113882749,0.1572344033849986,0.05561792718696585
0.3,7,Layer 2,0.9747893397176565,0.02940832459350162,0.07813355032633928,0.0293211886253992
0.3,7,Layer 3,0.977294769927445,0.026094433309521953,0.07046709175268484,0.02601711630013979
0.3,7,Layer 4,0.973272062324276,0.03160989964224304,0.08625142450775436,0.03151624047447271
0.3,8,Layer 1,0.39574210435982266,0.2603690357212324,0.7724055512301374,0.25959757021596935
0.3,8,Layer 2,0.7636163665311104,0.12521622668533725,0.37321100045558553,0.12484521482780457
0.3,8,Layer 3,0.7605090482733782,0.12390626856236822,0.37770804013861115,0.12353913807076833
0.3,8,Layer 4,0.7450943853843824,0.14511782055929903,0.4165386111622079,0.1446878408865997
0.3,9,Layer 1,-0.43367304538025664,0.2614104771380161,0.8005131651073077,0.26063592587362433
0.3,9,Layer 2,0.2823706025697017,0.16672615007532393,0.5561444204967723,0.16623214558184746
0.3,9,Layer 3,0.2814351113095147,0.1580754069303705,0.518417048177798,0.15760703432477474
0.3,9,Layer 4,0.24573280109407436,0.15944786882232348,0.5177302191768045,0.15897542965403533
0.3,10,Layer 1,0.4614794794948071,0.4165308246560095,1.1948141170366964,0.4152966565368598
0.3,10,Layer 2,0.8106812895608174,0.14694266086006405,0.41923338083697503,0.1465072742412555
0.3,10,Layer 3,0.8029000710781342,0.15388636182820242,0.4384904556661232,0.15343040123537682
0.3,10,Layer 4,0.761806552353628,0.18792131917826793,0.5515165221348142,0.1873645140457068
0.3,11,Layer 1,0.8256752183386811,0.16784823567339802,0.5132462246123124,0.16735090647454534
0.3,11,Layer 2,0.8865374788361281,0.11791829503945131,0.3445704177508597,0.1175689067306212
0.3,11,Layer 3,0.8206706483695682,0.21504796217892574,0.6365752423292516,0.2144107816311751
0.3,11,Layer 4,0.87810143911701,0.1252167340623826,0.3674324708765291,0.12484572070150715
0.3,12,Layer 1,0.5993300472862401,0.34183770079378156,0.9274770896471667,0.3408248461206815
0.3,12,Layer 2,0.6867475832790624,0.2950279407532391,0.8426332747703811,0.29415378197030456
0.3,12,Layer 3,0.7248770819466024,0.2750641184235007,0.7584062162014307,0.27424911183674777
0.3,12,Layer 4,0.6863999106098275,0.3026931090678646,0.869057045234047,0.3017962386251877
0.3,13,Layer 1,0.5042680190077067,0.45177199132058626,1.2432606457526485,0.45043340470032095
0.3,13,Layer 2,0.7450504379683816,0.2570354733570545,0.7221154912087765,0.2562738850953219
0.3,13,Layer 3,0.7400842355967022,0.26263623117837953,0.7257932325727696,0.26185804804218143
0.3,13,Layer 4,0.6615165795321646,0.3239707393428008,0.9080550431969105,0.3230108239311037
0.3,14,Layer 1,0.8479900636344736,0.19002697262267423,0.5354483799651394,0.18946392850323102
0.3,14,Layer 2,0.9042050151381184,0.1221743341560757,0.374643475897696,0.12181233533325561
0.3,14,Layer 3,0.936676079458223,0.07469331199849384,0.22456613347711263,0.07447199799500233
0.3,14,Layer 4,0.9318475120009216,0.0789514720972502,0.23790508193206927,0.07871754129536337
0.3,15,Layer 1,0.12528751717513975,0.3973919936515528,1.2272197496028547,0.3962145333044703
0.3,15,Layer 2,0.5354758917290574,0.270118328943702,0.8308919227864432,0.26931797658021106
0.3,15,Layer 3,0.6128949865846004,0.19954108714788135,0.5846902968305132,0.1989498529975114
0.3,15,Layer 4,0.5900893503005801,0.2211825810822556,0.6721713994573577,0.22052722384594928
0.3,16,Layer 1,0.680638755933815,0.2940146774436851,0.8403863364718196,0.2931435209290077
0.3,16,Layer 2,0.7630824806330598,0.23487614819486718,0.6646007717297868,0.2341802173371925
0.3,16,Layer 3,0.7765754578267314,0.23259289301421032,0.6705175288666179,0.2319037273719413
0.3,16,Layer 4,0.7576740171516761,0.2416881705874782,0.7017557032103245,0.24097205591538634
0.3,17,Layer 1,0.38441518003548625,0.48721581667526614,1.3858974999095912,0.4857722110823724
0.3,17,Layer 2,0.778608416827432,0.17522957948471649,0.47653062594858636,0.1747103795894611
0.3,17,Layer 3,0.75196377619423,0.1957834590550175,0.5561743010331381,0.19520335864198776
0.3,17,Layer 4,0.7413951702306354,0.20147174269151327,0.5660071367488475,0.20087478806769937
0.3,18,Layer 1,-0.19984115920808598,0.38780182637986615,1.2277472038361092,0.3866527814056766
0.3,18,Layer 2,0.40569867749514654,0.23139043812354076,0.8037585306363813,0.23070483531840866
0.3,18,Layer 3,0.5006186358571991,0.1404612996553215,0.44400998154419846,0.14004511711192366
0.3,18,Layer 4,0.48912753414640703,0.150465204307483,0.4638721212232026,0.15001938049996288
0.3,19,Layer 1,0.9055400983860096,0.10782078927186105,0.29241605247312785,0.10750131956440118
0.3,19,Layer 2,0.942913384698694,0.07445337399704276,0.19154055968967088,0.07423277092252561
0.3,19,Layer 3,0.9460531486377493,0.0700008333267237,0.18791225743836015,0.06979342299430212
0.3,19,Layer 4,0.9377988519495412,0.08177940117389777,0.22748759891647619,0.08153709130447735
0.3,20,Layer 1,0.8233314355204305,0.18812378206475272,0.5445343851125719,0.18756637704083903
0.3,20,Layer 2,0.8863141204045032,0.1343716074669219,0.37090395848376023,0.13397346849559483
0.3,20,Layer 3,0.9001154008690503,0.11595181062458737,0.3178599522490252,0.11560824894905301
0.3,20,Layer 4,0.7719536237329404,0.3003731645647371,0.8346491560611505,0.29948316804680825
0.3,21,Layer 1,0.787170009088809,0.2129422502342637,0.5860321941215466,0.21231130884672975
0.3,21,Layer 2,0.7934021476562845,0.25625853975746005,0.7634956623129137,0.2554992535262677
0.3,21,Layer 3,0.8760526969165031,0.14049870484080043,0.3988272743496797,0.1400824114669798
0.3,21,Layer 4,0.8323040886996524,0.1946834381364269,0.5540742274864094,0.19410659705180164
0.3,22,Layer 1,0.8923304211972063,0.14123610387208846,0.4037391636875146,0.1408176256074467
0.3,22,Layer 2,0.9411473285748947,0.08421105647501867,0.24199316940483895,0.08396154168516558
0.3,22,Layer 3,0.9443005387716294,0.07915344283847117,0.2258708667028957,0.07891891360344312
0.3,22,Layer 4,0.914057400165834,0.12992508899375196,0.4040815431538546,0.1295401249209341
0.3,23,Layer 1,0.27031238708327926,0.5116087160556262,1.349838106317629,0.5100928350464442
0.3,23,Layer 2,0.6547874349974475,0.20529294679373822,0.6033781846711957,0.20468467005880903
0.3,23,Layer 3,0.7065642958860541,0.18807158970197219,0.5112213305774186,0.1875143393224363
0.3,23,Layer 4,0.689756917134794,0.19502294884380833,0.5377784256353353,0.19444510179932048
0.3,24,Layer 1,0.04176060057810589,0.37305360213567035,1.1220402506670304,0.3719482556997372
0.3,24,Layer 2,0.6285564345231659,0.14531452826016497,0.4363455396451301,0.14488396574855236
0.3,24,Layer 3,0.5622547973109694,0.18692780245984375,0.604304161267892,0.18637394108699293
0.3,24,Layer 4,0.6094099406108773,0.15749630631842904,0.439405452742072,0.15702964957026988
0.3,25,Layer 1,0.4620244668836443,0.46005052233593424,1.2722020286137605,0.45868740668096686
0.3,25,Layer 2,0.7579175952367977,0.1943013300397024,0.5391953285905061,0.1937256211297042
0.3,25,Layer 3,0.8019786065670604,0.16034010787502653,0.45799072646142436,0.1598650250296602
0.3,25,Layer 4,0.792966585543755,0.16553082963179064,0.48292653144322395,0.16504036683630208
0.3,26,Layer 1,0.5589131728835668,0.21875966567102578,0.7009838459892339,0.21811148745912512
0.3,26,Layer 2,0.828900189739052,0.10586610156629803,0.3023391242381047,0.10555242353884425
0.3,26,Layer 3,0.8322364806103253,0.09609060830948032,0.29041103070258834,0.09580589477015658
0.3,26,Layer 4,0.807683266946268,0.12890114602293234,0.3900687320688415,0.1285192158618819
0.3,27,Layer 1,0.03204788262346646,0.3423091376111438,1.0756094182507119,0.341294886085144
0.3,27,Layer 2,0.5852391434464359,0.17548404259087813,0.5389371137226633,0.17496408872920655
0.3,27,Layer 3,0.5950140519971243,0.15858949970341593,0.5348511016437153,0.15811960385662596
0.3,27,Layer 4,0.4677035964142508,0.2679140037710177,0.8794229494834878,0.2671201827557279
0.3,28,Layer 1,0.2486016632807607,0.437397337365062,1.286059471206907,0.43610134240569093
0.3,28,Layer 2,0.4950226943944208,0.2909908254869978,0.9010274095631488,0.2901286285533671
0.3,28,Layer 3,0.6456292879090979,0.19172521483542276,0.5460021294235746,0.1911571388761408
0.3,28,Layer 4,0.6084291693537033,0.21530209457717786,0.6065576856786083,0.2146641610428884
0.3,29,Layer 1,0.8446971018290083,0.17150361269598524,0.48789754652473993,0.17099545272659236
0.3,29,Layer 2,0.9109621049116858,0.1072041997515827,0.2908674919126627,0.10688655698005041
0.3,29,Layer 3,0.9016553274480713,0.12117617086278011,0.363226853244099,0.1208171295673298
0.3,29,Layer 4,0.8896563437944215,0.13032312947435462,0.33526451895900644,0.1299369860197426
0.3,30,Layer 1,-0.2600472665900586,0.31608947153156786,0.9397332847004641,0.3151529080758253
0.3,30,Layer 2,0.3562213375396648,0.2226237444762987,0.7024454354532879,0.22196411711684633
0.3,30,Layer 3,0.45606073543324976,0.11926673191279644,0.38964850169890664,0.11891334822667066
0.3,30,Layer 4,0.42212056809216697,0.14096431425573855,0.44897540228921917,0.1405466412954339
0.3,31,Layer 1,0.6130208777564683,0.4094242006957507,1.1384033993142773,0.40821108928647065
0.3,31,Layer 2,0.8271587349338562,0.1853125936035089,0.4845416023685612,0.18476351804519636
0.3,31,Layer 3,0.7838521363556644,0.22962079243326278,0.620148268767027,0.2289404330342937
0.3,31,Layer 4,0.7943826530850908,0.21770749756110416,0.5702164403472754,0.2170624368911966
0.3,32,Layer 1,0.8019524822236562,0.24163673312601128,0.7277129902173463,0.24092077086154776
0.3,32,Layer 2,0.8998230923426603,0.12349790488107151,0.34012154359423563,0.1231319843585943
0.3,32,Layer 3,0.8787417618083413,0.15383076013894958,0.4232208589068823,0.15337496429223205
0.3,32,Layer 4,0.8969363842595427,0.1212652492745575,0.3300123880755552,0.12090594404249215
0.3,33,Layer 1,0.7742528168528339,0.24686486236921526,0.713047769320309,0.24613340931738895
0.3,33,Layer 2,0.8124991385616402,0.2339533566568782,0.6455146955643654,0.233260160002363
0.3,33,Layer 3,0.8426630595703332,0.19789489619858086,0.5737785062109686,0.19730853966174497
0.3,33,Layer 4,0.7821754308889124,0.2712362090948883,0.7461238851888452,0.27043254448663184
0.3,34,Layer 1,-0.21317007557677933,0.4192108850640649,1.2076998908986711,0.41796877600773313
0.3,34,Layer 2,0.46965010720326444,0.14693081386449336,0.48812584819277416,0.1464954623479711
0.3,34,Layer 3,0.5196298692821948,0.12696254775807433,0.3976623368179105,0.12658636160450829
0.3,34,Layer 4,0.504909057842964,0.12871396320130882,0.3980579691649372,0.12833258765724515
0.3,35,Layer 1,-0.42833598390905586,0.23850281327282327,0.7227654265740172,0.23779613671722405
0.3,35,Layer 2,0.2954609849459285,0.21009932608708828,0.6214803592032219,0.20947680819702416
0.3,35,Layer 3,0.3250696690617472,0.1639429370001921,0.4959724625466176,0.16345717908210167
0.3,35,Layer 4,0.30421427447283045,0.17373479265284636,0.5163468905187414,0.17322002176534654
0.3,36,Layer 1,0.5285751448240343,0.38705739282475754,1.075165102846682,0.3859105535844683
0.3,36,Layer 2,0.6833758380676535,0.31257601707376315,0.9118343500223861,0.3116498638763333
0.3,36,Layer 3,0.7932277850277855,0.17501099907928566,0.49380387569046247,0.17449244683109957
0.3,36,Layer 4,0.7831646392704552,0.18470140404351842,0.5084588175397642,0.18415413942121595
0.3,37,Layer 1,0.8358466821126312,0.14017970012699135,0.4077020375798306,0.13976435195440035
0.3,37,Layer 2,0.869939068221817,0.13189535272205202,0.36750106943212146,0.1315045508179481
0.3,37,Layer 3,0.8994420736420157,0.10153385400202297,0.29582701735735084,0.10123301229186338
0.3,37,Layer 4,0.8974220020045649,0.09940765450367292,0.2841753648016685,0.09911311265772622
0.3,38,Layer 1,0.8807750432721073,0.13433473422879164,0.38124272082205246,0.13393670451174355
0.3,38,Layer 2,0.9299562178440588,0.08164565016641179,0.23682057434905301,0.08140373659714394
0.3,38,Layer 3,0.8937080893954095,0.14387804574781846,0.41549647330624295,0.14345173949004233
0.3,38,Layer 4,0.9299038771883472,0.08139555069198327,0.20763298670703556,0.081154378159824
0.3,39,Layer 1,0.2754749327960901,0.303244603793429,0.9313270890505426,0.3023460992887141
0.3,39,Layer 2,0.37238778385612015,0.2838553594460611,0.8405908221531206,0.28301430468050465
0.3,39,Layer 3,0.2430045095525126,0.32380262635163676,0.9879428339661288,0.3228432090536009
0.3,39,Layer 4,0.175298935259323,0.3380762564616618,0.9898967597884325,0.33707454683330224
0.3,40,Layer 1,0.6982224459479561,0.339762448285699,1.007498163014023,0.3387557425224346
0.3,40,Layer 2,0.8875054066540725,0.12281883446831893,0.35111285312760565,0.12245492601074653
0.3,40,Layer 3,0.8958577512964749,0.11415223829271436,0.34284827315305255,0.11381400869506868
0.3,40,Layer 4,0.8761436149193805,0.13308238725651403,0.3899654440801815,0.13268806820531787
0.3,41,Layer 1,-0.06941247520334191,0.33489052259915414,1.0285677058367435,0.333898252202987
0.3,41,Layer 2,0.44797809060415356,0.2011839245348557,0.6555617212836558,0.20058782270745457
0.3,41,Layer 3,0.356385922029416,0.2552206811725855,0.7501353905202007,0.2544644700847003
0.3,41,Layer 4,0.41861622875235693,0.21637355376924594,0.7098321226437063,0.21573244553407592
0.3,42,Layer 1,-0.020063393094513316,0.3710539470905419,1.138030622088403,0.3699545255714696
0.3,42,Layer 2,0.5049522860928845,0.21592455669354776,0.6871452127363933,0.21528477882300778
0.3,42,Layer 3,0.4997055735258396,0.21830767822608788,0.7097392787031904,0.21766083923919005
0.3,42,Layer 4,0.4939272836386563,0.2307961222227537,0.7386513927027247,0.23011228035749456
0.3,43,Layer 1,0.7204545784253252,0.27832915692358684,0.8228773960108049,0.27750447612742113
0.3,43,Layer 2,0.7979144983792238,0.21757074412492314,0.6038574795949283,0.21692608865127258
0.3,43,Layer 3,0.8745132528843956,0.1206668041540357,0.3319235335103097,0.12030927209659535
0.3,43,Layer 4,0.866335782790112,0.1273701736628689,0.33782916209364966,0.12699277972618944
0.3,44,Layer 1,0.9187086573899981,0.10128481685940767,0.2659135605684184,0.10098471303869995
0.3,44,Layer 2,0.9560408661121752,0.057881825796053235,0.1637720235793828,0.05771032371302094
0.3,44,Layer 3,0.9541950487696085,0.06330977627631185,0.17590112520340317,0.06312219134169086
0.3,44,Layer 4,0.9535726028055119,0.06118656020979649,0.16682903828510498,0.06100526629957093
0.3,45,Layer 1,0.802572179482645,0.25020189101618456,0.6966378437965426,0.24946055045033771
0.3,45,Layer 2,0.9227468263183286,0.09253246834923817,0.2544293514870233,0.09225829747000694
0.3,45,Layer 3,0.9313024963202986,0.08322565210506422,0.23217054903012735,0.08297905703828053
0.3,45,Layer 4,0.9144159754536475,0.10224486730925182,0.2866458775551226,0.10194191888836608
0.3,46,Layer 1,0.8722395500540238,0.12754514642595205,0.383390620791932,0.12716723405031644
0.3,46,Layer 2,0.8876301481146609,0.14010512729593683,0.40375669360084543,0.13969000008036794
0.3,46,Layer 3,0.9236866682775928,0.08761260201467493,0.25911804132115857,0.08735300854921758
0.3,46,Layer 4,0.8941255275705967,0.13052070678377783,0.3848094345713474,0.13013397791362896
0.3,47,Layer 1,0.9204448129542212,0.09327454343090068,0.24100193377986678,0.09299817380585382
0.3,47,Layer 2,0.9556256702558702,0.05397002822482711,0.14722201476078955,0.05381011667859354
0.3,47,Layer 3,0.9603204504747418,0.04810262362125819,0.14029600508383633,0.04796009701576664
0.3,47,Layer 4,0.9582159084301377,0.04852437995785195,0.1357650660634283,0.04838060370120889
0.3,48,Layer 1,0.8456680062073957,0.15226845567490527,0.47838547005195137,0.15181728888862647
0.3,48,Layer 2,0.8676115497900442,0.15514224766167145,0.45549501813572,0.15468256591745633
0.3,48,Layer 3,0.8953573902817469,0.11956431778588905,0.35901324864580075,0.11921005236190493
0.3,48,Layer 4,0.78610641345372,0.25356336107611643,0.7625337405488789,0.2528120605770885
0.3,49,Layer 1,-0.08028469768497867,0.34130307487644257,1.1014426725378297,0.34029180428361644
0.3,49,Layer 2,0.45476446842298973,0.20508436222231324,0.6621391372189488,0.20447670351710237
0.3,49,Layer 3,0.39019168493444617,0.2421461156558122,0.7825170199523221,0.24142864410646137
0.3,49,Layer 4,0.42349369836192896,0.2155422148267139,0.6973722571192725,0.2149035698234546
0.35,0,Layer 1,0.8398578653022806,0.1798828338729139,0.4822883908149225,0.1793498465269435
0.35,0,Layer 2,0.912819086708672,0.09903754353513047,0.2567825375642109,0.09874409831668624
0.35,0,Layer 3,0.9247204782419732,0.08596266664876671,0.21971386277124993,0.08570796189143545
0.35,0,Layer 4,0.9061467708018671,0.1131290310865865,0.29496242052735133,0.11279383322065988
0.35,1,Layer 1,0.14083748868911353,0.44767395171493934,1.285015560056895,0.44634750746093566
0.35,1,Layer 2,0.6702752656139751,0.18843508475072393,0.5454647060405473,0.18787675734645398
0.35,1,Layer 3,0.6373613385492998,0.2061689143994831,0.6001430109711624,0.20555804219927648
0.35,1,Layer 4,0.6356678366237398,0.20608984321173932,0.6042839316531639,0.20547920529704825
0.35,2,Layer 1,0.6488404691046662,0.275732327687291,0.7654948870483943,0.274915341216886
0.35,2,Layer 2,0.5979484367372556,0.3757501165601281,1.0348923578287552,0.37463678043426446
0.35,2,Layer 3,0.7624049580701882,0.21841890599948333,0.6392517029484996,0.21777173744808803
0.35,2,Layer 4,0.673333979619934,0.30202973643026265,0.8356182115122742,0.3011348315404619
0.35,3,Layer 1,0.5510879509031051,0.2065996788279569,0.6185123770411701,0.20598753028589745
0.35,3,Layer 2,0.607931510233389,0.19269123850397166,0.5739637376084826,0.1921203002460469
0.35,3,Layer 3,0.545277805253403,0.2750938376930865,0.8464138315695079,0.27427874304904487
0.35,3,Layer 4,0.24241787729895964,0.3851959781018502,1.2914376416705577,0.38405465417656676
0.35,4,Layer 1,0.8295258368790388,0.2132348652430192,0.6155117623633558,0.2126030568461462
0.35,4,Layer 2,0.9253219241892254,0.09235632736112902,0.2615688541173956,0.09208267838226898
0.35,4,Layer 3,0.9380164029260661,0.07365811287942609,0.20579291203376315,0.07343986613932565
0.35,4,Layer 4,0.9275303573309053,0.0882491548228767,0.2557316075839291,0.08798767527087897
0.35,5,Layer 1,0.8442771914824908,0.13229020286589332,0.3841805715001758,0.13189823103286574
0.35,5,Layer 2,0.8849077930777356,0.10493893993486521,0.31818937988492113,0.10462800905902443
0.35,5,Layer 3,0.9163872741714628,0.0757741633327712,0.20701437198170303,0.07554964679976846
0.35,5,Layer 4,0.8991323869196115,0.09715403414278605,0.2956390555861118,0.09686616970517854
0.35,6,Layer 1,0.14262031194074318,0.25805971566247754,0.8088736220641453,0.25729509260205824
0.35,6,Layer 2,0.6759506104707198,0.1139283810144886,0.3558222017568794,0.1135908146991252
0.35,6,Layer 3,0.6801924258822667,0.10437477381761807,0.32497661436125913,0.1040655145487619
0.35,6,Layer 4,0.6802309377809435,0.10084038571624125,0.3041357495435403,0.10054159873144482
0.35,7,Layer 1,-0.07667008034115826,0.2819899493376138,0.8896294411266347,0.28115442172526833
0.35,7,Layer 2,0.4849102615746743,0.22082967202426682,0.7310696060409456,0.220175360446727
0.35,7,Layer 3,0.5642489652912631,0.11538045250142588,0.3737598990968394,0.11503858374257012
0.35,7,Layer 4,0.5362972537785511,0.13529324051601352,0.4461398936537606,0.1348923707740942
0.35,8,Layer 1,0.22780674352683503,0.4474109345815657,1.2090977774304825,0.4460852696393
0.35,8,Layer 2,0.4826183161606539,0.3407263938816094,0.9647197346834272,0.33971683197696817
0.35,8,Layer 3,0.5076535317449761,0.3419644687529922,0.9465534812139292,0.34095123847029835
0.35,8,Layer 4,0.408606975835176,0.37120505685038296,1.0014563993257923,0.37010518759770455
0.35,9,Layer 1,0.4919735858392099,0.4825229365566835,1.326760685044667,0.4810932358243342
0.35,9,Layer 2,0.8064872209452496,0.18567198027151052,0.5085228234308542,0.18512183986147068
0.35,9,Layer 3,0.776179229035314,0.21530886606248095,0.5830408086379677,0.2146709124644873
0.35,9,Layer 4,0.7557675971458959,0.2302948754311624,0.6211072077578447,0.22961251874484656
0.35,10,Layer 1,0.9141149674948685,0.10390263412753313,0.28890751022552597,0.10359477379416696
0.35,10,Layer 2,0.9615151494750172,0.04411988173660073,0.12499819292133951,0.04398915587374308
0.35,10,Layer 3,0.9645672172327738,0.04183394648672379,0.11432884850899261,0.04170999378023498
0.35,10,Layer 4,0.9529138306522146,0.057661600190313585,0.15055094972643457,0.05749075062902887
0.35,11,Layer 1,0.8390723525621998,0.16748292272389995,0.47227850453498943,0.1669866759361657
0.35,11,Layer 2,0.8573103734478599,0.16853306934361117,0.4887294583164614,0.16803371100349768
0.35,11,Layer 3,0.8621577501984671,0.16584229110155127,0.489021001820704,0.16535090545523495
0.35,11,Layer 4,0.7793887190117237,0.27509815327701803,0.799252815621852,0.27428304584603297
0.35,12,Layer 1,0.18665156099210234,0.4924465177909749,1.3496568918540732,0.4909874137903387
0.35,12,Layer 2,0.5596978387421981,0.31337708960982963,0.901822818485074,0.3124485628589275
0.35,12,Layer 3,0.5510899423757607,0.3162199717029795,0.8944572602237311,0.31528302157921256
0.35,12,Layer 4,0.43937199581559716,0.373693992742069,1.0402359599852107,0.3725867488483166
0.35,13,Layer 1,0.7981609746461934,0.259820974882354,0.8101944572430793,0.25905113326462736
0.35,13,Layer 2,0.9123681770420164,0.11536838768109071,0.36694174310608774,0.11502655466992931
0.35,13,Layer 3,0.893739938201191,0.1431732880291025,0.44979386876074323,0.14274906994693468
0.35,13,Layer 4,0.890886571724108,0.14487034050560776,0.45447375817475755,0.14444109410875336
0.35,14,Layer 1,0.1611246083163759,0.3513758397799755,1.0579118866217525,0.35033472389220416
0.35,14,Layer 2,0.6737136942323797,0.16555802002983355,0.5083283942599346,0.16506747667002553
0.35,14,Layer 3,0.6671335213621937,0.160795579266855,0.5002218395936493,0.16031914687365756
0.35,14,Layer 4,0.6449276239038149,0.17584768269134735,0.5641746009484685,0.17532665137515788
0.35,15,Layer 1,0.6825983396828751,0.3637508899322106,1.0808078623735318,0.3626731071485776
0.35,15,Layer 2,0.8610474244080804,0.15513124926460814,0.42164688041316645,0.15467160010830774
0.35,15,Layer 3,0.8744912202486838,0.14053988953946375,0.41109958386574474,0.14012347413663814
0.35,15,Layer 4,0.885267029595604,0.1253727504025073,0.36567847243035523,0.1250012747699784
0.35,16,Layer 1,0.82997793674831,0.17350868321202478,0.5252678583634779,0.17299458227989623
0.35,16,Layer 2,0.8129016339434413,0.22884299156294516,0.670249808905347,0.22816493676421315
0.35,16,Layer 3,0.89072326951472,0.1277030635260145,0.37512947979773636,0.12732468324683174
0.35,16,Layer 4,0.8319255591740062,0.21246833452952948,0.5829320207236847,0.2118387973397627
0.35,17,Layer 1,0.713892064666633,0.31914337281172117,0.930285288859151,0.3181977607397037
0.35,17,Layer 2,0.8559478202233427,0.17181070582281566,0.49406257976209006,0.17130163594586179
0.35,17,Layer 3,0.8304544863618459,0.20335498135491628,0.5836500089340786,0.20275244675242735
0.35,17,Layer 4,0.8353142176521757,0.196649875018913,0.5412957304820509,0.196067207441829
0.35,18,Layer 1,0.5448914120858102,0.4385701220770806,1.255194138366709,0.4372706521924061
0.35,18,Layer 2,0.8149835528212052,0.16940122559736936,0.46508595038236034,0.16889929493677588
0.35,18,Layer 3,0.8360273761775276,0.15213527066391527,0.4248478318509533,0.1516844985007586
0.35,18,Layer 4,0.80078636742994,0.18312555729613628,0.524563190710416,0.1825829618596447
0.35,19,Layer 1,0.6121429369337537,0.3966171432533218,1.1390438605650295,0.39544197876431747
0.35,19,Layer 2,0.8091029688987477,0.20635851568071376,0.5855075359123089,0.20574708169769823
0.35,19,Layer 3,0.7728238450931664,0.24400515746768014,0.6895268088410865,0.24328217763418666
0.35,19,Layer 4,0.7861267396976739,0.22893298660308592,0.6573302695859922,0.22825466515179701
0.35,20,Layer 1,0.38212018702608946,0.4545348340516937,1.281054050021544,0.45318806121274985
0.35,20,Layer 2,0.784081281822992,0.15581615802510007,0.4381784044724265,0.15535447950504871
0.35,20,Layer 3,0.7556869641828711,0.1752180666701723,0.4949354052992708,0.17469890088703496
0.35,20,Layer 4,0.7775164998617966,0.15835086164643578,0.44559075584229724,0.15788167287692437
0.35,21,Layer 1,0.40087315892236725,0.46429717150324595,1.2851141078891104,0.4629214731564217
0.35,21,Layer 2,0.790654602044261,0.16097775169476264,0.4278166472216367,0.16050077953022202
0.35,21,Layer 3,0.7712125054957023,0.1757576595295312,0.47074675422193274,0.1752368949492223
0.35,21,Layer 4,0.7499459600690861,0.1914084644780581,0.5140909882339444,0.19084132704041626
0.35,22,Layer 1,0.8327823444966935,0.1585699404833417,0.4687788880730177,0.15810010258992382
0.35,22,Layer 2,0.8825059377729468,0.12129754734363003,0.3599761061686162,0.12093814641337192
0.35,22,Layer 3,0.9139804878319449,0.08514250419886925,0.25427381179714437,0.08489022955784213
0.35,22,Layer 4,0.9017524852853238,0.09963601227705775,0.2841198308966528,0.09934079381399899
0.35,23,Layer 1,0.8357341615072641,0.14927181147351085,0.4465366115390438,0.1488295236525303
0.35,23,Layer 2,0.8472078871685192,0.16362238783091976,0.4415148990501073,0.1631375796902334
0.35,23,Layer 3,0.8912345276803972,0.11275434906812325,0.3132569574182764,0.11242026137358041
0.35,23,Layer 4,0.7829305832487101,0.234097986501268,0.6413307443382232,0.23340436131293868
0.35,24,Layer 1,0.807214479587109,0.2614826232665106,0.7107801344310944,0.26070785823534237
0.35,24,Layer 2,0.9319359790252076,0.088181778993387,0.2378437397602038,0.08792049907391547
0.35,24,Layer 3,0.9231726916229299,0.10277455298914209,0.28734122992226474,0.10247003512575514
0.35,24,Layer 4,0.9044294990759373,0.12377510376693646,0.38299987690104853,0.12340836191262176
0.35,25,Layer 1,0.5944912616867449,0.38092281891127705,1.0827751575124627,0.3797941562262401
0.35,25,Layer 2,0.7904475971738204,0.19623316869007512,0.5415500539055693,0.19565173580112388
0.35,25,Layer 3,0.8288471833274315,0.16367451389374235,0.43852132339235916,0.1631895513051229
0.35,25,Layer 4,0.7868932723390795,0.20577381096461775,0.5267785969125465,0.2051641094438282
0.35,26,Layer 1,-0.331443224395739,0.2571935734489036,0.7678151156856634,0.2564315167414247
0.35,26,Layer 2,0.22038703447644886,0.17872618754901878,0.5162064779086764,0.17819662731080035
0.35,26,Layer 3,0.26181751353982097,0.14302662962839993,0.39977033980229404,0.14260284609059673
0.35,26,Layer 4,0.09090867338084775,0.2707865942037548,0.7874211118496601,0.26998426179069646
0.35,27,Layer 1,0.6916689775699385,0.27926880309193636,0.7565312010529273,0.27844133815285577
0.35,27,Layer 2,0.7663769841491268,0.23935220001048946,0.599236821206687,0.2386430067479134
0.35,27,Layer 3,0.8407743159142277,0.1514134159589085,0.42172644239732504,0.15096478262920868
0.35,27,Layer 4,0.8341015173190934,0.1564084151678209,0.43917655521115073,0.15594498180793387
0.35,28,Layer 1,0.03442559229340596,0.3850086038078436,1.1522295866650758,0.3838678350668737
0.35,28,Layer 2,0.3561244251864504,0.30741643506724625,0.9576702680023979,0.3065055695538093
0.35,28,Layer 3,0.36735783288830776,0.3035806888180345,0.9594868288231281,0.30268118850365056
0.35,28,Layer 4,0.08280977171714807,0.3900389950503167,1.1969699163980114,0.3888833214136445
0.35,29,Layer 1,0.41499911753008967,0.43183623933079296,1.192317071480963,0.43055672173514875
0.35,29,Layer 2,0.6516267213915147,0.29293912791812543,0.8506178785587725,0.29207115822386176
0.35,29,Layer 3,0.5921347304632293,0.30696436851571485,0.9201466609622309,0.306054842461671
0.35,29,Layer 4,0.5963722866230802,0.3283982964466214,0.941881089575178,0.32742526231837366
0.35,30,Layer 1,0.46141441788718474,0.3928806651132711,1.0926760465001166,0.39171657169494234
0.35,30,Layer 2,0.7095086582451838,0.2105168635341091,0.5707544358957701,0.2098931084933345
0.35,30,Layer 3,0.7056481664042143,0.21002468656271725,0.5875414686103719,0.2094023898272856
0.35,30,Layer 4,0.5162016223567938,0.3892625548790857,1.0945028308931528,0.3881091818109407
0.35,31,Layer 1,0.6873343180710104,0.30998989350340167,0.9020378893537845,0.30907140291117124
0.35,31,Layer 2,0.7700238809968788,0.26639990848266554,0.7472846681862196,0.26561057368549856
0.35,31,Layer 3,0.8378113398266891,0.18074181242835038,0.5064279024267702,0.18020627995513996
0.35,31,Layer 4,0.8201510564058043,0.2017601865664118,0.570008071399975,0.20116237729220118
0.35,32,Layer 1,0.6938714206448137,0.2156343470191306,0.6672638764128747,0.2149954290309974
0.35,32,Layer 2,0.7254530026825212,0.22429253533727228,0.6750060676885788,0.22362796340143754
0.35,32,Layer 3,0.7698610651100918,0.18389600613019452,0.5287040225906465,0.18335112787732502
0.35,32,Layer 4,0.5872098397638923,0.25538827656158736,0.7844814697082851,0.25463156889368016
0.35,33,Layer 1,0.9403147397341659,0.06710583473711436,0.17258581996816913,0.06690700219714601
0.35,33,Layer 2,0.9700995086102098,0.03553035109507075,0.10272626194768864,0.03542507574931467
0.35,33,Layer 3,0.9723510732947384,0.032553414195884,0.08517007401181098,0.032456959423291326
0.35,33,Layer 4,0.967756093158169,0.038590390263316676,0.10828995654904183,0.03847604811491059
0.35,34,Layer 1,0.7083487463426242,0.27728827909121534,0.7976935379993539,0.27646668238429484
0.35,34,Layer 2,0.7945455365208138,0.2253634992228182,0.6439204454240419,0.2246957540536809
0.35,34,Layer 3,0.8514017536680544,0.15541138059526347,0.4437274467353318,0.15495090141838114
0.35,34,Layer 4,0.8351876730275413,0.17040809270050608,0.4824638732507052,0.1699031787234199
0.35,35,Layer 1,0.8726918974608359,0.1363601484653261,0.41164395443640067,0.13595611750771955
0.35,35,Layer 2,0.8653974525301777,0.18496591084510286,0.518541585778268,0.18441786249722122
0.35,35,Layer 3,0.906010717065973,0.12262736159263767,0.3712266322560722,0.12226402046335133
0.35,35,Layer 4,0.8951548536486985,0.1339241750150907,0.3873802753037241,0.13352736177246083
0.35,36,Layer 1,0.41340161830597216,0.36116849965120335,1.099256495816579,0.3600983684111475
0.35,36,Layer 2,0.7927220125343121,0.127322168242633,0.39451579212569043,0.1269449165445484
0.35,36,Layer 3,0.7931383702644331,0.1259269403852095,0.39031484761482493,0.1255538227046781
0.35,36,Layer 4,0.7727498228970965,0.13889450515043203,0.41365443824419956,0.13848296497132695
0.35,37,Layer 1,0.9230122747769387,0.09032932405380618,0.27663760870169907,0.09006168102387291
0.35,37,Layer 2,0.9675064319118631,0.036678956732111107,0.10962694996300593,0.036570278102912836
0.35,37,Layer 3,0.9656398061755433,0.041190635706626864,0.12330061366525935,0.04106858911034288
0.35,37,Layer 4,0.9579960014031448,0.050709386582655905,0.15168811610764588,0.05055913621807933
0.35,38,Layer 1,0.5150516247508363,0.45907517393908104,1.2446422005356388,0.4577149482116416
0.35,38,Layer 2,0.773729321884154,0.23026817988339493,0.6373450781761134,0.22958590229517223
0.35,38,Layer 3,0.7388714535318857,0.26143642577220216,0.7205115788555668,0.2606617976227995
0.35,38,Layer 4,0.7359098144482781,0.2630175262155242,0.7095727155819805,0.26223821331376984
0.35,39,Layer 1,0.5391239489456726,0.3884898773127794,1.1427400955226426,0.3873387936646778
0.35,39,Layer 2,0.7451720814591397,0.2348912850475801,0.678545284095357,0.23419530933987295
0.35,39,Layer 3,0.7793765536029909,0.20140111322209128,0.5617016461205729,0.20080436787123943
0.35,39,Layer 4,0.7732349000825698,0.2041510249095549,0.5942088305280591,0.2035461316543121
0.35,40,Layer 1,0.6698914474025762,0.3751020598374208,1.062690272984827,0.373990643883845
0.35,40,Layer 2,0.8778408839906667,0.13282363702676456,0.3941761480812954,0.13243008464460093
0.35,40,Layer 3,0.8787236358042586,0.133301275604758,0.3884925949684618,0.13290630799406739
0.35,40,Layer 4,0.8208675736030044,0.19421217781355757,0.5350524856404508,0.1936367330588841
0.35,41,Layer 1,0.7852794391607427,0.21596100039994975,0.6472802784316729,0.21532111454782007
0.35,41,Layer 2,0.8199679604636588,0.20763941663662647,0.5698982978869191,0.20702418738317707
0.35,41,Layer 3,0.7834087195314222,0.2572062685585422,0.7361211056488429,0.2564441742358409
0.35,41,Layer 4,0.8523200578346054,0.16206630961833676,0.4853905924435863,0.16158611208989604
0.35,42,Layer 1,0.474498766735335,0.3576108900558838,1.0593217203602299,0.3565512999044653
0.35,42,Layer 2,0.6419384877273792,0.26695740896392645,0.7397197806752557,0.2661664223098507
0.35,42,Layer 3,0.6587808586982152,0.2602218006891398,0.7387039034107231,0.25945077143678263
0.35,42,Layer 4,0.3871393858924469,0.4317805313576581,1.1816031831483023,0.43050117882303784
0.35,43,Layer 1,0.9345880206709949,0.07849917250217806,0.2063081472643441,0.07826658185018531
0.35,43,Layer 2,0.9718704279373965,0.03238064321821876,0.08307739698181016,0.032284700360759214
0.35,43,Layer 3,0.9709977299463088,0.03492857173882315,0.09452378639526748,0.034825079446930744
0.35,43,Layer 4,0.971041550801562,0.03296752119202795,0.08657986814160257,0.03286983943304601
0.35,44,Layer 1,0.6312898167003751,0.3042821190749319,0.8694025671181305,0.3033805404441074
0.35,44,Layer 2,0.7799544669275043,0.1865671611691602,0.5413027514655943,0.1860143683654454
0.35,44,Layer 3,0.7695121868975532,0.19048756919788679,0.576040665411875,0.18992316034485054
0.35,44,Layer 4,0.588203990919294,0.3811124186562384,1.1089676566542908,0.37998319419294446
0.35,45,Layer 1,0.8778626439986407,0.13113280166466865,0.3774293402959409,0.13074425917607144
0.35,45,Layer 2,0.8835419177017585,0.1559017119527154,0.4238561912603821,0.15543977993898794
0.35,45,Layer 3,0.9076187278721656,0.12138796254983532,0.3208849882869842,0.12102829372208107
0.35,45,Layer 4,0.9076827663891361,0.11769401401231763,0.3300765952252862,0.1173452902413249
0.35,46,Layer 1,0.3898033434899397,0.4661917147425312,1.261228108494297,0.46481040292191844
0.35,46,Layer 2,0.6869500694285493,0.24711714843594756,0.6948211385765504,0.24638494786820633
0.35,46,Layer 3,0.693252993345625,0.25361755010022335,0.6948555688564371,0.252866089040771
0.35,46,Layer 4,0.6325728628618182,0.2969756355130589,0.8453599862849329,0.29609570577000305
0.35,47,Layer 1,0.30081460540595384,0.45422242797857176,1.226899297245693,0.45287658078928666
0.35,47,Layer 2,0.5794344084233338,0.31779075127292594,0.9180394742536164,0.3168491469772402
0.35,47,Layer 3,0.591774789019587,0.31122448088778054,0.8932371746202348,0.31030233225081516
0.35,47,Layer 4,0.39158277515069434,0.4387672335712787,1.1753485877207237,0.4374671796512636
0.35,48,Layer 1,0.6731209454879915,0.3807826062311757,1.083920591814507,0.37965435899203
0.35,48,Layer 2,0.8895645374771317,0.12485645547670139,0.35919764112951014,0.12448650961027816
0.35,48,Layer 3,0.8758726308330436,0.14247761993877403,0.4007701213593887,0.1420554630999231
0.35,48,Layer 4,0.8716064222165918,0.14504842390583406,0.40791467394394143,0.1446186498533007
0.35,49,Layer 1,-0.021443773288394485,0.26867927866569147,0.8597584004000629,0.2678831901642482
0.35,49,Layer 2,0.5979503755613175,0.13823598994164393,0.42128678503628514,0.13782640092300177
0.35,49,Layer 3,0.5974642405409519,0.12650959348402924,0.377841732558566,0.1261347494201511
0.35,49,Layer 4,0.5961221177095898,0.12195405353162324,0.3616061479628578,0.12159270739356952
0.4,0,Layer 1,0.4789955510796486,0.25350834445898196,0.7691937538490848,0.25275720697251125
0.4,0,Layer 2,0.8213014362976522,0.08890952478178339,0.26255303364274407,0.08864608857375478
0.4,0,Layer 3,0.8128495883041627,0.09374883051504583,0.28033386011895767,0.09347105559184588
0.4,0,Layer 4,0.8105664534929629,0.09407222551690217,0.28703655589271193,0.09379349238418312
0.4,1,Layer 1,0.8252481467514166,0.21318027722529218,0.627147575219267,0.2125486305710494
0.4,1,Layer 2,0.9352408974457842,0.0769974371854083,0.22474439869631657,0.07676929612931978
0.4,1,Layer 3,0.9346985355613895,0.07826535024132988,0.23005876865802366,0.07803345239755877
0.4,1,Layer 4,0.9033549544896697,0.1254213063213478,0.37403956646274705,0.1250496868191135
0.4,2,Layer 1,0.652452503943409,0.389403678754398,1.0786411133330138,0.3882498875405182
0.4,2,Layer 2,0.8595123371409602,0.15338118758303015,0.42441962130415933,0.15292672380607286
0.4,2,Layer 3,0.8617076035880096,0.15333503658703737,0.43717007867318125,0.15288070955407246
0.4,2,Layer 4,0.8760154408787695,0.1349683056230396,0.3656139934506083,0.13456839865328976
0.4,3,Layer 1,-0.40859211373516746,0.2513427182710004,0.7696909695651539,0.2505979974688205
0.4,3,Layer 2,0.25209351189278106,0.1650776518338102,0.5232405681186775,0.1645885317903041
0.4,3,Layer 3,0.28255616608556133,0.1323881187909164,0.4399099754715107,0.13199585683599172
0.4,3,Layer 4,0.2593642562430784,0.12742426097739987,0.39351981326518737,0.12704670678165841
0.4,4,Layer 1,0.9163056042794205,0.09793825508510919,0.27205843910321736,0.09764806702478733
0.4,4,Layer 2,0.9641985313353103,0.04236997267748277,0.10980526643508226,0.04224443174175256
0.4,4,Layer 3,0.965299539954617,0.0408438949282998,0.11385741718618292,0.040722875714358
0.4,4,Layer 4,0.9513120322505634,0.0638431902889792,0.17924604155536028,0.06365402486492076
0.4,5,Layer 1,0.8234434896284993,0.20363869575107701,0.544033107389075,0.20303532051149242
0.4,5,Layer 2,0.880342209285466,0.15800358183670793,0.44564266752420467,0.15753542204667229
0.4,5,Layer 3,0.8826741129364377,0.15347948739505313,0.4419278316845011,0.15302473235875338
0.4,5,Layer 4,0.8696101985595939,0.16982033488679116,0.4660379808533982,0.16931716241816616
0.4,6,Layer 1,0.6598249934114858,0.3017441925443667,0.858992818424785,0.3008501337123839
0.4,6,Layer 2,0.7543092055460451,0.24116481040899226,0.7069393032810944,0.2404502464371341
0.4,6,Layer 3,0.7561400425999754,0.2444751314258949,0.6864540013909577,0.24375075907390883
0.4,6,Layer 4,0.6289217485309317,0.314547395315914,0.9507794168153946,0.3136154009849278
0.4,7,Layer 1,0.6709880575126936,0.27306337026472366,0.8334820829427573,0.2722542918336938
0.4,7,Layer 2,0.7355965263603069,0.24364494807320425,0.7367740209158714,0.24292303552915143
0.4,7,Layer 3,0.7365556703498104,0.2272421951621577,0.6604386745342661,0.22656888347429804
0.4,7,Layer 4,0.6122452272557865,0.3718151827696701,1.0857761242852895,0.3707135057325167
0.4,8,Layer 1,0.7540448979687389,0.19553307985085883,0.5941725049632172,0.19495372130376842
0.4,8,Layer 2,0.8058651010749557,0.17840535281158468,0.529882973740704,0.17787674319689997
0.4,8,Layer 3,0.8217660037328799,0.15902759879479522,0.4876378291756981,0.1585564048737702
0.4,8,Layer 4,0.6792521755034234,0.24521530392860572,0.7602641502795987,0.24448873846808739
0.4,9,Layer 1,0.8259991098788728,0.16467401974037113,0.46903725306678323,0.1641860956464373
0.4,9,Layer 2,0.882344525715933,0.13127468259706562,0.3444704435268511,0.13088571971959653
0.4,9,Layer 3,0.821293957807596,0.22713901941283945,0.5993228086047346,0.22646601343157563
0.4,9,Layer 4,0.8734841927717186,0.1438200509635654,0.37215183779226846,0.14339391654256473
0.4,10,Layer 1,0.8087780241063456,0.22370015892807166,0.6568409803633124,0.22303734218545546
0.4,10,Layer 2,0.8767051203977054,0.1629058459834012,0.4647999445418247,0.1624231609343371
0.4,10,Layer 3,0.8863459691447126,0.1500433275694478,0.44868651331292564,0.14959875376982495
0.4,10,Layer 4,0.8376604018346335,0.21149008570320602,0.6077554925464954,0.21086344703485133
0.4,11,Layer 1,0.9119384710980917,0.08854868093594763,0.24972314346449764,0.0882863138972197
0.4,11,Layer 2,0.9272371500140715,0.09678526681689271,0.2945502573099751,0.09649849502561544
0.4,11,Layer 3,0.9479659418903674,0.06177086010443149,0.17106605976076983,0.06158783493145347
0.4,11,Layer 4,0.9426274855701725,0.06724522734940067,0.1890877958926488,0.06704598179337697
0.4,12,Layer 1,0.2772257764713907,0.5145312877253264,1.3740046445215501,0.5130067472254967
0.4,12,Layer 2,0.6454420476776467,0.20660035500561125,0.5898742254783431,0.20598820446005803
0.4,12,Layer 3,0.6849810243585255,0.20701341845163246,0.5659389571197678,0.2064000440116971
0.4,12,Layer 4,0.6765213747581535,0.20873720907681115,0.581211163519419,0.20811872709787085
0.4,13,Layer 1,0.6852344104248387,0.284459164098893,0.8359596000117784,0.28361632027858086
0.4,13,Layer 2,0.745152585346622,0.24705098540169285,0.7218769857801951,0.24631898087300272
0.4,13,Layer 3,0.7721762637428297,0.20918342383927277,0.5652766151485079,0.20856361973961168
0.4,13,Layer 4,0.7899281841109782,0.19562037206461996,0.5840472188835373,0.19504075487336475
0.4,14,Layer 1,0.6119433486020216,0.4067619139182532,1.1657893589067037,0.40555669078343054
0.4,14,Layer 2,0.84706248919757,0.15790116857219313,0.4284079793675618,0.15743331222953422
0.4,14,Layer 3,0.8409838046782157,0.16735328216052237,0.474651516417654,0.1668574194938202
0.4,14,Layer 4,0.7599039408462068,0.25644710568462226,0.7046308510959467,0.2556872607383436
0.4,15,Layer 1,0.8606383846753463,0.1337069010180164,0.3793347889079859,0.13331073155160772
0.4,15,Layer 2,0.9102526807446799,0.09790637576284948,0.27651480762370284,0.09761628215998638
0.4,15,Layer 3,0.8865379628036827,0.1436238761749088,0.40747151552910177,0.1431983230138188
0.4,15,Layer 4,0.8865503970970954,0.12669837524978608,0.3579642647292204,0.12632297183129843
0.4,16,Layer 1,0.6134753640174542,0.3817232114060472,1.0988999576784186,0.3805921771824796
0.4,16,Layer 2,0.8206198891391012,0.18193835212400666,0.5514433415679486,0.18139927434020153
0.4,16,Layer 3,0.8033326495128488,0.2030605952030364,0.5887262832301183,0.20245893285772953
0.4,16,Layer 4,0.836252109168937,0.16313420158629813,0.4842067331455367,0.16265083992655296
0.4,17,Layer 1,-0.22138078048698365,0.39328966509775587,1.1680337024633054,0.3921243598249575
0.4,17,Layer 2,0.290429718641906,0.2230043730425876,0.6933300509405692,0.22234361789231172
0.4,17,Layer 3,0.4371356101871657,0.11728177563437077,0.3476620323568093,0.1169342733131086
0.4,17,Layer 4,0.40917584646315686,0.1259848906356556,0.3985385814422254,0.12561160125030102
0.4,18,Layer 1,0.6127490640419355,0.305863759834654,0.8979467653240042,0.3049574948505369
0.4,18,Layer 2,0.6228590716332664,0.34001896762236294,0.964834336321424,0.33901150180013423
0.4,18,Layer 3,0.7833311039972984,0.18386603998460455,0.5553166020774871,0.1833212505205098
0.4,18,Layer 4,0.754045058206124,0.2105881278244216,0.6225158053205693,0.2099641616297302
0.4,19,Layer 1,0.8404743967687407,0.157559441561,0.43222445748522886,0.15709259774504425
0.4,19,Layer 2,0.8971145782944141,0.11202207208532243,0.30181238268778865,0.11169015410512743
0.4,19,Layer 3,0.9099808615015219,0.09573465817947126,0.27003393643818874,0.09545099930951757
0.4,19,Layer 4,0.846262549293166,0.16987616406064562,0.4509785016977459,0.16937282617188257
0.4,20,Layer 1,0.8916065275348027,0.10470306388975857,0.3124345598862779,0.10439283190743946
0.4,20,Layer 2,0.9133093906224562,0.11533894229129518,0.3257418467559229,0.11499719652592492
0.4,20,Layer 3,0.9324116470825103,0.08216620301687516,0.23166852430410845,0.08192274706540083
0.4,20,Layer 4,0.9337471127359618,0.07741603608125545,0.22044627288927365,0.07718665472941595
0.4,21,Layer 1,0.8397120867971241,0.16443433711688316,0.4541937660092715,0.16394712319524662
0.4,21,Layer 2,0.8443849367594922,0.19538696413885281,0.5329074810760294,0.194808038528157
0.4,21,Layer 3,0.8950251779303593,0.12608451639085938,0.32822668476164685,0.12571093181743315
0.4,21,Layer 4,0.8416907547160233,0.20356450204100832,0.5323085595793222,0.20296134663512191
0.4,22,Layer 1,0.8074246494936282,0.1808565359601841,0.5333898737114158,0.18032066356465076
0.4,22,Layer 2,0.8732478088312466,0.13212306299001494,0.37534748345532887,0.13173158638733776
0.4,22,Layer 3,0.8726759095987108,0.13493469202709604,0.3828161086613845,0.13453488465340496
0.4,22,Layer 4,0.7360065853761916,0.31634020222171816,0.9297892757265358,0.31540289585859416
0.4,23,Layer 1,0.45811318506849064,0.47650021266685094,1.3490551039981984,0.475088357081548
0.4,23,Layer 2,0.7786368422149396,0.20042205537919724,0.5264480521927032,0.19982821094684883
0.4,23,Layer 3,0.7572070252078986,0.2223633586100019,0.5959224828545164,0.22170450276592327
0.4,23,Layer 4,0.7122288988923503,0.257740211821453,0.6959788088923071,0.256976535441162
0.4,24,Layer 1,0.6877621601593769,0.34970814545037915,1.0317579143473894,0.3486719708900011
0.4,24,Layer 2,0.8882488505929244,0.12051306758466135,0.344926027768684,0.12015599104398338
0.4,24,Layer 3,0.8519917831720317,0.16449439697089158,0.4411691265199129,0.16400700509374092
0.4,24,Layer 4,0.8821452526857954,0.12701794051816753,0.3679918802142439,0.1266415902375442
0.4,25,Layer 1,0.8024673578490608,0.20487413453895925,0.5572451145347644,0.2042670987319571
0.4,25,Layer 2,0.8778814836560582,0.13785042168725833,0.38895544122870174,0.13744197509558476
0.4,25,Layer 3,0.8119082225943096,0.2421623275699685,0.6764315834567594,0.2414448079852109
0.4,25,Layer 4,0.8762836088824965,0.1369585138837283,0.40800680241509146,0.1365527099876517
0.4,26,Layer 1,-0.2075555446179256,0.3191949196109048,1.0257182009553727,0.31824915480729477
0.4,26,Layer 2,0.30878430577094473,0.1548716886642356,0.537380513269761,0.15441280857807121
0.4,26,Layer 3,0.32250054098088987,0.15217922263433564,0.5260213542869233,0.15172832024283228
0.4,26,Layer 4,0.27644085223865067,0.16921487427142815,0.5317084714833156,0.16871349576412517
0.4,27,Layer 1,0.7158336606905346,0.25560716275935397,0.7472307943253004,0.2548498065383242
0.4,27,Layer 2,0.7846281576651416,0.22554648629048527,0.6281945368330386,0.22487819893625202
0.4,27,Layer 3,0.8532676141833928,0.13883221492754672,0.3695383417100454,0.1384208593124707
0.4,27,Layer 4,0.8499914826432359,0.13765745768676962,0.3863616153288657,0.13724958284153943
0.4,28,Layer 1,0.15662054772183986,0.44765690722899204,1.2530315390034268,0.4463305134772802
0.4,28,Layer 2,0.47911482560973495,0.3468622677834389,1.0117773381334207,0.3458345254717197
0.4,28,Layer 3,0.4275742913565457,0.34272910639302423,1.016579763813262,0.34171361051234295
0.4,28,Layer 4,0.40577362015628987,0.3647271731632232,1.0290175163098143,0.36364649768217727
0.4,29,Layer 1,0.9046323179966085,0.10672735051946394,0.2987015810025848,0.10641112063765094
0.4,29,Layer 2,0.9293177159613034,0.09726941938426428,0.30480720263474126,0.09698121306370827
0.4,29,Layer 3,0.9433146007195302,0.07405720916713734,0.20817308017944924,0.07383777991691856
0.4,29,Layer 4,0.926619835475494,0.09775960361901655,0.28870146339020597,0.09746994489753552
0.4,30,Layer 1,-0.3463563023923651,0.2830490097450329,0.8175074088733942,0.2822103441690273
0.4,30,Layer 2,0.4452019280057048,0.0963339611166948,0.3019355611696583,0.09604852653043142
0.4,30,Layer 3,0.3867683067724332,0.1451391637636666,0.4499332405967071,0.1447091208517042
0.4,30,Layer 4,0.3886942502378318,0.1426576339519305,0.4181495429988571,0.14223494373705328
0.4,31,Layer 1,0.7328646873272405,0.2927765563680609,0.8017150289134364,0.29190906836833774
0.4,31,Layer 2,0.8475560598589693,0.1760105300777436,0.5003219204801473,0.17548901624971902
0.4,31,Layer 3,0.8906083344423937,0.12135018062260047,0.3504990657686551,0.12099062374154336
0.4,31,Layer 4,0.888490248507248,0.12040638232893167,0.3447595419601174,0.12004962189340995
0.4,32,Layer 1,0.40416040576557805,0.4813636283115385,1.2926190706734701,0.4799373625741324
0.4,32,Layer 2,0.7113247438583211,0.2628440757554413,0.7124615094478052,0.2620652767821058
0.4,32,Layer 3,0.6740924495682055,0.2895769204130748,0.7948516909549403,0.2887189128370197
0.4,32,Layer 4,0.6653772520863526,0.29237986418235656,0.8091101975004874,0.2915135515694709
0.4,33,Layer 1,0.03492762903211265,0.45133613755436164,1.3063168685773046,0.4499988423555014
0.4,33,Layer 2,0.38452947610828725,0.22308870201259046,0.6603438636572809,0.22242769699815051
0.4,33,Layer 3,0.4756818018911671,0.23262047889371787,0.6527853901247047,0.23193123151532988
0.4,33,Layer 4,0.38688122219281856,0.27518954216835795,0.8295487695644631,0.2743741639548774
0.4,34,Layer 1,0.5445460846364625,0.3825780304876482,1.1090976815446338,0.3814444634612347
0.4,34,Layer 2,0.7817168698008449,0.1762451335767823,0.48740947060468937,0.17572292462575118
0.4,34,Layer 3,0.7863557139211441,0.1724347453218529,0.4778132013293695,0.1719238264349118
0.4,34,Layer 4,0.5837906199151119,0.38302408481481554,1.125341336137219,0.381889196143046
0.4,35,Layer 1,0.681501885619319,0.31066604273043097,0.8751130683562608,0.3097455487286799
0.4,35,Layer 2,0.8404234437399506,0.15475456629064913,0.4617463416748868,0.1542960332345026
0.4,35,Layer 3,0.8181125339932738,0.1726458644227621,0.5141157973931526,0.17213431999636927
0.4,35,Layer 4,0.7956349049615724,0.20426704197454287,0.5723366247067725,0.203661804964278
0.4,36,Layer 1,0.9291331629454728,0.07628034981003223,0.21610816618463846,0.07605433346194831
0.4,36,Layer 2,0.9703502684332296,0.03164826038835517,0.09192942497447165,0.031554487558865044
0.4,36,Layer 3,0.9709454261134045,0.03091446320331557,0.08743809918640488,0.03082286459248607
0.4,36,Layer 4,0.9683157744264638,0.03360853740885421,0.09413461262147438,0.033508956338388386
0.4,37,Layer 1,-0.377616018727781,0.29668410067358997,0.9158230593812693,0.29580503473936454
0.4,37,Layer 2,0.3873096175944131,0.17923516633534733,0.6171490862709433,0.1787040980085213
0.4,37,Layer 3,0.3677276289895264,0.17322700428919147,0.5979435581682765,0.17271373796311323
0.4,37,Layer 4,0.3859943646141255,0.15913355981103638,0.5351489934194649,0.1586620519307546
0.4,38,Layer 1,0.2732784220143673,0.22803339161106032,0.7330065626426605,0.22735773563227324
0.4,38,Layer 2,0.3463575321900214,0.22443048690921918,0.6990134747907111,0.22376550622708755
0.4,38,Layer 3,0.26569496667304143,0.2553322779615392,0.8642162301627887,0.25457573621577473
0.4,38,Layer 4,-0.04977721399119745,0.39881414077679794,1.1809584006213858,0.39763246665119334
0.4,39,Layer 1,0.614544406585987,0.29589129721774055,0.839507851838736,0.29501458033595496
0.4,39,Layer 2,0.5909064384696566,0.37680073745997006,1.0224324622508845,0.37568428837644974
0.4,39,Layer 3,0.7436923288965845,0.22863830409842056,0.6666911471091765,0.22796085578239791
0.4,39,Layer 4,0.659282368629907,0.30007294251649846,0.8292865102849928,0.2991838355473345
0.4,40,Layer 1,0.2233169459744703,0.523055444420368,1.435141580060488,0.5215056471044446
0.4,40,Layer 2,0.7015701356160766,0.20617839220967513,0.5690306902511841,0.20556749192700607
0.4,40,Layer 3,0.6831343459709938,0.21980282857478123,0.6176062696306712,0.21915155950303858
0.4,40,Layer 4,0.6269267905930523,0.2553122459009711,0.7282845534741531,0.2545557635095906
0.4,41,Layer 1,0.10780260704444337,0.523594119898128,1.4553870165178804,0.5220427265032067
0.4,41,Layer 2,0.626273739281665,0.22008803537798258,0.6486442077125167,0.21943592124718778
0.4,41,Layer 3,0.5606597807926567,0.25110604761393635,0.7413900086829776,0.2503620280596891
0.4,41,Layer 4,0.5882357948497443,0.23819157894588064,0.7111331377269969,0.23748582456809192
0.4,42,Layer 1,0.636151680853665,0.29578470034963117,0.8350658982897186,0.29490829931111207
0.4,42,Layer 2,0.6868837049809555,0.2943790231866339,0.8620135593600535,0.29350678712664136
0.4,42,Layer 3,0.7339846302726878,0.20879734151920065,0.6447601929712392,0.20817868136966905
0.4,42,Layer 4,0.7591503567705105,0.20715796351680588,0.6223484520723631,0.20654416079425456
0.4,43,Layer 1,0.3234439080196012,0.5063386480798345,1.3508800021668652,0.5048383821211998
0.4,43,Layer 2,0.6788196508892027,0.25749200394959343,0.6889649027410807,0.2567290630016504
0.4,43,Layer 3,0.6728127091393005,0.2649814852291475,0.7006404893313156,0.2641963531767842
0.4,43,Layer 4,0.5482211545022768,0.35548254374032834,1.0141587943925559,0.35442925981407675
0.4,44,Layer 1,0.7917200882096376,0.17532744737076,0.4820990785731476,0.17480795749594566
0.4,44,Layer 2,0.804158075916614,0.18205026742194183,0.5418897904212336,0.18151085803652503
0.4,44,Layer 3,0.8710262093220232,0.12147884669431118,0.33324791307259427,0.12111890857961097
0.4,44,Layer 4,0.8364993319126527,0.16967490482723377,0.4807267786563029,0.16917216326343598
0.4,45,Layer 1,0.7812356543585058,0.19450609502022162,0.5276394776633258,0.19392977939783643
0.4,45,Layer 2,0.714717435113511,0.31407919665810685,0.8856732503741387,0.3131485895854522
0.4,45,Layer 3,0.8479411850622878,0.15570640510102285,0.41871269396854693,0.15524505177553535
0.4,45,Layer 4,0.7568774995727591,0.2629777110954717,0.7186531000361184,0.26219851616470274
0.4,46,Layer 1,0.631450693296567,0.2574156319764239,0.7349843372409522,0.25665291731630624
0.4,46,Layer 2,0.7417227497697747,0.196545582770595,0.5578851933111595,0.19596322420825935
0.4,46,Layer 3,0.7296240803653796,0.21349105438477392,0.6015690373463713,0.21285848690729384
0.4,46,Layer 4,0.4526872785100654,0.4612626442607437,1.324567520086963,0.45989593712551213
0.4,47,Layer 1,0.7110976593647854,0.3151347027213414,0.8942156363536801,0.3142009682164399
0.4,47,Layer 2,0.8530032601177066,0.16474759660530428,0.43836104620831384,0.1642594545053655
0.4,47,Layer 3,0.892079968619986,0.11504237050776749,0.3226402128536745,0.1147015034755392
0.4,47,Layer 4,0.8916606089684782,0.11284545295646779,0.31175439263690063,0.11251109532388469
0.4,48,Layer 1,0.5494869834538932,0.46398461221805903,1.3108473610667732,0.46260983997485616
0.4,48,Layer 2,0.8455845707252126,0.1560364084184953,0.43336202255620637,0.15557407730325126
0.4,48,Layer 3,0.8243899009737593,0.17763912405962298,0.49611824973915625,0.17711278475734182
0.4,48,Layer 4,0.8097737390119043,0.1879817423860774,0.5180216537301149,0.18742475822139595
0.4,49,Layer 1,0.8931186024426075,0.12338918732019266,0.3551753614541934,0.1230235889245298
0.4,49,Layer 2,0.9251159417081936,0.09994398022291709,0.296971641446544,0.09964784926023525
0.4,49,Layer 3,0.9532583299731677,0.05412909824121791,0.1572719822395815,0.05396871537538127
0.4,49,Layer 4,0.946849824305386,0.062362123580743896,0.17355481059616473,0.06217734651213346
0.45,0,Layer 1,0.787509345823205,0.19211579647783145,0.54120074971882,0.1915465632370652
0.45,0,Layer 2,0.7225013988521112,0.31887908834306583,0.9141621565597657,0.3179342593378619
0.45,0,Layer 3,0.8196156409898397,0.1962755200353294,0.5369610501751707,0.19569396166063488
0.45,0,Layer 4,0.8306496384312307,0.18292542801002729,0.4929267845704693,0.18238342555050166
0.45,1,Layer 1,0.21467742736587012,0.4985730602207832,1.3447597587482125,0.49709580346193577
0.45,1,Layer 2,0.5576718391308717,0.2216360214404314,0.6557560885729112,0.22097932067418477
0.45,1,Layer 3,0.6292247367300314,0.2092167601225245,0.6091844244024931,0.20859685724847377
0.45,1,Layer 4,0.6318093992825136,0.20656575586619452,0.5926395227358157,0.2059537078368352
0.45,2,Layer 1,0.5182413772262356,0.3685045150218928,1.1040052226441452,0.3674126473922201
0.45,2,Layer 2,0.6353892909523465,0.2970303266831534,0.8979385927357443,0.2961502348918298
0.45,2,Layer 3,0.7535786009313095,0.18861616874833137,0.5774431691161629,0.18805730479770397
0.45,2,Layer 4,0.7444276079463391,0.19251570811964833,0.5763732613476511,0.19194528995289442
0.45,3,Layer 1,0.8509305927227733,0.168652523647516,0.48481978468851517,0.16815281136794635
0.45,3,Layer 2,0.8902641841382143,0.1417438131205398,0.3873371047642167,0.14132383052889236
0.45,3,Layer 3,0.9146689978982709,0.10934125319235041,0.30667838103916945,0.10901727839670518
0.45,3,Layer 4,0.8493286925457667,0.2069696730983883,0.6081126452948415,0.2063564282745994
0.45,4,Layer 1,0.9303967260593374,0.06762545879942827,0.19238831344560892,0.06742508662922443
0.45,4,Layer 2,0.9666016231388661,0.03494791882210457,0.09678569504000101,0.034844369205394944
0.45,4,Layer 3,0.9694342809191383,0.03094268220951653,0.08604143842699885,0.03085099998663302
0.45,4,Layer 4,0.961700460834484,0.04258210364002279,0.12169873461966785,0.042455934166725724
0.45,5,Layer 1,0.5588583247959902,0.4547663851298806,1.24484982897145,0.4534189262121602
0.45,5,Layer 2,0.8370012101200285,0.1626147832298702,0.4402565895991799,0.16213296059086027
0.45,5,Layer 3,0.8232577194427915,0.1813700568496737,0.501770065661873,0.18083266290741964
0.45,5,Layer 4,0.7691112771568327,0.2290982965469069,0.6192512901476481,0.22841948528730044
0.45,6,Layer 1,0.776328287349464,0.2021028755635768,0.5916719033671882,0.20150405091232793
0.45,6,Layer 2,0.8409165025521774,0.15688022784182665,0.4328966040799571,0.15641539651538827
0.45,6,Layer 3,0.8339843425769343,0.1772598298128423,0.5231736408204203,0.17673461434783663
0.45,6,Layer 4,0.7718534002362163,0.1961433468244341,0.6096179246987405,0.19556218007492895
0.45,7,Layer 1,-0.303596018316084,0.26197100841885024,0.8273966512298163,0.2611947963173831
0.45,7,Layer 2,0.1336970687284566,0.17822488464314235,0.5889959590856506,0.17769680975013213
0.45,7,Layer 3,0.18710321610035346,0.14676409504343516,0.46577246984986276,0.14632923750969068
0.45,7,Layer 4,0.1454363962747798,0.15360179718855774,0.46678200345103876,0.15314667975207324
0.45,8,Layer 1,0.463728013860703,0.44037168208333827,1.2362883032189511,0.4390668742313567
0.45,8,Layer 2,0.8085690747735295,0.15244676734361742,0.4217739672312647,0.15199507222530703
0.45,8,Layer 3,0.8148995270917909,0.14812872449914158,0.4141443675637755,0.14768982360997418
0.45,8,Layer 4,0.7859024887997715,0.16920044652060023,0.4450565740270944,0.1686991107622826
0.45,9,Layer 1,0.7670944971262206,0.26523182010336815,0.7786712688781854,0.26444594631641377
0.45,9,Layer 2,0.9023311942030346,0.10867251061721175,0.3067971223493807,0.10835051728540375
0.45,9,Layer 3,0.9054995750029651,0.10582545361776849,0.29029128339204335,0.10551189602894548
0.45,9,Layer 4,0.8546355803223697,0.17126801201317216,0.49024944381404567,0.17076055012141092
0.45,10,Layer 1,-0.12237398206731573,0.4633004330557063,1.3010085481067684,0.4619276880144773
0.45,10,Layer 2,0.43817017313835166,0.20362712056877547,0.7074297524022033,0.20302377962610263
0.45,10,Layer 3,0.5235339893661616,0.17053738227418125,0.4710512759851419,0.17003208521603466
0.45,10,Layer 4,0.48132573501547393,0.18855480418140333,0.5718441142701833,0.1879961220521147
0.45,11,Layer 1,0.5144651182906081,0.26291807114088217,0.8124574418048913,0.2621390529214782
0.45,11,Layer 2,0.6045844350589705,0.21134150081873315,0.6320363291803606,0.21071530240285574
0.45,11,Layer 3,0.5364761194393743,0.28326851796482494,0.8381935174120702,0.28242920199266447
0.45,11,Layer 4,0.28866799883528077,0.36391574608918054,1.1935099706606362,0.36283747484178674
0.45,12,Layer 1,-0.12741276922163886,0.4354974392343083,1.2100485765177966,0.43420707361510547
0.45,12,Layer 2,0.5606791806919637,0.15649232496305743,0.464021328487825,0.15602864298100844
0.45,12,Layer 3,0.4559372966082534,0.22719285242361312,0.7181607919877957,0.2265196869367816
0.45,12,Layer 4,0.5439764943208819,0.15965159852095545,0.48151830901332054,0.15917855570778897
0.45,13,Layer 1,0.4500442758729563,0.4095542098669485,1.1856886309834513,0.40834071324446275
0.45,13,Layer 2,0.8110904273527085,0.1383520128427953,0.39800314062687725,0.13794208005183858
0.45,13,Layer 3,0.8067343795070198,0.14157000749906384,0.4101734810267209,0.14115053988816756
0.45,13,Layer 4,0.8005509247210838,0.1440686897841461,0.41981292835621165,0.1436418186539096
0.45,14,Layer 1,-0.1078202865471192,0.4012591244496426,1.226684453571392,0.4000702059120467
0.45,14,Layer 2,0.5888568700955665,0.14254569460333918,0.42773263336992356,0.14212333606133506
0.45,14,Layer 3,0.5885858477111874,0.14252132889880578,0.4406575955718747,0.14209904255164046
0.45,14,Layer 4,0.5257576770651909,0.18048649728294827,0.5606364677968929,0.17995172130072035
0.45,15,Layer 1,0.10078676136864825,0.48290286654353454,1.347007401209325,0.4814720400902314
0.45,15,Layer 2,0.6088681880123822,0.1973714762497308,0.583929481911579,0.19678667059022634
0.45,15,Layer 3,0.6692137000935098,0.164983745551653,0.46491449645894567,0.16449490374959452
0.45,15,Layer 4,0.6580511202213892,0.1691527761327479,0.47627106906803074,0.16865158162033436
0.45,16,Layer 1,0.8060207392489396,0.1845856821612502,0.520293011347791,0.18403876041935258
0.45,16,Layer 2,0.8547699216281269,0.16206908554388993,0.43721489821618664,0.16158887979046654
0.45,16,Layer 3,0.884064236158213,0.12736949863149957,0.37316525223419605,0.12699210669491745
0.45,16,Layer 4,0.8728770219862511,0.13852607362331465,0.40346584753562054,0.13811562509557831
0.45,17,Layer 1,0.476345952303143,0.49733941253499914,1.3492701311342274,0.4958658110365886
0.45,17,Layer 2,0.8096450938803601,0.17592003330844608,0.4725257412241465,0.17539878761958663
0.45,17,Layer 3,0.7983070097685742,0.1897059201966257,0.522805817579355,0.1891438273457209
0.45,17,Layer 4,0.735836766171016,0.24240551289601506,0.6484891347828705,0.24168727276055932
0.45,18,Layer 1,-0.04938553406378396,0.3995259578120038,1.1859052092051943,0.39834217459425153
0.45,18,Layer 2,0.5104404260507126,0.20614769906718633,0.6631975581394733,0.20553688972736167
0.45,18,Layer 3,0.5628604248936945,0.17013234430953644,0.5185707850735203,0.16962824736651563
0.45,18,Layer 4,0.5463529626567634,0.1830298243998343,0.5393067034662531,0.18248751261699242
0.45,19,Layer 1,0.37256077992593645,0.4540777475875188,1.2898621091109939,0.45273232908181604
0.45,19,Layer 2,0.6048968556244383,0.2896506787358871,0.8539443449614366,0.2887924526161729
0.45,19,Layer 3,0.7226755327197388,0.18846287286387736,0.5259526292218684,0.18790446312427636
0.45,19,Layer 4,0.7034484919759881,0.19924763568733095,0.5446526211528113,0.1986572710246813
0.45,20,Layer 1,0.8374844586471214,0.156001358304125,0.4349124493874995,0.1555391310413
0.45,20,Layer 2,0.8596070616104994,0.16795171474441772,0.4397091800131746,0.16745407894023626
0.45,20,Layer 3,0.8552820132709099,0.178340294532333,0.4911788534842278,0.17781187768334392
0.45,20,Layer 4,0.8942925289491043,0.1138749909426372,0.3426512537437111,0.11353758282042696
0.45,21,Layer 1,0.5350009849752981,0.24610562043134426,0.7215984469412662,0.24537641699020452
0.45,21,Layer 2,0.38946389674422927,0.3581696779098336,1.0883463207599964,0.3571084320870606
0.45,21,Layer 3,0.6132117845746571,0.22574456498531806,0.6637855352316597,0.22507569072995834
0.45,21,Layer 4,0.3096498045354857,0.43516987370507193,1.2810354481033968,0.4338804786525336
0.45,22,Layer 1,0.8921006327337678,0.12771970571194693,0.35188916844516416,0.1273412761224753
0.45,22,Layer 2,0.9492875240202413,0.059102875784190316,0.1592966143168284,0.058927755767314856
0.45,22,Layer 3,0.9528490069970544,0.05603133671568495,0.14279166324553072,0.05586531757531292
0.45,22,Layer 4,0.9430498389274248,0.06826988259764197,0.19512805213680917,0.0680676010193946
0.45,23,Layer 1,0.8324534229795535,0.18338556167208755,0.4958591695775504,0.18284219585056652
0.45,23,Layer 2,0.9006977441116079,0.12211494461623132,0.30777544298575266,0.12175312176280492
0.45,23,Layer 3,0.906189733101904,0.11822861987343769,0.2982106779068804,0.11787831208159688
0.45,23,Layer 4,0.8896481355031902,0.13586501108046425,0.38670784077715614,0.1354624471998153
0.45,24,Layer 1,0.7666457319423661,0.2514821886845176,0.7209402127280011,0.25073705463575974
0.45,24,Layer 2,0.8455793872453113,0.19007871991667064,0.5504254313151409,0.18951552247157477
0.45,24,Layer 3,0.8647486577373366,0.1650945514933103,0.45815926302556365,0.16460538137662892
0.45,24,Layer 4,0.7882514701668357,0.2621628369011633,0.7692628850900973,0.2613860564177586
0.45,25,Layer 1,-0.04529347357335216,0.46968909605056386,1.3697868600819907,0.46829742159589044
0.45,25,Layer 2,0.5398340332880891,0.18639999550298209,0.5794674828431813,0.18584769800603362
0.45,25,Layer 3,0.5823287700072863,0.17112763316692817,0.5110092412591684,0.17062058721340342
0.45,25,Layer 4,0.5389258606810198,0.18877225138114329,0.5665397608603455,0.18821292496243922
0.45,26,Layer 1,0.8912318322379691,0.12066543144475007,0.3366544055404105,0.12030790345460543
0.45,26,Layer 2,0.9336673470602906,0.08546805623954193,0.2411252037777445,0.08521481699775556
0.45,26,Layer 3,0.9541346596077741,0.05068372915244589,0.14055219428640253,0.05053355481005185
0.45,26,Layer 4,0.9507767162351626,0.05475475368143415,0.14969563312426326,0.05459251701762584
0.45,27,Layer 1,0.9149585496327114,0.0858474474322248,0.2417478661717377,0.0855930840659152
0.45,27,Layer 2,0.9341600667592935,0.08411359150634283,0.24855245706411688,0.08386436550221688
0.45,27,Layer 3,0.955069089266432,0.051639367471748736,0.14506475770007776,0.051486361602184776
0.45,27,Layer 4,0.9422208515098611,0.06936093332401802,0.1951046819102248,0.06915541899577193
0.45,28,Layer 1,0.3385351809354638,0.4996839476652718,1.3683582414417186,0.49820339938083547
0.45,28,Layer 2,0.7086570029537642,0.20756665384283185,0.5492554649866771,0.20695164018331952
0.45,28,Layer 3,0.7290291841326114,0.19795941845319082,0.5292360731194967,0.19737287073888393
0.45,28,Layer 4,0.6402839588426824,0.2687570128620158,0.773847915488972,0.2679606940365216
0.45,29,Layer 1,0.2831827668036354,0.5105822414457143,1.364220348693237,0.5090694018494692
0.45,29,Layer 2,0.7185420390539313,0.19219521708881257,0.507828471197963,0.1916257485272002
0.45,29,Layer 3,0.7158698388306403,0.19570570114834338,0.5338907129784551,0.19512583112961765
0.45,29,Layer 4,0.5800024301535769,0.3087946140719864,0.8524803663705718,0.3078796650562263
0.45,30,Layer 1,0.8749826282006041,0.15029464048333338,0.4314596824528938,0.1498493220512179
0.45,30,Layer 2,0.947846457517783,0.0611567536712129,0.17950142605942632,0.06097554807685134
0.45,30,Layer 3,0.9296237297514378,0.09332716263574052,0.2631771450566224,0.09305063710159579
0.45,30,Layer 4,0.9454017448482007,0.0637794461325832,0.1973595104912943,0.06359046958051444
0.45,31,Layer 1,0.10378336277730554,0.19127096565098847,0.6256398320029654,0.19070423561817432
0.45,31,Layer 2,0.09862890126797601,0.21627752082983592,0.7201068949890839,0.21563669713733408
0.45,31,Layer 3,0.029366224840078274,0.21312254049430499,0.6758930714876217,0.21249106491223382
0.45,31,Layer 4,0.044842246548448705,0.23920758952939952,0.7169876658251706,0.23849882474326486
0.45,32,Layer 1,0.20289650509880688,0.42751249123080737,1.2116055046385332,0.4262457847688041
0.45,32,Layer 2,0.608599161390737,0.23649709139382918,0.6967907176697871,0.23579635773093416
0.45,32,Layer 3,0.6604595453696328,0.19416237011751403,0.5468597812579076,0.19358707294152358
0.45,32,Layer 4,0.6541021243197589,0.19945286938191,0.5727485642908032,0.19886189661808784
0.45,33,Layer 1,0.29286091732336966,0.29334088769806504,0.8762595700291556,0.2924717276018368
0.45,33,Layer 2,0.1581826760434915,0.3914782865638292,1.1340478417400464,0.3903183483503358
0.45,33,Layer 3,0.4667076113275169,0.2519054395703941,0.7879016582627014,0.25115905144218065
0.45,33,Layer 4,0.38108052866174924,0.2798550071287165,0.8832516531606016,0.2790258052849684
0.45,34,Layer 1,0.6265250183531709,0.3763132231513085,1.033906191722283,0.37519821855780355
0.45,34,Layer 2,0.8295966444460847,0.17377925233911506,0.46784702127253375,0.17326434971892188
0.45,34,Layer 3,0.8311491980529228,0.17256855443957703,0.46216770578296296,0.1720572390803045
0.45,34,Layer 4,0.7040116706210218,0.3196898322274996,0.8842722531886836,0.3187426010129134
0.45,35,Layer 1,0.4982651495364536,0.46575443309718756,1.30219874848022,0.46437441692874226
0.45,35,Layer 2,0.7783185801086646,0.2085972388036906,0.5669873457956562,0.20797917155239706
0.45,35,Layer 3,0.7318687600270112,0.24691142681883488,0.6543838462895741,0.24617983579796573
0.45,35,Layer 4,0.7435640840458088,0.24035200253422295,0.6462737413323552,0.23963984688728734
0.45,36,Layer 1,0.5655166742130259,0.4323386105430292,1.1803482604097542,0.4310576044368176
0.45,36,Layer 2,0.8336791357433173,0.16748396548358807,0.45128901809143074,0.1669877156061887
0.45,36,Layer 3,0.8128452570284062,0.19070893350578583,0.5236129713639313,0.19014386875706227
0.45,36,Layer 4,0.779044077162106,0.22339853945978255,0.6403306991299584,0.22273661640644418
0.45,37,Layer 1,0.3138225420146472,0.4954570866934954,1.3217234403731466,0.49398906246909635
0.45,37,Layer 2,0.7589601603624183,0.17375107257129016,0.45860768070957114,0.1732362534468889
0.45,37,Layer 3,0.7394027838441648,0.18865959784587855,0.4996063476510041,0.18810060521616073
0.45,37,Layer 4,0.7079300689066192,0.20841814368810377,0.5639985357726095,0.207800607090171
0.45,38,Layer 1,0.6361804007392048,0.37197625969379117,1.1028119584472358,0.37087410539062826
0.45,38,Layer 2,0.8476576580835825,0.15345430365741577,0.43974983692173564,0.1529996232397619
0.45,38,Layer 3,0.8667624027755954,0.13280469132824407,0.3873900293284006,0.1324111950816069
0.45,38,Layer 4,0.8699617117775754,0.12710436934553004,0.36839464947394784,0.1267277629789294
0.45,39,Layer 1,0.404399454202924,0.4747694155830198,1.3016334766373938,0.47336268829664496
0.45,39,Layer 2,0.7367531844969589,0.20322016306559254,0.5691041943174209,0.2026180279255796
0.45,39,Layer 3,0.7718543499567814,0.17676612720196694,0.4738355135652523,0.1762423745627274
0.45,39,Layer 4,0.7799269718789235,0.16802175264933283,0.45375093446234127,0.16752390932497696
0.45,40,Layer 1,0.9068898132190677,0.1037526476112585,0.2778957464350784,0.10344523168336192
0.45,40,Layer 2,0.9563480894762151,0.048473783800842364,0.12431169190229596,0.04833015745906812
0.45,40,Layer 3,0.9568507687247175,0.049463334822621725,0.12370584865111589,0.049316776471375286
0.45,40,Layer 4,0.9376925514906904,0.07674364349712423,0.210847929647607,0.07651625442398718
0.45,41,Layer 1,0.06159681705584134,0.39896306489419897,1.1865136961580567,0.3977809495109803
0.45,41,Layer 2,0.6440801294495742,0.15428677181454867,0.45805269240885305,0.1538296248191557
0.45,41,Layer 3,0.6135313598747947,0.17068663213809887,0.5057336144421054,0.17018089285716131
0.45,41,Layer 4,0.6402790817558099,0.15785047651077058,0.470367107771788,0.15738277036714227
0.45,42,Layer 1,-0.2279395018293078,0.3944095709982289,1.223247719688214,0.39324094747843186
0.45,42,Layer 2,0.5031974584695679,0.1828382336358173,0.5911512425395572,0.18229648953056093
0.45,42,Layer 3,0.46639657483564534,0.18898052204055915,0.5990221066007397,0.1884205785222485
0.45,42,Layer 4,0.47475151594297615,0.18258919583116043,0.5815303778600514,0.18204818961731759
0.45,43,Layer 1,-0.005158166005289013,0.415814139956923,1.2291104965085804,0.4145820953526605
0.45,43,Layer 2,0.6380204355967871,0.15711523741102204,0.44899228387076207,0.15664970975840367
0.45,43,Layer 3,0.6134103564866181,0.16484348479574312,0.46663408377585786,0.164355058582023
0.45,43,Layer 4,0.6176175296910124,0.16209515267443467,0.46655844494347126,0.16161486968489908
0.45,44,Layer 1,0.8964958836813601,0.10403497455334745,0.30684865998363464,0.10372672209933922
0.45,44,Layer 2,0.9273515041430517,0.08891974456658537,0.23566197355013874,0.08865627807764631
0.45,44,Layer 3,0.9408372184958573,0.07086622521639092,0.1923028074758022,0.07065625075421571
0.45,44,Layer 4,0.9451830418754773,0.05878614499568423,0.16263149879553707,0.05861196344246712
0.45,45,Layer 1,0.1662885765534674,0.3736203464037871,1.1753503535423968,0.372513320721887
0.45,45,Layer 2,0.3663652959059355,0.271106178600114,0.8624403130857684,0.27030289926824447
0.45,45,Layer 3,0.4471794593466644,0.2183191042543783,0.6942149064572719,0.21767223141250744
0.45,45,Layer 4,0.4683779481104065,0.21917222132596773,0.6971018848094988,0.21852282072425444
0.45,46,Layer 1,0.8771662850255588,0.12106710311545793,0.353936939576349,0.12070838498441375
0.45,46,Layer 2,0.8901740059940538,0.1425451847025936,0.4055065129973806,0.1421228276714099
0.45,46,Layer 3,0.9267591921374849,0.0872597748709511,0.24751124538196378,0.0870012268215508
0.45,46,Layer 4,0.9268191136805785,0.0839090211284631,0.25202040249244706,0.08366040126012245
0.45,47,Layer 1,-0.20477851352740478,0.3883241735403855,1.1519322163362191,0.38717358086750353
0.45,47,Layer 2,0.5446638700977293,0.13126478066580155,0.3988480084389444,0.13087584712745248
0.45,47,Layer 3,0.5391509940002536,0.13425185512634666,0.3886886260459493,0.13385407097754937
0.45,47,Layer 4,0.4689243585988943,0.16113294105679918,0.5144592618660404,0.16065550907091594
0.45,48,Layer 1,-0.03524691272449293,0.4295327673152637,1.195927052901754,0.4282600748368896
0.45,48,Layer 2,0.6149591174820778,0.14344394724435067,0.4197688686915502,0.14301892720718978
0.45,48,Layer 3,0.614632880025952,0.14523164429901605,0.41702352739687104,0.14480132737005036
0.45,48,Layer 4,0.5132493822703545,0.1950997284959273,0.6306049196551725,0.1945216539556738
0.45,49,Layer 1,0.7294283525150935,0.3062644159025374,0.8739348854303499,0.3053569637867209
0.45,49,Layer 2,0.8936160837098138,0.12116492711863229,0.3477029908336946,0.12080591913805273
0.45,49,Layer 3,0.8730808722056544,0.14835745963511582,0.4363394191629041,0.14791788101072254
0.45,49,Layer 4,0.8612027323048654,0.1596067424882984,0.4668552959574037,0.15913383258218747
0.5,0,Layer 1,0.06538049738646702,0.5249257773979412,1.4064716860358604,0.5233704383424956
0.5,0,Layer 2,0.5907043664250046,0.2577861457005216,0.7471412344718303,0.257022333219549
0.5,0,Layer 3,0.566764162960526,0.2689187618293792,0.7727461741731662,0.26812196374663194
0.5,0,Layer 4,0.5126883730587681,0.29087598968342276,0.8479450153579856,0.29001413300477275
0.5,1,Layer 1,-0.36603004625494595,0.2054490454675908,0.7069188767531962,0.20484030621705573
0.5,1,Layer 2,0.07525028879322683,0.20494664248081643,0.6012264944219075,0.20433939183499578
0.5,1,Layer 3,0.11701474226806728,0.18767625353291037,0.5827448372216474,0.18712017452237606
0.5,1,Layer 4,0.08100588960847031,0.19197890180528532,0.583916339641941,0.19141007417925515
0.5,2,Layer 1,0.8560909271817762,0.14084584152246332,0.40166631817156273,0.1404285195932511
0.5,2,Layer 2,0.8734051325171959,0.1544659505823592,0.4564733410405214,0.15400827268574663
0.5,2,Layer 3,0.9162115933134984,0.09493371392292717,0.29834883459297734,0.09465242822635743
0.5,2,Layer 4,0.9036021531286852,0.11049846700585417,0.3519876829198051,0.11017106342100265
0.5,3,Layer 1,0.27433593175981935,0.25897480087560143,0.8022667799880354,0.258207466445628
0.5,3,Layer 2,0.1780135005591888,0.2832050152211839,0.8889053451868166,0.2823658874057145
0.5,3,Layer 3,0.37223335057239076,0.2447333766982875,0.7680405823685538,0.24400823917344214
0.5,3,Layer 4,-0.02952098220490849,0.39838489944515293,1.2393894483674641,0.3972044971485114
0.5,4,Layer 1,0.04640068989392665,0.28804517972326027,0.8226311672655402,0.2871917106481137
0.5,4,Layer 2,0.23520832079303397,0.2896921571351444,0.8760895122735166,0.28883380811619924
0.5,4,Layer 3,0.264716570957837,0.2886752014955863,0.8712698643232343,0.28781986568515944
0.5,4,Layer 4,-0.09270569210893363,0.33751760806238357,1.0015534670562047,0.3365175536921787
0.5,5,Layer 1,0.9021903553450318,0.1007536483233868,0.30267462927544864,0.10045511833883779
0.5,5,Layer 2,0.9345839492452938,0.07893917952335347,0.23783796738923924,0.07870528514398789
0.5,5,Layer 3,0.9551252937494411,0.047333436682341974,0.13508856304421513,0.04719318915427157
0.5,5,Layer 4,0.9477670208007866,0.056817838901971944,0.16162664501657997,0.056649489379629374
0.5,6,Layer 1,0.6455765666171263,0.38455179762275643,1.079385711559432,0.3834123823845693
0.5,6,Layer 2,0.8754459148808921,0.13180146658255915,0.37075152222605845,0.13141094286022076
0.5,6,Layer 3,0.8481107185742479,0.16396052283270854,0.45782484812271695,0.16347471280833314
0.5,6,Layer 4,0.8524146145004176,0.15790339536623502,0.4424138611431896,0.15743553242565328
0.5,7,Layer 1,0.7587697761684569,0.24107468219738862,0.6883011713745855,0.2403603852726703
0.5,7,Layer 2,0.8162134956225254,0.2151983243971238,0.5967065998655503,0.21456069833071037
0.5,7,Layer 3,0.8375934219542495,0.1894836901549953,0.5289862129203196,0.18892225576492044
0.5,7,Layer 4,0.7950944505521726,0.23519237513471097,0.6495953291912834,0.23449550730626617
0.5,8,Layer 1,0.7246443594261723,0.3187801836847224,0.9654552388379682,0.31783564773100215
0.5,8,Layer 2,0.887924701925925,0.12586664924704838,0.3696644219864541,0.12549371020731898
0.5,8,Layer 3,0.8839684833999598,0.13128162342576508,0.3980411350254358,0.13089263998283238
0.5,8,Layer 4,0.8979834535156639,0.1118530763069851,0.32284614099845443,0.11152165905612278
0.5,9,Layer 1,0.7814831850780053,0.23698816009592483,0.673569803384561,0.236285971411455
0.5,9,Layer 2,0.8904721962320767,0.12478779249194721,0.37228309171074847,0.12441805007185187
0.5,9,Layer 3,0.872655971675484,0.1522046118869113,0.42748432652300383,0.15175363426782756
0.5,9,Layer 4,0.8924852993287037,0.12154394982436142,0.33357351093815346,0.12118381881107415
0.5,10,Layer 1,0.1915494601517905,0.2019373462620662,0.6394221343969118,0.20133901206908503
0.5,10,Layer 2,0.16598385271353397,0.2407638397610207,0.7039166037899154,0.24005046385295312
0.5,10,Layer 3,0.2944719064456688,0.18726479624250558,0.6032868258510737,0.18670993636736327
0.5,10,Layer 4,-0.18338317054548192,0.31208070474550753,0.9590370740796657,0.31115601914338725
0.5,11,Layer 1,-0.19778445151995963,0.28227985396684324,0.8877150757637715,0.28144346737593057
0.5,11,Layer 2,0.27278045931986206,0.14096937017677802,0.4396114550591202,0.14055168223593364
0.5,11,Layer 3,0.3163770777626385,0.13460531201685477,0.41445080655279654,0.13420648058607992
0.5,11,Layer 4,0.12503661940199592,0.20147751976112896,0.5860575654766651,0.2008805480200342
0.5,12,Layer 1,0.6092112245430108,0.36680221810880814,1.0221352837467699,0.36571539433292766
0.5,12,Layer 2,0.7931718564182964,0.20761877890990452,0.5966606719998063,0.20700361080540952
0.5,12,Layer 3,0.8107686363344768,0.18836864899620684,0.5383046427366528,0.1878105184390496
0.5,12,Layer 4,0.8162050080333558,0.17827625411560952,0.5007015869818571,0.17774802701642034
0.5,13,Layer 1,0.6938218324367106,0.20819173135338778,0.6034259038481811,0.2075748656082917
0.5,13,Layer 2,0.6086344624151454,0.2962764409437921,0.8604459860971453,0.29539858289290255
0.5,13,Layer 3,0.6654358354827261,0.3002469687248645,0.8626880348610122,0.2993573461213571
0.5,13,Layer 4,0.7490481765495172,0.18995977902912312,0.5611295404682755,0.1893969340022465
0.5,14,Layer 1,-0.2973806640517405,0.3363603864562075,0.995802100723477,0.3353637608982985
0.5,14,Layer 2,0.4151088397011551,0.10735994187670331,0.3667227162065437,0.10704183764600823
0.5,14,Layer 3,0.4138970135332211,0.10580613451666988,0.34140974717612554,0.10549263416975375
0.5,14,Layer 4,0.21121720192958296,0.28235639697890186,0.8686768091472292,0.28151978359338087
0.5,15,Layer 1,0.30936774641773207,0.4829971753104894,1.349023753834193,0.4815660694231884
0.5,15,Layer 2,0.7165781257208472,0.18799260989906583,0.5322419322562856,0.1874355935342752
0.5,15,Layer 3,0.7478818856499876,0.16988778883305378,0.473032861660377,0.1693844165004449
0.5,15,Layer 4,0.7179754348702029,0.18803815210828329,0.5110645276620782,0.18748100080331673
0.5,16,Layer 1,0.18462573782094796,0.19785209085390032,0.6277337243792382,0.19726586114799402
0.5,16,Layer 2,0.25782883213314967,0.1999086760453206,0.6668638719614112,0.19931635274026796
0.5,16,Layer 3,0.17221954126708072,0.2442139809891569,0.7497348513023967,0.24349038241794346
0.5,16,Layer 4,-0.14258381907073617,0.3346091533028176,1.0543894344832339,0.3336177165952869
0.5,17,Layer 1,0.4855071473073654,0.2232092546803674,0.7111044937051619,0.22254789247205256
0.5,17,Layer 2,0.48253657276395184,0.2634236318552731,0.8762852984367749,0.26264311567490417
0.5,17,Layer 3,0.5538447298785705,0.22210155758779473,0.6779478389433828,0.2214434774521536
0.5,17,Layer 4,0.15259566817682763,0.37161016657836465,1.1697795837436287,0.37050909699792806
0.5,18,Layer 1,-0.05021044199819558,0.3062726450060632,0.9104160554153371,0.3053651685076641
0.5,18,Layer 2,0.1927709937829013,0.2843529699016793,0.9258600021147833,0.28351044073153203
0.5,18,Layer 3,0.35131153844504137,0.22025216542461865,0.7133188582797862,0.21959956498150562
0.5,18,Layer 4,0.2921270759137149,0.23322949888802064,0.7509462197497055,0.2325384470019794
0.5,19,Layer 1,0.2601630963910618,0.5206729795337316,1.3868231179098394,0.5191302413885441
0.5,19,Layer 2,0.6624175509792913,0.2653206517993564,0.7273134508583693,0.26453451480679835
0.5,19,Layer 3,0.652144911698036,0.27330541980970946,0.7608113742708836,0.2724956241932661
0.5,19,Layer 4,0.5558128816099032,0.33092052980361675,0.960012624967497,0.3299400223749216
0.5,20,Layer 1,-0.18676931177446693,0.2769157845334133,0.846717938019522,0.2760952915164975
0.5,20,Layer 2,0.5290944807520245,0.11317844318756394,0.3665624954842197,0.11284309891509034
0.5,20,Layer 3,0.5464018067685624,0.09407434039770765,0.3009855531638397,0.09379560099866133
0.5,20,Layer 4,0.5107316463454399,0.12650995351668823,0.4251822621414267,0.1261351083860443
0.5,21,Layer 1,-0.022620279767126054,0.4683911526505856,1.3674675802378706,0.4670033239625876
0.5,21,Layer 2,0.61111044646291,0.16452125043914428,0.48391400319799865,0.16403377899598684
0.5,21,Layer 3,0.6077578332703263,0.16749152344611135,0.4985734060100283,0.16699525117469974
0.5,21,Layer 4,0.48080394249526887,0.2566716978067811,0.7887586169932576,0.25591118740089996
0.5,22,Layer 1,0.5487968109738995,0.4166183862461545,1.1121698722969822,0.41538395868468597
0.5,22,Layer 2,0.7153769702107503,0.30082575213962665,0.8686804121470103,0.2999344146185284
0.5,22,Layer 3,0.7235340464594814,0.29137971176379807,0.835933890344678,0.29051636257199964
0.5,22,Layer 4,0.6251400594097479,0.37121888577088513,1.00059914707096,0.37011897554353734
0.5,23,Layer 1,0.6073898670186376,0.39547708296892026,1.0942438435271762,0.3943052964437391
0.5,23,Layer 2,0.7955794338079604,0.2279199565230592,0.6509933020087637,0.22724463664897537
0.5,23,Layer 3,0.7866983063909733,0.23911189199865454,0.6632091421157699,0.23840341076138236
0.5,23,Layer 4,0.7211700519567561,0.2981115770499832,0.81566316378871,0.2972282815468272
0.5,24,Layer 1,-0.022639870225467266,0.5097614001595207,1.4443241838095782,0.5082509926909509
0.5,24,Layer 2,0.5895264691736412,0.21913990391002663,0.6700692819625241,0.2184905990638304
0.5,24,Layer 3,0.5604591060476439,0.2318197736118584,0.6979239792154939,0.23113289869877962
0.5,24,Layer 4,0.5292312004384291,0.24204170570737302,0.7656569178774821,0.24132454352151234
0.5,25,Layer 1,0.8952208751863284,0.10493310128239217,0.30049561709805805,0.10462218770630047
0.5,25,Layer 2,0.9470861859391,0.055187948973313784,0.16528550154036403,0.055024428765078626
0.5,25,Layer 3,0.9449978720223372,0.06146954650679903,0.17930130327892635,0.061287414116813405
0.5,25,Layer 4,0.9378584690164794,0.06852486249643391,0.2051771304173421,0.06832182542052952
0.5,26,Layer 1,0.46814801465657785,0.24924918404339755,0.7673420137566601,0.24851066631923038
0.5,26,Layer 2,0.3411927808852887,0.2815657096625863,0.9015595764921758,0.28073143905944836
0.5,26,Layer 3,0.5661740948665318,0.2193705321339178,0.669761066192987,0.21872054394333393
0.5,26,Layer 4,0.4928372382181186,0.2916622300956394,0.8907982144699623,0.2907980438106475
0.5,27,Layer 1,0.6071440222770247,0.28194767925533165,0.8542305563694109,0.2811122768879497
0.5,27,Layer 2,0.6864189425516751,0.24623948575584773,0.7585586444864387,0.24550988567583776
0.5,27,Layer 3,0.7045843243741855,0.24309764004667028,0.7410154427199112,0.24237734915959389
0.5,27,Layer 4,0.4985705232604565,0.3374819901458031,1.0322946180199277,0.33648204131039783
0.5,28,Layer 1,0.8692512586900807,0.12879376338168697,0.35938448537661016,0.1284121513921247
0.5,28,Layer 2,0.9278046497083828,0.07667593943000484,0.22688213786629574,0.07644875096195201
0.5,28,Layer 3,0.9157758374994732,0.09888747310772054,0.27370648015911636,0.09859447254337188
0.5,28,Layer 4,0.9069301892575259,0.10922771093745837,0.30635835745976125,0.1089040725640486
0.5,29,Layer 1,0.750724608052256,0.20781362679702162,0.552711756711213,0.20719788136418468
0.5,29,Layer 2,0.7031176095540834,0.29966890084431613,0.8345982167981608,0.29878099103829364
0.5,29,Layer 3,0.8132669256362823,0.1773805177215322,0.4885591529343236,0.1768549446619369
0.5,29,Layer 4,0.6436505683432103,0.35606929232321816,0.9650749958990973,0.3550142698788254
0.5,30,Layer 1,0.6778701436377874,0.3540201885328296,0.9677190381205819,0.3529712375204204
0.5,30,Layer 2,0.8449888004097065,0.1698759133578773,0.4988223928067461,0.16937257621193896
0.5,30,Layer 3,0.8784405549230253,0.13114500812886398,0.38228366598451624,0.13075642947288596
0.5,30,Layer 4,0.8791053829108785,0.12652417149008263,0.3645271701788724,0.12614928423201752
0.5,31,Layer 1,0.5707685168514798,0.41170133186659624,1.1611252936704135,0.4104814733871648
0.5,31,Layer 2,0.792018640720864,0.1903246914940426,0.5106635423427844,0.18976076524267116
0.5,31,Layer 3,0.8394802781857047,0.14590699327288864,0.396274919503545,0.14547467530552788
0.5,31,Layer 4,0.8230173664907674,0.15982960329019127,0.4325933788834888,0.15935603305432702
0.5,32,Layer 1,0.7432470219383603,0.2790082007764478,0.8341039338462751,0.27818150799407326
0.5,32,Layer 2,0.8781916659174981,0.1401061080632038,0.3906793572791871,0.13969097794165145
0.5,32,Layer 3,0.8586229741642489,0.16350973691456205,0.4798544623438814,0.16302526255510216
0.5,32,Layer 4,0.8474507641435096,0.17320216785790332,0.5052407810297341,0.17268897512141287
0.5,33,Layer 1,0.776964533640274,0.18085341319977835,0.4681387335367498,0.18031755005688876
0.5,33,Layer 2,0.7466922693519563,0.28385118172772517,0.7875191800786535,0.2830101393406207
0.5,33,Layer 3,0.8684107049205572,0.12490867306063681,0.33973368163669804,0.12453857247510623
0.5,33,Layer 4,0.8435652237870396,0.15560710804233266,0.4200637450386645,0.1551460489309991
0.5,34,Layer 1,-0.10151831990095155,0.42375829483880784,1.2293972200601977,0.4225027119461198
0.5,34,Layer 2,0.24391918290035217,0.21915897192739522,0.7269710884864469,0.21850961058324547
0.5,34,Layer 3,0.36832376157355873,0.20904559992366992,0.6518071965656149,0.20842620419206384
0.5,34,Layer 4,0.3693405200767154,0.207889141491749,0.6735644679633116,0.20727317231117653
0.5,35,Layer 1,0.9165234952247159,0.08676519353965566,0.22559841063434405,0.08650811091964326
0.5,35,Layer 2,0.9410252626116764,0.08101050516665553,0.23480608319280383,0.08077047351263458
0.5,35,Layer 3,0.9585081662620496,0.05158437008000017,0.13275374671838536,0.051431527166029216
0.5,35,Layer 4,0.9493615390969512,0.06639575330979815,0.16710032435093514,0.06619902471942418
0.5,36,Layer 1,0.7120716526378662,0.308166179367801,0.8841291051288621,0.3072530923848868
0.5,36,Layer 2,0.8237786050705921,0.2186129146537645,0.6234686346155265,0.21796517126064863
0.5,36,Layer 3,0.8137018215820963,0.2257806468632083,0.639839086308269,0.2251116656983457
0.5,36,Layer 4,0.7991119162306108,0.2409558020916874,0.6956400077391874,0.24024185740509352
0.5,37,Layer 1,0.11977606537448046,0.4616625335586502,1.2681578918858065,0.4602946415636354
0.5,37,Layer 2,0.4218216283344428,0.27775156071732254,0.8212230846797807,0.2769285913210852
0.5,37,Layer 3,0.4410667028318019,0.29373932348658127,0.8456153039707995,0.2928689828372737
0.5,37,Layer 4,0.45162698374561133,0.29598296982282873,0.8347994722599293,0.2951059813179126
0.5,38,Layer 1,0.11690034010285054,0.4546840994055409,1.2899414496058914,0.45333688429790975
0.5,38,Layer 2,0.4112930879955685,0.2237906689061575,0.7042022998205218,0.22312758398523896
0.5,38,Layer 3,0.525876233224503,0.22534310767904767,0.6848030128517386,0.22467542292943207
0.5,38,Layer 4,0.44776870497871435,0.2581778462358219,0.7609959710009321,0.25741287315811956
0.5,39,Layer 1,0.8256718742274624,0.2013998967133277,0.5785849921428863,0.2008031549669542
0.5,39,Layer 2,0.9341031443364624,0.07441393230367677,0.21477459750690508,0.07419344609369315
0.5,39,Layer 3,0.9111716617499398,0.11050915995702205,0.33482589497069026,0.1101817246892826
0.5,39,Layer 4,0.9279083075717058,0.08258578992470335,0.23423117958881123,0.08234109075002873
0.5,40,Layer 1,0.40609006780138884,0.3497163163324168,1.0022775842929974,0.34868011756196476
0.5,40,Layer 2,0.46232778647410805,0.35264151523514176,0.9977991189435939,0.35159664918963063
0.5,40,Layer 3,0.5358107727244894,0.32572650533657077,0.9321005141696174,0.3247613876438275
0.5,40,Layer 4,0.22442737876365226,0.4889800021863265,1.365570638009458,0.4875311693656141
0.5,41,Layer 1,0.06927595664393925,0.21605802980079244,0.6646471557606004,0.2154178564535098
0.5,41,Layer 2,-0.007435990303730161,0.24197480193496582,0.7813264792448525,0.24125783798294062
0.5,41,Layer 3,0.2436794337325385,0.17115780783231735,0.5485620933496068,0.17065067247218008
0.5,41,Layer 4,-0.023228034022520598,0.27005929506208126,0.8691820166311868,0.26925911761417953
0.5,42,Layer 1,0.026375442207255313,0.3072145822268741,0.8600563163769147,0.30630431479724174
0.5,42,Layer 2,0.21747731357794733,0.3141707579018134,0.9354680823164802,0.3132398795359884
0.5,42,Layer 3,0.25136765250357,0.3161959091217272,0.9272150439540467,0.31525903029465396
0.5,42,Layer 4,-0.05672212536589262,0.3438308460648676,1.0898525719541459,0.3428120857631686
0.5,43,Layer 1,0.4917706285768714,0.31366298836319967,0.8930671042435036,0.31273361450301834
0.5,43,Layer 2,0.42261504403426425,0.37138692312549887,1.0712080207763197,0.3702865150085986
0.5,43,Layer 3,0.5738930582928269,0.2980103138588655,0.8422823378736262,0.29712731839545387
0.5,43,Layer 4,0.2700085493456526,0.47462602815247756,1.3435896931326041,0.47321972571868265
0.5,44,Layer 1,-0.20128967640736953,0.3814504538936112,1.1561262511544166,0.38032022784222724
0.5,44,Layer 2,0.34830936396110534,0.300189573391876,0.9441315122320373,0.29930012084898827
0.5,44,Layer 3,0.3272356870679697,0.2894224812554411,0.8977578679827313,0.28856493127789595
0.5,44,Layer 4,0.2814153112689683,0.29419295964008546,0.900676669295998,0.293321274880702
0.5,45,Layer 1,0.16684997006009744,0.48694451008067297,1.3694592869335738,0.48550170836093764
0.5,45,Layer 2,0.5777176456932458,0.23460418442954367,0.7097173788345759,0.23390905939220413
0.5,45,Layer 3,0.6473497494671233,0.1936914521797276,0.5401335370327995,0.1931175503192124
0.5,45,Layer 4,0.6060480292287231,0.21664729816673983,0.6043093497022647,0.2160053788352759
0.5,46,Layer 1,-0.04133714563656722,0.4610350224649755,1.35515049114347,0.45966898976617665
0.5,46,Layer 2,0.48709005125866217,0.22310439222263767,0.6775669586299754,0.2224433407185843
0.5,46,Layer 3,0.5876717170595734,0.1566461432955022,0.45432773357278106,0.1561820055544293
0.5,46,Layer 4,0.5814719193135773,0.15705394647531346,0.4578856807152602,0.1565886004258667
0.5,47,Layer 1,0.8536533855592404,0.15368243337576948,0.4751619614248894,0.1532270770167236
0.5,47,Layer 2,0.9254648868519052,0.08149363595556205,0.24031521925098864,0.08125217279976081
0.5,47,Layer 3,0.8954000580686213,0.134019995078602,0.422798955875063,0.13362289792404883
0.5,47,Layer 4,0.9112813337140974,0.09961226119969177,0.2830471840479273,0.09931711311035026
0.5,48,Layer 1,0.7956462638606346,0.2103242263669927,0.596586379496455,0.20970104210426418
0.5,48,Layer 2,0.8315984928129797,0.1952143810985236,0.573010552143169,0.1946359668461083
0.5,48,Layer 3,0.8733676092460102,0.14660088359321433,0.4093564984632194,0.146166509650015
0.5,48,Layer 4,0.744641927872681,0.312260383640774,0.9251212155641024,0.3113351656555717
0.5,49,Layer 1,0.8299339611880102,0.1837632154049421,0.5041908152396517,0.18321873060693822
0.5,49,Layer 2,0.8822181571236128,0.1456963658769474,0.4178638160018343,0.14526467199213156
0.5,49,Layer 3,0.9279628391891274,0.07716115698730258,0.21841955861613072,0.07693253083443846
0.5,49,Layer 4,0.9224469409889817,0.08147994454779485,0.24093440426274715,0.08123852195921688
0.55,0,Layer 1,0.7394948429430566,0.28575614733844984,0.8588167071653192,0.2849094605963885
0.55,0,Layer 2,0.8811020235786732,0.12707116576290645,0.35271409303685297,0.12669465777750757
0.55,0,Layer 3,0.9056432274632696,0.09900246003894163,0.2907519891684054,0.09870911877182567
0.55,0,Layer 4,0.8998148780439253,0.10432809789102612,0.3060322658940645,0.10401897692151575
0.55,1,Layer 1,0.26282173434203443,0.5213236949900614,1.4440493019785745,0.5197790287948394
0.55,1,Layer 2,0.681010321514082,0.20826127957225188,0.575274325517042,0.20764420775790615
0.55,1,Layer 3,0.7331399658240377,0.17820747697380582,0.49411171825717254,0.17767945365918844
0.55,1,Layer 4,0.7216338069991979,0.18387773347863473,0.5002314795100852,0.18333290936707408
0.55,2,Layer 1,0.6752824884805408,0.3442358605777018,0.9562172088155579,0.3432159002303639
0.55,2,Layer 2,0.8596771705833379,0.1495308249849857,0.4335088865849691,0.14908776971487697
0.55,2,Layer 3,0.8601078518179992,0.14883773433664318,0.41990536069584383,0.14839673267296932
0.55,2,Layer 4,0.87514434315057,0.12731467262475996,0.35340407587371014,0.12693744313596228
0.55,3,Layer 1,-0.15300108392235773,0.4065630457987672,1.178751353407267,0.40535841190411215
0.55,3,Layer 2,0.2453147443552991,0.1814904411263869,0.5590647521299724,0.18095269048919554
0.55,3,Layer 3,0.3675364543591655,0.1885694895266854,0.6136041320366866,0.18801076388516688
0.55,3,Layer 4,0.323104024973367,0.1919666668546126,0.6238839639083054,0.19139787548036785
0.55,4,Layer 1,0.24665912846340202,0.5336055712091456,1.4209923932872903,0.532024514189582
0.55,4,Layer 2,0.7061796229919698,0.21567414717186928,0.5910484697444078,0.21503511125709837
0.55,4,Layer 3,0.6771964933758152,0.23584217615166383,0.6479000813756195,0.2351433829826405
0.55,4,Layer 4,0.6482445245187076,0.2541450888012275,0.7331392572506907,0.25339206466070685
0.55,5,Layer 1,0.8772632561383455,0.11674087421224114,0.34631791227635267,0.11639497456538211
0.55,5,Layer 2,0.9007871443808009,0.12688692993722464,0.34946771449963865,0.1265109678369536
0.55,5,Layer 3,0.9388287509890033,0.06537307256400625,0.17832482315541942,0.06517937414546549
0.55,5,Layer 4,0.9300581641176524,0.07647873608538405,0.22058438659508817,0.07625213192482187
0.55,6,Layer 1,0.7603306071462419,0.23264919361082656,0.6879728118150616,0.23195986115160822
0.55,6,Layer 2,0.8413853612239406,0.17417355652048985,0.46083874445319417,0.1736574855890431
0.55,6,Layer 3,0.866781987655616,0.1421259424072001,0.3855348881155338,0.14170482757814054
0.55,6,Layer 4,0.7287384179159316,0.31387571138103215,0.9019171848627128,0.3129457072290422
0.55,7,Layer 1,0.012120001601809382,0.5017934217797331,1.3969746761895796,0.5003066231878854
0.55,7,Layer 2,0.6360993853983777,0.18455952870905923,0.5137012300338055,0.1840126844590422
0.55,7,Layer 3,0.5669427052062394,0.21372087360727976,0.6340786154439813,0.2130876251824585
0.55,7,Layer 4,0.6160812806304596,0.1924083296059928,0.5475774431424456,0.19183822959849722
0.55,8,Layer 1,-0.0187850754167281,0.4983132301872981,1.4221839931497642,0.4968367432969089
0.55,8,Layer 2,0.5359575278844924,0.26724892504118464,0.8339519097938002,0.2664570746338703
0.55,8,Layer 3,0.49278012228442014,0.27809374294695205,0.8641534089092251,0.2772697596752133
0.55,8,Layer 4,0.4902440609316734,0.2788201259836814,0.8727131312982485,0.277993990461177
0.55,9,Layer 1,-0.24228857525737052,0.42052462701177307,1.209928487074952,0.4192786253781513
0.55,9,Layer 2,0.5032794691359191,0.14621960939137305,0.43112557716692634,0.14578636515199567
0.55,9,Layer 3,0.5062289631213037,0.14693579434352833,0.4299370964476766,0.14650042806999866
0.55,9,Layer 4,0.41048051283920706,0.1870363981103231,0.6166228909555604,0.18648221497187484
0.55,10,Layer 1,0.009695441052513382,0.45157423887031667,1.2595121921454182,0.4502362381845254
0.55,10,Layer 2,0.6428960991690251,0.16313029808387128,0.4419570938982697,0.16264694799008467
0.55,10,Layer 3,0.6311165349435663,0.1683208456778309,0.4680514839083509,0.16782211614996115
0.55,10,Layer 4,0.5689398648222216,0.20144488490375753,0.594422360782884,0.20084800985874904
0.55,11,Layer 1,0.9028477252871813,0.10440626589646025,0.3141479036308732,0.10409691331753577
0.55,11,Layer 2,0.952080685152726,0.057048770009295875,0.15512233990230007,0.056879736245131304
0.55,11,Layer 3,0.9605293634402947,0.042140329989579346,0.12173631351785785,0.04201546947812373
0.55,11,Layer 4,0.9572525700900413,0.04577928611942872,0.12953951964653598,0.04564364349203689
0.55,12,Layer 1,0.4489692675828673,0.49803762558791403,1.3564485631539083,0.49656195530554004
0.55,12,Layer 2,0.8038837630721198,0.17365871369747404,0.4539585236695469,0.17314416822959672
0.55,12,Layer 3,0.7827485290519377,0.19366883553337322,0.524800745901238,0.19309500068529079
0.55,12,Layer 4,0.7566926201946356,0.21269458766347413,0.5567621913688334,0.21206438009257775
0.55,13,Layer 1,0.415315571048539,0.27005826568860997,0.8663568435251583,0.2692580912907105
0.55,13,Layer 2,0.545580988089505,0.23031284496581053,0.7222603759870243,0.229630435036312
0.55,13,Layer 3,0.538637550427768,0.24860701232473256,0.791333886415649,0.2478703973357659
0.55,13,Layer 4,0.2172205390480024,0.38740996249902254,1.1662734790573102,0.3862620786055505
0.55,14,Layer 1,0.6859095548886747,0.31234450539077235,0.8776037762616368,0.3114190381553925
0.55,14,Layer 2,0.8493292779690795,0.15448966843348197,0.4291494065556425,0.15403192026160037
0.55,14,Layer 3,0.8546930390793854,0.14880938370143185,0.41853933820470857,0.1483684660398247
0.55,14,Layer 4,0.7269999109614921,0.3066956947030214,0.8418915520155937,0.3057869647212834
0.55,15,Layer 1,0.8505475790194701,0.1622963364150823,0.4896952932072045,0.1618154573242642
0.55,15,Layer 2,0.8784715405501652,0.162565179034467,0.481049521647154,0.16208350337117397
0.55,15,Layer 3,0.9077471598732147,0.1171427182126821,0.33927376844784596,0.11679562791431582
0.55,15,Layer 4,0.870058918499689,0.16838211384398816,0.506322975007317,0.16788320278041233
0.55,16,Layer 1,0.6225722228624947,0.36917679704788403,1.1003270387949138,0.36808293746708937
0.55,16,Layer 2,0.7936344824658056,0.20087062268616698,0.5363045344257649,0.20027544916258028
0.55,16,Layer 3,0.856276828908423,0.13439059405594816,0.4009319086257951,0.13399239882793737
0.55,16,Layer 4,0.8525224645472556,0.13550168620535638,0.39038641996022494,0.13510019884522212
0.55,17,Layer 1,0.8748262383254141,0.13856248622733575,0.39573083766296735,0.13815192981016516
0.55,17,Layer 2,0.9111484253325008,0.11656713170095652,0.3427042138611388,0.11622174684785508
0.55,17,Layer 3,0.9408477575748653,0.0686154638308848,0.18724859318515108,0.06841215830599195
0.55,17,Layer 4,0.9273059779222521,0.08674828056097544,0.2468144920814368,0.08649124805360262
0.55,18,Layer 1,0.5495004428169153,0.29244766920138865,0.8543552109697902,0.29158115568430126
0.55,18,Layer 2,0.46436809503780146,0.3375628258862686,1.0275771693516749,0.33656263753703203
0.55,18,Layer 3,0.5375132010405738,0.3229254608233236,0.9542284780410302,0.32196864253997326
0.55,18,Layer 4,0.6285110696704966,0.2600096006577488,0.7435518883583921,0.2592392001476074
0.55,19,Layer 1,0.6664476054747072,0.2888032345393205,0.8118770890226031,0.287947519370893
0.55,19,Layer 2,0.7268339815485068,0.2883290492443619,0.832503083310671,0.28747473907248927
0.55,19,Layer 3,0.841852381495452,0.14290258572152598,0.3735761229825315,0.14247916972203253
0.55,19,Layer 4,0.8252438584696943,0.16115269824135842,0.4449026563816315,0.16067520771554036
0.55,20,Layer 1,0.85737080520899,0.14343630750391445,0.4100013039847138,0.14301131010307125
0.55,20,Layer 2,0.8733711007191951,0.15817817815104593,0.45382707408726664,0.15770950103746037
0.55,20,Layer 3,0.9133077288997529,0.10179241099742421,0.29390795803113134,0.1014908031907795
0.55,20,Layer 4,0.8344560634863396,0.22208553578373427,0.6185057538698007,0.22142750312020953
0.55,21,Layer 1,0.24021979917976147,0.46841987033930876,1.3321361665371807,0.4670319565616755
0.55,21,Layer 2,0.7376164736096864,0.157951296182741,0.4463924534137737,0.15748329131350214
0.55,21,Layer 3,0.7322153351262551,0.1622752580722167,0.4567383490886599,0.16179444143588514
0.55,21,Layer 4,0.6882846868788551,0.1853389427673715,0.524329028178708,0.18478978913729074
0.55,22,Layer 1,0.8055916255815323,0.1921411873587759,0.5358638467033291,0.19157187888560437
0.55,22,Layer 2,0.7653444634721822,0.2952292952681025,0.8158672775779846,0.2943545398778865
0.55,22,Layer 3,0.861321598028163,0.16642284889505474,0.45613543807030177,0.16592974307371736
0.55,22,Layer 4,0.8176164911598036,0.21389396068149685,0.6005321404300237,0.21326019940495802
0.55,23,Layer 1,0.037331131490798045,0.4991860844000757,1.409636217218218,0.4977070112692971
0.55,23,Layer 2,0.6304084731073452,0.182149605288459,0.5081377972404599,0.18160990156797593
0.55,23,Layer 3,0.5477153296732401,0.23190915454503208,0.6628368237605902,0.23122201479897658
0.55,23,Layer 4,0.6219142195043532,0.1836256415347194,0.5149547475643507,0.1830815643638937
0.55,24,Layer 1,0.8915214815227785,0.11496255786175463,0.31142970725232044,0.11462192731196026
0.55,24,Layer 2,0.9490681270010332,0.055773713872852536,0.15572941541638086,0.055608458061100055
0.55,24,Layer 3,0.9370290314186716,0.07813106149007404,0.21093980378680988,0.07789956153977383
0.55,24,Layer 4,0.9492509309800132,0.054892307886108015,0.15414330441071267,0.05472966365338999
0.55,25,Layer 1,0.7007751201944017,0.30125700431851465,0.8190047153881505,0.30036438901037393
0.55,25,Layer 2,0.8005499019232927,0.2191392505232645,0.6423665969482315,0.21848994761303328
0.55,25,Layer 3,0.8332391975883767,0.18511572852139646,0.538456726693312,0.184567236268313
0.55,25,Layer 4,0.8281599104842822,0.1880139963652181,0.49540322580859336,0.18745691663298092
0.55,26,Layer 1,0.788340149037717,0.2217308665420105,0.6459610077540823,0.22107388475262296
0.55,26,Layer 2,0.8739846168350061,0.15505553396615154,0.4361779445009004,0.15459610915196934
0.55,26,Layer 3,0.8871883029863288,0.13573434476275367,0.3844005910823297,0.1353321680424156
0.55,26,Layer 4,0.8271806293762983,0.21207780698728626,0.6110724876464271,0.21144942691870666
0.55,27,Layer 1,0.7705450215300957,0.21330173566693064,0.6184682594729063,0.21266972913503276
0.55,27,Layer 2,0.8235836264794834,0.18394265189301118,0.505464306918697,0.18339763543017032
0.55,27,Layer 3,0.8045551095433142,0.2086840210006335,0.5639506417142379,0.20806569661633945
0.55,27,Layer 4,0.7166600069912173,0.3083296757271761,0.877395276043418,0.3074161043095397
0.55,28,Layer 1,0.3422177880344241,0.42611909999476166,1.1875754925092463,0.42485652210845853
0.55,28,Layer 2,0.5555364174113261,0.30646677678159706,0.8876165617861543,0.3055587250766728
0.55,28,Layer 3,0.6252455654207048,0.2653549082573251,0.7450484988038452,0.2645686697639279
0.55,28,Layer 4,0.5886541471777077,0.26971069535219677,0.769188826988543,0.2689115507945947
0.55,29,Layer 1,0.8504564290785819,0.13586873181388334,0.37631023362296356,0.13546615690881486
0.55,29,Layer 2,0.8898358334172483,0.1263340957802817,0.3736456046284262,0.12595977171074285
0.55,29,Layer 3,0.9243717868086919,0.07389107419887811,0.2093768879110426,0.07367213720149914
0.55,29,Layer 4,0.9236926914615705,0.07219544269060713,0.20226555564429172,0.07198152979762922
0.55,30,Layer 1,0.6585048101673807,0.3397935306195307,0.9866204206232502,0.33878673276025995
0.55,30,Layer 2,0.8479037572613035,0.14126721431876782,0.3983811509571198,0.14084864387482218
0.55,30,Layer 3,0.8558309145342906,0.13572819654243315,0.38087459255947587,0.13532603803908425
0.55,30,Layer 4,0.7775468960266617,0.20603248437942212,0.5704006550910843,0.20542201641720045
0.55,31,Layer 1,0.8927773916141282,0.09901222048500906,0.2979761698129202,0.09871885029798934
0.55,31,Layer 2,0.9262541210362661,0.08913162498213677,0.2696992980812767,0.08886753069799394
0.55,31,Layer 3,0.9347289367140635,0.07530416042969332,0.231929618451022,0.07508103650094587
0.55,31,Layer 4,0.9378240610530864,0.06519880968192847,0.19575423471821252,0.06500562759898804
0.55,32,Layer 1,-0.21888214217483665,0.3474764030274566,1.0804168456948422,0.3464468410517554
0.55,32,Layer 2,0.5596160262878405,0.11630814245158734,0.3799293405525866,0.11596352497572635
0.55,32,Layer 3,0.5401886553158392,0.12324774634776012,0.3818988489535165,0.1228825670373812
0.55,32,Layer 4,0.5484795572872626,0.12257111914096432,0.3792395155976959,0.12220794465634555
0.55,33,Layer 1,0.5736843353174207,0.3081800817655509,0.8347518690817526,0.30726695359025646
0.55,33,Layer 2,0.5676465673187426,0.37624980353407456,1.0819760539670136,0.3751349868509598
0.55,33,Layer 3,0.7535955111373146,0.1950190416159661,0.5272250056129715,0.194441206148475
0.55,33,Layer 4,0.7163762432075406,0.22818345834402715,0.6426698748247794,0.22750735772209102
0.55,34,Layer 1,-0.17961149330269094,0.3005980992464785,1.0424615697369475,0.2997074362539536
0.55,34,Layer 2,0.14349662756416165,0.319635775110796,0.9421329971098913,0.3186887040657965
0.55,34,Layer 3,0.13566624101546312,0.30390657058493403,0.8739236379972788,0.3030061046928219
0.55,34,Layer 4,0.102861392461418,0.302760689946794,0.8722965613248521,0.30186361926403565
0.55,35,Layer 1,0.060245596414025604,0.501061398036325,1.449868246442922,0.4995767684084849
0.55,35,Layer 2,0.5819003060558424,0.19329102624425257,0.5709268197358912,0.19271831083356145
0.55,35,Layer 3,0.527295084738744,0.2133109765889913,0.6030674003385113,0.2126789426765234
0.55,35,Layer 4,0.5379457440120393,0.21682912111377262,0.6150102909001712,0.2161866630464667
0.55,36,Layer 1,0.7072889428337047,0.2894395904234356,0.8003595344848122,0.2885819897519479
0.55,36,Layer 2,0.865283283951268,0.1314472906994951,0.3764046641080566,0.13105781638948721
0.55,36,Layer 3,0.8667260598471086,0.13247858854996553,0.3712667896608307,0.13208605853590633
0.55,36,Layer 4,0.774131934459286,0.23345588076653837,0.6678764039306324,0.2327641581179012
0.55,37,Layer 1,0.17186506235796528,0.48593612778009176,1.3556312198096006,0.484496313866333
0.55,37,Layer 2,0.709598255839766,0.16361247691715528,0.46010586121519786,0.1631276981422038
0.55,37,Layer 3,0.7135478614553903,0.16449299907469833,0.46416186032575374,0.16400561133947136
0.55,37,Layer 4,0.6785310005682723,0.17829776872706346,0.47947750414173945,0.1777694778807373
0.55,38,Layer 1,-0.029877181109601834,0.25235596997731774,0.7873097652398136,0.2516082469412608
0.55,38,Layer 2,0.6456538853836091,0.08528412416063744,0.26964310829220783,0.08503142990398649
0.55,38,Layer 3,0.6402056303727187,0.08604315508437872,0.26925626170474504,0.08578821184226959
0.55,38,Layer 4,0.6349173300369801,0.0877254924506581,0.2600112526875732,0.08746556449428484
0.55,39,Layer 1,0.7876943614434093,0.2298954084202558,0.6576400156939427,0.22921423534249985
0.55,39,Layer 2,0.9105905863657403,0.0948420323425334,0.27410917870093976,0.0945610182956878
0.55,39,Layer 3,0.8700284076331128,0.15485353374059482,0.44920436903708694,0.154394707446915
0.55,39,Layer 4,0.9067160737349541,0.09957383754529674,0.28299380991656464,0.09927880330407032
0.55,40,Layer 1,-0.30202925790081736,0.23509437562080238,0.7508101283950955,0.2343977981619259
0.55,40,Layer 2,0.45844507562188713,0.14029451948228747,0.441351473122902,0.1398788311034515
0.55,40,Layer 3,0.4983111648158967,0.08675127900333546,0.25704081008207896,0.08649423761166945
0.55,40,Layer 4,0.4691125797295308,0.11356648990505773,0.36675558742346154,0.11322999586200508
0.55,41,Layer 1,-0.1341279731472742,0.17416217104341228,0.5385638196563212,0.1736461338467866
0.55,41,Layer 2,-0.05674522460088562,0.17056323392547695,0.51426793100953,0.17005786026967673
0.55,41,Layer 3,-0.004981657994336697,0.1800102431854283,0.5565081394314892,0.17947687832955406
0.55,41,Layer 4,-0.14045544880512068,0.16982506715278659,0.5288143708200991,0.16932188066260184
0.55,42,Layer 1,0.7616487058592055,0.1809442422932676,0.4688542998248134,0.1804081100265465
0.55,42,Layer 2,0.6817007366726007,0.33200914862682945,0.9875290801535347,0.3310254156537903
0.55,42,Layer 3,0.8139125666777075,0.17319865590143607,0.47434509727577095,0.1726854735707655
0.55,42,Layer 4,0.8187122909161537,0.16420027995560535,0.45305680734756815,0.16371375953819323
0.55,43,Layer 1,0.8711845101879812,0.1470537723796564,0.4123835997202142,0.14661805654080695
0.55,43,Layer 2,0.9469990489453973,0.06050757692956637,0.1722297642104027,0.060328294826074644
0.55,43,Layer 3,0.9372438938512877,0.07665678598818386,0.2195448749019242,0.07642965427119454
0.55,43,Layer 4,0.9388117871284535,0.07163161495942791,0.20471768626635567,0.07141937267080703
0.55,44,Layer 1,0.46077018831601974,0.44585602639073013,1.1961873827289906,0.4445349685939713
0.55,44,Layer 2,0.7305865110035704,0.2554855133875692,0.7353890334951732,0.2547285176099148
0.55,44,Layer 3,0.7195312603044888,0.2640014932540831,0.7328304961366042,0.2632192648880284
0.55,44,Layer 4,0.6439246454303207,0.320628539792727,0.9181768921415674,0.3196785272162785
0.55,45,Layer 1,0.19350692643109163,0.4192722877590802,1.1417794694753907,0.41802999676843733
0.55,45,Layer 2,0.37625362486751307,0.36408455563356557,1.0307703137699193,0.3630057842086445
0.55,45,Layer 3,0.3595959609340369,0.3702940289453099,1.0315201891611947,0.36919685904050603
0.55,45,Layer 4,0.3872287333223443,0.37203794835977533,1.04203189974795,0.37093561127497804
0.55,46,Layer 1,-0.028770885902972634,0.39851714053963816,1.1853161485497516,0.39733634641667054
0.55,46,Layer 2,0.4395679609735947,0.230075211761767,0.7154560619335788,0.2293935059321986
0.55,46,Layer 3,0.35068275746037153,0.2818038348806069,0.8678985422240503,0.2809688587197165
0.55,46,Layer 4,0.3777651671935051,0.23372602344409027,0.7253508102919979,0.23303350037094545
0.55,47,Layer 1,-0.06582352487302376,0.2745345610093163,0.9013954747135802,0.27372112348501715
0.55,47,Layer 2,0.6347650878144413,0.0904572180606889,0.29048727051399437,0.09018919608471708
0.55,47,Layer 3,0.6248455498667771,0.09157413953996364,0.28996652586362903,0.09130280815974197
0.55,47,Layer 4,0.6218165569410021,0.09191494401479268,0.29779994063475723,0.0916426028413149
0.55,48,Layer 1,-0.16155301375781983,0.27435318522368507,0.8833737914632266,0.27354028511030254
0.55,48,Layer 2,0.18044056349480797,0.18219108060991035,0.5785001307505748,0.1816512539993159
0.55,48,Layer 3,0.24948802934186942,0.13958553084867195,0.4321796599188302,0.13917194318151607
0.55,48,Layer 4,0.18210725424995872,0.1822655666965725,0.6167439100416425,0.18172551938597692
0.55,49,Layer 1,0.8180270556023445,0.1939865910435387,0.5846459476969319,0.1934118146955789
0.55,49,Layer 2,0.920048154133188,0.08456563123474499,0.24418782830388586,0.08431506585070198
0.55,49,Layer 3,0.9240018895814782,0.07970289026942183,0.2272899891125072,0.07946673303842736
0.55,49,Layer 4,0.8906490820641737,0.12473540750016426,0.36755928279361894,0.12436582029520055
0.6,0,Layer 1,0.8772707699193018,0.12733334892614673,0.35129399769579583,0.12695606410003812
0.6,0,Layer 2,0.9435331094172192,0.06247571249198212,0.1560873134929831,0.0622905988628949
0.6,0,Layer 3,0.9399096651759801,0.06795773281520202,0.19097947804323112,0.06775637612723186
0.6,0,Layer 4,0.9428798799657564,0.060828464319903956,0.16263903614669983,0.06064823143686955
0.6,1,Layer 1,0.630845466967186,0.33094710952220724,0.9297017598312447,0.3299665233386172
0.6,1,Layer 2,0.7145523397662872,0.3026277569089359,0.8266292946973814,0.30173108010271105
0.6,1,Layer 3,0.8286850035301642,0.15702614429744183,0.4491898700215726,0.15656088062499945
0.6,1,Layer 4,0.8157142684155987,0.17053854892924092,0.4851884132942631,0.17003324841433104
0.6,2,Layer 1,0.7291209027153626,0.28143851598047076,0.8217602629929173,0.2806046222483304
0.6,2,Layer 2,0.8281194008122604,0.19776526881869613,0.535765446943655,0.19717929636382994
0.6,2,Layer 3,0.8883395567252712,0.11420784809683379,0.32453261762607843,0.11386945372903591
0.6,2,Layer 4,0.8831291859353543,0.11868995966026315,0.32886363254148265,0.11833828493271609
0.6,3,Layer 1,0.7245418572739276,0.31594837163879086,0.8956774038167167,0.3150122262577236
0.6,3,Layer 2,0.9013964108854022,0.11003411515478378,0.3003657915282131,0.10970808743029294
0.6,3,Layer 3,0.8919652344336421,0.12300686956730172,0.34650745090757695,0.12264240396747074
0.6,3,Layer 4,0.8665593807290516,0.1533500790470036,0.43553575723101257,0.15289570744368905
0.6,4,Layer 1,0.2815284193276368,0.4054554568338731,1.1892735481177208,0.40425410469151263
0.6,4,Layer 2,0.374334340720721,0.27779681570320813,0.8712706925104062,0.27697371221782907
0.6,4,Layer 3,0.48744146169068264,0.28470207809360504,0.8262076946593728,0.2838585145265414
0.6,4,Layer 4,0.5015651674979386,0.2761766923374275,0.8234401415832373,0.27535838922812805
0.6,5,Layer 1,-0.2372344425683561,0.1601976334885991,0.4993257389743175,0.1597229727904908
0.6,5,Layer 2,-0.02401825027767538,0.19754008874958953,0.6058339260362764,0.19695478349639473
0.6,5,Layer 3,0.01851128329152078,0.20993530577245043,0.6099347476186325,0.20931327386957194
0.6,5,Layer 4,-0.0327074884033602,0.1921903059028555,0.5771752994238653,0.19162085189293723
0.6,6,Layer 1,0.3257664011347985,0.5251221351519526,1.4147415641767846,0.5235662142944758
0.6,6,Layer 2,0.7330165115396435,0.1960597510913415,0.5192102434208148,0.19547883203344177
0.6,6,Layer 3,0.7293222168083036,0.199151768737571,0.5312453618074888,0.1985616881257672
0.6,6,Layer 4,0.7545746592383058,0.18257655008330353,0.48688910424073856,0.18203558133842554
0.6,7,Layer 1,-0.10755945625414011,0.3943893245556247,1.1978837991614373,0.39322076102541886
0.6,7,Layer 2,0.3291833195029813,0.3334055059838733,0.9506462754037435,0.33241763564660826
0.6,7,Layer 3,0.3250780624577381,0.3268970878308519,0.9226575029734231,0.32592850173790944
0.6,7,Layer 4,0.24201811183616992,0.32933585265689475,0.9601428835739712,0.32836004057821416
0.6,8,Layer 1,0.7495178416861233,0.21990732754470046,0.6317921097669027,0.21925574884569973
0.6,8,Layer 2,0.7403883537274284,0.2739840093312216,0.7586449539918516,0.2731722030747395
0.6,8,Layer 3,0.8211390288039915,0.18916380742135042,0.5351187499058055,0.18860332083405118
0.6,8,Layer 4,0.7178693990293328,0.30788966528363354,0.9222436793520625,0.30697739760351045
0.6,9,Layer 1,-0.11479716181897862,0.32234431962764637,0.966611740251071,0.3213892232479199
0.6,9,Layer 2,0.2171336301836888,0.2074215477442744,0.664468907854742,0.20680696402970283
0.6,9,Layer 3,0.308523341888182,0.18630919612470026,0.6257206130468264,0.18575716766353798
0.6,9,Layer 4,0.15499276249579386,0.20868600476314353,0.6968800402410246,0.20806767450102165
0.6,10,Layer 1,-0.26139881356208755,0.2803073509498149,0.9090573481850215,0.2794768088251324
0.6,10,Layer 2,0.5528274858119544,0.09205531250926673,0.28640039031003206,0.09178255542822446
0.6,10,Layer 3,0.5457600923870034,0.09134767236017448,0.29471900069805085,0.09107701199529376
0.6,10,Layer 4,0.5096680846517918,0.11360117886260364,0.3712250974923712,0.11326458203722863
0.6,11,Layer 1,0.3904981719837315,0.4043196523581091,1.1332558536637745,0.40312166556974083
0.6,11,Layer 2,0.6023099606671545,0.3072030119438518,0.8709611991064873,0.30629277879661476
0.6,11,Layer 3,0.6221334981915442,0.2954063320185466,0.8490559184483513,0.294531052073843
0.6,11,Layer 4,0.37847077679752833,0.4507435471180738,1.2054304573100247,0.44940800774658807
0.6,12,Layer 1,0.7170197041185437,0.2630052374067649,0.7232976287923594,0.26222596091637573
0.6,12,Layer 2,0.8005683096523266,0.2098485169012556,0.5959562676745277,0.2092267421511534
0.6,12,Layer 3,0.826545978195364,0.19078347996812278,0.5562820369293822,0.19021819434050677
0.6,12,Layer 4,0.8131529568373668,0.19689596915749158,0.5904297939735187,0.19631257241098687
0.6,13,Layer 1,0.38172211603069695,0.47724902237371664,1.3387868319431702,0.47583494808810906
0.6,13,Layer 2,0.7384688588620494,0.19912246311374485,0.5407004245080181,0.19853246933360993
0.6,13,Layer 3,0.6302725350420147,0.2982533581460935,0.809812005510999,0.2973696425498774
0.6,13,Layer 4,0.7245781045248969,0.2085400495742882,0.5709326867207687,0.20792215177293571
0.6,14,Layer 1,0.8211701082688101,0.17934082726630288,0.5004175745949635,0.17880944586936356
0.6,14,Layer 2,0.8628393595620858,0.16631167963595714,0.4997014737946284,0.1658189032057411
0.6,14,Layer 3,0.9159019162077241,0.08834178708367413,0.2517633406588311,0.08808003306511522
0.6,14,Layer 4,0.903806658471447,0.10413565846412383,0.31920674510800384,0.10382710768676127
0.6,15,Layer 1,0.009476433545110173,0.4738349156788613,1.3362832835936604,0.4724309572871774
0.6,15,Layer 2,0.6331079280106456,0.17789697722059866,0.510224204939945,0.17736987390727224
0.6,15,Layer 3,0.613800719030121,0.18624302214520763,0.516958270096219,0.18569118975552673
0.6,15,Layer 4,0.5667153452454599,0.21248271369373203,0.6579048418109635,0.21185313389894064
0.6,16,Layer 1,0.15021802037943702,0.5038000250379858,1.4684315997311144,0.5023072809419344
0.6,16,Layer 2,0.5987165652289332,0.2215998599065498,0.6493126274836616,0.22094326628582425
0.6,16,Layer 3,0.5989055673686624,0.228308604776436,0.6464210984730925,0.22763213334944057
0.6,16,Layer 4,0.5593675716695896,0.2139968121179847,0.6161988756809444,0.21336274609577907
0.6,17,Layer 1,0.7454995105111322,0.2839992650534558,0.7780819093593897,0.2831577838999772
0.6,17,Layer 2,0.8720225914942781,0.15017473719123076,0.4515933247006473,0.14972977402890986
0.6,17,Layer 3,0.9034921643097718,0.10520189540616268,0.2925605651121925,0.104890185401287
0.6,17,Layer 4,0.9020330361157722,0.10487693289343979,0.3032886832951841,0.10456618574257004
0.6,18,Layer 1,0.4313291861750685,0.49641656823584634,1.359583745394094,0.4949457010969249
0.6,18,Layer 2,0.7958459863433279,0.17441002864848681,0.4807844150122009,0.17389325705734296
0.6,18,Layer 3,0.7420168843829539,0.21760140282962412,0.5624656097140706,0.2169566565151675
0.6,18,Layer 4,0.7840469530974742,0.18338556808405815,0.5185840446682464,0.1828422022435387
0.6,19,Layer 1,0.19027303022704797,0.2897019739734937,0.9028103386586237,0.28884359586755615
0.6,19,Layer 2,0.055954261267348655,0.2885952754394811,0.9652394732396777,0.28774017644751876
0.6,19,Layer 3,0.3636269917358669,0.23561356449499182,0.7354252432801109,0.23491544869532904
0.6,19,Layer 4,0.3605425370848043,0.21782519886392482,0.6580247342817775,0.21717978944864968
0.6,20,Layer 1,0.7760107828959902,0.18533137190868884,0.5399947841956969,0.1847822407108312
0.6,20,Layer 2,0.7269480733039111,0.29343739142607994,0.7898541697448457,0.2925679453922514
0.6,20,Layer 3,0.8439903901190778,0.15321725085178228,0.4378871103353311,0.15276327281435564
0.6,20,Layer 4,0.7513598825397861,0.266657561130413,0.7921957717847633,0.2658674629163154
0.6,21,Layer 1,0.4038192137229875,0.46893236129536503,1.2777816367012764,0.46754292902267236
0.6,21,Layer 2,0.6923817840986216,0.26174702530629457,0.7141328170035439,0.2609714768599531
0.6,21,Layer 3,0.6925414628157537,0.2637171203460407,0.7228449785142324,0.26293573456823216
0.6,21,Layer 4,0.5461642131925806,0.3728727542844413,1.0720125352646535,0.37176794369517113
0.6,22,Layer 1,0.5379063927350113,0.4074489324384403,1.1664223243949134,0.40624167368871295
0.6,22,Layer 2,0.8033080147709573,0.1700121172305559,0.47144991783671913,0.16950837651670028
0.6,22,Layer 3,0.7209627178939974,0.26794805769108654,0.6770122198725107,0.2671541357750711
0.6,22,Layer 4,0.7960789813737278,0.17360373739473028,0.476566644949098,0.17308935481995988
0.6,23,Layer 1,0.792770345798178,0.20061399496665083,0.5600231977048697,0.20001958182316362
0.6,23,Layer 2,0.804385265498959,0.23571691310604884,0.6899175336409695,0.23501849108760606
0.6,23,Layer 3,0.8792304400590503,0.13582451618017094,0.3774674238891389,0.13542207228467548
0.6,23,Layer 4,0.8326406355978471,0.1936803635651753,0.533107923097299,0.19310649455988652
0.6,24,Layer 1,0.31869065497044313,0.4972978702188855,1.329526852034882,0.4958243918090895
0.6,24,Layer 2,0.6621569326346715,0.2868249635007104,0.8172841014931055,0.28597510988898506
0.6,24,Layer 3,0.6384019094957263,0.3009881741221757,0.8406412355556345,0.30009635534970097
0.6,24,Layer 4,0.5934108799474511,0.32405204984624564,0.9284816089870767,0.32309189351400874
0.6,25,Layer 1,0.2510946666886428,0.5297950631264787,1.4531372671040264,0.5282252965260511
0.6,25,Layer 2,0.7082870719730602,0.1936951921944138,0.5272094403785876,0.1931212792523492
0.6,25,Layer 3,0.7206742698850177,0.18990383215897924,0.5158287629701822,0.18934115290097112
0.6,25,Layer 4,0.7328452926567227,0.1812823969918924,0.49868679682310824,0.18074526278312125
0.6,26,Layer 1,0.1637974893140595,0.395981003773325,1.198863472663188,0.3948077241461821
0.6,26,Layer 2,0.43249084039368885,0.2549413808351823,0.7844821462849569,0.2541859973056714
0.6,26,Layer 3,0.5093536320218046,0.2263990768770939,0.6922227828370952,0.2257282633229773
0.6,26,Layer 4,0.4618321426498057,0.2619794957508388,0.7675066136525155,0.26120325850166615
0.6,27,Layer 1,0.6949663021431799,0.2764752772672704,0.7912737798578915,0.2756560894599379
0.6,27,Layer 2,0.8074791200918728,0.19089893193250593,0.5354074972070206,0.19033330422424358
0.6,27,Layer 3,0.8035845829931111,0.1804081979217508,0.48858895205161285,0.17987365393814014
0.6,27,Layer 4,0.7426057758323814,0.26023122415335176,0.7228761349539903,0.2594601669795577
0.6,28,Layer 1,0.13911081133155404,0.4776402714281815,1.2982259672688317,0.4762250378835682
0.6,28,Layer 2,0.452394825218088,0.22377503988763459,0.7140063980536909,0.22311200127502082
0.6,28,Layer 3,0.5470463310744156,0.23182315424778685,0.682156027274406,0.23113626931798692
0.6,28,Layer 4,0.532858679503085,0.2349558246275398,0.685651889139012,0.23425965769102725
0.6,29,Layer 1,-0.3163548384665926,0.3705019916825188,1.097211010305593,0.3694042055904723
0.6,29,Layer 2,0.37610248633136306,0.18997171935113896,0.6288513576517147,0.18940883894545263
0.6,29,Layer 3,0.4735490648555982,0.09750897970094477,0.2871761158404683,0.09722006357048285
0.6,29,Layer 4,0.46238806905799246,0.09810743246501419,0.29541844555547736,0.09781674313727973
0.6,30,Layer 1,0.5068004377494446,0.4695344826088508,1.3202608820454942,0.4681432662690858
0.6,30,Layer 2,0.8249427327487356,0.16276669751770276,0.45145178160243304,0.16228442476129507
0.6,30,Layer 3,0.8172339004529431,0.17222944875787327,0.4713207258021114,0.17171913815838463
0.6,30,Layer 4,0.770018410753557,0.20966583946224743,0.551367302520393,0.2090446059798209
0.6,31,Layer 1,-0.14706373311721554,0.21420712251347382,0.697726448814974,0.2135724333479859
0.6,31,Layer 2,0.07242863602959675,0.17166069180552943,0.5299681898762963,0.1711520664155297
0.6,31,Layer 3,0.03489212333012275,0.1710532199361208,0.5690590758795395,0.17054639446672748
0.6,31,Layer 4,-0.010160644548569275,0.18413723979693838,0.5629145729611179,0.1835916467760779
0.6,32,Layer 1,-0.38442267664055507,0.3377659885223211,1.0251349203961797,0.3367651982083952
0.6,32,Layer 2,0.38215042953979833,0.1365071796282577,0.4098225149000719,0.1361027130218034
0.6,32,Layer 3,0.39482103068919006,0.11988617712518806,0.3925572749674573,0.11953095804180613
0.6,32,Layer 4,0.2550032052794258,0.22585093378485777,0.6290842883621397,0.2251817443619918
0.6,33,Layer 1,0.8184920787262969,0.17943056783262554,0.5241344291247833,0.17889892053712747
0.6,33,Layer 2,0.9069002006678459,0.09244899440129545,0.2630776197625597,0.09217507085282396
0.6,33,Layer 3,0.9005471599071336,0.10565196276167761,0.29448158615838393,0.10533891922096554
0.6,33,Layer 4,0.880539401511162,0.1145033575538275,0.31703002606424746,0.11416408760052876
0.6,34,Layer 1,0.41318135425006614,0.45521302605485825,1.254774077042223,0.45386424375371043
0.6,34,Layer 2,0.7222314082180753,0.22560722271490097,0.6118150985946122,0.2249387554004961
0.6,34,Layer 3,0.6559408453440557,0.2665108409288529,0.7569305810705196,0.26572117744223384
0.6,34,Layer 4,0.684477712394844,0.2528098926226245,0.6950022601382041,0.2520608246276252
0.6,35,Layer 1,-0.36119648865377,0.24294422721665435,0.7805018012708969,0.24222439088711054
0.6,35,Layer 2,0.46776241061273527,0.11178799082246749,0.3686021575883014,0.11145676641790916
0.6,35,Layer 3,0.4804748426897325,0.08691613061139436,0.2744129541899934,0.08665860076944565
0.6,35,Layer 4,0.4287096863950321,0.1319645124228044,0.4316329224624197,0.13157350560061823
0.6,36,Layer 1,0.8288042317818578,0.14717629229784762,0.431373841163197,0.14674021343622037
0.6,36,Layer 2,0.8724368435801803,0.13459271957184127,0.3899407148672558,0.13419392545209663
0.6,36,Layer 3,0.8916661461753419,0.11103030527933311,0.32560780776538245,0.11070132587391125
0.6,36,Layer 4,0.7971032471532147,0.23612823539455424,0.7239185977515558,0.23542859464072607
0.6,37,Layer 1,0.35076970598998725,0.5005013588441051,1.446329947920598,0.4990183885952967
0.6,37,Layer 2,0.7231443865980649,0.20399198082768222,0.5378825696889362,0.20338755881519943
0.6,37,Layer 3,0.7564908766438613,0.18121932864908855,0.5075052668626794,0.1806823813098919
0.6,37,Layer 4,0.7225735447720857,0.20519563832982643,0.5548776627034051,0.2045876499169056
0.6,38,Layer 1,0.5355401034073569,0.30840300120506264,0.888304340932502,0.30748921252627337
0.6,38,Layer 2,0.5579279474911629,0.3325147795871594,0.9917035509506144,0.3315295484450189
0.6,38,Layer 3,0.647131400984895,0.2769053244770489,0.8204395543030765,0.2760848624529607
0.6,38,Layer 4,0.35304246448892396,0.4752853851335159,1.2951006954334847,0.4738771290451124
0.6,39,Layer 1,-0.052015620021933884,0.46940428653405,1.330994123440827,0.46801345596128036
0.6,39,Layer 2,0.5595102569049791,0.1717201761589825,0.510172869735581,0.17121137451865925
0.6,39,Layer 3,0.5637471687541472,0.17123998243627264,0.5046150718517688,0.1707326035952922
0.6,39,Layer 4,0.40473758988717745,0.2774201444480899,0.8390104740889937,0.276598157028142
0.6,40,Layer 1,-0.31381735769449737,0.25483603016612466,0.7867895696977474,0.2540809587874304
0.6,40,Layer 2,0.539986958258759,0.07994881770937012,0.24486056165415993,0.07971193180287788
0.6,40,Layer 3,0.5258101567501787,0.08041503065578044,0.23444216531761036,0.08017676337455877
0.6,40,Layer 4,0.516147153557674,0.0833952191094169,0.24985342430911334,0.08314812162077528
0.6,41,Layer 1,0.7166358047021324,0.3019377473809041,0.8410669746515097,0.3010431150518488
0.6,41,Layer 2,0.8462790380283352,0.16593207626346984,0.47682210975432604,0.16544042458645936
0.6,41,Layer 3,0.8878482814611568,0.11529088542770381,0.32818817099339603,0.11494928205335353
0.6,41,Layer 4,0.8762721256277282,0.12737529979572038,0.36504921616440533,0.12699789067046574
0.6,42,Layer 1,0.7883264555296087,0.1939067332724657,0.5388195557202285,0.193332193540644
0.6,42,Layer 2,0.873276839472441,0.12941039593021592,0.35728883781150067,0.12902695687723462
0.6,42,Layer 3,0.8688668528809397,0.1359332575457886,0.38103673719264397,0.13553049145294607
0.6,42,Layer 4,0.7695277182234015,0.27600456463197043,0.7878040991553427,0.2751867715318082
0.6,43,Layer 1,0.6501169751034087,0.22613943776456918,0.6669301028995616,0.22546939351321774
0.6,43,Layer 2,0.6196444744379017,0.2516379387371864,0.7448705575296538,0.2508923432057766
0.6,43,Layer 3,0.7708102970928432,0.15239440783549818,0.43720086708355427,0.15194286785681216
0.6,43,Layer 4,0.744359025128154,0.17202345007081205,0.4885505499908597,0.1715137498391452
0.6,44,Layer 1,0.5543349843481858,0.23375677479848447,0.7148192677003394,0.2330641606100153
0.6,44,Layer 2,0.39187571937982457,0.33766013909259024,0.991256533923879,0.3366596624072936
0.6,44,Layer 3,0.6433644349484999,0.21941615259932376,0.6007414873377318,0.21876602923669336
0.6,44,Layer 4,0.595134587100475,0.24006365753623496,0.7009512372478792,0.23935235624672685
0.6,45,Layer 1,-0.285265375521446,0.3217733952367318,0.9365287213924347,0.3208199904885487
0.6,45,Layer 2,0.32164924564612196,0.1350567964017742,0.4467200869680664,0.13465662723654803
0.6,45,Layer 3,0.2994309825928094,0.14494811865311288,0.4449987643896758,0.1445186418019815
0.6,45,Layer 4,0.27781660447969597,0.16817855689789568,0.5360775238366813,0.16768024896733763
0.6,46,Layer 1,-0.08419545572916932,0.47941007880271663,1.3746419883620005,0.47798960137287466
0.6,46,Layer 2,0.6256255869380367,0.16216297721050357,0.4613062218558309,0.1616824932589379
0.6,46,Layer 3,0.5932332067182047,0.1701337556593643,0.4720068174767425,0.169629654534557
0.6,46,Layer 4,0.6088855722913358,0.16492088996682022,0.4723243655800232,0.164432234403941
0.6,47,Layer 1,0.8298370368524361,0.18721799055667146,0.5590456161700009,0.18666326936534755
0.6,47,Layer 2,0.8956769068274026,0.13547443450922522,0.37243221790982817,0.13507302789503475
0.6,47,Layer 3,0.9041447010790246,0.12221603429106695,0.34635477520535973,0.12185391191201972
0.6,47,Layer 4,0.8843159803282139,0.14850185292392912,0.44651170231113535,0.1480618464666286
0.6,48,Layer 1,0.534266953296819,0.3464853283254825,0.9164513795248802,0.3454587028738715
0.6,48,Layer 2,0.5886522179054486,0.3272772063501731,0.9105754166441149,0.3263074939776607
0.6,48,Layer 3,0.6656533911712501,0.2891208256016915,0.807363605457709,0.28826416942064054
0.6,48,Layer 4,0.5133300443860214,0.40457745070533996,1.072316428655716,0.403378700068338
0.6,49,Layer 1,-0.4910263413890268,0.252770564241981,0.7670174747449386,0.2520216127757731
0.6,49,Layer 2,0.2701239690182954,0.21009871527116003,0.6594286744959558,0.2094761991909249
0.6,49,Layer 3,0.32147172579086175,0.14618489398375184,0.467788403990451,0.1457517526050675
0.6,49,Layer 4,0.2904906289329816,0.15507549642884133,0.4542574466561363,0.1546160124664916
0.65,0,Layer 1,0.5429390842564961,0.4157188998010001,1.1544341213087206,0.41448713739041243
0.65,0,Layer 2,0.8298615141607707,0.14809825736992663,0.4033369184080562,0.1476594467539331
0.65,0,Layer 3,0.7706549624238429,0.20849951517030452,0.5594900732248871,0.20788173747115377
0.65,0,Layer 4,0.8175740085800862,0.16088735400608356,0.4421566702549109,0.16041064968713517
0.65,1,Layer 1,0.4920690905242302,0.361451935224608,1.0320351833809802,0.3603809641735996
0.65,1,Layer 2,0.6520741622777734,0.2805871363003337,0.8229686730725891,0.2797557651801979
0.65,1,Layer 3,0.6658603037747491,0.2791569433420575,0.8173450288284194,0.27832980984000155
0.65,1,Layer 4,0.4658137326355921,0.39001880354013335,1.1068731946315422,0.38886318973028944
0.65,2,Layer 1,0.6932671678466338,0.2527358979725809,0.7500348334685873,0.251987049221471
0.65,2,Layer 2,0.80347725151802,0.1812300532287197,0.5176874357215644,0.18069307411292101
0.65,2,Layer 3,0.7062258652713034,0.29274689225271433,0.8472412166604087,0.2918794921468595
0.65,2,Layer 4,0.749663770825664,0.23748723080511436,0.6970402503864298,0.23678356338936704
0.65,3,Layer 1,0.7963525161968706,0.22893363502013628,0.6564682626111056,0.22825531164760743
0.65,3,Layer 2,0.911301611502019,0.10499345070550785,0.2927770804270273,0.10468235831591756
0.65,3,Layer 3,0.8991243310285585,0.1230961942539027,0.3384246457444139,0.12273146398775184
0.65,3,Layer 4,0.8911457485984248,0.1337671445593205,0.3509950775557332,0.13337079659313786
0.65,4,Layer 1,0.87243544315677,0.12263170296518405,0.35153757776528527,0.1222683489725434
0.65,4,Layer 2,0.9193002496746292,0.09842512921471427,0.2732978634537332,0.09813349856120787
0.65,4,Layer 3,0.9406459930673212,0.06232046209009903,0.18335467205968903,0.06213580846321369
0.65,4,Layer 4,0.9271550949368819,0.08254479023231291,0.22596029429742748,0.08230021253847537
0.65,5,Layer 1,0.5490232876943834,0.43939928500176195,1.2320904170557698,0.4380973583326512
0.65,5,Layer 2,0.8238753858850513,0.16921960407469452,0.45861218592396213,0.16871821155312877
0.65,5,Layer 3,0.8152709265382762,0.18179683518004464,0.504656886934087,0.18125817670662478
0.65,5,Layer 4,0.7465050892993147,0.24794349330999066,0.6591215072255563,0.24720884430761136
0.65,6,Layer 1,-0.20227266487068435,0.13802739046865353,0.441462714013087,0.13761841952388246
0.65,6,Layer 2,-0.08626757330632384,0.17865097735820548,0.5564241528821372,0.17812163996548672
0.65,6,Layer 3,-0.05080929404396428,0.17971906122436568,0.5597514581187866,0.17918655913175394
0.65,6,Layer 4,-0.15019270579488342,0.15375836175233515,0.46442173655374464,0.1533027804198272
0.65,7,Layer 1,0.716375058017389,0.3013052213129118,0.8310081665868785,0.30041246313928843
0.65,7,Layer 2,0.8806515081862544,0.1311653503624194,0.3670870230831247,0.13077671143302422
0.65,7,Layer 3,0.8720323733289428,0.14162882065836127,0.3975332481594598,0.14120917878586914
0.65,7,Layer 4,0.8303672110583582,0.19536447445329125,0.5472833870188614,0.1947856154788473
0.65,8,Layer 1,0.5004507171219835,0.3890881374565727,1.1538987534206318,0.3879352811819266
0.65,8,Layer 2,0.6577934721747957,0.2989277389594371,0.8740824225939356,0.29804202519345613
0.65,8,Layer 3,0.7539877069872686,0.21126095013830845,0.587499684400485,0.21063499039163833
0.65,8,Layer 4,0.7371674071544466,0.22410030534844302,0.6189772032065861,0.22343630298419745
0.65,9,Layer 1,-0.4820934592354876,0.30183795792591395,0.8858637413718834,0.3009436212699677
0.65,9,Layer 2,0.3860597151126527,0.08672668674184845,0.27838372194375516,0.08646971821630257
0.65,9,Layer 3,0.3289838076284706,0.127081961447005,0.42092706958539244,0.1267054214743237
0.65,9,Layer 4,0.35326821892112126,0.09404688206549966,0.28763417032647626,0.09376822402465354
0.65,10,Layer 1,0.7683154657912005,0.25005209098895836,0.7184827694921456,0.2493111942760197
0.65,10,Layer 2,0.8880604132735258,0.12733744676237255,0.3535704691498027,0.12696014979450024
0.65,10,Layer 3,0.8537063992215131,0.1799714981416253,0.518163267968929,0.17943824808613318
0.65,10,Layer 4,0.8862308835225835,0.12797928663577365,0.36433413688467764,0.12760008791594823
0.65,11,Layer 1,0.794968135730859,0.18924382524754774,0.5164554840251921,0.1886831015698719
0.65,11,Layer 2,0.8006782861383493,0.2234846521813042,0.6415651719040598,0.22282247397860047
0.65,11,Layer 3,0.8667156580412011,0.14118213224240123,0.4279884837098865,0.14076381389405082
0.65,11,Layer 4,0.7583646984963385,0.27248157242086446,0.7656760424281853,0.27167421783908696
0.65,12,Layer 1,0.7964965770540121,0.21641598996210493,0.5979240374433081,0.21577475598979082
0.65,12,Layer 2,0.8410715979728367,0.21021173359114534,0.5792088912151788,0.20958888264107783
0.65,12,Layer 3,0.8679044648878975,0.17164735000395953,0.453937290340905,0.1711387641453106
0.65,12,Layer 4,0.8341711078233874,0.2114464186461443,0.5936977831201327,0.21081990936194675
0.65,13,Layer 1,-0.0526529883773837,0.47753821204206504,1.3505632425107106,0.4761232808962974
0.65,13,Layer 2,0.4941995373673188,0.28015475484070174,0.8826428099202391,0.27932466485363266
0.65,13,Layer 3,0.4246985596618918,0.29441959159662673,0.8896610129969299,0.2935472353336739
0.65,13,Layer 4,0.4666400739009625,0.2843967607936548,0.8817556387779105,0.2835541018724312
0.65,14,Layer 1,0.6641322665586037,0.34991732004492265,0.9829859522452911,0.34888052570660594
0.65,14,Layer 2,0.8452457618039251,0.17705302199276585,0.5070356645500925,0.17652841929301835
0.65,14,Layer 3,0.8323407132625003,0.19275970305950896,0.5475157787248086,0.192188561943196
0.65,14,Layer 4,0.7964684353132789,0.2292501070272876,0.65133255304285,0.22857084595786165
0.65,15,Layer 1,0.16889627600985202,0.44450256756719914,1.291658817208789,0.44318552002762107
0.65,15,Layer 2,0.48848289213034934,0.30318907302462483,0.8921730417474139,0.302290733055883
0.65,15,Layer 3,0.5313880705860069,0.28570974768134205,0.8807154055892109,0.28486319842004826
0.65,15,Layer 4,0.53179988372719,0.28546095067360255,0.8593253552379946,0.28461513859024845
0.65,16,Layer 1,0.047201264291487695,0.4520862892039207,1.339616761507282,0.4507467713286207
0.65,16,Layer 2,0.499930564467229,0.22189102612262465,0.6347528071741303,0.22123356978528852
0.65,16,Layer 3,0.5014815839275358,0.1990454631897116,0.5926721975600886,0.1984556975580012
0.65,16,Layer 4,0.523135605882185,0.2036321521543083,0.6103250300505012,0.20302879630320111
0.65,17,Layer 1,0.6619277133677203,0.35682198571918483,0.9962838413596105,0.3557647330672353
0.65,17,Layer 2,0.861416948553224,0.14860472640914513,0.4196050056432602,0.14816441514084797
0.65,17,Layer 3,0.8507092054969431,0.16331066944320263,0.4680617608461183,0.16282678491458402
0.65,17,Layer 4,0.8070377811413711,0.20808249103845727,0.5907313642199004,0.2074659489690798
0.65,18,Layer 1,0.6195700159862675,0.22334026703235998,0.7320429078349756,0.22267851663844537
0.65,18,Layer 2,0.6296835023138947,0.26406429364844247,0.7765355856346587,0.26328187920673624
0.65,18,Layer 3,0.7034421707762736,0.20396617853311833,0.6093857231934884,0.20336183297204669
0.65,18,Layer 4,0.4701313898547068,0.2823385137758037,0.867516517586728,0.2815019533776677
0.65,19,Layer 1,-0.17508629036393364,0.4146716874882643,1.2073363405063817,0.4134430279357939
0.65,19,Layer 2,0.4566092185611425,0.21702925788890493,0.7289750419467964,0.2163862068224433
0.65,19,Layer 3,0.4594139365970569,0.21259791963274494,0.7150079462906355,0.21196799848627293
0.65,19,Layer 4,0.2798807822424297,0.31525643730158015,0.9572255327009407,0.3143223421008333
0.65,20,Layer 1,0.4708950870836555,0.28220515597768164,0.8029417066963318,0.2813689907146306
0.65,20,Layer 2,0.3075365956557339,0.371580883044519,1.1064773912238492,0.37047990023029936
0.65,20,Layer 3,0.5586356027956118,0.2607520558572011,0.7521947705311534,0.25997945547496665
0.65,20,Layer 4,0.2897748569306619,0.42702464767599674,1.2447407419209102,0.42575938667955543
0.65,21,Layer 1,-0.1371899174558387,0.2482189713108213,0.7815197369742908,0.24748350607553424
0.65,21,Layer 2,-0.11119186491251731,0.21661291805078678,0.6942751864483778,0.215971100586557
0.65,21,Layer 3,0.09330443171355325,0.16022750249652587,0.5392420959737199,0.1597527532974588
0.65,21,Layer 4,0.08662519630397714,0.1542432489605118,0.49514927941138087,0.15378623092200686
0.65,22,Layer 1,0.6949678511975909,0.33547870904563687,0.9723351437594109,0.3344846958709829
0.65,22,Layer 2,0.8743249306343563,0.13453594311611836,0.3931038352196581,0.1341373172232789
0.65,22,Layer 3,0.8900032251829761,0.11690847896943378,0.3422692644873665,0.11656208271479523
0.65,22,Layer 4,0.8875185445620135,0.11812432338280593,0.3497154040010354,0.11777432461828333
0.65,23,Layer 1,-0.5131031251541383,0.2461117597797104,0.7481183178999239,0.24538253814786887
0.65,23,Layer 2,0.27880864388855625,0.18118876199607892,0.5703479655853322,0.18065190522494215
0.65,23,Layer 3,0.31442243845126566,0.13000489222043557,0.42479969862659783,0.12961969169309298
0.65,23,Layer 4,0.29950148389071884,0.1364124949709758,0.44030011013783593,0.1360083089122709
0.65,24,Layer 1,-0.20490738458952362,0.4014441015841955,1.2052902952107138,0.4002546349649962
0.65,24,Layer 2,0.35923204061168335,0.23579200507366138,0.7357744626719372,0.23509336056001076
0.65,24,Layer 3,0.4024494671030217,0.22636993704035646,0.7559370434815532,0.22569920982668662
0.65,24,Layer 4,0.3963570122637133,0.23430470259098535,0.8004171014551004,0.2336104649091921
0.65,25,Layer 1,0.7854720382597332,0.2002909972143577,0.5770015630309298,0.19969754110335125
0.65,25,Layer 2,0.8895688149765197,0.11467380283132035,0.28577083062665065,0.11433402785386715
0.65,25,Layer 3,0.8694791694765078,0.1433599033307056,0.36770324511261154,0.14293513231309546
0.65,25,Layer 4,0.8861723216177521,0.11328364032807277,0.29874556323832935,0.11294798435968295
0.65,26,Layer 1,-0.1649472311710651,0.4778311634169578,1.3424915452145303,0.47641536426520864
0.65,26,Layer 2,0.5682531613565234,0.15966506324229598,0.4551623765542536,0.15919198053357114
0.65,26,Layer 3,0.580358767615104,0.16092587624612076,0.45653868673958736,0.16044905778695098
0.65,26,Layer 4,0.5391124935788967,0.16675424377065504,0.48125553724245246,0.1662601560364168
0.65,27,Layer 1,0.7907397111501473,0.2011386941116102,0.5755820355321553,0.20054272630057263
0.65,27,Layer 2,0.805069515878179,0.225563824759482,0.6175665515600097,0.22489548603189444
0.65,27,Layer 3,0.8646548278116267,0.15461451287578593,0.4252591155724522,0.15415639479363258
0.65,27,Layer 4,0.8292339720630555,0.19821622080658702,0.5886069628025443,0.19762891219474574
0.65,28,Layer 1,0.47474741216057553,0.382493879203245,1.0951258790140255,0.3813605615145185
0.65,28,Layer 2,0.6244670393698986,0.24585303406053588,0.7538296607408435,0.24512457902510282
0.65,28,Layer 3,0.7327989105835683,0.1892635147839314,0.5323293861887658,0.18870273276676025
0.65,28,Layer 4,0.6902824380999337,0.22844551338687144,0.6659299274996262,0.2277686363038423
0.65,29,Layer 1,0.8547159238404807,0.14044075002123618,0.4306646174908555,0.14002462836577695
0.65,29,Layer 2,0.9183729753631119,0.09032811532508644,0.2806907455251324,0.09006047587657945
0.65,29,Layer 3,0.9173763101094706,0.09331523382845934,0.29242491673041204,0.09303874363900651
0.65,29,Layer 4,0.8977043884452871,0.12671593790084207,0.36101988104692284,0.1263404824447554
0.65,30,Layer 1,0.09467746495661587,0.5315093127549035,1.4550798322504748,0.5299344668851532
0.65,30,Layer 2,0.6108458680659925,0.20839884153045662,0.5843028894314886,0.2077813621242278
0.65,30,Layer 3,0.6569307543338294,0.190425765268934,0.5116945206082386,0.18986153953905283
0.65,30,Layer 4,0.6125543525761012,0.2161959071582285,0.5935784884564754,0.21555532528454446
0.65,31,Layer 1,-0.31822415752110517,0.2904987995946469,0.8759945986224849,0.28963806051871654
0.65,31,Layer 2,0.2901481424505694,0.1259269750052863,0.38361582438392966,0.12555385722217666
0.65,31,Layer 3,0.3097294521682527,0.13240302098108991,0.39312498739708907,0.13201071487143065
0.65,31,Layer 4,0.2176381358860857,0.17450483363301963,0.5380695390088324,0.1739877811376005
0.65,32,Layer 1,-0.42293817366312225,0.3035119696675598,0.9440928363705579,0.30261267296592104
0.65,32,Layer 2,0.47297290109182577,0.10768844284634883,0.3552134051247499,0.10736936527730793
0.65,32,Layer 3,0.42459053692502147,0.13228142563794854,0.3831744170471575,0.1318894798115794
0.65,32,Layer 4,0.4547783682726224,0.10645872024656333,0.3384463751878915,0.10614328630804923
0.65,33,Layer 1,0.772451034898736,0.23625598933927305,0.648140193143435,0.23555597005440615
0.65,33,Layer 2,0.8460289596673793,0.1826393208407402,0.48355620746832767,0.18209816610802398
0.65,33,Layer 3,0.873849946461285,0.1485983445002655,0.40709786585940644,0.1481580521413696
0.65,33,Layer 4,0.7895314703000665,0.25394876771116676,0.7202692783672777,0.2531963252640434
0.65,34,Layer 1,0.7124935608273727,0.27539458016277896,0.8081105373480638,0.2745785944279796
0.65,34,Layer 2,0.7246955178120754,0.30515857226189125,0.8318160068884591,0.30425439672702687
0.65,34,Layer 3,0.7885591412340917,0.24066818884269198,0.6794758725293395,0.23995509634537576
0.65,34,Layer 4,0.72135943695424,0.30385500594597464,0.8306934057761677,0.3029546928383139
0.65,35,Layer 1,0.8051081883183375,0.16591201840014408,0.4713590200973944,0.16542042615397035
0.65,35,Layer 2,0.8579110788599144,0.1467519226164119,0.43271452939062394,0.14631710114919722
0.65,35,Layer 3,0.8452183775058083,0.16499630271046511,0.4603277766326763,0.1645074237019284
0.65,35,Layer 4,0.775366934886842,0.2709224660330555,0.7873490639781572,0.2701197310359144
0.65,36,Layer 1,-0.016525257141721112,0.3735391496632525,1.13048845795194,0.37243236456481615
0.65,36,Layer 2,0.4145250425450201,0.19865486915584732,0.6324220685577988,0.19806626084233664
0.65,36,Layer 3,0.45125120213061126,0.18762900307741587,0.5961839497896493,0.18707306406853888
0.65,36,Layer 4,0.19439961299765265,0.30576268127831174,0.9345625448280441,0.30485671578687173
0.65,37,Layer 1,0.8541534705159843,0.16070075875903633,0.4273036561753476,0.16022460731610932
0.65,37,Layer 2,0.9328333687135069,0.07313830714786888,0.19588691098009747,0.07292160057628438
0.65,37,Layer 3,0.9415424293848935,0.06298367126200234,0.17044901644014177,0.06279705256658465
0.65,37,Layer 4,0.9394896314810632,0.06324290340328502,0.17866384129925716,0.06305551661094558
0.65,38,Layer 1,0.2664153816073951,0.4745631116812192,1.353654148441127,0.4731569956670081
0.65,38,Layer 2,0.5416501000021131,0.28554763571066394,0.8564449116897408,0.28470156678219094
0.65,38,Layer 3,0.6856538833693925,0.17566214926373777,0.5003300535714825,0.17514166767743103
0.65,38,Layer 4,0.6778172553677403,0.17755497985587348,0.5082003465466387,0.17702888987029955
0.65,39,Layer 1,-0.23892659214182388,0.2597081546567555,0.793298303857396,0.2589386473219136
0.65,39,Layer 2,0.16142593937499003,0.17789303902725914,0.5797462048322717,0.17736594738267938
0.65,39,Layer 3,0.2564586057842317,0.11565836794576577,0.33905893765439055,0.11531567573193155
0.65,39,Layer 4,0.1270943566802008,0.17301527080640564,0.5499859166240817,0.1725026318401739
0.65,40,Layer 1,0.3700230130975306,0.41370868871257366,1.169115756523765,0.4124828824960807
0.65,40,Layer 2,0.609840287475816,0.29015399089909416,0.8585493751944494,0.28929427348080355
0.65,40,Layer 3,0.6289887136842092,0.2788231450133877,0.8232791566763297,0.27799700054559046
0.65,40,Layer 4,0.38675779785782166,0.4431794664433351,1.2228542583487303,0.4418663392120003
0.65,41,Layer 1,0.15981067192284032,0.533493490178252,1.4907705982463066,0.5319127652513618
0.65,41,Layer 2,0.7035816925177829,0.18432243126511325,0.49819771898975895,0.18377628952758535
0.65,41,Layer 3,0.670446301244396,0.20104209028622932,0.5378975654317437,0.20044640870937758
0.65,41,Layer 4,0.6669046641400649,0.20159132690016596,0.5431158277308034,0.20099401795199215
0.65,42,Layer 1,0.4576887299493891,0.3931078188130762,1.0898398743185176,0.3919430523452687
0.65,42,Layer 2,0.5749281145247226,0.30997581247762074,0.8752616494204359,0.30905736360703995
0.65,42,Layer 3,0.6067189249264499,0.31813252344876636,0.9092670622575488,0.3171899064925559
0.65,42,Layer 4,0.6133853164364764,0.30962895563181314,0.8626618276913083,0.30871153448747896
0.65,43,Layer 1,0.06389622005373026,0.46042716932176436,1.3395192602697197,0.45906293767327455
0.65,43,Layer 2,0.5705437200753505,0.21770751559078672,0.6523232630443594,0.21706245486745776
0.65,43,Layer 3,0.5718273265762885,0.2186698587489372,0.6504870875119877,0.21802194663220545
0.65,43,Layer 4,0.3634411649802694,0.3594780599050441,1.0916145201969165,0.35841293738635666
0.65,44,Layer 1,0.9042591146620844,0.08771242245955073,0.25366364401096275,0.08745253322916217
0.65,44,Layer 2,0.9543108880265389,0.04612332576751197,0.13435540042172955,0.04598666376114443
0.65,44,Layer 3,0.9585315378282617,0.03997636684804956,0.11183219937921496,0.03985791809332885
0.65,44,Layer 4,0.9512081156748965,0.051654915173424604,0.14275775441685634,0.051501863236495166
0.65,45,Layer 1,0.8928925126250694,0.09577323045469564,0.2734913426175224,0.09548945729626789
0.65,45,Layer 2,0.9491462086657255,0.04824996474830064,0.14188652016981063,0.04810700157554717
0.65,45,Layer 3,0.9482478615910833,0.051606629909219645,0.14763303163660957,0.05145372104005416
0.65,45,Layer 4,0.9430991585839765,0.059162724592087566,0.16474018131278723,0.05898742724502114
0.65,46,Layer 1,0.04199947813702873,0.5451687463574869,1.5096332888839528,0.5435534280029166
0.65,46,Layer 2,0.6347416346296686,0.21539333739623917,0.5890134702522231,0.21475513351226197
0.65,46,Layer 3,0.6094566166334199,0.22874057704454506,0.6398643530821084,0.2280628256969049
0.65,46,Layer 4,0.572491274507372,0.2453426107287668,0.7227241593858073,0.24461566806208557
0.65,47,Layer 1,-0.35513867252331055,0.29766460810646855,0.8888551437398378,0.2967826369586488
0.65,47,Layer 2,0.2601524509782928,0.2637854786826894,0.7833149459297657,0.2630038903612161
0.65,47,Layer 3,0.27062907742846093,0.24433947563449973,0.7448187949036649,0.24361550522648276
0.65,47,Layer 4,0.19567338145775637,0.24867495196545011,0.7468363175228139,0.2479381356734019
0.65,48,Layer 1,0.620114069806647,0.30836754212825107,0.8947255578766135,0.3074538585136241
0.65,48,Layer 2,0.7093203551442976,0.24611304864456945,0.6792369496822088,0.24538382319386068
0.65,48,Layer 3,0.8037100656080274,0.16246115591281535,0.4575160803974194,0.16197978846685648
0.65,48,Layer 4,0.7829631968625135,0.17821189126387635,0.5092881940906759,0.17768385486985222
0.65,49,Layer 1,0.49487954810153795,0.3547867208494248,0.9964015287828139,0.3537354986251593
0.65,49,Layer 2,0.6403278198574158,0.2760412684839228,0.7962897450395028,0.27522336663136754
0.65,49,Layer 3,0.711842105845107,0.18797020601883346,0.5087771363096927,0.187413256036056
0.65,49,Layer 4,0.7244552738532771,0.18485309436090747,0.5247846629469288,0.18430538028482485
0.7,0,Layer 1,0.1838278193006419,0.48338744974645587,1.3476483560626722,0.48195518748791394
0.7,0,Layer 2,0.5842334479051833,0.269809104380846,0.8209642570208798,0.26900966824029576
0.7,0,Layer 3,0.5425806643441384,0.27031601069917127,0.8252793971630722,0.2695150726106728
0.7,0,Layer 4,0.4913825338318161,0.32316021531865063,0.9409575746663866,0.3222027014648962
0.7,1,Layer 1,0.11657489526899144,0.5174927435403901,1.4508729266283389,0.5159594283373764
0.7,1,Layer 2,0.6359239380713656,0.207752433332091,0.5657900614966129,0.20713686921362273
0.7,1,Layer 3,0.5224342024802888,0.2845979926127169,0.8243908171154136,0.28375473744775603
0.7,1,Layer 4,0.6177707786588447,0.21732898167246698,0.6041557749660564,0.21668504253358348
0.7,2,Layer 1,-0.25448339250039426,0.42243733689187657,1.2305017618298963,0.42118566795726414
0.7,2,Layer 2,0.5091605788315955,0.14355121274085167,0.43171099658119627,0.14312587487929881
0.7,2,Layer 3,0.5056672091798168,0.14404488532931342,0.428261753265695,0.14361808473094997
0.7,2,Layer 4,0.3591245168690179,0.24173775684230855,0.820698518211931,0.24102149524765723
0.7,3,Layer 1,0.31327597473861407,0.4854108984988747,1.3579215422883566,0.4839726408234437
0.7,3,Layer 2,0.7039057298381324,0.19450269392293826,0.5098855981782586,0.19392638837790055
0.7,3,Layer 3,0.7091265274642828,0.1946470668636185,0.5171076471455989,0.19407033354596445
0.7,3,Layer 4,0.562578508626138,0.2905346878065954,0.8623778988865161,0.28967384239498845
0.7,4,Layer 1,0.5589077131046686,0.40201945557501134,1.1358831319277727,0.4008282841994994
0.7,4,Layer 2,0.797222361773853,0.1839644297708886,0.5235377062515261,0.18341934878086041
0.7,4,Layer 3,0.8324388750729177,0.1488018607586923,0.41459618683443455,0.1483609653873349
0.7,4,Layer 4,0.8354763339276293,0.14351333122063534,0.4121721274876653,0.14308810560087062
0.7,5,Layer 1,-0.21846424790744431,0.42164309045902015,1.2295655628898061,0.4203937748523444
0.7,5,Layer 2,0.48024264136349765,0.17650053821461265,0.6034018940699228,0.17597757250743568
0.7,5,Layer 3,0.5429140716433476,0.14076871781574346,0.41726713725517384,0.14035162440172005
0.7,5,Layer 4,0.5355496048820322,0.14164009603457933,0.4248163890400228,0.14122042075349167
0.7,6,Layer 1,-0.165151354001147,0.48495093373150355,1.376275876648073,0.4835140389176383
0.7,6,Layer 2,0.5540849310705529,0.16978200143959032,0.5030123365167054,0.1692789425517992
0.7,6,Layer 3,0.5503558670937219,0.173917156311356,0.5033412792999817,0.17340184508590256
0.7,6,Layer 4,0.4339794030760334,0.22889437826962009,0.7717001929484336,0.2282161712136447
0.7,7,Layer 1,0.5153891718282884,0.2972456346085683,0.8556672704396315,0.2963649048664339
0.7,7,Layer 2,0.3588212813252871,0.37033403597463793,1.0630296785056763,0.36923674753022717
0.7,7,Layer 3,0.5456954774712701,0.30187682084978956,0.8473463388480622,0.30098236904418607
0.7,7,Layer 4,0.5836305278087781,0.2706299966830726,0.785225273075242,0.2698281282636881
0.7,8,Layer 1,0.6876188591562585,0.2945623362904357,0.8360445815036788,0.2936895570793122
0.7,8,Layer 2,0.8262860483494409,0.16918175902163204,0.497618066431889,0.16868047863380337
0.7,8,Layer 3,0.8545922900569032,0.14425989292921615,0.42816995966843485,0.14383245526989716
0.7,8,Layer 4,0.8268880446152962,0.1737381515757166,0.5075028508502819,0.17322337073583083
0.7,9,Layer 1,0.7244646684505844,0.2292815145706498,0.6417390698519558,0.2286021604416316
0.7,9,Layer 2,0.7066678103009439,0.30306312236998323,0.7983194884773439,0.30216515558918644
0.7,9,Layer 3,0.828509664565612,0.1660522077122506,0.4674358765950397,0.16556020008942426
0.7,9,Layer 4,0.7605271457377301,0.23955646776457878,0.6897345068545935,0.23884666926288248
0.7,10,Layer 1,0.3606349332717031,0.4810700845031281,1.2977376211481249,0.47964468852706627
0.7,10,Layer 2,0.7348377947008244,0.1929780843242557,0.5152976887233729,0.19240629615092125
0.7,10,Layer 3,0.754732957565296,0.17800602080502242,0.48857008058759216,0.17747859439888383
0.7,10,Layer 4,0.7664010471956476,0.16729120263150435,0.45152676129709546,0.16679552390455177
0.7,11,Layer 1,0.5857679985780312,0.370159817932479,1.0449283450062647,0.3690630456908093
0.7,11,Layer 2,0.8291237171215742,0.14790075035103234,0.3932486504058528,0.14746252494230705
0.7,11,Layer 3,0.8343444865105907,0.14411128868730957,0.3848355865962644,0.14368429133782326
0.7,11,Layer 4,0.7531813934300289,0.23494172562924587,0.6831784756151777,0.23424560046763496
0.7,12,Layer 1,-0.025205289775340176,0.47857952748637156,1.3244664359817704,0.47716151095472786
0.7,12,Layer 2,0.5490077041116818,0.21005419095642452,0.647181573347571,0.2094318068003749
0.7,12,Layer 3,0.5307959794822132,0.22225389353158723,0.665327995068623,0.22159536202919464
0.7,12,Layer 4,0.5658258559462962,0.2020299981286293,0.6110410438360999,0.20143138941099561
0.7,13,Layer 1,-0.4014879120773101,0.22356128615203008,0.6927264014940916,0.22289888088521032
0.7,13,Layer 2,0.11951048159747134,0.23521324935106533,0.6934463807992888,0.23451631967295467
0.7,13,Layer 3,0.15661708367598162,0.20120084798538393,0.5938222397756425,0.20060469601431555
0.7,13,Layer 4,0.13221609352148372,0.2040737039200132,0.5822030712312607,0.2034690397645023
0.7,14,Layer 1,0.031264001915280976,0.21834083961541456,0.6668545372323427,0.2176939023723324
0.7,14,Layer 2,-0.05243096036518431,0.2423411355538577,0.773218423907343,0.24162308616650177
0.7,14,Layer 3,0.01359202074962724,0.191373850838152,0.6076744477451794,0.19080681595966875
0.7,14,Layer 4,0.08133537763999649,0.2179797994558252,0.64480371493596,0.21733393196371537
0.7,15,Layer 1,0.8363391354188602,0.14863722750075853,0.4608803198001097,0.14819681993271902
0.7,15,Layer 2,0.8641289301813728,0.16126210229098586,0.43829042875826196,0.1607842876043082
0.7,15,Layer 3,0.9082698330062366,0.09966630308279971,0.2950800945736689,0.09937099486900809
0.7,15,Layer 4,0.8553930869253881,0.17712517637903022,0.5322247252852742,0.17660035988803874
0.7,16,Layer 1,0.2878353655742489,0.3834335294309086,1.0647451968218202,0.38229742758723956
0.7,16,Layer 2,0.25997861359387503,0.3292426053562706,0.9818885384201628,0.3282670695664954
0.7,16,Layer 3,0.43711504713924443,0.32813931796765256,0.9429084478631098,0.32716705118473294
0.7,16,Layer 4,0.3083414676633702,0.36250898625161126,1.0140772068096802,0.36143488319067596
0.7,17,Layer 1,0.33216453002236446,0.4684350838674705,1.3425820737378786,0.46704712501261775
0.7,17,Layer 2,0.669918853062138,0.22552780105737075,0.6693372026081812,0.22485956906691293
0.7,17,Layer 3,0.6633253239473405,0.23667052390789675,0.679539731879939,0.2359692763697564
0.7,17,Layer 4,0.5237424111888224,0.29555890310071387,0.8798176684361431,0.29468317109255093
0.7,18,Layer 1,-0.0488034752975198,0.4949861612425024,1.3992411315614743,0.49351953235584
0.7,18,Layer 2,0.5640469549280054,0.184557336514527,0.519326472404894,0.18401049875991543
0.7,18,Layer 3,0.6197387971952271,0.16337456720026117,0.4688215990145848,0.16289049334453887
0.7,18,Layer 4,0.6107885067635201,0.16415290914708985,0.4698775538467501,0.16366652908793738
0.7,19,Layer 1,0.7217041942946618,0.22306232455222214,0.6254655804058845,0.22240139769339207
0.7,19,Layer 2,0.7073233898058396,0.31268014724325743,0.9407662129448396,0.3117536855113139
0.7,19,Layer 3,0.8144589135275604,0.17958926900564295,0.4699331859226236,0.17905715148341347
0.7,19,Layer 4,0.8254739976550254,0.16101628937201645,0.43889588342192853,0.16053920302151448
0.7,20,Layer 1,0.6556205278261924,0.2986076645365519,0.8029804128594087,0.297722899141316
0.7,20,Layer 2,0.6689146163359818,0.33079190691075094,0.8732012782647687,0.3298117805877614
0.7,20,Layer 3,0.7468004411859135,0.2592609104073951,0.7173350207301141,0.25849272824361214
0.7,20,Layer 4,0.6052197053516611,0.39107171553264786,1.0355957981618498,0.3899129819767095
0.7,21,Layer 1,0.3734846823258185,0.47494038139779443,1.3474663072971365,0.473533147544929
0.7,21,Layer 2,0.7093971488633717,0.21840993228814198,0.6175675720110424,0.21776279032557955
0.7,21,Layer 3,0.7134962167295223,0.21105412592465242,0.5835702726231706,0.21042877899181417
0.7,21,Layer 4,0.6515713861001583,0.27152002607038894,0.7397927487271995,0.27071552052109743
0.7,22,Layer 1,0.7021389074117032,0.3227843538931901,0.9481664417330579,0.32182795370536654
0.7,22,Layer 2,0.8904218289899126,0.11397007308737593,0.32651461254828473,0.11363238323967316
0.7,22,Layer 3,0.891977078787696,0.1139437447580138,0.33161441757663,0.1136061329203473
0.7,22,Layer 4,0.8783264716307988,0.12732516635783514,0.36857506952215136,0.12694790577642667
0.7,23,Layer 1,-0.3729092757481712,0.21337234515642484,0.6677111252261163,0.2127401294107649
0.7,23,Layer 2,-0.0036795348579737007,0.2235506151835532,0.6400146101203674,0.22288824153448725
0.7,23,Layer 3,0.08757489931665728,0.1751338480335299,0.5119716075149797,0.1746149317876423
0.7,23,Layer 4,0.005992492361562997,0.18293118201328107,0.49303270100810603,0.18238916250481954
0.7,24,Layer 1,-0.020214850079250245,0.5027980173516721,1.4052050566045016,0.5013082421738098
0.7,24,Layer 2,0.6384196497325817,0.17552862326890656,0.47734381474549725,0.17500853731604674
0.7,24,Layer 3,0.6194419366690983,0.18276508514601553,0.5024550099936202,0.18222355777750163
0.7,24,Layer 4,0.5818477300751757,0.197447969101693,0.5595246511506227,0.19686293679620298
0.7,25,Layer 1,0.4724676574666513,0.3665702892646335,1.074497710656079,0.3654841526868388
0.7,25,Layer 2,0.6554384677031654,0.2418370796816121,0.7033478990760216,0.24112052379641977
0.7,25,Layer 3,0.704755690935064,0.20419871761259709,0.5730675514319101,0.20359368304533101
0.7,25,Layer 4,0.5237295939801753,0.28840650688545466,0.8450155495942453,0.28755196720895587
0.7,26,Layer 1,-0.27135426562262005,0.37290769631928256,1.1080173563578144,0.37180278219782975
0.7,26,Layer 2,0.38028438487777033,0.2038798064957415,0.6889043362510022,0.20327571685238024
0.7,26,Layer 3,0.46350397933737436,0.14881113535334692,0.44426550848186414,0.14837021250164864
0.7,26,Layer 4,0.45053369183927855,0.15508671831210621,0.46327358237583616,0.15462720109965877
0.7,27,Layer 1,0.8886206334018437,0.10516595392031158,0.32255820138604574,0.10485435040896138
0.7,27,Layer 2,0.9531814916007175,0.04480937843690085,0.1318615861345701,0.04467660961636661
0.7,27,Layer 3,0.9527217680306693,0.04665125580192996,0.1461258918814432,0.046513029554985125
0.7,27,Layer 4,0.9511766422712078,0.04680601185098599,0.14381919080458194,0.04666732706659161
0.7,28,Layer 1,0.005137229819207647,0.5044234483648394,1.4145715011525475,0.5029288570845001
0.7,28,Layer 2,0.566932900492861,0.22882408476879032,0.6854789911133429,0.22814608599031228
0.7,28,Layer 3,0.5654234229691897,0.22888917456163568,0.6849396762150409,0.22821098292408823
0.7,28,Layer 4,0.40189259432960495,0.3371949836527667,1.01428865153194,0.33619588520883986
0.7,29,Layer 1,0.22408886572701503,0.49686905506943946,1.370912975841342,0.4953968472258419
0.7,29,Layer 2,0.618878416325268,0.24158071619024019,0.6857287530697015,0.24086491990224743
0.7,29,Layer 3,0.7060623309248788,0.1735005928648303,0.4770387939843137,0.1729865159041535
0.7,29,Layer 4,0.7007805791770314,0.17367949354070883,0.470271897342532,0.17316488650279033
0.7,30,Layer 1,0.10461653642958396,0.5428016124858748,1.4523680290351657,0.5411933078767109
0.7,30,Layer 2,0.6685384771800431,0.18893362597119545,0.5016238425301658,0.1883738214045069
0.7,30,Layer 3,0.638609887789504,0.20498490273507164,0.5421785803392372,0.2043775387252854
0.7,30,Layer 4,0.672472855956796,0.18934225487026518,0.5027036052992824,0.1887812395486218
0.7,31,Layer 1,0.7495507026639032,0.25171260652944355,0.707800502808257,0.2509667897596444
0.7,31,Layer 2,0.8345241929936672,0.187007976638981,0.5346847612456564,0.18645387771248473
0.7,31,Layer 3,0.8840943341571096,0.12109665049400246,0.3332716871875534,0.12073784481497757
0.7,31,Layer 4,0.8757755661056903,0.12968454607978552,0.3572102482273669,0.12930029472827934
0.7,32,Layer 1,0.7124969763816963,0.24029781800270597,0.6962211107832174,0.23958582290288333
0.7,32,Layer 2,0.8252853470543594,0.16348790814249295,0.4781210897629621,0.1630034984610185
0.7,32,Layer 3,0.7342140404629746,0.2811769004438699,0.8349728918682102,0.2803437818705788
0.7,32,Layer 4,0.7842040832361415,0.2133622372694842,0.5802061346373252,0.2127300514731847
0.7,33,Layer 1,-0.22205348488137353,0.42576702163097196,1.2619676130894746,0.4245054869421139
0.7,33,Layer 2,0.43713643379473915,0.19826232186308862,0.6289706553400318,0.19767487665522412
0.7,33,Layer 3,0.45348483463006106,0.1922014962460314,0.6567537950922083,0.19163200907946787
0.7,33,Layer 4,0.4627629805129708,0.19385743266429306,0.6342896598200394,0.19328303900866853
0.7,34,Layer 1,0.7432042118495074,0.2981202076391766,0.8810670075015178,0.2972368865638483
0.7,34,Layer 2,0.9055768216004588,0.10324538749599292,0.29286171307255937,0.10293947456433405
0.7,34,Layer 3,0.9047257570736147,0.10719598220178865,0.315729717328769,0.1068783637786056
0.7,34,Layer 4,0.8837129492031263,0.12854820101246306,0.3545848760773257,0.1281673166167052
0.7,35,Layer 1,0.23710203417136183,0.48877852007526373,1.3916728316466949,0.48733028423989616
0.7,35,Layer 2,0.6745724103783604,0.19598931408958636,0.5214804944063808,0.19540860373437285
0.7,35,Layer 3,0.6754932297465578,0.1977105455081724,0.5336215868384162,0.19712473519680498
0.7,35,Layer 4,0.4806222843591437,0.37182544199335327,1.1411125291954973,0.3707237345584331
0.7,36,Layer 1,0.7939695337340515,0.20681657093415573,0.5993834899096018,0.20620377974740597
0.7,36,Layer 2,0.8768835943700953,0.14089260090432082,0.39701868029602727,0.14047514042848738
0.7,36,Layer 3,0.9147899229444937,0.08435215617662285,0.24396256914498649,0.08410222331266086
0.7,36,Layer 4,0.9098923854345053,0.08827788412121641,0.24788644675371452,0.08801631944518465
0.7,37,Layer 1,-0.05865473012289085,0.48871462643409513,1.3828095044049307,0.4872665799136358
0.7,37,Layer 2,0.49684651933504304,0.2655725855151783,0.8438428687553087,0.2647857020507104
0.7,37,Layer 3,0.494303520014266,0.26426437662388574,0.83463601620096,0.2634813693424306
0.7,37,Layer 4,0.3490988982540658,0.32784971439444294,1.0221036969699977,0.3268783056980708
0.7,38,Layer 1,0.4208632678444681,0.4456207163890273,1.2653764588247927,0.44430035580862104
0.7,38,Layer 2,0.7307707326673891,0.1898255592316668,0.5369199610890777,0.18926311189395312
0.7,38,Layer 3,0.7356649715359734,0.18216787447764352,0.49709215259495654,0.18162811662611061
0.7,38,Layer 4,0.6880378316330146,0.23208269049905716,0.6599386178475704,0.2313950365712669
0.7,39,Layer 1,0.3158349405686729,0.5062642796510127,1.3396806096830172,0.5047642340437627
0.7,39,Layer 2,0.6936534149092352,0.21899043509777996,0.6290275356792766,0.21834157312311192
0.7,39,Layer 3,0.7446483407294684,0.18226113701686056,0.49029335754089115,0.18172110283127074
0.7,39,Layer 4,0.7461140141803773,0.17989449497289134,0.4809137070610056,0.1793614730754377
0.7,40,Layer 1,0.3012947432795992,0.4664042384127974,1.3401925816384834,0.46502229689103664
0.7,40,Layer 2,0.6485501092215321,0.24493000244407023,0.733740858004318,0.24420428232314192
0.7,40,Layer 3,0.6142029921815331,0.25453137798037634,0.7956438459437415,0.25377720927680913
0.7,40,Layer 4,0.5626052090025101,0.30466784503241184,0.8571902453513911,0.30376512350734935
0.7,41,Layer 1,-0.00638497760772861,0.5016432728080834,1.3575044549804574,0.5001569191030559
0.7,41,Layer 2,0.6442561882544097,0.16789301605926074,0.46233738145469927,0.16739555417749166
0.7,41,Layer 3,0.6492706993669831,0.16923691404567828,0.46026420570881627,0.1687354702351969
0.7,41,Layer 4,0.6379511670168566,0.17063995813745544,0.46101612754294996,0.17013435715015704
0.7,42,Layer 1,0.27725852423124625,0.4683849978301491,1.3332118835173783,0.4669971873786961
0.7,42,Layer 2,0.6624492254232198,0.19871160219634076,0.5718224927478776,0.1981228257845628
0.7,42,Layer 3,0.6726243214535808,0.19578814676776182,0.5604883314039781,0.19520803246518242
0.7,42,Layer 4,0.4488868081288235,0.3694449983104515,1.1320863063894104,0.36835034405750244
0.7,43,Layer 1,0.826976984304705,0.16809153966865653,0.5215952556048227,0.16759348956749254
0.7,43,Layer 2,0.881947749521465,0.14127811573795646,0.4295521198466533,0.14085951299343855
0.7,43,Layer 3,0.9086820698486147,0.1023816292373528,0.3018712722221333,0.10207827559504869
0.7,43,Layer 4,0.8426919871546701,0.19929796232812627,0.5822677175928803,0.19870744854917607
0.7,44,Layer 1,0.8505674126348487,0.1282099688977256,0.36430732652925746,0.1278300866733994
0.7,44,Layer 2,0.9165082467008108,0.0814240823934061,0.22560647743479112,0.08118282532268642
0.7,44,Layer 3,0.9149065801159693,0.08658296272722031,0.24684588511578942,0.08632642005154269
0.7,44,Layer 4,0.8827284009135925,0.1304372451820564,0.3856311613550786,0.13005076360608578
0.7,45,Layer 1,0.7577690542249,0.24986930024347603,0.6920661560024238,0.24912894513393663
0.7,45,Layer 2,0.8768691188009812,0.1315225063746742,0.3640673981629924,0.13113280920291667
0.7,45,Layer 3,0.8581883824916866,0.15941598554536618,0.4688826875269265,0.15894364084625442
0.7,45,Layer 4,0.8618660034398608,0.1485488076397119,0.41723290780058375,0.14810866205702178
0.7,46,Layer 1,0.4383226935878529,0.4330545043275118,1.2117294522201842,0.431771377049869
0.7,46,Layer 2,0.718799051221423,0.20743106381179838,0.608001748748092,0.2068164519014092
0.7,46,Layer 3,0.7514713419448921,0.18077870254026907,0.539015200611216,0.18024306076278312
0.7,46,Layer 4,0.7206067124698916,0.20780809633474412,0.6056716509442176,0.20719236728849805
0.7,47,Layer 1,0.12094764295923478,0.41242384902088575,1.2054561160030597,0.41120184974518037
0.7,47,Layer 2,0.47539863623412265,0.2315437421220075,0.7369041736295531,0.2308576850818074
0.7,47,Layer 3,0.4643444225166864,0.24867866120531848,0.7730775963636907,0.2479418339229057
0.7,47,Layer 4,0.20902450928332647,0.30921864216946054,0.9695638530312286,0.3083024367713908
0.7,48,Layer 1,0.34612380440639606,0.507173066020711,1.3730295734955698,0.5056703277071875
0.7,48,Layer 2,0.7280638205521945,0.22359177681141892,0.6161995102535325,0.22292928120170605
0.7,48,Layer 3,0.7097671387595307,0.2390282693386099,0.6617803712514392,0.23832003587272693
0.7,48,Layer 4,0.6543177365774555,0.2800817328130123,0.7944162989050474,0.27925185918798234
0.7,49,Layer 1,0.2669236525803181,0.40966209772681333,1.2470817129687977,0.4084482814358919
0.7,49,Layer 2,0.605549850931068,0.21040003993207188,0.5861202343002139,0.2097766310360642
0.7,49,Layer 3,0.6101465446259664,0.20788042221829664,0.5762493824920223,0.2072644788726653
0.7,49,Layer 4,0.34152657396631225,0.4063649638767963,1.1704122294293462,0.4051609168928298
0.75,0,Layer 1,0.7193384274753913,0.20385407094289895,0.5799184790648597,0.20325005755319517
0.75,0,Layer 2,0.6111883129047253,0.3903065761901073,1.1586141289963148,0.38915010971868563
0.75,0,Layer 3,0.8036839038424866,0.1770854220843589,0.49224283564968907,0.1765607233841291
0.75,0,Layer 4,0.7351667735797254,0.24396728352780342,0.7052839065604628,0.24324441591363768
0.75,1,Layer 1,0.27838051419912013,0.21032896146436478,0.6909429238528062,0.20970576317168726
0.75,1,Layer 2,0.1433204530140352,0.29559777848540697,0.9209389968495234,0.29472193129066593
0.75,1,Layer 3,0.3710896199403786,0.20542951641764431,0.6776435559599971,0.20482083503108817
0.75,1,Layer 4,-0.09202989018382585,0.3616635100629623,1.1179851648066759,0.3605919121221662
0.75,2,Layer 1,0.2593653051755403,0.4826263281435308,1.3493361470087337,0.48119632106506566
0.75,2,Layer 2,0.6203305698581449,0.23973761555118744,0.6684756516808574,0.23902728031412881
0.75,2,Layer 3,0.6776774285009158,0.19872710170946023,0.5548791392158124,0.19813827937309797
0.75,2,Layer 4,0.6267431287019378,0.23656725705522827,0.6509935520717814,0.23586631549362028
0.75,3,Layer 1,-0.027481524660936965,0.45143581702228447,1.3092505930105085,0.45009822647620346
0.75,3,Layer 2,0.5355612693512782,0.18136648393073732,0.5477013320467189,0.18082910057493295
0.75,3,Layer 3,0.5354511766122084,0.18413001845697702,0.5517062641432838,0.18358444683272634
0.75,3,Layer 4,0.30475843175811135,0.33801371601328506,1.0782213854185816,0.33701219169036506
0.75,4,Layer 1,0.6522939454193146,0.2992879358196622,0.8663025889488464,0.2984011548013792
0.75,4,Layer 2,0.7036653688273317,0.30354192385403284,0.8791284549744407,0.3026425383990539
0.75,4,Layer 3,0.7031496798100181,0.29047735017804055,0.8337592194990727,0.28961667465607677
0.75,4,Layer 4,0.7300434884273735,0.2689887396941986,0.7543228563962276,0.268191734269174
0.75,5,Layer 1,-0.5147962175587047,0.25919280061198485,0.7523075364070544,0.2584248202554468
0.75,5,Layer 2,0.38265202426137207,0.11453622324584467,0.3822590906074448,0.1141968559125037
0.75,5,Layer 3,0.3681782390287897,0.10634829450649781,0.36274531996729265,0.10603318775608085
0.75,5,Layer 4,0.37245717147075186,0.1007200569360225,0.32342779915497977,0.10042162648172888
0.75,6,Layer 1,0.10939263519997643,0.4872812906036823,1.3373660075884244,0.4858374910135371
0.75,6,Layer 2,0.5457494543665128,0.29773822249888365,0.8482101713175002,0.29685603323386617
0.75,6,Layer 3,0.493278239035981,0.31160980627533874,0.884096742579095,0.31068651593101176
0.75,6,Layer 4,0.5028074336663318,0.3096211144111484,0.8761749984342547,0.30870371650011175
0.75,7,Layer 1,0.25605515616970825,0.48606618886540787,1.344329389691139,0.484625989584623
0.75,7,Layer 2,0.673295708298295,0.19771806249650573,0.5663031542427888,0.19713222991253126
0.75,7,Layer 3,0.564344134701933,0.27255991568748905,0.7816370242167889,0.27175232897700385
0.75,7,Layer 4,0.665148291086709,0.20173280034889332,0.5655922887552457,0.20113507221920926
0.75,8,Layer 1,0.40394597455042475,0.4164655855929908,1.1760086811421193,0.41523161077519344
0.75,8,Layer 2,0.5476186815739373,0.33035700617000385,0.9242787778138579,0.32937816844463397
0.75,8,Layer 3,0.6373588787653384,0.2860721941859238,0.8249872616903657,0.28522457100670046
0.75,8,Layer 4,0.5970298868211609,0.30583718176263197,0.8787483144898229,0.3049309955285309
0.75,9,Layer 1,-0.04360721486707889,0.16977704878887442,0.52418826106461,0.1692740045756362
0.75,9,Layer 2,0.014188525177152484,0.1799426607634849,0.5534523512271046,0.17940949615226398
0.75,9,Layer 3,0.0036409520033823285,0.16830335382982098,0.5100772747277025,0.167804676129763
0.75,9,Layer 4,-0.16994175771532513,0.21527422982181463,0.7075462596570614,0.21463637884994477
0.75,10,Layer 1,0.6866215022665735,0.2962579308217982,0.8870084867919017,0.2953801276158351
0.75,10,Layer 2,0.8410587298567412,0.16599204711736673,0.47035912321453166,0.16550021774854676
0.75,10,Layer 3,0.8067185648421358,0.20546807120476202,0.5983793399231299,0.2048592755815485
0.75,10,Layer 4,0.8337884795307307,0.1739285276693505,0.48116376941137257,0.17341318275091033
0.75,11,Layer 1,-0.2823652982107752,0.21751957492805815,0.7467703152802297,0.21687507106717613
0.75,11,Layer 2,0.057490320259204294,0.2148555873036205,0.6123417633224768,0.2142189767567534
0.75,11,Layer 3,0.06820466821723403,0.1802630531181884,0.5139180185491637,0.17972893919420022
0.75,11,Layer 4,0.012610189699952756,0.2032417584314972,0.5817873244881623,0.20263955930507424
0.75,12,Layer 1,-0.03126043120869306,0.41012687313512863,1.2534125761765718,0.4089116797288592
0.75,12,Layer 2,0.45535432520547986,0.2082365158560482,0.6730554221721494,0.20761951741583773
0.75,12,Layer 3,0.45104717123428034,0.20336744344206314,0.6800918742346528,0.20276487191479037
0.75,12,Layer 4,0.28893143735341165,0.30216322531916373,0.9835565818209504,0.3012679249058598
0.75,13,Layer 1,0.2368597418615217,0.3751650258328924,1.0542049128090292,0.3740534233129943
0.75,13,Layer 2,0.39224238890665003,0.37559596018968316,1.0404932390084292,0.37448308082443965
0.75,13,Layer 3,0.4357161480054271,0.3631425811877343,1.009889558064306,0.3620666008043434
0.75,13,Layer 4,0.18733229087402145,0.43210646743456216,1.1680083261884673,0.430826149161295
0.75,14,Layer 1,0.2722389353600768,0.4815518570208338,1.310069699199768,0.4801250335675077
0.75,14,Layer 2,0.6790955850018712,0.19978069506663476,0.5419967273823708,0.19918875096531546
0.75,14,Layer 3,0.6280124951932736,0.23119133506266942,0.6531397709377459,0.23050632219382922
0.75,14,Layer 4,0.6644039837455911,0.20701673730846162,0.56073923303885,0.2064033530348548
0.75,15,Layer 1,0.8083059342283637,0.19554883769250353,0.5368045857473075,0.19496943245540935
0.75,15,Layer 2,0.9205154613022778,0.08141172181525598,0.2411617260109099,0.08117050136855206
0.75,15,Layer 3,0.9228013598482897,0.07960646337140732,0.24183816752310539,0.07937059185036834
0.75,15,Layer 4,0.892793083163872,0.12339659041418162,0.3527637910139928,0.12303097008337723
0.75,16,Layer 1,0.32763520932961737,0.5139302994998017,1.4140887750331559,0.5124075397097395
0.75,16,Layer 2,0.7615185456418302,0.17696256491715673,0.47468818327425405,0.17643823023896313
0.75,16,Layer 3,0.7583607316249704,0.18149062304667968,0.48068367631202924,0.1809528718704641
0.75,16,Layer 4,0.706357036998876,0.21641791887018494,0.5860435915016033,0.21577667918257507
0.75,17,Layer 1,0.8433665251576956,0.14991577187169447,0.4525172099975586,0.14947157601571054
0.75,17,Layer 2,0.9280284089301785,0.07158168596833907,0.21827601129093865,0.07136959161779474
0.75,17,Layer 3,0.9193771739552615,0.08907428596276346,0.268445523011979,0.08881036157238482
0.75,17,Layer 4,0.922680359039107,0.07986823894068733,0.230324610064917,0.07963159178662702
0.75,18,Layer 1,0.5045942425636097,0.2857363678169345,0.8133253380266254,0.28488973968099157
0.75,18,Layer 2,0.40316783667533423,0.40824367823540453,1.1426689033082054,0.4070340646781399
0.75,18,Layer 3,0.6631011053318377,0.220332522493547,0.6225159910696174,0.21967968395489154
0.75,18,Layer 4,0.5868981756730381,0.27901017060681876,0.7993548138663062,0.2781834719878971
0.75,19,Layer 1,0.4864498096591767,0.42054555141185596,1.220066098731017,0.41929948777987547
0.75,19,Layer 2,0.7305640593553322,0.23435068591454986,0.6780935169803521,0.23365631198557252
0.75,19,Layer 3,0.7374784037966592,0.23378599766275426,0.6514876684479591,0.2330932968878302
0.75,19,Layer 4,0.5988719859434364,0.34338127502542787,0.9532203035615417,0.34236384678899573
0.75,20,Layer 1,0.6702642223555527,0.24718074057796144,0.7317456138313476,0.2464483515886446
0.75,20,Layer 2,0.589979249654869,0.3370952427658928,0.99240170675615,0.3360964398511691
0.75,20,Layer 3,0.7484295535828066,0.2237204283158088,0.6482586471605154,0.2230575515156155
0.75,20,Layer 4,0.7020438222522906,0.2655544748795414,0.7778059070312884,0.2647676450763341
0.75,21,Layer 1,0.2607958617623258,0.5146945182283321,1.4144670854677572,0.5131694940815044
0.75,21,Layer 2,0.7189791229658609,0.18582666968119768,0.5016693710678231,0.18527607093115878
0.75,21,Layer 3,0.6688279935323618,0.21613002522054703,0.5849049277250902,0.2154896385530333
0.75,21,Layer 4,0.7220135054553668,0.18264627863871244,0.49353380241166983,0.1821051032902532
0.75,22,Layer 1,-0.43028709499086504,0.2646768307496812,0.8040587922289559,0.26389260137924125
0.75,22,Layer 2,0.3013997769404011,0.1336625034494413,0.399274509179145,0.13326646553167312
0.75,22,Layer 3,0.31780512586196064,0.12468847578967038,0.39101308991267003,0.12431902764193226
0.75,22,Layer 4,0.2847616581940068,0.1356716041541275,0.41982645894958326,0.13526961333229767
0.75,23,Layer 1,0.5780766645128524,0.3630580591655229,1.0067186977386995,0.36198232921830353
0.75,23,Layer 2,0.6832284247218434,0.3204743717008916,0.8881219369939979,0.31952481591979326
0.75,23,Layer 3,0.6973982410016963,0.3061809670801405,0.85657605192463,0.3052737622206374
0.75,23,Layer 4,0.658218301910469,0.3324012065014381,0.9100684571405842,0.3314163118728839
0.75,24,Layer 1,0.47068385831824966,0.43696864460725693,1.2511938479260187,0.43567391985144155
0.75,24,Layer 2,0.7881348993798508,0.16676463368931702,0.45730013184825624,0.16627051517006694
0.75,24,Layer 3,0.7887059451344685,0.16980462673592028,0.4642482406486715,0.16930150081006679
0.75,24,Layer 4,0.6691686499631291,0.28651485648675096,0.8125881508971988,0.2856659217126421
0.75,25,Layer 1,-0.31799132723692136,0.3695884146385883,1.0770167812797637,0.3684933354474368
0.75,25,Layer 2,0.44140124996366065,0.11003937732061529,0.35350114691165735,0.10971333400448775
0.75,25,Layer 3,0.43765636757915133,0.11112738739615344,0.3522185529368284,0.11079812033938279
0.75,25,Layer 4,0.24395265869738028,0.26022905305109717,0.7707456115664411,0.2594580023102129
0.75,26,Layer 1,-0.4151827085685879,0.313398888290817,0.9378802875670095,0.31247029695108874
0.75,26,Layer 2,0.20106055223239627,0.23541642703709625,0.7200258528407159,0.2347188953497037
0.75,26,Layer 3,0.3237729280196682,0.12239026333176051,0.4013791346726358,0.12202762471738392
0.75,26,Layer 4,0.28513573695748334,0.14884568227749778,0.43592799572344576,0.14840465706431774
0.75,27,Layer 1,0.8020710009592436,0.20161886600960685,0.6018533094828812,0.2010214754638924
0.75,27,Layer 2,0.8882679180599259,0.1299002880484401,0.36867866960595963,0.12951539746006607
0.75,27,Layer 3,0.9130976481531816,0.09234498192773943,0.2730782878513095,0.09207136656505215
0.75,27,Layer 4,0.9055726710124054,0.10213216254587189,0.2862160107084889,0.10182954806575983
0.75,28,Layer 1,0.8065623202215325,0.1744595032304528,0.5033592773036356,0.17394258504763271
0.75,28,Layer 2,0.8992253334866327,0.09424042681793021,0.25948157586303866,0.09396119530989046
0.75,28,Layer 3,0.907100059625488,0.08743687998900547,0.2398825966193998,0.08717780718254642
0.75,28,Layer 4,0.8557446025763232,0.143384403007461,0.39143537385996485,0.14295955939805638
0.75,29,Layer 1,0.71016923936292,0.25540992741833835,0.7002915540928649,0.2546531555996035
0.75,29,Layer 2,0.7663314217037047,0.24339139186103284,0.7050631344484966,0.24267023059629705
0.75,29,Layer 3,0.836998247657851,0.1654523922023231,0.49043287069834285,0.1649621618145438
0.75,29,Layer 4,0.8090651748578584,0.20003198534867828,0.5825017049427317,0.1994392966819237
0.75,30,Layer 1,0.7500563372826956,0.2578293587953457,0.7536133251629143,0.2570654182752923
0.75,30,Layer 2,0.8687932660639237,0.13659394653931198,0.40260585663825843,0.13618922284514873
0.75,30,Layer 3,0.9027321082917469,0.09500480753279084,0.26666488410255007,0.09472331118802513
0.75,30,Layer 4,0.8962478906187563,0.10147819331392026,0.2863971144016271,0.10117751652468054
0.75,31,Layer 1,-0.43912316430989873,0.2664460727691769,0.7870991481748911,0.265656601188638
0.75,31,Layer 2,0.44417545165732597,0.10841180963170823,0.2854180905168371,0.10809058874896259
0.75,31,Layer 3,0.4673265293036648,0.07488589134108697,0.21344192916600285,0.07466400673088172
0.75,31,Layer 4,0.4498394123346968,0.08400178319476168,0.2605494713524563,0.08375288847525006
0.75,32,Layer 1,0.4997789859758527,0.46067389006432197,1.2539415517992643,0.45930892738980295
0.75,32,Layer 2,0.7981232527417423,0.18808506977528566,0.5059034756269778,0.187527779454704
0.75,32,Layer 3,0.778686482438224,0.20907784426975118,0.5751629093372017,0.20845835299913187
0.75,32,Layer 4,0.7397131421161278,0.2418987395497189,0.6674771684788732,0.24118200096821948
0.75,33,Layer 1,0.770567689698112,0.20971863497591967,0.6069751150721201,0.20909724506199762
0.75,33,Layer 2,0.809848733967134,0.22095624465653943,0.6308835500706085,0.22030155804815374
0.75,33,Layer 3,0.8594912106975205,0.15825842730255948,0.45113597696078034,0.15778951241318753
0.75,33,Layer 4,0.7563867386136095,0.2843567704235328,0.7807019427442015,0.28351422999255527
0.75,34,Layer 1,0.6162162288644925,0.3645439055418251,1.0327460292360384,0.3634637730771473
0.75,34,Layer 2,0.83026461272135,0.15563595304169311,0.45470946624129327,0.15517480846350695
0.75,34,Layer 3,0.833392362093199,0.15684505637243537,0.44210517546663675,0.15638032925798726
0.75,34,Layer 4,0.7405239504680672,0.24961623550758372,0.751474952605102,0.24887663022113216
0.75,35,Layer 1,-0.13785915246291341,0.48301500386949014,1.3995036567888017,0.48158384515671315
0.75,35,Layer 2,0.5018055069615698,0.2473327304853088,0.7343143351023091,0.24659989115453576
0.75,35,Layer 3,0.4693520554146202,0.2518665323042801,0.7572386355302807,0.25112025945710864
0.75,35,Layer 4,0.4381011671791881,0.2615701776661822,0.7992382518199826,0.26079515321400026
0.75,36,Layer 1,0.7256113764621588,0.19756832139826822,0.5834021520638909,0.19698293249259718
0.75,36,Layer 2,0.6476101093006918,0.35188813563578714,1.0174100970764228,0.35084550183103247
0.75,36,Layer 3,0.812355372917185,0.1689734805951625,0.5174553383356013,0.16847281732995398
0.75,36,Layer 4,0.777405911749515,0.20081247421962978,0.5811929358681528,0.20021747298817444
0.75,37,Layer 1,0.8018142680030511,0.16964321191560844,0.46368335451957515,0.16914056425694043
0.75,37,Layer 2,0.8340408162465188,0.19204911073730083,0.5458511253799417,0.19148007508434825
0.75,37,Layer 3,0.8763467155556154,0.13098381157606642,0.3351496598645355,0.13059571054055388
0.75,37,Layer 4,0.8820770170684652,0.11808216822840235,0.3165146065685376,0.1177322943683155
0.75,38,Layer 1,0.01346727416113731,0.4473834915474614,1.2761266309237147,0.446057907918068
0.75,38,Layer 2,0.2742689204749598,0.23956949573716904,0.7304287309200007,0.23885965863398764
0.75,38,Layer 3,0.47567993771779005,0.18445566039477293,0.5703098219154312,0.1839091239034006
0.75,38,Layer 4,0.4456247070637178,0.1903045412826432,0.5737598917899694,0.18974067473573303
0.75,39,Layer 1,0.15984451272439745,0.541360184484165,1.4540129902243248,0.5397561507821715
0.75,39,Layer 2,0.6462228222053163,0.24027857952326664,0.6663017732750371,0.23956664142647124
0.75,39,Layer 3,0.6229141717759371,0.2558776019334498,0.707618737923004,0.2551194444094022
0.75,39,Layer 4,0.5758418741795598,0.2807263325050578,0.7954026128169388,0.27989454895081617
0.75,40,Layer 1,-0.44997007594035876,0.24933669548167894,0.7859487407551065,0.24859791846379128
0.75,40,Layer 2,0.4988187389316114,0.0750096030819016,0.240780540931954,0.07478735191758452
0.75,40,Layer 3,0.4889063779242444,0.0727431401144733,0.23072323470677814,0.07252760441074656
0.75,40,Layer 4,0.48348767153642475,0.07196877409560469,0.22167102607241207,0.07175553281475487
0.75,41,Layer 1,0.1717951075759006,0.5212774262248845,1.46117104952556,0.5197328971226014
0.75,41,Layer 2,0.6536376701551532,0.21764297182474235,0.607392774740364,0.216998102342622
0.75,41,Layer 3,0.6475928629522338,0.2263561645555938,0.6355902300796059,0.22568547814937587
0.75,41,Layer 4,0.5126089268227505,0.3140427108297398,0.8972074455973941,0.3131122118634808
0.75,42,Layer 1,0.17251034722925065,0.4708392706663797,1.3783209322371595,0.4694441882794279
0.75,42,Layer 2,0.5984126920251067,0.20575869914023867,0.5851083951032175,0.2051490423953236
0.75,42,Layer 3,0.6223447851866681,0.19175575002109116,0.5401906852562064,0.191187583586986
0.75,42,Layer 4,0.415498722633957,0.31106938655527633,0.9931047373434346,0.31014769745808407
0.75,43,Layer 1,0.5265974379815959,0.38326001346659916,1.1133723471699941,0.38212442574543587
0.75,43,Layer 2,0.6911931425048594,0.27217102796712783,0.7905258832940352,0.27136459351908754
0.75,43,Layer 3,0.7910386336175472,0.1716342199002293,0.48062175392523004,0.171125672945677
0.75,43,Layer 4,0.7817365422549234,0.17684263131081746,0.49698816418516234,0.17631865199223862
0.75,44,Layer 1,0.09837611245992524,0.5298487353458334,1.447264742865122,0.528278809716258
0.75,44,Layer 2,0.618408677790411,0.23073080976543336,0.6547245575668661,0.2300471614189917
0.75,44,Layer 3,0.5492140422769494,0.2583582277939982,0.7680332666199975,0.257592720251245
0.75,44,Layer 4,0.5848225629150385,0.24849057985109976,0.7159274938249148,0.2477543098479986
0.75,45,Layer 1,0.41073327381150737,0.4809972431787363,1.3179730415212556,0.4795720630292953
0.75,45,Layer 2,0.7375101957642999,0.23617325737213155,0.6824548167374516,0.23547348321955802
0.75,45,Layer 3,0.7153291956705624,0.25308809157162615,0.7337335943089884,0.2523381992816328
0.75,45,Layer 4,0.6738015350500445,0.2867614413627985,0.8415491387280547,0.2859117759652289
0.75,46,Layer 1,0.79450633445415,0.18699690753816847,0.5314349871713575,0.18644284140908002
0.75,46,Layer 2,0.8297146953174849,0.19928504104861317,0.571500804721482,0.1986945655550198
0.75,46,Layer 3,0.8916944495739064,0.1113454348722559,0.31661906781421745,0.1110155217474693
0.75,46,Layer 4,0.8571563957135047,0.15781956263110117,0.48095285653787173,0.1573519480843547
0.75,47,Layer 1,0.5330481737989062,0.4021188227541058,1.133881938442189,0.4009273569566754
0.75,47,Layer 2,0.7927917325999028,0.17840136738706536,0.49508754281056966,0.17787276958107184
0.75,47,Layer 3,0.7658013878688009,0.20863632121419481,0.5652119894811214,0.20801813816291198
0.75,47,Layer 4,0.7954899153984794,0.1729784175507753,0.48578107659759734,0.17246588777961505
0.75,48,Layer 1,0.8048877104584556,0.1887055778988764,0.5406786557957113,0.18814644903166516
0.75,48,Layer 2,0.9021856399277441,0.10107712002823066,0.3080175415709979,0.10077763160689394
0.75,48,Layer 3,0.9151833866530094,0.0852428585932483,0.239218837783718,0.08499028660521392
0.75,48,Layer 4,0.8972466177734288,0.11060992785269692,0.29781104896473565,0.11028219401275843
0.75,49,Layer 1,0.05522762765027617,0.5186837909792117,1.4250436105362976,0.5171469467389926
0.75,49,Layer 2,0.5009316248830351,0.2213226577431691,0.686428571105084,0.22066688546399216
0.75,49,Layer 3,0.6129938646305898,0.1770308703343699,0.5046453187884103,0.1765063332693101
0.75,49,Layer 4,0.5930644847967187,0.18187795359719167,0.5217142401019461,0.1813390547723779
0.8,0,Layer 1,0.31520238521000776,0.4076657959060394,1.097708523425276,0.40645789459647724
0.8,0,Layer 2,0.47471431024598554,0.3828875339990421,1.030023209759971,0.3817530499231716
0.8,0,Layer 3,0.4811980995928405,0.36711147188226323,0.9838766328457083,0.3660237317968918
0.8,0,Layer 4,0.41101008565633296,0.4029153080550472,1.0464081135179566,0.40172148229598226
0.8,1,Layer 1,0.8451202406801084,0.1506249345518395,0.4309273014769899,0.15017863746848106
0.8,1,Layer 2,0.9325253122127198,0.06773107715242405,0.18883290835736177,0.06753039203826419
0.8,1,Layer 3,0.9380567942860327,0.06014322832250734,0.17675122224637074,0.05996502577281686
0.8,1,Layer 4,0.9342638323511772,0.06344700395320005,0.1956571796488049,0.06325901241716124
0.8,2,Layer 1,0.35757753189051183,0.3630067046724993,1.0309435612012718,0.3619311268870753
0.8,2,Layer 2,0.3980652799404489,0.31894914882758746,0.9482071523705735,0.3180041122353064
0.8,2,Layer 3,0.6258308568130452,0.19444381457524273,0.554525494100236,0.19386768348791492
0.8,2,Layer 4,0.5957334192385205,0.21223236228009043,0.596767908915665,0.21160352426889595
0.8,3,Layer 1,0.28686084173150334,0.4759948365952884,1.363965530365974,0.47458447842385915
0.8,3,Layer 2,0.6755252423776024,0.21983780412375659,0.6264758480288845,0.21918643142052993
0.8,3,Layer 3,0.6770726300735518,0.2194722075724239,0.6259082122277273,0.21882191812061924
0.8,3,Layer 4,0.4913752284828501,0.37377751153118255,1.1058094244579992,0.3726700201738074
0.8,4,Layer 1,0.6432224591276176,0.3572517705868388,0.9933418024760138,0.35619324449544526
0.8,4,Layer 2,0.8717504245790213,0.12379581703740503,0.3429096844098457,0.12342901381030216
0.8,4,Layer 3,0.8685042864674993,0.1288897642701454,0.3729291100838521,0.12850786783288104
0.8,4,Layer 4,0.8468941870460249,0.15108212578953395,0.43267537805941614,0.15063447406249364
0.8,5,Layer 1,0.35188477685943204,0.4765478426107173,1.3054738485873256,0.47513584589934466
0.8,5,Layer 2,0.7244331843723502,0.19336226286767097,0.5224588380069236,0.1927893363850391
0.8,5,Layer 3,0.7278593854125684,0.1931243245070064,0.5226177967195929,0.19255210302847428
0.8,5,Layer 4,0.5728884444976409,0.33899362638521274,0.9479067701630423,0.33798919861777177
0.8,6,Layer 1,0.43772854480446216,0.37951984565532854,1.0618537092897475,0.3783953399372243
0.8,6,Layer 2,0.4519648673545183,0.4110786416179934,1.1158740308702553,0.40986062815076135
0.8,6,Layer 3,0.5367462081787171,0.3698468559561995,1.0312242799264553,0.36875101101131263
0.8,6,Layer 4,0.4502968895320419,0.40140633430492545,1.0872685832280973,0.40021697958902175
0.8,7,Layer 1,0.8365485661629349,0.14045862254322627,0.4296740922666804,0.1400424479320299
0.8,7,Layer 2,0.8975710077201079,0.11016303579123793,0.32116329225490137,0.10983662607883656
0.8,7,Layer 3,0.9091858992157541,0.09381428675262841,0.27600492060429227,0.09353631788459452
0.8,7,Layer 4,0.8766515898803011,0.1400799230377401,0.413217149955704,0.13966487050161894
0.8,8,Layer 1,0.18724517547791272,0.538833412491392,1.4817344687025145,0.5372368655376853
0.8,8,Layer 2,0.7090148612693687,0.1852668933021147,0.5080725107944446,0.18471795315240008
0.8,8,Layer 3,0.7067651842055783,0.18972944620886242,0.5149667667766075,0.1891672836511015
0.8,8,Layer 4,0.6438261136929561,0.22265352032042954,0.6056473901002342,0.22199380473605998
0.8,9,Layer 1,0.5729774347314448,0.37501174564983386,1.0407513600068106,0.37390059729443925
0.8,9,Layer 2,0.8142151888081435,0.1644033354734198,0.4493422554327344,0.16391621340870652
0.8,9,Layer 3,0.8145263108310574,0.16651920473216772,0.462548026976624,0.16602581341142614
0.8,9,Layer 4,0.713588033962409,0.26985226323105277,0.7843908210944774,0.269052699212147
0.8,10,Layer 1,0.478602906887193,0.34757097193772857,1.0014706834186224,0.3465411297572328
0.8,10,Layer 2,0.37599148451651565,0.3931613769382526,1.108895284199524,0.391996451779355
0.8,10,Layer 3,0.5620071753545193,0.32515847112762825,0.9212532431012828,0.3241950365029073
0.8,10,Layer 4,0.4476810183664975,0.37489468586901425,1.0557313868362366,0.3737838843581771
0.8,11,Layer 1,-0.20474080319744,0.46192460685153586,1.2862064664727932,0.4605559383413536
0.8,11,Layer 2,0.5873445769415646,0.15266807217617523,0.4294708661023281,0.15221572133840117
0.8,11,Layer 3,0.5649532067423557,0.1537958884381398,0.439254459446347,0.15334019591520734
0.8,11,Layer 4,0.5654686581090792,0.15483643713188736,0.4360261388935181,0.15437766149493728
0.8,12,Layer 1,0.44365688506808615,0.39211634250672656,1.0756900928749193,0.39095451375295054
0.8,12,Layer 2,0.5259698998244943,0.3968095722025309,1.0686151254661882,0.3956338375524238
0.8,12,Layer 3,0.5662261916847594,0.3674767038627707,1.0136304874306985,0.36638788160618935
0.8,12,Layer 4,0.499106194468381,0.40091828143962144,1.0712639749837332,0.39973037280946017
0.8,13,Layer 1,0.7699373755158111,0.23808403496945324,0.6734927412682208,0.23737859924118396
0.8,13,Layer 2,0.9080323887851167,0.0948834564422192,0.28126447824324785,0.09460231965703068
0.8,13,Layer 3,0.8860909777760545,0.12978307273254394,0.37670924471917333,0.12939852944957303
0.8,13,Layer 4,0.9015893437381861,0.10314362544812573,0.3160367756799678,0.10283801403430846
0.8,14,Layer 1,0.4118434995097544,0.3366424361102754,0.9653146764687288,0.3356449748478506
0.8,14,Layer 2,0.30546737224991805,0.3666709050764048,1.0735162799356412,0.36558447037703123
0.8,14,Layer 3,0.511762306804137,0.3110208341634843,0.8740089654742247,0.31009928892554683
0.8,14,Layer 4,0.3929035783251969,0.3595806502828827,0.9955734545073004,0.35851522379203715
0.8,15,Layer 1,0.2928977198950434,0.24094573100172878,0.7620177630754015,0.24023181615546715
0.8,15,Layer 2,0.09555662201963819,0.22898429750938867,0.7143930983570874,0.22830582402545052
0.8,15,Layer 3,0.43347037999088456,0.18243272084140247,0.5723141794961558,0.18189217825817805
0.8,15,Layer 4,0.30492517606376496,0.25921487978852176,0.7659846545079293,0.25844683401205754
0.8,16,Layer 1,0.47565138261973106,0.4326193956710738,1.1731361441515382,0.43133755760709874
0.8,16,Layer 2,0.7705731612582867,0.18473557291756001,0.49722020630106617,0.18418820705392677
0.8,16,Layer 3,0.6794486793324663,0.27371249682039867,0.7758952219544328,0.2729014950471984
0.8,16,Layer 4,0.7624182562359125,0.1915496604033682,0.5304950362924292,0.1909821046065097
0.8,17,Layer 1,0.5083589782391317,0.4344680346996972,1.212641360781398,0.4331807191747086
0.8,17,Layer 2,0.8141329949772903,0.15886039589782175,0.45788653702265236,0.15838969739387676
0.8,17,Layer 3,0.8128787005086606,0.16292475359665679,0.4698790295655242,0.1624420125249117
0.8,17,Layer 4,0.7409639206865583,0.23167342771132926,0.6190106619072474,0.2309869864166865
0.8,18,Layer 1,0.661992888507911,0.3196962586505369,0.8811247795643934,0.3187490083946554
0.8,18,Layer 2,0.8140193423386314,0.2014498264242925,0.5537988124786121,0.20085293673770946
0.8,18,Layer 3,0.7894043790337463,0.22433042702673106,0.654278209044416,0.223665742818977
0.8,18,Layer 4,0.809566653669379,0.20209154152414546,0.5716843482710319,0.2014927504553094
0.8,19,Layer 1,0.517894306706751,0.40863433278568845,1.1668906370070873,0.40742356173091565
0.8,19,Layer 2,0.7804272188828643,0.1849890183015548,0.526996861820736,0.18444090148698508
0.8,19,Layer 3,0.706941987878492,0.24641383311602505,0.6814600287043087,0.24568371645010867
0.8,19,Layer 4,0.7684114051099281,0.19463196868457258,0.5415056199010507,0.19405528010236214
0.8,20,Layer 1,0.42217816392706303,0.2690966427072341,0.7944017269726074,0.26829931756887554
0.8,20,Layer 2,0.20019271265253163,0.39291357050699915,1.1379026673859807,0.39174937959099326
0.8,20,Layer 3,0.5357948540456485,0.24611079167648073,0.7249911377179311,0.24538157291309956
0.8,20,Layer 4,0.4356482902231569,0.29530682959448684,0.8461041275773644,0.29443184447242854
0.8,21,Layer 1,0.7505182107623207,0.20724622231451587,0.623510595259948,0.20663215808384092
0.8,21,Layer 2,0.7738839138220991,0.23713322551417348,0.7164440561455642,0.23643060700529742
0.8,21,Layer 3,0.7756996571129218,0.2389811423934038,0.6820578768930955,0.23827304856322093
0.8,21,Layer 4,0.8253305257716866,0.17153238421994685,0.4949747865290511,0.1710241390014067
0.8,22,Layer 1,-0.5283506294635566,0.2604024194054804,0.755573647898281,0.2596308549853799
0.8,22,Layer 2,0.33294113733259234,0.1378559405639601,0.4472294429286601,0.13744747762002332
0.8,22,Layer 3,0.3593410735127561,0.0953520722241407,0.2842360006812611,0.09506954694469452
0.8,22,Layer 4,0.2809460410176277,0.1628374933889508,0.4563989211492522,0.1623550108665376
0.8,23,Layer 1,0.1538229460085739,0.35761575658487743,1.0646088729649845,0.35655615201408225
0.8,23,Layer 2,0.41239482563172347,0.28110893842106266,0.919974545352461,0.2802760212171708
0.8,23,Layer 3,0.4157971390395919,0.2897742505933355,0.9172968810465011,0.2889156583339796
0.8,23,Layer 4,0.11382394608200173,0.36715213757496273,1.0980155740158821,0.36606427699838495
0.8,24,Layer 1,-0.15226580438999715,0.48736964954635864,1.3878258669895653,0.4859255881513634
0.8,24,Layer 2,0.5490517433473315,0.1711164880999742,0.4948017625354996,0.17060947516894268
0.8,24,Layer 3,0.5549513658055543,0.17302868649749117,0.4859953554320817,0.17251600778097623
0.8,24,Layer 4,0.4396676141228748,0.24331010049283872,0.7398161369291206,0.24258918009194552
0.8,25,Layer 1,0.22535148008336428,0.2606509515172728,0.7961954387403232,0.2598786507041114
0.8,25,Layer 2,0.3527147238739033,0.24916676526490075,0.7686476819261375,0.2484284917450585
0.8,25,Layer 3,0.362414611621326,0.2691552621975168,0.8531969174489642,0.26835776337139783
0.8,25,Layer 4,-0.058173181720890296,0.32429342970908254,1.0009406337001479,0.32333255817567996
0.8,26,Layer 1,0.46762151748831315,0.36575447541977474,1.0243009364334104,0.36467075607350025
0.8,26,Layer 2,0.6404962224211111,0.2663956228580074,0.764255830291596,0.26560630075901526
0.8,26,Layer 3,0.5669246020317796,0.32308116804537634,0.8884079216123298,0.3221238884062798
0.8,26,Layer 4,0.5607067507211694,0.3035303775748974,0.8727637440230975,0.30263102633119104
0.8,27,Layer 1,-0.009344020484161338,0.5365094774284311,1.426696450534148,0.5349198162233797
0.8,27,Layer 2,0.6488965274200397,0.17831525554300653,0.48424834986895526,0.1777869128837785
0.8,27,Layer 3,0.6468468229515096,0.18201998965100308,0.49127808036324416,0.1814806699776975
0.8,27,Layer 4,0.6279468825990128,0.18376621739753535,0.4979694080963826,0.1832217237047191
0.8,28,Layer 1,0.5840140747613202,0.3341754450672312,0.9390627019871993,0.3331852934239639
0.8,28,Layer 2,0.6211178542560557,0.35875565183090696,0.9895593757172118,0.357692669785292
0.8,28,Layer 3,0.6952454048423515,0.2964259796715914,0.826903621844121,0.2955476785420159
0.8,28,Layer 4,0.5812081909878877,0.38460440293368076,1.0331080456242825,0.3834648318275631
0.8,29,Layer 1,0.6780798928508626,0.23598924783475542,0.6771326140041909,0.23529001889682444
0.8,29,Layer 2,0.7543028966805131,0.2031775427329169,0.6138446143899408,0.20257553387564875
0.8,29,Layer 3,0.6862428728127732,0.26372584981438985,0.8038033612629116,0.26294443817143315
0.8,29,Layer 4,0.6144607719305698,0.3497534533936521,1.0319519049376402,0.3487171445872212
0.8,30,Layer 1,0.6895506367817145,0.29971053395438313,0.8408293726343185,0.2988225007907265
0.8,30,Layer 2,0.7834444443338766,0.24562957457608992,0.7177206594580243,0.2449017816442884
0.8,30,Layer 3,0.8149996341614898,0.20951846807784905,0.5948458131722547,0.20889767125233602
0.8,30,Layer 4,0.7137127853898959,0.31405357412115525,0.8983011047552799,0.3131230429672955
0.8,31,Layer 1,0.5506182628370857,0.38899047981409074,1.104410977688639,0.3878379128960584
0.8,31,Layer 2,0.7863332691149765,0.19320118289688354,0.5254542269102591,0.19262873368928823
0.8,31,Layer 3,0.7057861160244647,0.2777206138009549,0.7681107010676207,0.2768977360994861
0.8,31,Layer 4,0.7726747881350177,0.20440939997043633,0.5532642060425386,0.20380374115777491
0.8,32,Layer 1,-0.4938071418304531,0.2700533687465484,0.8110352517030631,0.2692532088581387
0.8,32,Layer 2,0.4378090580642652,0.08265363840404974,0.2780024326540108,0.08240873819640185
0.8,32,Layer 3,0.45795092431107837,0.06955852595760519,0.20100532757470863,0.06935242616841716
0.8,32,Layer 4,0.44902643887157123,0.06836816317742227,0.19590568613625464,0.06816559039681694
0.8,33,Layer 1,-0.1356066330977256,0.46854338409787283,1.311274001655553,0.467155104352743
0.8,33,Layer 2,0.5074480919869508,0.22525198874974986,0.7089583433315495,0.22458457398274045
0.8,33,Layer 3,0.41228735432214736,0.25529148880315555,0.8366913835688141,0.2545350679144223
0.8,33,Layer 4,0.47973859868027485,0.230998746503262,0.7372559064065854,0.23031430426844474
0.8,34,Layer 1,0.8162910789309559,0.16204753995727855,0.48157815090992856,0.16156739804277068
0.8,34,Layer 2,0.85176248181964,0.17238480492272604,0.4825228571371832,0.1718740340076631
0.8,34,Layer 3,0.8915178881221085,0.11948279796078569,0.33594038029221707,0.11912877407755502
0.8,34,Layer 4,0.8695399452639461,0.14727229228129332,0.43934976905194645,0.14683592897464548
0.8,35,Layer 1,0.337178597764126,0.5382829487042063,1.4726156550418588,0.5366880327578986
0.8,35,Layer 2,0.7695941865114775,0.18104379613546337,0.49229998923461915,0.18050736889374666
0.8,35,Layer 3,0.7615124295079025,0.18802816207489692,0.5127853296285718,0.1874710403700945
0.8,35,Layer 4,0.739358207193659,0.19941260832142574,0.5269627089045704,0.19882175484989686
0.8,36,Layer 1,0.6619478266281927,0.23501191541419278,0.7292405658462267,0.23431558228239147
0.8,36,Layer 2,0.7403306348489004,0.2124578892429889,0.653508200969027,0.2118283830022873
0.8,36,Layer 3,0.7935433831673615,0.15749595673933692,0.43315280674817747,0.15702930102696994
0.8,36,Layer 4,0.6558645232014029,0.21641508090659212,0.6092019690301886,0.21577384962778173
0.8,37,Layer 1,0.7705623128829009,0.18941054819387057,0.5190710560465739,0.18884933052119388
0.8,37,Layer 2,0.7402333974461978,0.2862407091168817,0.797396431686378,0.28539258663306166
0.8,37,Layer 3,0.843962671783644,0.15682716706099234,0.42477507701387385,0.15636249295202798
0.8,37,Layer 4,0.7298870645931619,0.29026269414566097,0.778689273888161,0.289402654642969
0.8,38,Layer 1,0.7345168769247461,0.19817139736719963,0.56980157379129,0.19758422156584105
0.8,38,Layer 2,0.6839438892080731,0.319192568125899,0.9046745369492653,0.3182468102896674
0.8,38,Layer 3,0.7891942392425406,0.1997425719708852,0.5597489983791453,0.19915074082713496
0.8,38,Layer 4,0.8070743179797343,0.17385613130589994,0.4911857652726731,0.17334100089567486
0.8,39,Layer 1,0.6751218911949629,0.311999310841662,0.8936729053743133,0.31107486640719434
0.8,39,Layer 2,0.858953604780856,0.13653609383196227,0.37243994499548183,0.136131541553605
0.8,39,Layer 3,0.8374618777533346,0.16808621863837336,0.4478758653472933,0.16758818430325975
0.8,39,Layer 4,0.8646379569853627,0.1286536260765444,0.36335131794072006,0.12827242930953972
0.8,40,Layer 1,-0.3853184681594316,0.32998122493748894,0.9601795452617088,0.32900350064044054
0.8,40,Layer 2,0.2330878649608757,0.2281140229324809,0.7034616111556937,0.22743812804554975
0.8,40,Layer 3,0.34054036113694997,0.14067193141420606,0.46064607101001886,0.14025512477533605
0.8,40,Layer 4,0.30604588799479726,0.16083788078010133,0.5181944936110258,0.16036132304881137
0.8,41,Layer 1,0.012957229056054332,0.5104880329602268,1.4005589296351164,0.5089754725008484
0.8,41,Layer 2,0.5106503821839288,0.24853134932787108,0.7569438428832428,0.2477949585260546
0.8,41,Layer 3,0.5839748951610719,0.2100979482173885,0.6046542536326139,0.20947543440991023
0.8,41,Layer 4,0.5829361591232152,0.2087685677715557,0.6087293816089909,0.20814999287776006
0.8,42,Layer 1,0.8171626754449576,0.1632386430615143,0.509096452161045,0.16275497194486613
0.8,42,Layer 2,0.8388627909217926,0.19632493098071704,0.6191848949834786,0.19574322620289955
0.8,42,Layer 3,0.8856382886660463,0.13135057858176077,0.3833727776555865,0.13096139082680566
0.8,42,Layer 4,0.8632241376207701,0.15692083358442688,0.4751179703013672,0.1564558819444127
0.8,43,Layer 1,0.8122178122924997,0.17427023175922185,0.5277237652732623,0.1737538743819937
0.8,43,Layer 2,0.871221642505945,0.14892180938978028,0.4489397832385901,0.14848055861429021
0.8,43,Layer 3,0.8875789087572797,0.12322811519925939,0.36173412727064946,0.12286299405537422
0.8,43,Layer 4,0.8894950828343688,0.11719171298290373,0.35765746415476707,0.11684447751452882
0.8,44,Layer 1,0.7330667427036195,0.24759982434389896,0.7157962459171371,0.24686619362217588
0.8,44,Layer 2,0.87937328060985,0.11486589164510524,0.3207077365364649,0.11452554751436013
0.8,44,Layer 3,0.8839188776226374,0.11306354330473876,0.30989285350660567,0.1127285394771108
0.8,44,Layer 4,0.8107852818103838,0.2121168162389396,0.5989893812477144,0.21148832058713807
0.8,45,Layer 1,0.010165917538784439,0.5593242233785714,1.4793534479742156,0.5576669627776731
0.8,45,Layer 2,0.6359609181811658,0.18911512535780134,0.5038843210209509,0.1885547830139704
0.8,45,Layer 3,0.6509820989561665,0.18959475910794923,0.4976002017423222,0.189032995623957
0.8,45,Layer 4,0.6375791413032263,0.19165609204260417,0.5062940774245372,0.19108822089204727
0.8,46,Layer 1,0.5194109444027781,0.4400357110659412,1.190577561037819,0.43873189868582874
0.8,46,Layer 2,0.8144149779793555,0.17064540284353938,0.453281714783767,0.17013978572374303
0.8,46,Layer 3,0.7976799205400013,0.1888982309373007,0.47527778269802884,0.1883385312450172
0.8,46,Layer 4,0.7595959523131495,0.2271707971541446,0.6374186384126789,0.22649769701640327
0.8,47,Layer 1,0.025425494493972314,0.4581424603102624,1.3444387818776855,0.45678499818483476
0.8,47,Layer 2,0.5135731469052502,0.23100007813702958,0.7108357465662496,0.23031563195662205
0.8,47,Layer 3,0.43571450565789205,0.2810779364884469,0.8465064456233449,0.280245111142335
0.8,47,Layer 4,0.526701026057737,0.22736141712694238,0.7399448285798843,0.22668775218804024
0.8,48,Layer 1,-0.024920792470296584,0.2724999675400498,0.8858402233565735,0.2716925584540956
0.8,48,Layer 2,0.18662649498457787,0.2305638619350588,0.7001362012659186,0.22988070824994253
0.8,48,Layer 3,0.10865972415548106,0.2255731655507049,0.7129457250445581,0.22490479914663797
0.8,48,Layer 4,0.2583274219488798,0.18798455107637066,0.5641007836272908,0.18742755858962562
0.8,49,Layer 1,0.4948944407513176,0.37891109809151247,1.0844077166860129,0.3777883960738582
0.8,49,Layer 2,0.63259155434892,0.3096611630419894,0.8892019056907742,0.308743646468082
0.8,49,Layer 3,0.7477825331797827,0.21143384900335338,0.6032540226619427,0.21080737696262375
0.8,49,Layer 4,0.7309852568139499,0.22655983223286388,0.6640088594314295,0.22588854236553507
0.85,0,Layer 1,-0.1435180260604923,0.41653323687363336,1.1593894334657364,0.4152990616071566
0.85,0,Layer 2,0.1186738052557281,0.2521475186577524,0.7576023607533386,0.2514004132565925
0.85,0,Layer 3,0.36004221807709413,0.14778953572703737,0.4906317720306749,0.14735163984384825
0.85,0,Layer 4,0.3491609160001321,0.1513314652535074,0.5348924499337708,0.15088307474124624
0.85,1,Layer 1,0.608465683728979,0.2957792827997328,0.8176330314842044,0.29490289781324874
0.85,1,Layer 2,0.5825285888163176,0.3851546569771098,1.0917463526685245,0.3840134554850576
0.85,1,Layer 3,0.7500228173493834,0.2171163563452876,0.5957460405497756,0.2164730472087583
0.85,1,Layer 4,0.6662696880681294,0.28993907658652734,0.8253414090542848,0.2890799959527848
0.85,2,Layer 1,-0.2988100324068217,0.354315916166919,1.0058909491580665,0.35326608892255684
0.85,2,Layer 2,0.3511020076937102,0.123280781161992,0.3917380301936809,0.12291550397046686
0.85,2,Layer 3,0.2905282954806802,0.1660079768475687,0.5110686218634697,0.16551610027944433
0.85,2,Layer 4,0.31136915913137586,0.14878083120040678,0.4631074589677374,0.14833999813898863
0.85,3,Layer 1,0.21236152924015078,0.39115658851172985,1.1773283272398356,0.3899976034797454
0.85,3,Layer 2,0.3512822474315716,0.3320135153426146,0.9713939345943655,0.33102976943112983
0.85,3,Layer 3,0.5259581023730039,0.2600538354857029,0.7705882739491761,0.25928330390911647
0.85,3,Layer 4,0.5123906312725034,0.26135654002772857,0.7929833211309986,0.2605821485773482
0.85,4,Layer 1,-0.10453105559039408,0.3028736979612688,0.8959608732452399,0.30197629243921287
0.85,4,Layer 2,-0.019906874982317375,0.262912227227444,0.8358615763501681,0.2621332263233771
0.85,4,Layer 3,0.23701398035008725,0.18064024021948655,0.5679096901219043,0.18010500870163063
0.85,4,Layer 4,0.2315034400335819,0.1803247037423904,0.5600778818771416,0.17979040714948452
0.85,5,Layer 1,0.7518108357459291,0.19209140892297494,0.5655869112851142,0.1915222479417893
0.85,5,Layer 2,0.7329958384163004,0.279411605349396,0.7791998083437273,0.2785837172915856
0.85,5,Layer 3,0.8519588103888482,0.13264948761539222,0.3672466399323526,0.13225645123261873
0.85,5,Layer 4,0.834390442320044,0.15038520189832505,0.4329929192455869,0.14993961513550125
0.85,6,Layer 1,0.6733857098783457,0.17678006970474655,0.5070354031571529,0.1762562757542968
0.85,6,Layer 2,0.566384840418554,0.27420443318419024,0.7585619982292551,0.27339197381856006
0.85,6,Layer 3,0.7665745722137038,0.1407886518407473,0.38948245236598966,0.14037149936281626
0.85,6,Layer 4,0.7583658909393487,0.1426777793450911,0.37779333548884364,0.14225502944002896
0.85,7,Layer 1,0.672961654766402,0.2757284919567609,0.7649806988189203,0.2749115168515084
0.85,7,Layer 2,0.8240130791726362,0.15749902885344755,0.43295706591106997,0.1570323640385003
0.85,7,Layer 3,0.8193209910420199,0.16818746690860398,0.44619381252701673,0.16768913257795615
0.85,7,Layer 4,0.7023575111464804,0.3073401126274066,0.8798801555148756,0.3064294732550292
0.85,8,Layer 1,-0.27009218433188387,0.46531859892716804,1.3052655035339793,0.4639398741220649
0.85,8,Layer 2,0.5242729486848344,0.14666889392851548,0.4303862874348398,0.1462343184727686
0.85,8,Layer 3,0.543292353269007,0.1509878819108964,0.42739961134514265,0.15054050942559177
0.85,8,Layer 4,0.5445237854376298,0.15199915881605147,0.4345235952162235,0.15154878994814533
0.85,9,Layer 1,0.7905841036020003,0.1768838235146899,0.5392102183731562,0.1763597221448683
0.85,9,Layer 2,0.8829636406337512,0.10906091782825542,0.33467185599930127,0.10873777365773696
0.85,9,Layer 3,0.8842687859206444,0.11112334442487287,0.33228120083604984,0.11079408934730274
0.85,9,Layer 4,0.8794637747135321,0.11369740598132431,0.3520281808646196,0.11336052403793377
0.85,10,Layer 1,-0.2516531912220234,0.23119001958224517,0.7465569661848995,0.23050501061113327
0.85,10,Layer 2,0.1288014552254881,0.15884379200977544,0.48565864614655657,0.1583731427026438
0.85,10,Layer 3,0.1334408569910232,0.15360498541800335,0.49357821687736797,0.15314985853489235
0.85,10,Layer 4,0.15504209045808867,0.14791623266276197,0.4570134992711946,0.14747796138041963
0.85,11,Layer 1,0.8396073157435999,0.14437712953928286,0.43755440930911993,0.14394934451146676
0.85,11,Layer 2,0.9213844488890582,0.07792697594424268,0.2244780551989024,0.07769608069318522
0.85,11,Layer 3,0.9155161385995422,0.0921001902943832,0.27315233604534306,0.09182730024183353
0.85,11,Layer 4,0.9018162915102085,0.11335123875723542,0.33679894157415513,0.11301538249676338
0.85,12,Layer 1,0.3989590098482222,0.3864435364922125,1.040778779906873,0.38529851608949917
0.85,12,Layer 2,0.4145943091249662,0.4165972697492688,1.094769864140198,0.4153629047553359
0.85,12,Layer 3,0.5106849348148307,0.3757760652999506,1.0167883050990876,0.3746626522887631
0.85,12,Layer 4,0.3892139757431978,0.4204862912741432,1.1000536995249925,0.4192404032281418
0.85,13,Layer 1,0.470595408649031,0.3849299984126707,1.029931495361946,0.38378946257708735
0.85,13,Layer 2,0.5569401276589704,0.3717462711140898,1.0236363761157212,0.37064479826006824
0.85,13,Layer 3,0.6151212067104816,0.33896171534440833,0.9339341580590776,0.3379573821284072
0.85,13,Layer 4,0.5317145690017046,0.3806173165145794,1.015329581516152,0.37948955902381865
0.85,14,Layer 1,0.28414445698214796,0.48070753227811946,1.3341924747817748,0.4792832105332337
0.85,14,Layer 2,0.6143004215334988,0.27218104281225614,0.8388412230383839,0.27137457869053544
0.85,14,Layer 3,0.7177917532045434,0.17619262768557342,0.48892248608877015,0.17567057430789526
0.85,14,Layer 4,0.7135957154875044,0.1772006812319066,0.48998606783730464,0.1766756410223408
0.85,15,Layer 1,0.09341179281838136,0.20768794127894924,0.6881156882055942,0.20707256824846576
0.85,15,Layer 2,0.007806558849707233,0.2544482123898109,0.8325945895851825,0.25369429010335
0.85,15,Layer 3,0.03845933904640347,0.20352960059344613,0.6473812483863604,0.2029265485994836
0.85,15,Layer 4,0.09317056117154437,0.24437311151375102,0.7999979911203755,0.24364904144365057
0.85,16,Layer 1,-0.08651256746866692,0.20820064075515907,0.6688738342030927,0.20758374861177753
0.85,16,Layer 2,0.14736113650264773,0.18162270125525873,0.5796514035938263,0.1810845587353427
0.85,16,Layer 3,0.22776021639172425,0.1367313467324205,0.4259789629567426,0.1363262159256791
0.85,16,Layer 4,-0.056866909982257914,0.241507406349209,0.777957452822656,0.2407918272760375
0.85,17,Layer 1,0.591751744489808,0.21637802626649633,0.6818682080214817,0.21573690477945345
0.85,17,Layer 2,0.41674040990068195,0.23868607474050005,0.8028944248410431,0.23797885518676598
0.85,17,Layer 3,0.6589521834661933,0.18970489637884955,0.6026938733323688,0.18914280656148558
0.85,17,Layer 4,0.6646771137499553,0.16561732612791433,0.5215851842895409,0.16512660704594798
0.85,18,Layer 1,0.6178444879670428,0.29424539537061084,0.8171306480128474,0.29337355524575826
0.85,18,Layer 2,0.5195855363359516,0.40833143422988616,1.1265175939525847,0.4071215606542885
0.85,18,Layer 3,0.6908246763210375,0.2752251574824775,0.7814747190867106,0.2744096737419084
0.85,18,Layer 4,0.5409395543685517,0.3847514154513629,1.0538794453208344,0.3836114087516429
0.85,19,Layer 1,-0.40277677796751354,0.3667002130532872,1.0434811956396963,0.3656136915152726
0.85,19,Layer 2,0.5077761367081493,0.11911881729115065,0.34801616626476733,0.11876587187153384
0.85,19,Layer 3,0.4867589192272853,0.11757616449138263,0.34285171290910427,0.11722778990492316
0.85,19,Layer 4,0.4706345074828511,0.1165154635416256,0.33811842506399753,0.11617023177970309
0.85,20,Layer 1,-0.2294253515597772,0.27936728549744705,0.8718147570836292,0.278539528758005
0.85,20,Layer 2,0.19384927114608155,0.13235662367549425,0.42427828294276965,0.13196445503963522
0.85,20,Layer 3,0.2909431995400549,0.11804907613431746,0.35224255419822836,0.11769930032509529
0.85,20,Layer 4,0.14426123878945024,0.1658234441541986,0.532437104530712,0.16533211435081197
0.85,21,Layer 1,0.6597309891362407,0.22244679511902543,0.6631149367276126,0.2217876920551174
0.85,21,Layer 2,0.5554366695188314,0.33838633164304344,0.9890242450074493,0.3373837032713864
0.85,21,Layer 3,0.7713572555902635,0.1579305277850004,0.43789004675639287,0.1574625844518901
0.85,21,Layer 4,0.7404137502297815,0.1856006024237355,0.5278787724211755,0.18505067350407983
0.85,22,Layer 1,-0.3739132333574261,0.3868443193104012,1.1030999626138351,0.38569811140043114
0.85,22,Layer 2,0.46452087706622314,0.12306710619536289,0.3676634715766726,0.12270246211624161
0.85,22,Layer 3,0.46253127398514327,0.12779997941912366,0.3854867311511856,0.12742131198110795
0.85,22,Layer 4,0.34918508720786584,0.1910995042764084,0.6175285349309861,0.19053328227841335
0.85,23,Layer 1,0.09244421360821804,0.28325801358045005,0.8605087877413692,0.2824187287324599
0.85,23,Layer 2,0.006993969642438235,0.2954532419597887,0.8735809525188152,0.29457782302236124
0.85,23,Layer 3,0.07470098282307978,0.2596641830826899,0.8112934859872631,0.2588948060342797
0.85,23,Layer 4,0.07137202814371545,0.30663424763120173,0.924728269002965,0.30572569971526214
0.85,24,Layer 1,0.30493430366052443,0.29806205875046893,0.9321406054993423,0.2971789099685228
0.85,24,Layer 2,0.1243595351598566,0.38805700513825875,1.0995137163028994,0.3869072040771972
0.85,24,Layer 3,0.2696497279749469,0.2910872136190181,0.9094807803225833,0.2902247310902945
0.85,24,Layer 4,0.30732980681548766,0.3246121011417335,0.9964949185445005,0.32365028539460317
0.85,25,Layer 1,-0.13457898977186178,0.44131962744566333,1.262608006770646,0.44001201086050845
0.85,25,Layer 2,0.2684021358442802,0.28679106986632086,0.8753691570340706,0.28594131668039974
0.85,25,Layer 3,0.46616135114649715,0.155650925214046,0.5034214842793184,0.1551897362737702
0.85,25,Layer 4,0.4543579393685982,0.15866460265132393,0.5182218441677717,0.15819448427679175
0.85,26,Layer 1,-0.10557628019394162,0.2784842928259205,0.8646077310191438,0.27765915236681155
0.85,26,Layer 2,-0.12085415500012373,0.2211727206885353,0.6473739533434281,0.22051739266827464
0.85,26,Layer 3,0.14416455792152108,0.15957737560482924,0.49846187729579744,0.15910455271189763
0.85,26,Layer 4,0.14714479938004715,0.1408621474158019,0.4665382271613612,0.14044477717272533
0.85,27,Layer 1,-0.09047322640376176,0.23770207839001856,0.7723236250955312,0.2369977743874352
0.85,27,Layer 2,0.02311721411989251,0.19420471074254617,0.6097532884350277,0.19362928811257615
0.85,27,Layer 3,0.23731404660793037,0.11537472210257317,0.34605080559247414,0.1150328703227143
0.85,27,Layer 4,0.012956269902684286,0.22127422397594176,0.7010167915369168,0.2206185952045388
0.85,28,Layer 1,0.6579662301152361,0.2913124690715153,0.8514587262463468,0.2904493191177616
0.85,28,Layer 2,0.7406854602824116,0.27081297264504983,0.7900376527167313,0.2700105620734752
0.85,28,Layer 3,0.7573917701034766,0.24419001261087822,0.7035599219460695,0.2434664850572381
0.85,28,Layer 4,0.7342182623714881,0.2664866826846147,0.7290489076033864,0.26569709077813597
0.85,29,Layer 1,-0.2582331705289995,0.310441731548222,1.011985643687385,0.30952190217365694
0.85,29,Layer 2,0.23305585301974457,0.3014884900523585,0.8888376539793128,0.30059518885905434
0.85,29,Layer 3,0.22072066971099907,0.28258490457471774,0.817492034769217,0.28174761412816535
0.85,29,Layer 4,0.17565877257837284,0.2864999977007272,0.828535920868952,0.2856511069527478
0.85,30,Layer 1,-0.00019538813125648873,0.5095510027809625,1.4073452111768119,0.5080412187134032
0.85,30,Layer 2,0.5393982960018704,0.2695895056274948,0.792830240933813,0.26879072015134775
0.85,30,Layer 3,0.5244776099778604,0.2742486332118784,0.8140926757338783,0.2734360428829155
0.85,30,Layer 4,0.44651100614119144,0.3073056067829757,0.900814936951667,0.30639506965036206
0.85,31,Layer 1,-0.5805417905536344,0.23796704618973707,0.6869306474527601,0.23726195709565104
0.85,31,Layer 2,0.4001716180527897,0.07399993501457536,0.22199415669484857,0.07378067546592236
0.85,31,Layer 3,0.4026890536172205,0.05968462981801101,0.1745595811939244,0.059507786081690994
0.85,31,Layer 4,0.3559091108231172,0.09311375463174407,0.2851167339060298,0.09283786141900112
0.85,32,Layer 1,0.7541440036792963,0.20258080299386816,0.651109851340693,0.20198056225823172
0.85,32,Layer 2,0.8660201984017749,0.11791975904360714,0.3434105283901778,0.11757036639697742
0.85,32,Layer 3,0.8209493636964079,0.1718303358682877,0.5179580305013768,0.17132120782810828
0.85,32,Layer 4,0.8588072252689632,0.12480751764316171,0.3607342293413235,0.12443771677804542
0.85,33,Layer 1,-0.48164342092532403,0.2518760503929682,0.7497301221445222,0.2511297493439904
0.85,33,Layer 2,0.18487729219840088,0.221127682272306,0.6192852824299843,0.22047248769949782
0.85,33,Layer 3,0.21070376927299203,0.1758016641703672,0.5156679206187258,0.17528076920565072
0.85,33,Layer 4,0.20657275714753984,0.17602310168312135,0.5148817044167957,0.1755015506058138
0.85,34,Layer 1,0.5269221239192791,0.3347165188507211,0.9814567894124229,0.3337247640223494
0.85,34,Layer 2,0.5057034405689894,0.40047090099815946,1.1187556459302428,0.3992843179425904
0.85,34,Layer 3,0.585448813637654,0.3235664730153212,0.9543999913568465,0.3226077554324124
0.85,34,Layer 4,0.5030651392428432,0.39843894181071876,1.096259762510434,0.39725837938819797
0.85,35,Layer 1,-0.16065806153177029,0.48879980738410544,1.358296240967765,0.48735150847509157
0.85,35,Layer 2,0.5168339711090516,0.21870862416590664,0.6793420377441775,0.21806059718842769
0.85,35,Layer 3,0.5053021907443,0.2212930526771307,0.6689191099578953,0.22063736811686085
0.85,35,Layer 4,0.4194634726213616,0.2549429590278369,0.8200678254285902,0.2541875708221893
0.85,36,Layer 1,0.6442655697965944,0.23340143141505407,0.6380226024609844,0.23270987009818334
0.85,36,Layer 2,0.5318577149522572,0.3870516817019272,1.1207780310826239,0.3859048593835205
0.85,36,Layer 3,0.6730863293878314,0.2606299524535839,0.6646801952691785,0.2598577138600072
0.85,36,Layer 4,0.7265259277411362,0.20414555203684773,0.5665611222366799,0.20354067499755976
0.85,37,Layer 1,0.7288093870721308,0.25069347216655,0.6688305252711775,0.24995067506075988
0.85,37,Layer 2,0.8658069314568407,0.1281929519022172,0.3764160740442031,0.12781312009872925
0.85,37,Layer 3,0.8383523477425063,0.1731522874353124,0.5056503573046969,0.17263924249299153
0.85,37,Layer 4,0.866100857462406,0.1300450715601119,0.3622121952003047,0.12965975198261223
0.85,38,Layer 1,-0.20562061216163766,0.4318049303587939,1.1996226529979817,0.4305255055306781
0.85,38,Layer 2,0.15753658599213283,0.2553852758300457,0.7630237247890381,0.2546285770532145
0.85,38,Layer 3,0.402194399903589,0.12608298289498096,0.3975598339577815,0.12570940286525617
0.85,38,Layer 4,0.3813810791724701,0.12801508450415408,0.4041877684733313,0.12763577971633738
0.85,39,Layer 1,-0.4415425902916505,0.3289907261258432,0.9846114438587126,0.3280159366465394
0.85,39,Layer 2,0.47794574764267134,0.10595401639131438,0.30387015949836593,0.10564007787491765
0.85,39,Layer 3,0.46353099046701707,0.10716922520379472,0.29316124935009913,0.10685168606077997
0.85,39,Layer 4,0.4296614688773902,0.11335595470689412,0.35217045377362827,0.11302008447320717
0.85,40,Layer 1,-0.298487563471615,0.445780406940694,1.2351019214101735,0.4444595732020575
0.85,40,Layer 2,0.5150258721912117,0.149678262282096,0.4609999985895607,0.14923477015977626
0.85,40,Layer 3,0.5141953475454581,0.1508152497304211,0.45036677332421293,0.1503683887489977
0.85,40,Layer 4,0.41750036447813266,0.18934551189248108,0.6275940330932956,0.1887844869203803
0.85,41,Layer 1,-0.16920320860127414,0.2359510679521539,0.7568044127066772,0.23525195214004962
0.85,41,Layer 2,0.1305821063970129,0.16708564856390845,0.5099368655204589,0.16659057888738374
0.85,41,Layer 3,0.25858761106157396,0.13337628953386066,0.4104021229985548,0.13298109965918783
0.85,41,Layer 4,0.07307731752302184,0.19245800954616876,0.6182084107466802,0.19188776233852675
0.85,42,Layer 1,-0.03673504888183602,0.4377345535138974,1.2564990580078392,0.4364375593933705
0.85,42,Layer 2,0.47938366317456776,0.2271352147271557,0.7134780184683637,0.22646222001905938
0.85,42,Layer 3,0.35789974344183795,0.2959552281702546,0.9325197572226931,0.2950783218630083
0.85,42,Layer 4,0.4778060287704285,0.2238952535438441,0.717324143445125,0.2232318587418365
0.85,43,Layer 1,-0.33342525868806117,0.20045342141842196,0.6357991991601071,0.19985948404945678
0.85,43,Layer 2,-0.08536371071816139,0.21165185311565304,0.6237578790317146,0.2110247351353931
0.85,43,Layer 3,0.05544186162093766,0.1739658913115579,0.5085023462215192,0.1734504356857864
0.85,43,Layer 4,0.01960648578045045,0.16903923754425348,0.5082834012057746,0.16853837944321193
0.85,44,Layer 1,0.6105398162454706,0.19679550244073307,0.5819995545982781,0.19621240337404344
0.85,44,Layer 2,0.41610593304395044,0.28335050414336266,0.8594562316393582,0.2825109452486578
0.85,44,Layer 3,0.6879360685146871,0.17026819696392884,0.4916457689789567,0.16976369749363984
0.85,44,Layer 4,0.6141883581371679,0.23098827477205405,0.6859826118022551,0.23030386356465668
0.85,45,Layer 1,-0.5223868000968096,0.27652051484559564,0.8105597168526001,0.27570119300069945
0.85,45,Layer 2,0.4464631626393218,0.07433975079319742,0.21550476196861762,0.07411948438076503
0.85,45,Layer 3,0.4531635920737151,0.07192511191349278,0.20476902888350818,0.07171200000235578
0.85,45,Layer 4,0.4487200809236282,0.07434777307073727,0.21085741190423152,0.07412748288854139
0.85,46,Layer 1,-0.5043100253555198,0.30575569683571713,0.9390655220608837,0.30484975203896736
0.85,46,Layer 2,0.4460061468355266,0.08867444205111479,0.26990304785843405,0.08841170238604136
0.85,46,Layer 3,0.4223272002932346,0.09332761460555114,0.29324125096975223,0.09305108773223372
0.85,46,Layer 4,0.43150602786976794,0.09066395407031536,0.2830042535832296,0.0903953195418575
0.85,47,Layer 1,0.7788388757019727,0.22431852236413796,0.6084403407399226,0.22365387342953577
0.85,47,Layer 2,0.909657410266346,0.0914822611476086,0.24303770175776906,0.09121120200025899
0.85,47,Layer 3,0.9039590840177608,0.10062247401625395,0.26240400208977344,0.10032433269717299
0.85,47,Layer 4,0.896488889358272,0.10815900864416898,0.28077539975079235,0.10783853680303288
0.85,48,Layer 1,-0.005516099940799339,0.2893277246862847,0.9112792393601101,0.28847045546956146
0.85,48,Layer 2,0.21488641530713581,0.216033488134328,0.6691630670403819,0.21539338750325396
0.85,48,Layer 3,0.1183150027929247,0.24966353958854476,0.7657474513348592,0.24892379414154528
0.85,48,Layer 4,0.09839664075933248,0.2181562019573436,0.7162162578816659,0.21750981179000634
0.85,49,Layer 1,0.07196828022976483,0.4988000660003642,1.39584193154923,0.497322136630321
0.85,49,Layer 2,0.5564749112738163,0.2385441236971283,0.7083675074532442,0.23783732474000283
0.85,49,Layer 3,0.5907149949370583,0.22495834134885792,0.6544087083013466,0.2242917966501341
0.85,49,Layer 4,0.6114299766155507,0.20986985580642079,0.6104519197033522,0.20924801782979394
0.9,0,Layer 1,0.6861236574315768,0.29394806406839125,0.8604760721428096,0.2930771049271115
0.9,0,Layer 2,0.8624216435078219,0.12493880635081853,0.35589560045366075,0.12456861648126895
0.9,0,Layer 3,0.8740210811961293,0.1162939016574029,0.32979170675169867,0.11594932637658037
0.9,0,Layer 4,0.8322863217697423,0.16301374849547387,0.46597622105031533,0.16253074373456008
0.9,1,Layer 1,0.5244287153589389,0.40828953232405873,1.0819846078416133,0.40707978290252905
0.9,1,Layer 2,0.7422947609793079,0.22537291789822436,0.6267834606012673,0.2247051448218394
0.9,1,Layer 3,0.780908673081942,0.19243152558246598,0.5426184866877832,0.19186135684600011
0.9,1,Layer 4,0.7868826496379228,0.18117971816858713,0.5073728086918131,0.1806428881940351
0.9,2,Layer 1,0.7047332344688617,0.23610078311167995,0.7080727417243746,0.23540122369812785
0.9,2,Layer 2,0.7565458740189006,0.2426632476275457,0.6806724546520018,0.24194424383194763
0.9,2,Layer 3,0.8131341088366523,0.1785898001266872,0.5069734298493982,0.17806064400023797
0.9,2,Layer 4,0.6501078927119044,0.361595393321761,1.0342766470455398,0.36052399720878986
0.9,3,Layer 1,0.48995346157154035,0.3553862769887338,0.9782877293462345,0.35433327829792866
0.9,3,Layer 2,0.6012178276125739,0.33056067674658474,0.9164398589930185,0.32958123555151325
0.9,3,Layer 3,0.6546319340912049,0.29172818839366066,0.8067874897207206,0.29086380667624506
0.9,3,Layer 4,0.4401970344582999,0.4490292999216044,1.2109595307342698,0.44769883981223546
0.9,4,Layer 1,-0.5855779120218624,0.2431843483560451,0.7276697514219209,0.2424638005548948
0.9,4,Layer 2,0.444597189586437,0.06457925751179096,0.19455853604739298,0.06438791114301928
0.9,4,Layer 3,0.4366692638339189,0.0643690118538063,0.19690465596421125,0.0641782884365016
0.9,4,Layer 4,0.43002167398945473,0.06142901455987661,0.1876390189868411,0.06124700226481251
0.9,5,Layer 1,0.27134831065276543,0.3093714884544666,0.9291067480232242,0.3084548301775199
0.9,5,Layer 2,0.38620292233622305,0.3160060555299308,0.9831321711107804,0.31506973923325493
0.9,5,Layer 3,0.4456103867645008,0.29672493554981566,0.910223771008414,0.29584574862309837
0.9,5,Layer 4,0.08854164608309605,0.417243958218176,1.2589195548891952,0.41600767710604947
0.9,6,Layer 1,-0.3530224074730572,0.4362567971160237,1.2272416771208001,0.4349641815425962
0.9,6,Layer 2,0.49739244018241646,0.13814872862046265,0.4189815945556979,0.1377393981544515
0.9,6,Layer 3,0.45353203319429564,0.1438806400492182,0.4632561267323595,0.14345432610460618
0.9,6,Layer 4,0.489797285986039,0.1415199141465605,0.4237083558089928,0.14110059496073857
0.9,7,Layer 1,0.5868855883525969,0.2793369191696684,0.8325042261644495,0.27850925240472874
0.9,7,Layer 2,0.6939580451771882,0.22363208929370937,0.6499681766432104,0.22296947423934205
0.9,7,Layer 3,0.7585870795178308,0.16336564000903941,0.49391185942016275,0.1628815926043122
0.9,7,Layer 4,0.5942833308504754,0.23265329943246676,0.7178501675959741,0.23196395480782428
0.9,8,Layer 1,-0.475644089525373,0.29057753407645387,0.8525972989968874,0.28971656171265714
0.9,8,Layer 2,0.1432367783775484,0.24208201111372565,0.6964619618538404,0.2413647295041763
0.9,8,Layer 3,0.27566321038537217,0.10779465830362345,0.3146471065617859,0.1074752660214248
0.9,8,Layer 4,0.23776858530343714,0.1311835043132211,0.39663039931303024,0.13079481159422388
0.9,9,Layer 1,-0.5795382158546117,0.2542698248901243,0.7761520706145325,0.2535164311603798
0.9,9,Layer 2,0.4260381537463596,0.06484083118362187,0.20024887586960377,0.0646487097800449
0.9,9,Layer 3,0.4178799629340486,0.06582168615222121,0.19924310674622314,0.06562665850531216
0.9,9,Layer 4,0.3968405141250834,0.06522731722785371,0.1992832912381985,0.0650340506779249
0.9,10,Layer 1,-0.03020010741430187,0.5462321078469531,1.4376955875898632,0.5446136387847478
0.9,10,Layer 2,0.5965400431398985,0.18883199133567385,0.4998156515504677,0.18827248790930798
0.9,10,Layer 3,0.6270941046506856,0.18524585871384208,0.4767627418732133,0.18469698088897057
0.9,10,Layer 4,0.5908882117510084,0.1926939432124631,0.5065503623212266,0.19212299694056972
0.9,11,Layer 1,-0.3200314998169384,0.4583408127096619,1.3265814508054712,0.45698276287212947
0.9,11,Layer 2,0.5066428868816688,0.154961378526292,0.4584097872877443,0.15450223269180402
0.9,11,Layer 3,0.500433458422315,0.1591044183530352,0.4666865838395089,0.15863299681800402
0.9,11,Layer 4,0.4089438931623298,0.20396700306297902,0.6623194042911305,0.20336265505885062
0.9,12,Layer 1,-0.13987637247526374,0.3545689080206997,1.076323849624516,0.35351833116919706
0.9,12,Layer 2,0.219471088182941,0.24847990362731873,0.7725939282580263,0.24774366525754268
0.9,12,Layer 3,0.318906228208757,0.23664608225099185,0.7151505188617272,0.23594490713273497
0.9,12,Layer 4,0.2977606709988605,0.23157523494635432,0.7267022349785106,0.230889084593877
0.9,13,Layer 1,0.6414352017488263,0.313188430534924,0.8915740950069379,0.31226046277510233
0.9,13,Layer 2,0.8392133596795678,0.13845789142698492,0.3650456062773131,0.13804764492101507
0.9,13,Layer 3,0.8017167798688096,0.18393918701812575,0.5235015868311117,0.18339418082160341
0.9,13,Layer 4,0.8370373844612549,0.1393733395828328,0.39525705558069324,0.1389603806319206
0.9,14,Layer 1,0.12039002399787803,0.43521048530095513,1.2460850751412886,0.43392096991749773
0.9,14,Layer 2,0.4441975877547301,0.3439637222093052,0.9584179626296709,0.3429445681996461
0.9,14,Layer 3,0.4032205309655088,0.34026383743222516,0.9607219709199273,0.3392556460682242
0.9,14,Layer 4,0.3989895347675208,0.35382724250612413,0.979071314201768,0.3527788631869026
0.9,15,Layer 1,0.2629888385335597,0.47665439601756276,1.2878020512930288,0.475242083591698
0.9,15,Layer 2,0.6124798866338242,0.30195950696021356,0.885872615759383,0.3010648101581888
0.9,15,Layer 3,0.5736671047450062,0.3161102351488236,0.9064800584429027,0.31517361017111695
0.9,15,Layer 4,0.5744454758125312,0.3170787193601814,0.9110804870697748,0.31613922479331885
0.9,16,Layer 1,0.7808706813859617,0.1644506543963315,0.4904472314036144,0.16396339212709396
0.9,16,Layer 2,0.870924547477323,0.11387486313399794,0.33480934366950843,0.11353745539048082
0.9,16,Layer 3,0.8657423452404298,0.11657112973212974,0.34439428976775843,0.11622573303298399
0.9,16,Layer 4,0.8662281748982993,0.11571481463541222,0.35718945070942765,0.1153719551717596
0.9,17,Layer 1,0.6649085121300501,0.22980097696068494,0.6432670130428139,0.22912008368046116
0.9,17,Layer 2,0.5539916393215879,0.4186545654774919,1.1427773051439734,0.417414104779114
0.9,17,Layer 3,0.7637073694695832,0.1976115214931316,0.5459509600375069,0.1970260045868981
0.9,17,Layer 4,0.6691798242503135,0.28600245093335913,0.8214208762349107,0.28515503440126433
0.9,18,Layer 1,-4.862220273566797e-05,0.3285897165641561,0.9627213650191133,0.327616115263943
0.9,18,Layer 2,-0.06513822599885072,0.22122204558432038,0.6908460648592223,0.2205665714158991
0.9,18,Layer 3,0.20905213823486085,0.23724921749386524,0.7226374708458048,0.23654625530429396
0.9,18,Layer 4,0.18607556024697228,0.2395319894531749,0.7344242018405901,0.2388222634799681
0.9,19,Layer 1,0.5742629440385237,0.23320169768646107,0.6605660291624058,0.23251072817453147
0.9,19,Layer 2,0.37673452567527005,0.4294207289287828,1.185516163573467,0.42814836841672815
0.9,19,Layer 3,0.5732525762409281,0.26058190730599323,0.7525410307200606,0.2598098110687223
0.9,19,Layer 4,0.642874370647661,0.21293167131238275,0.6149414528733463,0.2123007612698714
0.9,20,Layer 1,-0.3738885803375278,0.33812696133191295,0.936420611769926,0.3371251014665707
0.9,20,Layer 2,0.08047032730221569,0.27315576149254833,0.7803759853497847,0.27234640930913057
0.9,20,Layer 3,0.2932805011698218,0.0932234284701253,0.28627307920824724,0.09294721029714693
0.9,20,Layer 4,0.27341694313861437,0.09759703397563568,0.3015158214567385,0.0973078569430457
0.9,21,Layer 1,0.7353214352711543,0.20726687876304045,0.6278683621003531,0.2066527533279391
0.9,21,Layer 2,0.7063749028693558,0.3280461788074991,0.9612264374405262,0.327074187993068
0.9,21,Layer 3,0.839961323350964,0.15077247300594457,0.42974622790866424,0.15032573877065009
0.9,21,Layer 4,0.8222364437715869,0.1684747065457656,0.4688494715052927,0.16797552113284067
0.9,22,Layer 1,-0.34628758000438703,0.2591444231684292,0.7921065496995396,0.25837658615277975
0.9,22,Layer 2,0.23916885877390154,0.12015940527947441,0.3735943025172396,0.11980337662941141
0.9,22,Layer 3,0.26619834264052034,0.12296042464294378,0.36648281714153425,0.12259609665800597
0.9,22,Layer 4,0.1843245143572774,0.15099322693866812,0.4250944509301307,0.15054583861620935
0.9,23,Layer 1,0.6955909985825327,0.2459401005172994,0.7158512195712143,0.2452113875066126
0.9,23,Layer 2,0.7467894300391101,0.2527649571358492,0.7289332393314971,0.2520160222833256
0.9,23,Layer 3,0.8244287164655737,0.15919382891975128,0.4674225432961674,0.15872214246394006
0.9,23,Layer 4,0.732225135633574,0.2238554115604458,0.6775309222689211,0.2231921348090189
0.9,24,Layer 1,0.27554359711989873,0.3489070267977623,0.9837587045989669,0.34787322592749853
0.9,24,Layer 2,0.14769689624652238,0.37943241307664877,1.0369930354428252,0.37830816641860626
0.9,24,Layer 3,0.3597168461911868,0.35056156020991935,0.9728240991940262,0.3495228570076588
0.9,24,Layer 4,0.17767109545338308,0.37923307168431786,1.073875269597599,0.37810941566873596
0.9,25,Layer 1,0.03907891804580469,0.369146211852997,1.1125380175223982,0.3680524428952012
0.9,25,Layer 2,0.09548709318456934,0.22745141831895704,0.7016040421566541,0.2267774867092701
0.9,25,Layer 3,0.3830486805576333,0.18245952695642959,0.5290863380110467,0.18191890494750448
0.9,25,Layer 4,0.30420801686464033,0.2031272764253148,0.5909989719399843,0.20252541650558173
0.9,26,Layer 1,-0.04127215068377984,0.45796351329015755,1.3280436443971013,0.45660658137928795
0.9,26,Layer 2,0.4532292293446936,0.28347961265738736,0.8746276992378438,0.2826396712180964
0.9,26,Layer 3,0.45662267589904093,0.28166352114819193,0.8389997037230302,0.2808289607326078
0.9,26,Layer 4,0.27764437972567896,0.3525576778363243,1.0414660486319063,0.3515130601984669
0.9,27,Layer 1,0.6290305943499532,0.33896739920945296,0.9531722325449752,0.33796304915233333
0.9,27,Layer 2,0.8247975918899682,0.16779972046774885,0.4649038569279308,0.16730253501796954
0.9,27,Layer 3,0.8150652110004248,0.18294794758840838,0.5156265862956328,0.18240587840405942
0.9,27,Layer 4,0.83439829542002,0.15594737444524073,0.4213291966858145,0.1554853071349418
0.9,28,Layer 1,-0.4329417157965487,0.35263860221168153,1.035289806965949,0.35159374479736993
0.9,28,Layer 2,0.24694105374760766,0.1999750787672903,0.6085607904216525,0.19938255871299937
0.9,28,Layer 3,0.35393088336394224,0.11172701638776492,0.39105110756431916,0.11139597264859541
0.9,28,Layer 4,0.32614302859817873,0.12584151231415217,0.4492262551413304,0.12546864775438765
0.9,29,Layer 1,0.4204807594676911,0.4767825078443637,1.295604017940271,0.4753698158270666
0.9,29,Layer 2,0.7674633774662565,0.1920556336457346,0.5176291949132558,0.19148657866560348
0.9,29,Layer 3,0.7587759794440367,0.20217366476714962,0.5486325543801969,0.20157463036965131
0.9,29,Layer 4,0.6838205207753186,0.2668722140237377,0.7222443492990939,0.2660814797996692
0.9,30,Layer 1,0.5372487773852592,0.33735361718145107,0.9885261878267834,0.3363540487112208
0.9,30,Layer 2,0.7515772951691988,0.1816960661943982,0.5098123379522057,0.1811577062964069
0.9,30,Layer 3,0.7597272499761023,0.1797142244895745,0.511313627178656,0.17918173672806031
0.9,30,Layer 4,0.5600496241369611,0.3620261339103708,1.009964596650848,0.36095346152618374
0.9,31,Layer 1,0.7534357048506831,0.20278460705903134,0.6069522222257769,0.2021837624581707
0.9,31,Layer 2,0.8460648678783055,0.1519651771787158,0.4103789629061232,0.1515149089973638
0.9,31,Layer 3,0.8546377862444191,0.14559153254804594,0.40203141622909144,0.14516014928118373
0.9,31,Layer 4,0.7331513594375306,0.30057503265347124,0.8644219408566632,0.29968443800655736
0.9,32,Layer 1,0.6786494994017191,0.2678650153675197,0.7379522150023614,0.26707133950337414
0.9,32,Layer 2,0.7759831444437776,0.2223227464131877,0.6130034790900165,0.2216640109018086
0.9,32,Layer 3,0.7815235369437478,0.20242899399628772,0.5540799808419223,0.20182920306607727
0.9,32,Layer 4,0.7423682352225518,0.25713597051595827,0.7955689423574869,0.25637408448421145
0.9,33,Layer 1,-0.32804380831725294,0.34091456124467406,0.9640069217173859,0.33990444180587964
0.9,33,Layer 2,0.08581870057514693,0.27101576286960144,0.8111090525848033,0.2702127514367814
0.9,33,Layer 3,0.3119548131302164,0.1020708152702149,0.32177244968752283,0.10176838256020805
0.9,33,Layer 4,0.2875466433284227,0.10499399353996745,0.3155394144385162,0.10468289954197525
0.9,34,Layer 1,0.10004035996561444,0.5026706179248324,1.4254119112009933,0.5011812202275828
0.9,34,Layer 2,0.5792850237055922,0.2591940907091921,0.758725292604918,0.2584261065301353
0.9,34,Layer 3,0.5738013221880913,0.2597558431216837,0.7526923204093469,0.25898619448737586
0.9,34,Layer 4,0.4367611779390312,0.3465619262564048,1.023888193182343,0.3455350738474625
0.9,35,Layer 1,0.8068221813868477,0.15918537645317815,0.4390362283384953,0.1587137150417674
0.9,35,Layer 2,0.8876636557825816,0.1154594478369544,0.3458510663931551,0.11511734501733073
0.9,35,Layer 3,0.8726046395394045,0.14225694925316176,0.41538355133046967,0.14183544625481642
0.9,35,Layer 4,0.896514280561591,0.09669174158486547,0.2921880644776741,0.0964052469059959
0.9,36,Layer 1,-0.407768146905044,0.27869550647325686,0.8062621338235074,0.2778697401945582
0.9,36,Layer 2,0.27367100191400157,0.12257622092483476,0.3711513916073913,0.12221303132378615
0.9,36,Layer 3,0.2831393355952823,0.11227420780785011,0.3435634059430919,0.11194154275720548
0.9,36,Layer 4,0.1951342998193722,0.1691843540066147,0.5226385086754799,0.1686830659299247
0.9,37,Layer 1,0.29460013455801237,0.20734856697876605,0.6330757327288465,0.2067341995039749
0.9,37,Layer 2,0.3007406791208438,0.2504781957107434,0.7976270246302062,0.24973603646252057
0.9,37,Layer 3,0.37137241829949436,0.2310033050880287,0.7290746615392053,0.23031884934626393
0.9,37,Layer 4,-0.1056024766824406,0.3035976572265109,0.9426992305903861,0.30269810663525054
0.9,38,Layer 1,0.7261130754462277,0.21577152300827226,0.6029790599768542,0.21513219857187046
0.9,38,Layer 2,0.7309956464947197,0.28371553761521223,0.8090301705676554,0.28287489713747255
0.9,38,Layer 3,0.8379033956541113,0.1495187536363815,0.43479272026431925,0.1490757341333101
0.9,38,Layer 4,0.8388236439621474,0.13989783740439402,0.40960182767919084,0.13948332438244648
0.9,39,Layer 1,-0.5731082917691295,0.26693007201313546,0.7901252415220843,0.2661391663576105
0.9,39,Layer 2,0.40974011562442175,0.06369799303518688,0.21814171889184075,0.06350925782615939
0.9,39,Layer 3,0.4088032375735421,0.0669165192924525,0.20889452939143383,0.06671824768836793
0.9,39,Layer 4,0.3915075287638571,0.06206016860533716,0.21536245125704367,0.06187628622010189
0.9,40,Layer 1,0.7657652496538406,0.19666464431840253,0.5264386409040562,0.1960819329803349
0.9,40,Layer 2,0.8082328944514215,0.20100954230755128,0.5537989649376012,0.20041395716936675
0.9,40,Layer 3,0.8453144643420345,0.1622380025414864,0.4656637281738054,0.16175729629215527
0.9,40,Layer 4,0.7708369312411724,0.2536386853056239,0.6866305943119719,0.25288716162320307
0.9,41,Layer 1,-0.5691908479870226,0.25175838237317455,0.7268539770146221,0.2510124299709478
0.9,41,Layer 2,0.41235325887382784,0.06139313938411993,0.18768841974714812,0.061211233386106546
0.9,41,Layer 3,0.385177933470178,0.06431291122190752,0.1888032487705113,0.0641223540290627
0.9,41,Layer 4,0.36932549181048757,0.0893344538230349,0.24172264198462592,0.0890697585632277
0.9,42,Layer 1,0.6506326510316229,0.2532812782076343,0.7459196329069926,0.2525308135115354
0.9,42,Layer 2,0.7606962766747898,0.19767034908113482,0.5719164560087922,0.19708465787055374
0.9,42,Layer 3,0.7648305253836957,0.20476124305507995,0.6043130254709694,0.20415454174209854
0.9,42,Layer 4,0.6596656265573454,0.27215642395905476,0.8430010092976286,0.2713500327822447
0.9,43,Layer 1,-0.24229092220544549,0.5050361085098011,1.3935017314368472,0.5035397019361533
0.9,43,Layer 2,0.5510180488987837,0.16338695765039152,0.4561202831184217,0.16290284708214367
0.9,43,Layer 3,0.5586889138984201,0.1665994714055005,0.46001486216826826,0.16610584225705594
0.9,43,Layer 4,0.5496493897994017,0.16505944246614984,0.4515949807449314,0.1645703763764443
0.9,44,Layer 1,0.7296527643348499,0.23421583902591303,0.6928502809666488,0.23352186464415053
0.9,44,Layer 2,0.8671852335818009,0.12150772066809998,0.3470315776608667,0.12114769700069682
0.9,44,Layer 3,0.8154421006646332,0.19828021850883149,0.60723096210504,0.19769272027375193
0.9,44,Layer 4,0.8613911600569626,0.12496702555408015,0.359618160603288,0.12459675207189265
0.9,45,Layer 1,-0.2814939280400519,0.3499977639101716,1.0456824726045078,0.3489607312191376
0.9,45,Layer 2,0.0773310271369067,0.22431747428999724,0.6601187592171609,0.2236528284608068
0.9,45,Layer 3,0.2730740835828123,0.12783262210048058,0.41460940079835384,0.1274538579431964
0.9,45,Layer 4,0.23327674885255717,0.13101914247305754,0.4429737630549829,0.13063093675317566
0.9,46,Layer 1,0.4444853227034184,0.34468019743786626,0.9590450718091312,0.3436589205339748
0.9,46,Layer 2,0.5095279611611104,0.35769676009044277,0.9727302570322546,0.3566369155087331
0.9,46,Layer 3,0.5831502660386956,0.31795770790320144,0.8768188576450013,0.31701560892011627
0.9,46,Layer 4,0.3135822704357413,0.47114989267054175,1.270984223908831,0.469753889920073
0.9,47,Layer 1,0.01664060323540015,0.42409335279644805,1.2222285220160685,0.42283677713725903
0.9,47,Layer 2,0.4023549046086987,0.3340798321719309,0.9781469212082093,0.3330899638267539
0.9,47,Layer 3,0.35219518143851464,0.3232537534753916,0.9332626726435683,0.32229596247093406
0.9,47,Layer 4,0.35381258603335053,0.3381278878770066,0.9791692365291876,0.3371260252663394
0.9,48,Layer 1,0.6856131226181581,0.2821773836394366,0.8169981303145637,0.28134130066497615
0.9,48,Layer 2,0.8375944685084419,0.1589936558581081,0.41702512463965224,0.15852256250896837
0.9,48,Layer 3,0.8492203785809406,0.1466802678637559,0.40993617203825616,0.14624565870738607
0.9,48,Layer 4,0.7526393575325362,0.262896415520428,0.7779472327195203,0.26211746146596643
0.9,49,Layer 1,0.8025989171948996,0.17635321702539103,0.4814737281694729,0.1758306878264008
0.9,49,Layer 2,0.8957793524233645,0.11348558655526612,0.32956665648496297,0.11314933222636935
0.9,49,Layer 3,0.9016812656834639,0.11005528828587405,0.3087463526120626,0.10972919782604214
0.9,49,Layer 4,0.8968217472895752,0.10980258741647604,0.30435039892732385,0.10947724570160663
0.95,0,Layer 1,0.48088149565709615,0.4212277010175191,1.1032500294088028,0.41997961619707913
0.95,0,Layer 2,0.7103873099002058,0.28188308402133366,0.79292525850895,0.2810478730476584
0.95,0,Layer 3,0.6954279438827431,0.29143606390449056,0.8198854666788136,0.29057254774301944
0.95,0,Layer 4,0.6687528416240582,0.3101493230833951,0.8750881921130594,0.30923036010618576
0.95,1,Layer 1,0.5822111413665576,0.3356541332296382,0.9707288622670021,0.3346596002784817
0.95,1,Layer 2,0.7705152303725291,0.20754938969929676,0.5900996997300111,0.20693442719291472
0.95,1,Layer 3,0.7163169155305822,0.26153820837154856,0.755628730720006,0.2607632786434108
0.95,1,Layer 4,0.762898699919831,0.20965353973015202,0.6057677041928369,0.2090323426914562
0.95,2,Layer 1,-0.2578788576338703,0.3314306609731956,1.0105414611529848,0.3304486420414163
0.95,2,Layer 2,0.26159982156177547,0.1726762797677498,0.5657861350561779,0.17216464522161817
0.95,2,Layer 3,0.32233785957510064,0.16607852066848358,0.523188931347547,0.16558643508117118
0.95,2,Layer 4,0.28755265463550345,0.15750988439593158,0.5088166458883657,0.15704318741634324
0.95,3,Layer 1,0.5940975603033646,0.17691450002164458,0.5663572870799111,0.1763903077582693
0.95,3,Layer 2,0.3361321773129302,0.27454207594575847,0.8852127480300976,0.2737286161549321
0.95,3,Layer 3,0.6607113115760074,0.16734554839329144,0.5218942188503076,0.16684970864150556
0.95,3,Layer 4,0.6281494766409272,0.18594154917182154,0.6047274816070813,0.1853906100373585
0.95,4,Layer 1,0.047979249111308006,0.22022381496685217,0.6652099368345978,0.21957129852528018
0.95,4,Layer 2,-0.09699188350959935,0.2311125742055646,0.6957748687877117,0.23042779470273983
0.95,4,Layer 3,0.15130057475315625,0.20319070757623153,0.6063797056888872,0.20258865971193454
0.95,4,Layer 4,0.19306991389712344,0.16358973606063834,0.5052607264719389,0.16310502466615062
0.95,5,Layer 1,0.5044395519377981,0.30409370976658173,0.9412986443411319,0.3031926893867867
0.95,5,Layer 2,0.4734536381862998,0.2320435372095947,0.7390296989308538,0.231355999291806
0.95,5,Layer 3,0.6974753202993078,0.15260000780671398,0.45602417345222235,0.15214785864158903
0.95,5,Layer 4,0.6546445475360332,0.18971696124221882,0.588626103141526,0.18915483567703295
0.95,6,Layer 1,0.7467077290223009,0.19967159738104878,0.5648279824079476,0.19907997653284168
0.95,6,Layer 2,0.841528625262255,0.14828982684734188,0.41158606964331734,0.14785044861683433
0.95,6,Layer 3,0.7719582979959704,0.25193856867819814,0.6851491492260791,0.2511920823894497
0.95,6,Layer 4,0.8165796948473959,0.18074795433324867,0.4976995383105813,0.18021240366176153
0.95,7,Layer 1,0.4346322697437236,0.4684045249883078,1.2620268848860032,0.46701665667848113
0.95,7,Layer 2,0.7773900232003159,0.1841730054334789,0.49074886369986515,0.183627306440129
0.95,7,Layer 3,0.7672183235416994,0.19705534026592567,0.5357875388947021,0.19647147130769127
0.95,7,Layer 4,0.7013798653979565,0.2507845448817911,0.691630105522014,0.25004147793032555
0.95,8,Layer 1,0.6141963504701464,0.2089562416262748,0.6211115038322401,0.20833711066057625
0.95,8,Layer 2,0.4566307980650939,0.2516220018306692,0.7747606952190306,0.25087645351982685
0.95,8,Layer 3,0.7105070777668989,0.15725602767798957,0.4756987429682431,0.15679008286810775
0.95,8,Layer 4,0.6909724004460354,0.1688599484017323,0.5066859598568162,0.16835962152894735
0.95,9,Layer 1,-0.17622527913899527,0.24375693253239408,0.738085862573192,0.24303468818180707
0.95,9,Layer 2,0.10169525098382194,0.31369950724339307,0.8724040267083091,0.31277002517888447
0.95,9,Layer 3,0.13147177195693033,0.3023978465539346,0.834971642764532,0.30150185096507365
0.95,9,Layer 4,-0.004961431144543884,0.28061963099972564,0.7594862596204461,0.27978816359878744
0.95,10,Layer 1,0.5486454614343278,0.37393296213137084,1.0391683061414905,0.3728250101786123
0.95,10,Layer 2,0.7684331800446527,0.20320822858481,0.5888274959130411,0.20260612880629927
0.95,10,Layer 3,0.7796613859053241,0.19319115190566977,0.553215864106618,0.19261873241959535
0.95,10,Layer 4,0.614560683067421,0.3655855024397255,1.0326797719463983,0.364502283755233
0.95,11,Layer 1,0.5063123621372698,0.3168477075170711,0.9036468810884133,0.31590889743124806
0.95,11,Layer 2,0.38024648631051233,0.416571193537552,1.1309457473732087,0.41533690580663857
0.95,11,Layer 3,0.5054394086241657,0.3355691933972126,0.9489592387109392,0.33457491212018675
0.95,11,Layer 4,0.5420161462511048,0.32616302116991597,0.9062496521033881,0.32519661009408296
0.95,12,Layer 1,0.2570189380706126,0.5217040166910762,1.4321533636256043,0.5201582236142633
0.95,12,Layer 2,0.6481254605318799,0.21929225794098237,0.6042429221835639,0.21864250167444282
0.95,12,Layer 3,0.69762470027701,0.1979587090603369,0.5168071666016886,0.19737216344793948
0.95,12,Layer 4,0.6330684394894867,0.24331842777936133,0.6845354598979907,0.2425974827049724
0.95,13,Layer 1,0.6479157996079302,0.3351313699841991,0.9636099331024657,0.33413838596458184
0.95,13,Layer 2,0.8364864686145917,0.154764578018458,0.4333312187740266,0.15430601529786758
0.95,13,Layer 3,0.8649431143658962,0.1243473202572458,0.3632954240883213,0.12397888294293676
0.95,13,Layer 4,0.8647361880338801,0.12221087141555871,0.34939905857294984,0.12184876433395399
0.95,14,Layer 1,-0.32345712263372756,0.41818025414622106,1.171844269768738,0.4169411988178394
0.95,14,Layer 2,0.4535812425051915,0.15326077410160927,0.5113945434220362,0.15280666710612192
0.95,14,Layer 3,0.40591431857008314,0.1812992435596526,0.6332456091628991,0.18076205943501533
0.95,14,Layer 4,0.4537961315210317,0.15535584818627873,0.48676863373261675,0.1548955335502292
0.95,15,Layer 1,0.7609906998656365,0.19501468909692185,0.5713792279079558,0.19443686652581188
0.95,15,Layer 2,0.8718081414478087,0.10990265625619271,0.34549225733199596,0.10957701804040573
0.95,15,Layer 3,0.883375746106005,0.10030466513258836,0.29748015495460345,0.10000746547152879
0.95,15,Layer 4,0.8277900513043337,0.15196928169678328,0.400394840815292,0.15151900135386961
0.95,16,Layer 1,-0.5870911446451086,0.2535942642655881,0.7496836456755255,0.2528428722013531
0.95,16,Layer 2,0.3177786664595356,0.12734773115389444,0.3727767242357638,0.1269704037136841
0.95,16,Layer 3,0.35537119558391245,0.07271147166477873,0.22925912715474958,0.07249602979370176
0.95,16,Layer 4,0.33114210089544316,0.08326182732237822,0.26839372154172836,0.08301512506952985
0.95,17,Layer 1,-0.34397451223152276,0.4377259471244059,1.2867208034566588,0.4364289785043484
0.95,17,Layer 2,0.47753109277072203,0.14045545957057812,0.4173176818875622,0.14003929433117315
0.95,17,Layer 3,0.4944816557865321,0.14897933613919412,0.429136815952029,0.1485379149137016
0.95,17,Layer 4,0.44511434844302417,0.1476651089583829,0.4399372259896655,0.14722758174791126
0.95,18,Layer 1,0.415900790610863,0.43044308916821,1.1853253844605358,0.42916769943397265
0.95,18,Layer 2,0.7423399736879156,0.18339900080059315,0.5013545110063506,0.18285559515934455
0.95,18,Layer 3,0.6368196548240085,0.28894735576681313,0.8377722900985912,0.28809121357158785
0.95,18,Layer 4,0.7318978337230253,0.19201979063258007,0.5272602533968045,0.1914508418542028
0.95,19,Layer 1,-0.3881658350504924,0.3699166573635569,1.1127317701039339,0.3688206055992307
0.95,19,Layer 2,0.2272377181392521,0.24244774715413978,0.7299824007720532,0.24172938187986642
0.95,19,Layer 3,0.3849848468660653,0.0959216285514405,0.3060636088727167,0.0956374156939818
0.95,19,Layer 4,0.37024351472492917,0.10042878708620835,0.335547521439616,0.10013121965558895
0.95,20,Layer 1,0.24841594218938684,0.3414303393849065,1.000783655177234,0.3404186917112266
0.95,20,Layer 2,0.09624532314292576,0.24484614301577218,0.7874036041231778,0.24412067136777024
0.95,20,Layer 3,0.4020884025006798,0.23526430919150765,0.729047738109062,0.23456722822464832
0.95,20,Layer 4,0.40895671365147346,0.22876394361241087,0.6939645411096752,0.2280861230303434
0.95,21,Layer 1,0.6145590082843807,0.25797589246899594,0.7228416119984576,0.2572115177741402
0.95,21,Layer 2,0.4103625349539928,0.4263307438280159,1.2349556484829847,0.4250675388474952
0.95,21,Layer 3,0.6540891070182667,0.2617716294094409,0.7174858380896973,0.2609960080618929
0.95,21,Layer 4,0.6419672301343714,0.26749762929997895,0.7285819969905515,0.26670504198953715
0.95,22,Layer 1,0.277228419850588,0.3724811964326274,1.0243693536934189,0.3713775460173201
0.95,22,Layer 2,0.22004401113774608,0.3848684763126288,1.0477952769290702,0.38372812276515
0.95,22,Layer 3,0.3568986239463945,0.36484344269354146,1.0010885071952598,0.3637624227094262
0.95,22,Layer 4,0.3144038788441856,0.37358708581643946,1.0265466568203017,0.37248015868464446
0.95,23,Layer 1,0.25452635874322,0.2882042227730076,0.8651275401693438,0.2873502824581593
0.95,23,Layer 2,0.10375191017910829,0.3037506745560022,0.9118762225353302,0.3028506705790653
0.95,23,Layer 3,0.4277288885580538,0.2421325050418558,0.766916683078373,0.24141507382033858
0.95,23,Layer 4,0.3781981802194738,0.2500191288946981,0.7943787318345075,0.24927832984743856
0.95,24,Layer 1,0.4113813181863677,0.42886731993215715,1.1847549549676195,0.42759659915406706
0.95,24,Layer 2,0.7195196681739844,0.20413416669997814,0.5659461937239652,0.20352932339509586
0.95,24,Layer 3,0.7218985576630585,0.20611173120035914,0.5849190804644664,0.20550102843222598
0.95,24,Layer 4,0.5767067795873823,0.3219853325914774,0.9075454406459537,0.3210312998793813
0.95,25,Layer 1,0.7327620134621001,0.20857933666434073,0.6190510378578763,0.20796132245653964
0.95,25,Layer 2,0.7833784181500165,0.2155025789542894,0.6351640440552355,0.2148640513909102
0.95,25,Layer 3,0.836558832967021,0.15417598318653725,0.44754103233228637,0.15371916445446737
0.95,25,Layer 4,0.6936307360320593,0.326836961713476,0.9511652184483524,0.3258685537723839
0.95,26,Layer 1,0.426983695731376,0.3941799025002902,1.1530618901093872,0.39301195948124207
0.95,26,Layer 2,0.522680821777059,0.283582942903276,0.8178599098525026,0.2827426952996206
0.95,26,Layer 3,0.7041040832370604,0.1727363333547425,0.5142704938381721,0.17222452087166568
0.95,26,Layer 4,0.6902437067432778,0.17977249987267932,0.5342199153616357,0.1792398394429838
0.95,27,Layer 1,0.495584667985426,0.31370661023736235,1.0049519949020929,0.31277710712689943
0.95,27,Layer 2,0.6855805178093944,0.20422951122256294,0.5834683401967296,0.20362438541477057
0.95,27,Layer 3,0.6817105919424026,0.21360163284693134,0.6191995193744129,0.21296873772884325
0.95,27,Layer 4,0.4251605408862018,0.4117998440721759,1.1898278545317595,0.41057969370408637
0.95,28,Layer 1,0.0657584682158645,0.5558376714468998,1.4980588316745396,0.5541907413929505
0.95,28,Layer 2,0.6521859067896892,0.19028661466745206,0.502633824839284,0.18972280123655547
0.95,28,Layer 3,0.6625629225373096,0.19336289588627284,0.5196248209478762,0.19278996752802624
0.95,28,Layer 4,0.6193142067839984,0.2086987560551081,0.5473819880208817,0.20808038801129736
0.95,29,Layer 1,-0.37331404169608695,0.4453676762352315,1.2530867307278957,0.4440480654050769
0.95,29,Layer 2,0.49545319171556884,0.13700295769724027,0.38837386687230974,0.13659702211550082
0.95,29,Layer 3,0.4831205622678636,0.14013987043277976,0.39979008594998067,0.13972464027435694
0.95,29,Layer 4,0.49686842277425264,0.14377023629294236,0.3998416891138419,0.14334424947129018
0.95,30,Layer 1,0.35402576038238925,0.3426164163852664,0.9927919513891171,0.3416012544016384
0.95,30,Layer 2,0.22249333522278306,0.2998993876912424,0.9197877721529418,0.299010794959728
0.95,30,Layer 3,0.49339455373960805,0.26193567986113986,0.794183156614968,0.26115957243711097
0.95,30,Layer 4,0.44370422929503056,0.27842585706338246,0.8311908884475556,0.2776008897476543
0.95,31,Layer 1,0.1288262713189201,0.3703383459316548,1.1968515504684625,0.369241044716973
0.95,31,Layer 2,0.1896048462212434,0.2627767765410024,0.7839374746877082,0.261998176973185
0.95,31,Layer 3,0.4669840422673004,0.18245983347202605,0.5683454846245872,0.18191921055490465
0.95,31,Layer 4,0.38784967879579413,0.23353890629854882,0.743427593832977,0.2328469376477946
0.95,32,Layer 1,0.2278448086221561,0.5151067844584865,1.3989589242417635,0.5135805387794029
0.95,32,Layer 2,0.628338823767269,0.23299222767550998,0.6832536092826307,0.23230187881682887
0.95,32,Layer 3,0.696384202377857,0.18889294011909957,0.5234178681186434,0.18833325610334883
0.95,32,Layer 4,0.7005993696871412,0.18242207111795594,0.5014214727449193,0.18188156008953693
0.95,33,Layer 1,0.21609451438069813,0.32893436131090636,0.9488186045327616,0.32795973883882873
0.95,33,Layer 2,0.1906309022916192,0.32713285498414724,0.9707605761157253,0.32616357032032595
0.95,33,Layer 3,0.4341004483853804,0.26333317929674266,0.7998775373923206,0.2625529311245437
0.95,33,Layer 4,0.34311793585614825,0.27617581810271613,0.845176797365595,0.27535751758374755
0.95,34,Layer 1,0.7203270869502113,0.268306376006818,0.7583144166928745,0.2675113924045704
0.95,34,Layer 2,0.8911898435655533,0.10139178678422692,0.2863125249312626,0.10109136601489717
0.95,34,Layer 3,0.8902756839372167,0.10546245468760046,0.30695447730265446,0.10514997265352727
0.95,34,Layer 4,0.8652059075331575,0.13509678889880625,0.37029289378042296,0.13469650123703214
0.95,35,Layer 1,0.09967139702224956,0.38503307543453735,1.0693021910320293,0.3838922341848846
0.95,35,Layer 2,0.3200770014885199,0.38582036745841664,1.0449830483923537,0.3846771934865286
0.95,35,Layer 3,0.35368466016878675,0.3742825918665104,1.0209284493277613,0.37317360397151883
0.95,35,Layer 4,0.17534785222311558,0.4068897273461248,1.1017384347002943,0.4056841255040167
0.95,36,Layer 1,0.6449739847530951,0.3164688842129453,0.8901379634822533,0.3155311965690091
0.95,36,Layer 2,0.7927504236711135,0.19692777728986421,0.5551407926117327,0.19634428629683415
0.95,36,Layer 3,0.7977379715085178,0.20225689168971864,0.5884720942645234,0.2016576106933892
0.95,36,Layer 4,0.8039982675170599,0.19073269811154958,0.5491222322820112,0.19016756294902457
0.95,37,Layer 1,-0.5879957100712473,0.2433875381540986,0.7484508325733922,0.24266638830777887
0.95,37,Layer 2,0.3092817828681504,0.14049817716699986,0.4402528757246114,0.14008188535666063
0.95,37,Layer 3,0.3579690760094102,0.07427401051852958,0.21763428186411582,0.07405393889252433
0.95,37,Layer 4,0.3366646690554789,0.08478931084080006,0.26816981522926975,0.08453808270091194
0.95,38,Layer 1,-0.3718399295411317,0.25389515864029993,0.7694783214459068,0.25314287503521726
0.95,38,Layer 2,0.17365482660728185,0.15661450537288057,0.5002701223534204,0.1561504613740068
0.95,38,Layer 3,0.2218547501998031,0.12183139229089081,0.3940993090833089,0.12147040959434917
0.95,38,Layer 4,0.17401317338889796,0.12435522160867826,0.3863909517466487,0.12398676088290608
0.95,39,Layer 1,-0.05452709274995463,0.2468374334661409,0.7291243890671065,0.2461060616853172
0.95,39,Layer 2,-0.16523633933092075,0.20206804587571475,0.6247044990903994,0.20146932442376786
0.95,39,Layer 3,0.04619183980794405,0.2125813548964285,0.6470331200004209,0.21195148283076443
0.95,39,Layer 4,0.05604408682325606,0.2243109394125646,0.65940574448965,0.22364631294601647
0.95,40,Layer 1,0.0267048524273463,0.5453002780268391,1.516151816853389,0.5436845699479473
0.95,40,Layer 2,0.6478195749384691,0.1874032802155998,0.5135816437215242,0.18684801001667242
0.95,40,Layer 3,0.6371260694132287,0.19543718046415814,0.530988886001706,0.1948581060640233
0.95,40,Layer 4,0.5825852136002028,0.21828928558168387,0.6065064603083217,0.21764250109162991
0.95,41,Layer 1,0.7982183932872944,0.16835859514254065,0.45601264778208267,0.1678597537641592
0.95,41,Layer 2,0.8797592956588671,0.12729648245604064,0.37736965983578596,0.1269193068641576
0.95,41,Layer 3,0.8993642548942398,0.09911800857337687,0.27731243530132554,0.0988243249394804
0.95,41,Layer 4,0.851632527074881,0.1660604037902031,0.48412929084104017,0.16556837188264797
0.95,42,Layer 1,-0.4680338098802889,0.29902060445001005,0.863544179239528,0.2981346155264152
0.95,42,Layer 2,0.3042439722508587,0.16994408725969679,0.5599943232844625,0.16944054811656828
0.95,42,Layer 3,0.3217961447283588,0.15058977758641567,0.5011739180117759,0.1501435846720726
0.95,42,Layer 4,0.19927567150027903,0.2243880631351698,0.641421948404323,0.22372320815338573
0.95,43,Layer 1,-0.3856702264031118,0.4261920382519929,1.213267909035491,0.4249292442518601
0.95,43,Layer 2,0.5024688747229973,0.13897514868580926,0.4182921732687204,0.13856336956237048
0.95,43,Layer 3,0.4948638639621817,0.14194746615391446,0.41371856981644,0.14152688014454554
0.95,43,Layer 4,0.4461226026148874,0.14546048858412178,0.46651780718102515,0.14502949359652462
0.95,44,Layer 1,-0.6188884177052159,0.22725027212720364,0.6784036673409783,0.22657693650754307
0.95,44,Layer 2,0.42046633779949744,0.06146963170049739,0.17937308530250345,0.06128749905808544
0.95,44,Layer 3,0.40383590298141325,0.05659994607396489,0.15343019175378003,0.05643224216142069
0.95,44,Layer 4,0.4019808760953959,0.056199690046817116,0.1654476930766423,0.05603317208066382
0.95,45,Layer 1,0.4849314578754627,0.3456117412580794,0.9723536329253771,0.3445877042182835
0.95,45,Layer 2,0.41265927924405466,0.40323569572708307,1.111371113786101,0.4020409206691255
0.95,45,Layer 3,0.5468676612664807,0.338152581962288,0.9075095184622978,0.3371506461837999
0.95,45,Layer 4,0.5334278133285846,0.3428113960273293,0.923856331946199,0.3417956563249735
0.95,46,Layer 1,0.29691576542479037,0.4908112903099562,1.3697706075230143,0.48935703143843207
0.95,46,Layer 2,0.7165511517774953,0.18517935265606156,0.4974275690946229,0.1846306718866092
0.95,46,Layer 3,0.7184888315289325,0.18857248621288333,0.5053687431219975,0.18801375169227508
0.95,46,Layer 4,0.5852766362446842,0.2973089815823053,0.8678671423305434,0.29642806414502143
0.95,47,Layer 1,-0.1604406101872987,0.5198646094578222,1.4139356189483892,0.5183242664884948
0.95,47,Layer 2,0.5558426019251655,0.17677400286242329,0.4903764109058007,0.17625022688784217
0.95,47,Layer 3,0.5156492272005048,0.1966112864326696,0.5704775021958632,0.19602873319238873
0.95,47,Layer 4,0.5600460471602827,0.17984834430387525,0.5094553525317569,0.17931545914944524
0.95,48,Layer 1,-0.4549615307953467,0.2833019829244449,0.8469719309383019,0.2824625677966306
0.95,48,Layer 2,0.25215169761227885,0.1411763240269996,0.4397046646469615,0.14075802288821412
0.95,48,Layer 3,0.25352615984758575,0.1507535468234463,0.4728191770665754,0.15030686866585286
0.95,48,Layer 4,0.21689430219746045,0.1712067795658265,0.530864751168729,0.1706994991039377
0.95,49,Layer 1,0.10109363679868971,0.5001410507776796,1.4303390825330018,0.4986591481106739
0.95,49,Layer 2,0.6227428981195902,0.18364226334125527,0.5156358692852501,0.18309813692052418
0.95,49,Layer 3,0.6399982272594413,0.1833546079109956,0.513344191352467,0.18281133380452377
0.95,49,Layer 4,0.5130355881294987,0.2649599036363193,0.8033827321360237,0.26417483552955684
1.0,0,Layer 1,-0.0616725256999518,0.5376791900502519,1.4650192218905458,0.5360860630224065
1.0,0,Layer 2,0.5079981632788689,0.22235843901307206,0.6795137583751025,0.22169959774560896
1.0,0,Layer 3,0.5952134184526674,0.17953942887392085,0.4911522427304656,0.17900745902648035
1.0,0,Layer 4,0.592915668019467,0.17809599041187152,0.49551613652645154,0.17756829742853417
1.0,1,Layer 1,0.610565492067275,0.2468444306244596,0.711736992782605,0.2461130381112694
1.0,1,Layer 2,0.7324066134098867,0.1908146456161487,0.5496991605050423,0.19024926764566893
1.0,1,Layer 3,0.7404508175384867,0.19756784799084573,0.5261554787775795,0.19698246048786636
1.0,1,Layer 4,0.545273398130122,0.3334598817908668,0.9322163265882369,0.33247185033974536
1.0,2,Layer 1,0.5247568373516162,0.403272944901428,1.0920372956036417,0.4020780594753038
1.0,2,Layer 2,0.7993948287164598,0.16494537357228345,0.4365565027957993,0.16445664546522856
1.0,2,Layer 3,0.8026301927370881,0.16576683183303556,0.45142217241831684,0.16527566977022848
1.0,2,Layer 4,0.7069712116902633,0.25726766970158876,0.6937879864678367,0.2565053934491749
1.0,3,Layer 1,0.4912922272743417,0.4069404655610807,1.1304312754411268,0.4057347133831905
1.0,3,Layer 2,0.7733194200250394,0.18150832091547747,0.4884255361465604,0.18097051730101685
1.0,3,Layer 3,0.7787096161338511,0.18057135635464144,0.49293045420179854,0.18003632893757443
1.0,3,Layer 4,0.6618720021447191,0.29135883932092976,0.8313693235039119,0.2904955519735424
1.0,4,Layer 1,-0.216055788676599,0.41970911282721945,1.231633901723221,0.41846552753723354
1.0,4,Layer 2,0.4296295540194857,0.22747706716288335,0.7288766428241505,0.22680305955645477
1.0,4,Layer 3,0.4312409789249408,0.2233894337981879,0.7275783522156,0.2227275377246469
1.0,4,Layer 4,0.27226556928278417,0.2977023903595054,0.8931721747092687,0.29682030726402314
1.0,5,Layer 1,-0.21402304231342062,0.44695138079356,1.2814751552814987,0.4456270774951406
1.0,5,Layer 2,0.3966802495556131,0.19701589114403453,0.6116119921116527,0.19643213907234425
1.0,5,Layer 3,0.46763052718691844,0.1740493501662481,0.5317348912383381,0.1735336472544377
1.0,5,Layer 4,0.4778797476860396,0.16531974773397298,0.49792138074755343,0.1648299103677045
1.0,6,Layer 1,-0.14481290723080223,0.16731093446080839,0.5142283668368548,0.16681519726904778
1.0,6,Layer 2,-0.11934370233351542,0.19290237165219343,0.6038119539394757,0.19233080781319514
1.0,6,Layer 3,-0.04501748035780046,0.20689029904259038,0.6591204005385246,0.20627728940170587
1.0,6,Layer 4,-0.13917241752682416,0.19053585883758548,0.6074865320393684,0.1899713069038208
1.0,7,Layer 1,0.4287448917892052,0.41967433023497297,1.160624062072702,0.41843084800474617
1.0,7,Layer 2,0.6662259199640648,0.25617000649703386,0.7199287448972828,0.2554109825871897
1.0,7,Layer 3,0.7225487270741433,0.2131235051544419,0.5794204304062236,0.21249202671411213
1.0,7,Layer 4,0.7308715783739336,0.20322416261447004,0.5599785269853623,0.20262201562391582
1.0,8,Layer 1,0.506484149994301,0.42423744825498244,1.2203215642182617,0.42298044564534815
1.0,8,Layer 2,0.8147841912860604,0.14838877801366393,0.4127660992854617,0.14794910659387098
1.0,8,Layer 3,0.8168338835675817,0.15140975646948585,0.4366627669003279,0.15096113398274144
1.0,8,Layer 4,0.8119090125510662,0.1539713442185884,0.44145837295719936,0.1535151318255341
1.0,9,Layer 1,0.3788514711890904,0.47470909253909327,1.305240557512922,0.4733025439880561
1.0,9,Layer 2,0.7063409351353545,0.2533403740928876,0.7208392913054457,0.25258973429748455
1.0,9,Layer 3,0.6925475623141494,0.2628590421534266,0.7521412145490426,0.26208019883511063
1.0,9,Layer 4,0.6416217013535869,0.29952139705034025,0.8308158134886053,0.29863392429355695
1.0,10,Layer 1,0.6992185901386475,0.24402372912031134,0.720655208136616,0.24330069425957807
1.0,10,Layer 2,0.8272978784772653,0.15972397227269375,0.4331443224362703,0.15925071501831
1.0,10,Layer 3,0.8034970294448048,0.19780488250765335,0.5164734161582365,0.19721879267863598
1.0,10,Layer 4,0.8203922055038425,0.16896638105031517,0.4675591327888156,0.1684657388208413
1.0,11,Layer 1,0.2422868575827832,0.5238512413579656,1.4598075305493987,0.5222990861200072
1.0,11,Layer 2,0.6345566400136929,0.2184776546696788,0.624906751347887,0.21783031204776704
1.0,11,Layer 3,0.6997032422424959,0.1901472540892788,0.5050467785236594,0.18958385357952148
1.0,11,Layer 4,0.6572342559066429,0.21805556171175547,0.5817692216042053,0.2174094697383939
1.0,12,Layer 1,-0.1206653573335686,0.3763949535699379,1.0963142103241919,0.3752797068116975
1.0,12,Layer 2,0.3571738864764092,0.16331180827311537,0.5108572130558984,0.1628279203701785
1.0,12,Layer 3,0.3971324941674763,0.15759442526891326,0.49770868617891373,0.15712747779729877
1.0,12,Layer 4,0.1469573571245239,0.2781105858455552,0.8570885983963232,0.27728655266882196
1.0,13,Layer 1,0.5779858130407144,0.3473484969350977,1.000537742971883,0.34631931394124393
1.0,13,Layer 2,0.8072040808463958,0.1527539780857815,0.41378886398271364,0.15230137271141947
1.0,13,Layer 3,0.8186159555599675,0.14637009080665,0.3915303123031696,0.14593640069543246
1.0,13,Layer 4,0.7277387641916611,0.24087281312373857,0.6762091563324828,0.24015911433092357
1.0,14,Layer 1,0.34332108038623255,0.49556384487214805,1.3359222891902964,0.4940955043265243
1.0,14,Layer 2,0.6846909205833109,0.22069170149849687,0.5671334876216145,0.2200377987234135
1.0,14,Layer 3,0.7524669257780038,0.17134583824430877,0.467465785996829,0.1708381457558003
1.0,14,Layer 4,0.7367934341541809,0.18063826359544313,0.48983713226491676,0.1801030379342639
1.0,15,Layer 1,0.04770148024535196,0.4094525999634712,1.1929312514908728,0.40823940440802786
1.0,15,Layer 2,0.40901085462828696,0.32202861396285953,0.9527850952055839,0.3210744530093812
1.0,15,Layer 3,0.42625623752602504,0.31376675439848806,0.93883155579295,0.3128370730827117
1.0,15,Layer 4,0.18434739178283685,0.41332558571839323,1.2025482989613865,0.4121009146243781
1.0,16,Layer 1,-0.29737804595281814,0.24203733897868268,0.7271709393318531,0.24132018973130587
1.0,16,Layer 2,0.1451959188138012,0.1643890156898773,0.5067011260507996,0.16390193605424552
1.0,16,Layer 3,0.1726716893557458,0.13620630248491503,0.40636111818470544,0.13580272736825238
1.0,16,Layer 4,0.09463475650581428,0.17125991526059375,0.5485688881684561,0.17075247735926327
1.0,17,Layer 1,0.14745460513622355,0.46142146978333326,1.2686618564860375,0.46005429205292636
1.0,17,Layer 2,0.47714080746950877,0.2710274811570447,0.7926088521215657,0.27022443500329685
1.0,17,Layer 3,0.561183224464744,0.23785587621405593,0.6622110842693206,0.23715111651321444
1.0,17,Layer 4,0.5346791656259565,0.231493406764346,0.681238467810289,0.23080749886627427
1.0,18,Layer 1,0.5537359661220737,0.4022522003518052,1.1823387798189215,0.4010603393606241
1.0,18,Layer 2,0.8320414921563674,0.14166877571380215,0.4144671736871125,0.14124901545570043
1.0,18,Layer 3,0.8331871047077346,0.14622922006367572,0.42113311806059417,0.14579594734816964
1.0,18,Layer 4,0.7991653823340304,0.17445837959596688,0.49039595873832503,0.17394146474244146
1.0,19,Layer 1,0.7493334304940921,0.232132820565894,0.6657996549522696,0.2314450181042459
1.0,19,Layer 2,0.8981517855899109,0.09457670582787579,0.2632912086664997,0.0942964779353942
1.0,19,Layer 3,0.8957281991847085,0.09978456711666309,0.28259445201199185,0.09948890849014909
1.0,19,Layer 4,0.885998809989375,0.11070418612867573,0.3160367922328422,0.11037617300434276
1.0,20,Layer 1,0.6824695935148266,0.26812672899866363,0.7798759874426867,0.2673322776850176
1.0,20,Layer 2,0.7794439035000214,0.22075820782341438,0.6160542561859678,0.2201041079921203
1.0,20,Layer 3,0.8577714163012804,0.1220066300255651,0.36263651922401874,0.12164512810496464
1.0,20,Layer 4,0.8455891727940904,0.13487417385689723,0.3857832673085495,0.13447454579669715
1.0,21,Layer 1,-0.5164689893111911,0.35080908222727636,1.0039363399859342,0.34976964562483376
1.0,21,Layer 2,0.4427479772432073,0.09511257565448107,0.28534243134233833,0.09483075999606032
1.0,21,Layer 3,0.44819821207668176,0.102293485323151,0.31163384304113423,0.1019903928485741
1.0,21,Layer 4,0.44382120874246783,0.10248426996793536,0.2998955978287893,0.10218061220427954
1.0,22,Layer 1,0.2574070819205908,0.24926337092424156,0.762335609502944,0.24852481116477956
1.0,22,Layer 2,0.3508491571819668,0.2466940898998827,0.8007104431264709,0.24596314284167034
1.0,22,Layer 3,0.38337430837728265,0.2578681139347858,0.8058460561642968,0.25710405858443713
1.0,22,Layer 4,-0.040055924813893536,0.32771177255044587,1.0062376059430154,0.3267407725715467
1.0,23,Layer 1,0.29429378130649964,0.453896958977156,1.2777542750125088,0.4525520761425873
1.0,23,Layer 2,0.6309884778345166,0.23178144892207858,0.668580298199731,0.23109468756388574
1.0,23,Layer 3,0.673049508184484,0.2001240264374828,0.5556430347853822,0.19953106505579155
1.0,23,Layer 4,0.6264464982454238,0.23849808810349818,0.671579024000425,0.23779142554843144
1.0,24,Layer 1,-0.20194711732023715,0.5160283295102582,1.45537119285691,0.5144993533213157
1.0,24,Layer 2,0.5744953082296879,0.171098442251238,0.47632980156951743,0.17059148278950537
1.0,24,Layer 3,0.553351858499213,0.17536921292386745,0.48812677941231086,0.17484959929899405
1.0,24,Layer 4,0.541660853321594,0.17728108262785378,0.5014068524927451,0.17675580419140594
1.0,25,Layer 1,-0.5341757833471422,0.28217512242873355,0.8313141554331969,0.2813390461541715
1.0,25,Layer 2,0.33373673787777336,0.11036207885529642,0.367962868197071,0.11003507938437186
1.0,25,Layer 3,0.3190472822892612,0.11591686144133541,0.37643392566500344,0.11557340331916417
1.0,25,Layer 4,0.3038811802769583,0.1353627567778566,0.42585230345279107,0.13496168106137535
1.0,26,Layer 1,-0.18649519966024983,0.26718556338366867,0.8006342520761167,0.2663939007150113
1.0,26,Layer 2,-0.11516560553117905,0.21952274902071411,0.6797603738241833,0.21887230981614098
1.0,26,Layer 3,0.16130049296875934,0.1534646940806355,0.4681402778461264,0.15300998287647485
1.0,26,Layer 4,0.08611320822786334,0.1471819462542491,0.4510896800096612,0.1467458506401216
1.0,27,Layer 1,0.3179372074928662,0.45047316052138203,1.3138575665551866,0.449138422297129
1.0,27,Layer 2,0.676219193645377,0.20970568956409377,0.559852664069209,0.20908433800703186
1.0,27,Layer 3,0.6857683818971884,0.20927392530829178,0.5744256023641974,0.20865385305554057
1.0,27,Layer 4,0.5199105202454207,0.35387598183249885,1.0690203084801246,0.3528274581001408
1.0,28,Layer 1,0.7335761174884229,0.25072580232533676,0.717958127162008,0.2499829094262729
1.0,28,Layer 2,0.8901989736481618,0.0995572427164725,0.27627297738365664,0.09926225764521736
1.0,28,Layer 3,0.8859961531322441,0.10770015679637089,0.3100385236815698,0.10738104451925368
1.0,28,Layer 4,0.8914156132476004,0.0983916981707582,0.2840039166282209,0.0981001665724146
1.0,29,Layer 1,0.6418877841563946,0.24909072585180275,0.7155877402466,0.24835267763442048
1.0,29,Layer 2,0.62216875260148,0.36039412219763345,1.0257972340861714,0.3593262854143353
1.0,29,Layer 3,0.7996508124194176,0.1559501557306699,0.4259242698795159,0.1554880801795071
1.0,29,Layer 4,0.7864961438248605,0.16649933541605566,0.47488033730532064,0.16600600296749127
1.0,30,Layer 1,0.20461197025009628,0.4922474476075998,1.3799519060682632,0.49078893344584046
1.0,30,Layer 2,0.6597489982580674,0.2042708750767445,0.5608619046013499,0.20366562670911473
1.0,30,Layer 3,0.6585292739298216,0.20866719659774846,0.5587223102375365,0.20804892206364653
1.0,30,Layer 4,0.49242875245207207,0.33580722827222903,1.0056745211070899,0.3348122417051343
1.0,31,Layer 1,0.6911324895290414,0.2764323276675452,0.8212626599791755,0.2756132671185657
1.0,31,Layer 2,0.8634436462142197,0.1261030839041533,0.3488272837226124,0.12572944431575195
1.0,31,Layer 3,0.8680850773405456,0.12243216471418156,0.3603926239902989,0.12206940194728788
1.0,31,Layer 4,0.8105622269589061,0.19074672800708334,0.505427897083039,0.19018155127440606
1.0,32,Layer 1,0.49631075858144164,0.3991979573042102,1.1153126697430062,0.3980151459419506
1.0,32,Layer 2,0.6715159324853448,0.2733834454029536,0.7821137363807047,0.2725734185990592
1.0,32,Layer 3,0.7718790331489083,0.1807128901350431,0.5221697510384389,0.18017744335770494
1.0,32,Layer 4,0.7668273416603824,0.18203063195075542,0.5297585754032679,0.18149128074464044
1.0,33,Layer 1,0.5611117859387337,0.30460879855000467,0.8699208956275829,0.30370625197786716
1.0,33,Layer 2,0.5052131983279257,0.3996847247233674,1.1755797184164003,0.398500471084103
1.0,33,Layer 3,0.7042257566643851,0.2366596628451215,0.671774030853159,0.2359584474879787
1.0,33,Layer 4,0.6356489423705269,0.2906569443157707,0.7979280333306292,0.2897957366618587
1.0,34,Layer 1,0.7585526246806588,0.18870389189532683,0.5523176914168842,0.18814476802369262
1.0,34,Layer 2,0.8632190915542489,0.11981236304484785,0.35686125827429216,0.11945736267033284
1.0,34,Layer 3,0.8270243721681954,0.18144189606080777,0.537439558252885,0.18090428926116395
1.0,34,Layer 4,0.8313114490056273,0.15221925602269526,0.423166749856587,0.1517682350134842
1.0,35,Layer 1,-0.17844435961247576,0.3736881377257764,1.136119325169795,0.3725809111802586
1.0,35,Layer 2,0.11726224530998017,0.26654632417101687,0.7787136581401743,0.2657565555486345
1.0,35,Layer 3,0.3190772446237089,0.18440725952821152,0.601809926099219,0.18386086644712935
1.0,35,Layer 4,0.3070466113795948,0.18608102153682637,0.5892162436476135,0.18552966915000316
1.0,36,Layer 1,-0.12180603638421646,0.38045884713703326,1.0858253860461637,0.37933155918620104
1.0,36,Layer 2,0.0527597545880215,0.24102718383738983,0.7486956252088245,0.24031302764886234
1.0,36,Layer 3,0.33374077693226223,0.1482513451541821,0.4626500363510937,0.14781208094375672
1.0,36,Layer 4,0.29078811537324656,0.15565958118190232,0.5012877601751733,0.155198366594258
1.0,37,Layer 1,0.3483161484335579,0.3663924493091758,1.011048521168775,0.3653068396657406
1.0,37,Layer 2,0.4901232447031204,0.35871889499962756,1.0115394693012623,0.3576560218633819
1.0,37,Layer 3,0.5389396358834079,0.3334981101609188,0.9381309147447575,0.3325099654403037
1.0,37,Layer 4,0.30917851245349315,0.4442840726899003,1.204375408669125,0.4429676725439743
1.0,38,Layer 1,-0.12133209572072773,0.32099140934793324,1.0115624151568385,0.32004032160006896
1.0,38,Layer 2,0.22392122991634358,0.16173761286344845,0.4792692119592839,0.16125838925345923
1.0,38,Layer 3,0.2707230196658189,0.1734472904158591,0.5608407166849421,0.17293337138871162
1.0,38,Layer 4,0.22847011188767297,0.20258343437640522,0.6653878120472079,0.20198318584406263
1.0,39,Layer 1,0.3378326753820651,0.40516896194290913,1.1720139238495062,0.4039684586761657
1.0,39,Layer 2,0.456004153799531,0.2672710501924814,0.8659976437218923,0.26647913422901914
1.0,39,Layer 3,0.6584994890574846,0.16124951957747152,0.48249576962904406,0.16077174217298995
1.0,39,Layer 4,0.647094402052677,0.16299485430092994,0.4840486063172678,0.16251190552293787
1.0,40,Layer 1,0.4317910258683899,0.18236483198861614,0.5718807892235909,0.1818244905579903
1.0,40,Layer 2,0.4907720184534198,0.17735059640934175,0.5464517839620039,0.17682511200568116
1.0,40,Layer 3,0.46781774680715504,0.22955375662984992,0.6969430319865214,0.22887359585592024
1.0,40,Layer 4,0.06237545863181672,0.32628913941886223,1.0818900098407398,0.3253223546585073
1.0,41,Layer 1,0.6320199927289188,0.2747390412376348,0.7997501738585856,0.2739249978446609
1.0,41,Layer 2,0.5195683742854367,0.4290999871522447,1.218843118976816,0.4278285769882834
1.0,41,Layer 3,0.7063343188716155,0.2640822781846539,0.7581469702991193,0.2632998104553158
1.0,41,Layer 4,0.5850285025101959,0.35886119109513764,0.9737991268694534,0.35779789633990444
1.0,42,Layer 1,-0.29453972811231255,0.42163829291735033,1.2352730216931065,0.42038899152564413
1.0,42,Layer 2,0.4577856363474592,0.1485743038428454,0.46486947936301176,0.14813408271568362
1.0,42,Layer 3,0.45339435955362706,0.15043435640805028,0.47371894015081767,0.14998862400191457
1.0,42,Layer 4,0.28950651275100453,0.24626958922883457,0.8273025288548601,0.24553989995315295
1.0,43,Layer 1,0.49679640902337074,0.3686930502150375,1.0602828579416588,0.3676006239613425
1.0,43,Layer 2,0.7395058748064319,0.20345982817701702,0.5829106623151232,0.20285698291659454
1.0,43,Layer 3,0.7515341585998574,0.1953924783854667,0.5737847101533524,0.19481353643622643
1.0,43,Layer 4,0.576057009003694,0.35180426241225066,0.9851723937715542,0.3507618771212972
1.0,44,Layer 1,-0.5320964381173833,0.30358153937188137,0.8750049319017216,0.3026820365373323
1.0,44,Layer 2,0.35392575794870607,0.11166095060942516,0.38468425137774037,0.11133010262114024
1.0,44,Layer 3,0.3748704307161747,0.09105451906139511,0.34886423449354864,0.09078472730079039
1.0,44,Layer 4,0.36977077752203624,0.10079524235694994,0.36480333045787317,0.10049658913054912
1.0,45,Layer 1,0.07676677776461195,0.5108636976371294,1.4021219303974,0.5093500240947801
1.0,45,Layer 2,0.5807714445163854,0.20140646725134462,0.5427505297188537,0.2008097060366675
1.0,45,Layer 3,0.5132587770712921,0.2292298735867808,0.6873885021772812,0.22855067246842142
1.0,45,Layer 4,0.5807134772976059,0.20545618661954315,0.5753157268332849,0.2048474262099929
1.0,46,Layer 1,0.19283413981903957,0.3321831218820641,1.059308990382418,0.3311988734315803
1.0,46,Layer 2,0.42004421313810597,0.20894440167795414,0.6616321821703279,0.2083253057936611
1.0,46,Layer 3,0.3374292773052142,0.28698072669777447,0.9346841340506904,0.28613041156445085
1.0,46,Layer 4,0.18767230235258264,0.2642104769597536,0.8956384504370676,0.26342762938135805
1.0,47,Layer 1,0.7567497560121972,0.20835164975872944,0.5690276552574229,0.20773431018027963
1.0,47,Layer 2,0.8127752573406728,0.21004164356013721,0.6174522440511349,0.20941929658163982
1.0,47,Layer 3,0.8422136423415364,0.16866080214244925,0.5135726844296492,0.16816106533395175
1.0,47,Layer 4,0.8518891040315508,0.15305002746469784,0.4342179721898999,0.1525965449050628
1.0,48,Layer 1,0.03602330093733947,0.3998238979951887,1.1422603766555288,0.39863923198976814
1.0,48,Layer 2,0.10494403987783577,0.22329832048121304,0.7173525644896723,0.222636694373649
1.0,48,Layer 3,0.4130345062098882,0.15836477773134128,0.4695857306080009,0.15789554772889508
1.0,48,Layer 4,0.3839907653153811,0.16327283584407945,0.4812577987820441,0.1627890634152602
1.0,49,Layer 1,0.31936172969567506,0.3627702775958923,0.9967356614268088,0.3616954003366794
1.0,49,Layer 2,0.24660636025632676,0.4190250105508964,1.1192776526389026,0.41778345223507335
1.0,49,Layer 3,0.40696531406127096,0.3697304540836911,0.9927826427599489,0.3686349540339993
1.0,49,Layer 4,0.24866322117838002,0.411624685769273,1.1310177901652265,0.4104050543898884
