epsilon,run,layer,energy_well_width,delta_u,n_dynamic_fc_windows
0.0,0,Layer 1,0.2461725183898199,2.0,169
0.0,1,Layer 1,0.2215552665508379,2.0,169
0.0,2,Layer 1,0.2461725183898199,2.0,169
0.0,3,Layer 1,0.2215552665508379,2.0,169
0.0,4,Layer 1,0.5908140441355677,2.0,169
0.0,5,Layer 1,0.1477035110338919,2.0,169
0.0,6,Layer 1,0.2461725183898199,2.0,169
0.0,7,Layer 1,0.2461725183898199,2.0,169
0.0,8,Layer 1,0.1723207628728739,2.0,169
0.0,9,Layer 1,1.1323935845931712,2.0,169
0.0,10,Layer 1,0.1477035110338919,2.0,169
0.0,11,Layer 1,1.1323935845931714,2.0,169
0.0,12,Layer 1,0.2215552665508379,2.0,169
0.0,13,Layer 1,0.1477035110338919,2.0,169
0.0,14,Layer 1,0.1969380147118559,2.0,169
0.0,15,Layer 1,0.1723207628728739,2.0,169
0.0,16,Layer 1,0.7385175551694596,2.0,169
0.0,17,Layer 1,0.1477035110338919,2.0,169
0.0,18,Layer 1,0.4431105331016757,2.0,169
0.0,19,Layer 1,0.2461725183898199,2.0,169
0.0,20,Layer 1,0.1477035110338919,2.0,169
0.0,21,Layer 1,0.2215552665508379,2.0,169
0.0,22,Layer 1,0.3938760294237117,2.0,169
0.0,23,Layer 1,0.9108383180423334,2.0,169
0.0,24,Layer 1,0.1477035110338919,2.0,169
0.0,25,Layer 1,0.1723207628728739,2.0,169
0.0,26,Layer 1,0.1723207628728739,2.0,169
0.0,27,Layer 1,0.2954070220677839,2.0,169
0.0,28,Layer 1,0.2215552665508379,2.0,169
0.0,29,Layer 1,0.7139003033304776,2.0,169
0.0,30,Layer 1,0.1477035110338919,2.0,169
0.0,31,Layer 1,0.1969380147118559,2.0,169
0.0,32,Layer 1,0.1723207628728739,2.0,169
0.0,33,Layer 1,0.2215552665508379,2.0,169
0.0,34,Layer 1,0.1969380147118559,2.0,169
0.0,35,Layer 1,0.2954070220677839,2.0,169
0.0,36,Layer 1,0.1969380147118559,2.0,169
0.0,37,Layer 1,0.1477035110338919,2.0,169
0.0,38,Layer 1,1.2062453401101172,2.0,169
0.0,39,Layer 1,1.1077763327541894,2.0,169
0.0,40,Layer 1,0.2215552665508379,2.0,169
0.0,41,Layer 1,0.1723207628728739,2.0,169
0.0,42,Layer 1,0.1969380147118559,2.0,169
0.0,43,Layer 1,1.1323935845931712,2.0,169
0.0,44,Layer 1,0.1477035110338919,2.0,169
0.0,45,Layer 1,0.2215552665508379,2.0,169
0.0,46,Layer 1,0.4431105331016758,2.0,169
0.0,47,Layer 1,0.2707897702288019,2.0,169
0.0,48,Layer 1,1.0093073253982614,2.0,169
0.0,49,Layer 1,0.6400485478135316,2.0,169
0.0,0,Layer 2,0.20264338459474673,2.0,169
0.0,1,Layer 2,0.11053275523349815,2.0,169
0.0,2,Layer 2,0.11053275523349815,2.0,169
0.0,3,Layer 2,0.20264338459474673,2.0,169
0.0,4,Layer 2,0.5158195244229922,2.0,169
0.0,5,Layer 2,0.16579913285024728,2.0,169
0.0,6,Layer 2,0.14737700697799772,2.0,169
0.0,7,Layer 2,0.22106551046699652,2.0,169
0.0,8,Layer 2,0.11053275523349815,2.0,169
0.0,9,Layer 2,0.6447744055287401,2.0,169
0.0,10,Layer 2,0.1473770069779976,2.0,169
0.0,11,Layer 2,0.7184629090177389,2.0,169
0.0,12,Layer 2,0.1657991328502474,2.0,169
0.0,13,Layer 2,0.11053275523349815,2.0,169
0.0,14,Layer 2,0.18422125872249706,2.0,169
0.0,15,Layer 2,0.1657991328502474,2.0,169
0.0,16,Layer 2,0.6079301537842406,2.0,169
0.0,17,Layer 2,0.16579913285024728,2.0,169
0.0,18,Layer 2,0.4973973985507425,2.0,169
0.0,19,Layer 2,0.20264338459474673,2.0,169
0.0,20,Layer 2,0.09211062936124847,2.0,169
0.0,21,Layer 2,0.11053275523349815,2.0,169
0.0,22,Layer 2,0.257909762211496,2.0,169
0.0,23,Layer 2,0.9211062936124859,2.0,169
0.0,24,Layer 2,0.09211062936124847,2.0,169
0.0,25,Layer 2,0.12895488110574782,2.0,169
0.0,26,Layer 2,0.12895488110574782,2.0,169
0.0,27,Layer 2,0.1657991328502474,2.0,169
0.0,28,Layer 2,0.1657991328502474,2.0,169
0.0,29,Layer 2,0.8289956642512373,2.0,169
0.0,30,Layer 2,0.12895488110574782,2.0,169
0.0,31,Layer 2,0.12895488110574782,2.0,169
0.0,32,Layer 2,0.12895488110574782,2.0,169
0.0,33,Layer 2,0.12895488110574782,2.0,169
0.0,34,Layer 2,0.12895488110574782,2.0,169
0.0,35,Layer 2,0.1473770069779976,2.0,169
0.0,36,Layer 2,0.09211062936124847,2.0,169
0.0,37,Layer 2,0.09211062936124847,2.0,169
0.0,38,Layer 2,0.5895080279119911,2.0,169
0.0,39,Layer 2,1.0132169229737344,2.0,169
0.0,40,Layer 2,0.18422125872249706,2.0,169
0.0,41,Layer 2,0.11053275523349815,2.0,169
0.0,42,Layer 2,0.1473770069779976,2.0,169
0.0,43,Layer 2,1.1421718040794826,2.0,169
0.0,44,Layer 2,0.09211062936124847,2.0,169
0.0,45,Layer 2,0.1657991328502474,2.0,169
0.0,46,Layer 2,0.29475401395599554,2.0,169
0.0,47,Layer 2,0.22106551046699652,2.0,169
0.0,48,Layer 2,0.4789752726784926,2.0,169
0.0,49,Layer 2,0.22106551046699674,2.0,169
0.0,0,Layer 3,0.21591961852669816,2.0,169
0.0,1,Layer 3,0.09965520855078369,2.0,169
0.0,2,Layer 3,0.13287361140104503,2.0,169
0.0,3,Layer 3,0.11626440997591436,2.0,169
0.0,4,Layer 3,0.18270121567643693,2.0,169
0.0,5,Layer 3,0.09965520855078369,2.0,169
0.0,6,Layer 3,0.13287361140104503,2.0,169
0.0,7,Layer 3,0.1494828128261756,2.0,169
0.0,8,Layer 3,0.11626440997591436,2.0,169
0.0,9,Layer 3,0.5148852441790499,2.0,169
0.0,10,Layer 3,0.18270121567643682,2.0,169
0.0,11,Layer 3,0.6145404527298337,2.0,169
0.0,12,Layer 3,0.11626440997591436,2.0,169
0.0,13,Layer 3,0.08304600712565302,2.0,169
0.0,14,Layer 3,0.13287361140104503,2.0,169
0.0,15,Layer 3,0.18270121567643682,2.0,169
0.0,16,Layer 3,0.597931251304703,2.0,169
0.0,17,Layer 3,0.09965520855078369,2.0,169
0.0,18,Layer 3,0.21591961852669828,2.0,169
0.0,19,Layer 3,0.1993104171015675,2.0,169
0.0,20,Layer 3,0.08304600712565302,2.0,169
0.0,21,Layer 3,0.1494828128261756,2.0,169
0.0,22,Layer 3,0.26574722280209007,2.0,169
0.0,23,Layer 3,0.7972416684062708,2.0,169
0.0,24,Layer 3,0.08304600712565302,2.0,169
0.0,25,Layer 3,0.09965520855078369,2.0,169
0.0,26,Layer 3,0.11626440997591436,2.0,169
0.0,27,Layer 3,0.16609201425130615,2.0,169
0.0,28,Layer 3,0.1494828128261756,2.0,169
0.0,29,Layer 3,0.880287675531924,2.0,169
0.0,30,Layer 3,0.11626440997591436,2.0,169
0.0,31,Layer 3,0.09965520855078369,2.0,169
0.0,32,Layer 3,0.11626440997591436,2.0,169
0.0,33,Layer 3,0.13287361140104503,2.0,169
0.0,34,Layer 3,0.11626440997591436,2.0,169
0.0,35,Layer 3,0.13287361140104503,2.0,169
0.0,36,Layer 3,0.09965520855078369,2.0,169
0.0,37,Layer 3,0.08304600712565302,2.0,169
0.0,38,Layer 3,0.4484484384785272,2.0,169
0.0,39,Layer 3,0.78063246698114,2.0,169
0.0,40,Layer 3,0.21591961852669816,2.0,169
0.0,41,Layer 3,0.09965520855078369,2.0,169
0.0,42,Layer 3,0.09965520855078369,2.0,169
0.0,43,Layer 3,1.0131612869329691,2.0,169
0.0,44,Layer 3,0.09965520855078369,2.0,169
0.0,45,Layer 3,0.16609201425130615,2.0,169
0.0,46,Layer 3,0.3155748270774821,2.0,169
0.0,47,Layer 3,0.09965520855078369,2.0,169
0.0,48,Layer 3,0.49827604275391923,2.0,169
0.0,49,Layer 3,0.1494828128261756,2.0,169
0.0,0,Layer 4,0.23411795549711822,2.0,169
0.0,1,Layer 4,0.2341179554971181,2.0,169
0.0,2,Layer 4,0.1638825688479827,2.0,169
0.0,3,Layer 4,0.21070615994740638,2.0,169
0.0,4,Layer 4,0.5618830931930835,2.0,169
0.0,5,Layer 4,0.18729436439769442,2.0,169
0.0,6,Layer 4,0.1638825688479828,2.0,169
0.0,7,Layer 4,0.3745887287953892,2.0,169
0.0,8,Layer 4,0.14047077329827085,2.0,169
0.0,9,Layer 4,0.5618830931930836,2.0,169
0.0,10,Layer 4,0.18729436439769453,2.0,169
0.0,11,Layer 4,0.9130600264387607,2.0,169
0.0,12,Layer 4,0.21070615994740638,2.0,169
0.0,13,Layer 4,0.21070615994740638,2.0,169
0.0,14,Layer 4,0.1638825688479827,2.0,169
0.0,15,Layer 4,0.18729436439769453,2.0,169
0.0,16,Layer 4,0.889648230889049,2.0,169
0.0,17,Layer 4,0.14047077329827085,2.0,169
0.0,18,Layer 4,0.866236435339337,2.0,169
0.0,19,Layer 4,0.23411795549711822,2.0,169
0.0,20,Layer 4,0.21070615994740627,2.0,169
0.0,21,Layer 4,0.18729436439769465,2.0,169
0.0,22,Layer 4,0.3277651376959655,2.0,169
0.0,23,Layer 4,1.0535307997370316,2.0,169
0.0,24,Layer 4,0.117058977748559,2.0,169
0.0,25,Layer 4,0.11705897774855911,2.0,169
0.0,26,Layer 4,0.18729436439769453,2.0,169
0.0,27,Layer 4,0.30435334214625365,2.0,169
0.0,28,Layer 4,0.2809415465965418,2.0,169
0.0,29,Layer 4,0.8896482308890489,2.0,169
0.0,30,Layer 4,0.1638825688479827,2.0,169
0.0,31,Layer 4,0.11705897774855911,2.0,169
0.0,32,Layer 4,0.1638825688479827,2.0,169
0.0,33,Layer 4,0.1638825688479827,2.0,169
0.0,34,Layer 4,0.18729436439769453,2.0,169
0.0,35,Layer 4,0.2341179554971181,2.0,169
0.0,36,Layer 4,0.1638825688479827,2.0,169
0.0,37,Layer 4,0.14047077329827096,2.0,169
0.0,38,Layer 4,0.49164770654394807,2.0,169
0.0,39,Layer 4,1.3110605507838615,2.0,169
0.0,40,Layer 4,0.30435334214625354,2.0,169
0.0,41,Layer 4,0.14047077329827085,2.0,169
0.0,42,Layer 4,0.2341179554971181,2.0,169
0.0,43,Layer 4,1.147177981935879,2.0,169
0.0,44,Layer 4,0.11705897774855911,2.0,169
0.0,45,Layer 4,0.21070615994740638,2.0,169
0.0,46,Layer 4,0.42141231989481265,2.0,169
0.0,47,Layer 4,0.1638825688479827,2.0,169
0.0,48,Layer 4,0.49164770654394796,2.0,169
0.0,49,Layer 4,0.1638825688479827,2.0,169
0.05,0,Layer 1,1.3378738977713098,2.0,169
0.05,1,Layer 1,0.33446847444282757,2.0,169
0.05,2,Layer 1,0.5917519163219256,2.0,169
0.05,3,Layer 1,0.771850325637294,2.0,169
0.05,4,Layer 1,0.28301178606700794,2.0,169
0.05,5,Layer 1,1.2349605210196706,2.0,169
0.05,6,Layer 1,1.4665156187108588,2.0,169
0.05,7,Layer 1,0.6946652930735647,2.0,169
0.05,8,Layer 1,0.257283441879098,2.0,169
0.05,9,Layer 1,0.2830117860670077,2.0,169
0.05,10,Layer 1,1.2092321768317607,2.0,169
0.05,11,Layer 1,0.2058267535032784,2.0,169
0.05,12,Layer 1,0.2315550976911882,2.0,169
0.05,13,Layer 1,1.5437006512745883,2.0,169
0.05,14,Layer 1,0.3859251628186471,2.0,169
0.05,15,Layer 1,0.30874013025491764,2.0,169
0.05,16,Layer 1,0.8747637023889332,2.0,169
0.05,17,Layer 1,1.2092321768317607,2.0,169
0.05,18,Layer 1,1.4407872745229489,2.0,169
0.05,19,Layer 1,0.2315550976911882,2.0,169
0.05,20,Layer 1,0.36019681863073727,2.0,169
0.05,21,Layer 1,0.30874013025491764,2.0,169
0.05,22,Layer 1,0.30874013025491764,2.0,169
0.05,23,Layer 1,0.411653507006557,2.0,169
0.05,24,Layer 1,0.1800984093153687,2.0,169
0.05,25,Layer 1,0.9519487349526626,2.0,169
0.05,26,Layer 1,1.1320471442680313,2.0,169
0.05,27,Layer 1,0.4116535070065569,2.0,169
0.05,28,Layer 1,1.0034054233284824,2.0,169
0.05,29,Layer 1,1.080590455892212,2.0,169
0.05,30,Layer 1,0.30874013025491764,2.0,169
0.05,31,Layer 1,0.7461219814493845,2.0,169
0.05,32,Layer 1,0.12864172093954895,2.0,169
0.05,33,Layer 1,0.257283441879098,2.0,169
0.05,34,Layer 1,0.2315550976911882,2.0,169
0.05,35,Layer 1,0.30874013025491764,2.0,169
0.05,36,Layer 1,1.3378738977713098,2.0,169
0.05,37,Layer 1,0.2058267535032785,2.0,169
0.05,38,Layer 1,1.029133767516392,2.0,169
0.05,39,Layer 1,0.15437006512745866,2.0,169
0.05,40,Layer 1,1.054862111704302,2.0,169
0.05,41,Layer 1,0.18009840931536847,2.0,169
0.05,42,Layer 1,1.0548621117043018,2.0,169
0.05,43,Layer 1,0.2058267535032785,2.0,169
0.05,44,Layer 1,1.0034054233284824,2.0,169
0.05,45,Layer 1,0.20582675350327817,2.0,169
0.05,46,Layer 1,0.2315550976911882,2.0,169
0.05,47,Layer 1,0.18009840931536836,2.0,169
0.05,48,Layer 1,0.8490353582010235,2.0,169
0.05,49,Layer 1,0.6174802605098354,2.0,169
0.05,0,Layer 2,0.6145984229582085,2.0,169
0.05,1,Layer 2,0.2633993241249465,2.0,169
0.05,2,Layer 2,0.2633993241249465,2.0,169
0.05,3,Layer 2,1.2950466769476536,2.0,169
0.05,4,Layer 2,0.1536496057395521,2.0,169
0.05,5,Layer 2,0.9438475781143916,2.0,169
0.05,6,Layer 2,0.6584983103123663,2.0,169
0.05,7,Layer 2,0.35119909883326195,2.0,169
0.05,8,Layer 2,0.1536496057395521,2.0,169
0.05,9,Layer 2,0.19754949309370984,2.0,169
0.05,10,Layer 2,0.9657975217914705,2.0,169
0.05,11,Layer 2,0.15364960573955222,2.0,169
0.05,12,Layer 2,0.19754949309370984,2.0,169
0.05,13,Layer 2,0.6145984229582084,2.0,169
0.05,14,Layer 2,0.32924915515618314,2.0,169
0.05,15,Layer 2,0.15364960573955222,2.0,169
0.05,16,Layer 2,0.32924915515618314,2.0,169
0.05,17,Layer 2,1.1852969585622595,2.0,169
0.05,18,Layer 2,0.899947690760234,2.0,169
0.05,19,Layer 2,0.17559954941663092,2.0,169
0.05,20,Layer 2,0.21949943677078876,2.0,169
0.05,21,Layer 2,0.1536496057395521,2.0,169
0.05,22,Layer 2,0.2633993241249466,2.0,169
0.05,23,Layer 2,0.4389988735415775,2.0,169
0.05,24,Layer 2,0.19754949309370984,2.0,169
0.05,25,Layer 2,0.8121479160519184,2.0,169
0.05,26,Layer 2,0.9438475781143916,2.0,169
0.05,27,Layer 2,0.2853492678020253,2.0,169
0.05,28,Layer 2,0.48289876089573536,2.0,169
0.05,29,Layer 2,0.5706985356040508,2.0,169
0.05,30,Layer 2,0.2633993241249465,2.0,169
0.05,31,Layer 2,0.8121479160519184,2.0,169
0.05,32,Layer 2,0.15364960573955222,2.0,169
0.05,33,Layer 2,0.1316996620624733,2.0,169
0.05,34,Layer 2,0.1316996620624733,2.0,169
0.05,35,Layer 2,0.19754949309370984,2.0,169
0.05,36,Layer 2,0.899947690760234,2.0,169
0.05,37,Layer 2,0.17559954941663103,2.0,169
0.05,38,Layer 2,1.0755472401768649,2.0,169
0.05,39,Layer 2,0.1316996620624733,2.0,169
0.05,40,Layer 2,0.9657975217914705,2.0,169
0.05,41,Layer 2,0.1316996620624733,2.0,169
0.05,42,Layer 2,0.8779977470831549,2.0,169
0.05,43,Layer 2,0.17559954941663092,2.0,169
0.05,44,Layer 2,0.5926484792811296,2.0,169
0.05,45,Layer 2,0.15364960573955222,2.0,169
0.05,46,Layer 2,0.17559954941663103,2.0,169
0.05,47,Layer 2,0.1316996620624733,2.0,169
0.05,48,Layer 2,0.8999476907602338,2.0,169
0.05,49,Layer 2,0.3950989861874197,2.0,169
0.05,0,Layer 3,0.6232133454457777,2.0,169
0.05,1,Layer 3,0.2492853381783111,2.0,169
0.05,2,Layer 3,0.3947017854489926,2.0,169
0.05,3,Layer 3,0.9971413527132442,2.0,169
0.05,4,Layer 3,0.14541644727068148,2.0,169
0.05,5,Layer 3,0.8932724618056147,2.0,169
0.05,6,Layer 3,0.7478560145349331,2.0,169
0.05,7,Layer 3,0.3323804509044148,2.0,169
0.05,8,Layer 3,0.20773778181525915,2.0,169
0.05,9,Layer 3,0.20773778181525915,2.0,169
0.05,10,Layer 3,0.8932724618056147,2.0,169
0.05,11,Layer 3,0.1661902254522073,2.0,169
0.05,12,Layer 3,0.18696400363373322,2.0,169
0.05,13,Layer 3,0.5816657890827258,2.0,169
0.05,14,Layer 3,0.35315422908594074,2.0,169
0.05,15,Layer 3,0.1661902254522073,2.0,169
0.05,16,Layer 3,0.37392800726746667,2.0,169
0.05,17,Layer 3,1.2048791345285035,2.0,169
0.05,18,Layer 3,0.9971413527132442,2.0,169
0.05,19,Layer 3,0.20773778181525915,2.0,169
0.05,20,Layer 3,0.18696400363373322,2.0,169
0.05,21,Layer 3,0.20773778181525926,2.0,169
0.05,22,Layer 3,0.20773778181525915,2.0,169
0.05,23,Layer 3,0.27005911635983704,2.0,169
0.05,24,Layer 3,0.1661902254522073,2.0,169
0.05,25,Layer 3,0.6855346799903554,2.0,169
0.05,26,Layer 3,1.0594626872578221,2.0,169
0.05,27,Layer 3,0.27005911635983704,2.0,169
0.05,28,Layer 3,0.4154755636305184,2.0,169
0.05,29,Layer 3,0.540118232719674,2.0,169
0.05,30,Layer 3,0.3323804509044148,2.0,169
0.05,31,Layer 3,0.6024395672642517,2.0,169
0.05,32,Layer 3,0.10386889090762952,2.0,169
0.05,33,Layer 3,0.14541644727068137,2.0,169
0.05,34,Layer 3,0.14541644727068137,2.0,169
0.05,35,Layer 3,0.18696400363373322,2.0,169
0.05,36,Layer 3,1.080236465439348,2.0,169
0.05,37,Layer 3,0.14541644727068137,2.0,169
0.05,38,Layer 3,1.1010102436208737,2.0,169
0.05,39,Layer 3,0.12464266908915556,2.0,169
0.05,40,Layer 3,1.0179151308947703,2.0,169
0.05,41,Layer 3,0.12464266908915544,2.0,169
0.05,42,Layer 3,0.7478560145349333,2.0,169
0.05,43,Layer 3,0.1661902254522074,2.0,169
0.05,44,Layer 3,0.6647609018088296,2.0,169
0.05,45,Layer 3,0.14541644727068148,2.0,169
0.05,46,Layer 3,0.14541644727068137,2.0,169
0.05,47,Layer 3,0.1661902254522074,2.0,169
0.05,48,Layer 3,0.6647609018088296,2.0,169
0.05,49,Layer 3,0.4777968981750962,2.0,169
0.05,0,Layer 4,0.5745336054534725,2.0,169
0.05,1,Layer 4,0.1675723015905961,2.0,169
0.05,2,Layer 4,0.4069613038628763,2.0,169
0.05,3,Layer 4,0.7899837074985246,2.0,169
0.05,4,Layer 4,0.2154501020450521,2.0,169
0.05,5,Layer 4,1.173006111134173,2.0,169
0.05,6,Layer 4,0.6702892063623845,2.0,169
0.05,7,Layer 4,0.3830224036356483,2.0,169
0.05,8,Layer 4,0.3351446031811923,2.0,169
0.05,9,Layer 4,0.21545010204505222,2.0,169
0.05,10,Layer 4,0.8857393084074368,2.0,169
0.05,11,Layer 4,0.16757230159059622,2.0,169
0.05,12,Layer 4,0.21545010204505222,2.0,169
0.05,13,Layer 4,0.6463503061351565,2.0,169
0.05,14,Layer 4,0.3830224036356483,2.0,169
0.05,15,Layer 4,0.16757230159059622,2.0,169
0.05,16,Layer 4,0.3351446031811923,2.0,169
0.05,17,Layer 4,1.149067210906945,2.0,169
0.05,18,Layer 4,1.4363340136336813,2.0,169
0.05,19,Layer 4,0.23938900227228022,2.0,169
0.05,20,Layer 4,0.19151120181782422,2.0,169
0.05,21,Layer 4,0.2154501020450521,2.0,169
0.05,22,Layer 4,0.23938900227228022,2.0,169
0.05,23,Layer 4,0.23938900227228022,2.0,169
0.05,24,Layer 4,0.19151120181782422,2.0,169
0.05,25,Layer 4,0.8378615079529808,2.0,169
0.05,26,Layer 4,1.244822811815857,2.0,169
0.05,27,Layer 4,0.3830224036356483,2.0,169
0.05,28,Layer 4,0.45483910431733243,2.0,169
0.05,29,Layer 4,0.5266558049990164,2.0,169
0.05,30,Layer 4,0.2872668027267362,2.0,169
0.05,31,Layer 4,0.5984725056807005,2.0,169
0.05,32,Layer 4,0.11969450113614011,2.0,169
0.05,33,Layer 4,0.14363340136336822,2.0,169
0.05,34,Layer 4,0.11969450113614011,2.0,169
0.05,35,Layer 4,0.19151120181782422,2.0,169
0.05,36,Layer 4,0.9814949093163488,2.0,169
0.05,37,Layer 4,0.16757230159059622,2.0,169
0.05,38,Layer 4,1.125128310679717,2.0,169
0.05,39,Layer 4,0.14363340136336822,2.0,169
0.05,40,Layer 4,1.196945011361401,2.0,169
0.05,41,Layer 4,0.11969450113614011,2.0,169
0.05,42,Layer 4,0.8857393084074368,2.0,169
0.05,43,Layer 4,0.2872668027267362,2.0,169
0.05,44,Layer 4,0.5984725056807005,2.0,169
0.05,45,Layer 4,0.19151120181782433,2.0,169
0.05,46,Layer 4,0.19151120181782422,2.0,169
0.05,47,Layer 4,0.14363340136336822,2.0,169
0.05,48,Layer 4,0.7899837074985248,2.0,169
0.05,49,Layer 4,0.5027169047717884,2.0,169
0.1,0,Layer 1,0.25153649417641444,2.0,169
0.1,1,Layer 1,0.4276120400999046,2.0,169
0.1,2,Layer 1,0.6791485342763193,2.0,169
0.1,3,Layer 1,0.20122919534113137,2.0,169
0.1,4,Layer 1,1.0312996261232994,2.0,169
0.1,5,Layer 1,0.37730474126462166,2.0,169
0.1,6,Layer 1,0.37730474126462177,2.0,169
0.1,7,Layer 1,1.282836120299714,2.0,169
0.1,8,Layer 1,0.15092189650584853,2.0,169
0.1,9,Layer 1,0.7294558331116021,2.0,169
0.1,10,Layer 1,0.20122919534113148,2.0,169
0.1,11,Layer 1,0.5030729883528289,2.0,169
0.1,12,Layer 1,0.27669014359405586,2.0,169
0.1,13,Layer 1,0.20122919534113137,2.0,169
0.1,14,Layer 1,0.27669014359405586,2.0,169
0.1,15,Layer 1,0.3521510918469801,2.0,169
0.1,16,Layer 1,0.27669014359405586,2.0,169
0.1,17,Layer 1,0.25153649417641444,2.0,169
0.1,18,Layer 1,0.15092189650584853,2.0,169
0.1,19,Layer 1,0.25153649417641444,2.0,169
0.1,20,Layer 1,0.2263828447587728,2.0,169
0.1,21,Layer 1,0.779763131946885,2.0,169
0.1,22,Layer 1,0.4276120400999046,2.0,169
0.1,23,Layer 1,0.20122919534113137,2.0,169
0.1,24,Layer 1,0.25153649417641444,2.0,169
0.1,25,Layer 1,0.7294558331116019,2.0,169
0.1,26,Layer 1,0.7294558331116021,2.0,169
0.1,27,Layer 1,0.25153649417641444,2.0,169
0.1,28,Layer 1,0.2012291953411316,2.0,169
0.1,29,Layer 1,0.22638284475877302,2.0,169
0.1,30,Layer 1,0.20122919534113148,2.0,169
0.1,31,Layer 1,0.5030729883528289,2.0,169
0.1,32,Layer 1,0.7546094825292435,2.0,169
0.1,33,Layer 1,0.3018437930116973,2.0,169
0.1,34,Layer 1,0.35215109184698024,2.0,169
0.1,35,Layer 1,1.4840653156408454,2.0,169
0.1,36,Layer 1,0.3018437930116973,2.0,169
0.1,37,Layer 1,0.5785339366057533,2.0,169
0.1,38,Layer 1,0.20122919534113137,2.0,169
0.1,39,Layer 1,0.45276568951754603,2.0,169
0.1,40,Layer 1,1.2828361202997138,2.0,169
0.1,41,Layer 1,1.1822215226291481,2.0,169
0.1,42,Layer 1,0.20122919534113148,2.0,169
0.1,43,Layer 1,0.7294558331116021,2.0,169
0.1,44,Layer 1,0.3269974424293387,2.0,169
0.1,45,Layer 1,0.7043021836939606,2.0,169
0.1,46,Layer 1,0.25153649417641444,2.0,169
0.1,47,Layer 1,0.3269974424293388,2.0,169
0.1,48,Layer 1,0.779763131946885,2.0,169
0.1,49,Layer 1,0.3018437930116973,2.0,169
0.1,0,Layer 2,0.1387991465020103,2.0,169
0.1,1,Layer 2,0.1908488264402639,2.0,169
0.1,2,Layer 2,0.34699786625502527,2.0,169
0.1,3,Layer 2,0.10409935987650765,2.0,169
0.1,4,Layer 2,0.4857970127570354,2.0,169
0.1,5,Layer 2,0.1908488264402639,2.0,169
0.1,6,Layer 2,0.17349893312751263,2.0,169
0.1,7,Layer 2,0.8327948790120606,2.0,169
0.1,8,Layer 2,0.10409935987650776,2.0,169
0.1,9,Layer 2,0.6072462659462943,2.0,169
0.1,10,Layer 2,0.19084882644026402,2.0,169
0.1,11,Layer 2,0.22554861306576646,2.0,169
0.1,12,Layer 2,0.20819871975301518,2.0,169
0.1,13,Layer 2,0.10409935987650776,2.0,169
0.1,14,Layer 2,0.20819871975301518,2.0,169
0.1,15,Layer 2,0.20819871975301518,2.0,169
0.1,16,Layer 2,0.20819871975301518,2.0,169
0.1,17,Layer 2,0.1387991465020102,2.0,169
0.1,18,Layer 2,0.12144925318925892,2.0,169
0.1,19,Layer 2,0.1908488264402639,2.0,169
0.1,20,Layer 2,0.15614903981476147,2.0,169
0.1,21,Layer 2,0.659295945884548,2.0,169
0.1,22,Layer 2,0.20819871975301518,2.0,169
0.1,23,Layer 2,0.1387991465020103,2.0,169
0.1,24,Layer 2,0.1387991465020102,2.0,169
0.1,25,Layer 2,0.589896372633543,2.0,169
0.1,26,Layer 2,0.6939957325100505,2.0,169
0.1,27,Layer 2,0.1387991465020102,2.0,169
0.1,28,Layer 2,0.10409935987650765,2.0,169
0.1,29,Layer 2,0.15614903981476136,2.0,169
0.1,30,Layer 2,0.15614903981476136,2.0,169
0.1,31,Layer 2,0.5031469060697866,2.0,169
0.1,32,Layer 2,0.5725464793207917,2.0,169
0.1,33,Layer 2,0.10409935987650765,2.0,169
0.1,34,Layer 2,0.260248399691269,2.0,169
0.1,35,Layer 2,0.6766458391972994,2.0,169
0.1,36,Layer 2,0.17349893312751263,2.0,169
0.1,37,Layer 2,0.260248399691269,2.0,169
0.1,38,Layer 2,0.1387991465020103,2.0,169
0.1,39,Layer 2,0.34699786625502527,2.0,169
0.1,40,Layer 2,0.7633953057610556,2.0,169
0.1,41,Layer 2,0.6766458391972994,2.0,169
0.1,42,Layer 2,0.20819871975301518,2.0,169
0.1,43,Layer 2,0.329647972942274,2.0,169
0.1,44,Layer 2,0.20819871975301518,2.0,169
0.1,45,Layer 2,0.659295945884548,2.0,169
0.1,46,Layer 2,0.12144925318925903,2.0,169
0.1,47,Layer 2,0.2775982930040203,2.0,169
0.1,48,Layer 2,0.260248399691269,2.0,169
0.1,49,Layer 2,0.29494818631677155,2.0,169
0.1,0,Layer 3,0.12453056504844895,2.0,169
0.1,1,Layer 3,0.2490611300968979,2.0,169
0.1,2,Layer 3,0.37359169514534685,2.0,169
0.1,3,Layer 3,0.12453056504844895,2.0,169
0.1,4,Layer 3,0.4091718565877609,2.0,169
0.1,5,Layer 3,0.1779008072120698,2.0,169
0.1,6,Layer 3,0.7827635517331076,2.0,169
0.1,7,Layer 3,0.9962445203875916,2.0,169
0.1,8,Layer 3,0.0889504036060349,2.0,169
0.1,9,Layer 3,0.6582329866846588,2.0,169
0.1,10,Layer 3,0.160110726490863,2.0,169
0.1,11,Layer 3,0.21348096865448385,2.0,169
0.1,12,Layer 3,0.19569088793327682,2.0,169
0.1,13,Layer 3,0.10674048432724192,2.0,169
0.1,14,Layer 3,0.14232064576965597,2.0,169
0.1,15,Layer 3,0.1601107264908629,2.0,169
0.1,16,Layer 3,0.16011072649086278,2.0,169
0.1,17,Layer 3,0.2490611300968979,2.0,169
0.1,18,Layer 3,0.14232064576965597,2.0,169
0.1,19,Layer 3,0.1601107264908629,2.0,169
0.1,20,Layer 3,0.160110726490863,2.0,169
0.1,21,Layer 3,0.7827635517331077,2.0,169
0.1,22,Layer 3,0.21348096865448385,2.0,169
0.1,23,Layer 3,0.12453056504844895,2.0,169
0.1,24,Layer 3,0.14232064576965597,2.0,169
0.1,25,Layer 3,0.4269619373089678,2.0,169
0.1,26,Layer 3,0.6938131481270728,2.0,169
0.1,27,Layer 3,0.30243137226051875,2.0,169
0.1,28,Layer 3,0.12453056504844895,2.0,169
0.1,29,Layer 3,0.12453056504844895,2.0,169
0.1,30,Layer 3,0.23127104937569087,2.0,169
0.1,31,Layer 3,0.3380115337029328,2.0,169
0.1,32,Layer 3,0.6048627445210378,2.0,169
0.1,33,Layer 3,0.10674048432724192,2.0,169
0.1,34,Layer 3,0.30243137226051875,2.0,169
0.1,35,Layer 3,0.6048627445210377,2.0,169
0.1,36,Layer 3,0.1779008072120698,2.0,169
0.1,37,Layer 3,0.23127104937569098,2.0,169
0.1,38,Layer 3,0.10674048432724192,2.0,169
0.1,39,Layer 3,0.2490611300968979,2.0,169
0.1,40,Layer 3,0.6938131481270728,2.0,169
0.1,41,Layer 3,0.6582329866846588,2.0,169
0.1,42,Layer 3,0.14232064576965597,2.0,169
0.1,43,Layer 3,0.30243137226051875,2.0,169
0.1,44,Layer 3,0.21348096865448385,2.0,169
0.1,45,Layer 3,0.2490611300968979,2.0,169
0.1,46,Layer 3,0.10674048432724192,2.0,169
0.1,47,Layer 3,0.2846412915393117,2.0,169
0.1,48,Layer 3,0.21348096865448385,2.0,169
0.1,49,Layer 3,0.1779008072120698,2.0,169
0.1,0,Layer 4,0.2390827714081345,2.0,169
0.1,1,Layer 4,0.21734797400739503,2.0,169
0.1,2,Layer 4,0.34775675841183207,2.0,169
0.1,3,Layer 4,0.13040878440443693,2.0,169
0.1,4,Layer 4,0.49990034021700847,2.0,169
0.1,5,Layer 4,0.2390827714081345,2.0,169
0.1,6,Layer 4,0.19561317660665556,2.0,169
0.1,7,Layer 4,1.173679059639933,2.0,169
0.1,8,Layer 4,0.13040878440443682,2.0,169
0.1,9,Layer 4,0.7389831116251431,2.0,169
0.1,10,Layer 4,0.28255236620961355,2.0,169
0.1,11,Layer 4,0.19561317660665556,2.0,169
0.1,12,Layer 4,0.21734797400739503,2.0,169
0.1,13,Layer 4,0.13040878440443682,2.0,169
0.1,14,Layer 4,0.17387837920591587,2.0,169
0.1,15,Layer 4,0.1521435818051765,2.0,169
0.1,16,Layer 4,0.21734797400739503,2.0,169
0.1,17,Layer 4,0.2608175688088741,2.0,169
0.1,18,Layer 4,0.17387837920591598,2.0,169
0.1,19,Layer 4,0.2390827714081346,2.0,169
0.1,20,Layer 4,0.10867398700369746,2.0,169
0.1,21,Layer 4,1.043270275235496,2.0,169
0.1,22,Layer 4,0.2608175688088741,2.0,169
0.1,23,Layer 4,0.1521435818051764,2.0,169
0.1,24,Layer 4,0.21734797400739492,2.0,169
0.1,25,Layer 4,0.8911266934303196,2.0,169
0.1,26,Layer 4,0.8476570986288405,2.0,169
0.1,27,Layer 4,0.2390827714081344,2.0,169
0.1,28,Layer 4,0.17387837920591598,2.0,169
0.1,29,Layer 4,0.19561317660665534,2.0,169
0.1,30,Layer 4,0.28255236620961355,2.0,169
0.1,31,Layer 4,0.8476570986288405,2.0,169
0.1,32,Layer 4,0.7389831116251431,2.0,169
0.1,33,Layer 4,0.21734797400739503,2.0,169
0.1,34,Layer 4,0.304287163610353,2.0,169
0.1,35,Layer 4,0.7172483142244036,2.0,169
0.1,36,Layer 4,0.17387837920591598,2.0,169
0.1,37,Layer 4,0.608574327220706,2.0,169
0.1,38,Layer 4,0.13040878440443682,2.0,169
0.1,39,Layer 4,0.34775675841183207,2.0,169
0.1,40,Layer 4,0.6955135168236641,2.0,169
0.1,41,Layer 4,1.0650050726362355,2.0,169
0.1,42,Layer 4,0.21734797400739503,2.0,169
0.1,43,Layer 4,0.3260219610110925,2.0,169
0.1,44,Layer 4,0.21734797400739503,2.0,169
0.1,45,Layer 4,0.8911266934303196,2.0,169
0.1,46,Layer 4,0.1521435818051764,2.0,169
0.1,47,Layer 4,0.304287163610353,2.0,169
0.1,48,Layer 4,0.2390827714081346,2.0,169
0.1,49,Layer 4,0.391226353213311,2.0,169
0.15,0,Layer 1,0.20933033593668726,2.0,169
0.15,1,Layer 1,0.34016179589711726,2.0,169
0.15,2,Layer 1,1.4653123515568123,2.0,169
0.15,3,Layer 1,0.5233258398417188,2.0,169
0.15,4,Layer 1,0.15699775195251542,2.0,169
0.15,5,Layer 1,0.20933033593668726,2.0,169
0.15,6,Layer 1,1.54381122753307,2.0,169
0.15,7,Layer 1,0.1831640439446014,2.0,169
0.15,8,Layer 1,1.622310103509328,2.0,169
0.15,9,Layer 1,0.1831640439446014,2.0,169
0.15,10,Layer 1,0.1831640439446014,2.0,169
0.15,11,Layer 1,0.34016179589711726,2.0,169
0.15,12,Layer 1,0.9158202197230076,2.0,169
0.15,13,Layer 1,0.15699775195251542,2.0,169
0.15,14,Layer 1,0.1831640439446015,2.0,169
0.15,15,Layer 1,0.8111550517546641,2.0,169
0.15,16,Layer 1,0.15699775195251542,2.0,169
0.15,17,Layer 1,0.18316404394460162,2.0,169
0.15,18,Layer 1,0.23549662792877313,2.0,169
0.15,19,Layer 1,0.20933033593668726,2.0,169
0.15,20,Layer 1,0.2616629199208593,2.0,169
0.15,21,Layer 1,1.2559820156201247,2.0,169
0.15,22,Layer 1,0.34016179589711726,2.0,169
0.15,23,Layer 1,0.366328087889203,2.0,169
0.15,24,Layer 1,1.6746426874934996,2.0,169
0.15,25,Layer 1,1.1251505556596952,2.0,169
0.15,26,Layer 1,1.3083145996042966,2.0,169
0.15,27,Layer 1,0.2878292119129453,2.0,169
0.15,28,Layer 1,0.4709932558575467,2.0,169
0.15,29,Layer 1,0.8634876357388359,2.0,169
0.15,30,Layer 1,0.1831640439446014,2.0,169
0.15,31,Layer 1,0.9943190956992654,2.0,169
0.15,32,Layer 1,0.3139955039050313,2.0,169
0.15,33,Layer 1,0.2878292119129454,2.0,169
0.15,34,Layer 1,0.811155051754664,2.0,169
0.15,35,Layer 1,0.9943190956992655,2.0,169
0.15,36,Layer 1,1.177483139643867,2.0,169
0.15,37,Layer 1,0.13083145996042944,2.0,169
0.15,38,Layer 1,0.23549662792877313,2.0,169
0.15,39,Layer 1,1.596143811517242,2.0,169
0.15,40,Layer 1,0.6279910078100626,2.0,169
0.15,41,Layer 1,0.23549662792877335,2.0,169
0.15,42,Layer 1,0.3139955039050313,2.0,169
0.15,43,Layer 1,0.15699775195251542,2.0,169
0.15,44,Layer 1,0.4971595478496327,2.0,169
0.15,45,Layer 1,1.569977519525156,2.0,169
0.15,46,Layer 1,1.3868134755805546,2.0,169
0.15,47,Layer 1,0.9943190956992656,2.0,169
0.15,48,Layer 1,0.2878292119129451,2.0,169
0.15,49,Layer 1,1.4391460595647263,2.0,169
0.15,0,Layer 2,0.16109791961978814,2.0,169
0.15,1,Layer 2,0.26178411938215573,2.0,169
0.15,2,Layer 2,1.08741095743357,2.0,169
0.15,3,Layer 2,0.40274479904947036,2.0,169
0.15,4,Layer 2,0.14096067966731463,2.0,169
0.15,5,Layer 2,0.12082343971484111,2.0,169
0.15,6,Layer 2,0.7249406382890466,2.0,169
0.15,7,Layer 2,0.10068619976236759,2.0,169
0.15,8,Layer 2,0.6041171985742055,2.0,169
0.15,9,Layer 2,0.16109791961978814,2.0,169
0.15,10,Layer 2,0.10068619976236759,2.0,169
0.15,11,Layer 2,0.14096067966731463,2.0,169
0.15,12,Layer 2,0.3221958392395763,2.0,169
0.15,13,Layer 2,0.16109791961978814,2.0,169
0.15,14,Layer 2,0.24164687942968222,2.0,169
0.15,15,Layer 2,0.4228820390019439,2.0,169
0.15,16,Layer 2,0.10068619976236759,2.0,169
0.15,17,Layer 2,0.2215096394772087,2.0,169
0.15,18,Layer 2,0.12082343971484111,2.0,169
0.15,19,Layer 2,0.12082343971484111,2.0,169
0.15,20,Layer 2,0.18123515957226166,2.0,169
0.15,21,Layer 2,0.7450778782415202,2.0,169
0.15,22,Layer 2,0.28192135933462925,2.0,169
0.15,23,Layer 2,0.20137239952473518,2.0,169
0.15,24,Layer 2,0.3423330791920498,2.0,169
0.15,25,Layer 2,0.38260755909699684,2.0,169
0.15,26,Layer 2,0.7450778782415202,2.0,169
0.15,27,Layer 2,0.18123515957226166,2.0,169
0.15,28,Layer 2,0.20137239952473518,2.0,169
0.15,29,Layer 2,0.6443916784791526,2.0,169
0.15,30,Layer 2,0.14096067966731463,2.0,169
0.15,31,Layer 2,0.5638427186692585,2.0,169
0.15,32,Layer 2,0.503430998811838,2.0,169
0.15,33,Layer 2,0.2215096394772087,2.0,169
0.15,34,Layer 2,1.047136477528623,2.0,169
0.15,35,Layer 2,0.9867247576712024,2.0,169
0.15,36,Layer 2,0.48329375885936443,2.0,169
0.15,37,Layer 2,0.20137239952473518,2.0,169
0.15,38,Layer 2,0.16109791961978814,2.0,169
0.15,39,Layer 2,0.6846661583840996,2.0,169
0.15,40,Layer 2,0.38260755909699684,2.0,169
0.15,41,Layer 2,0.18123515957226166,2.0,169
0.15,42,Layer 2,0.24164687942968222,2.0,169
0.15,43,Layer 2,0.10068619976236759,2.0,169
0.15,44,Layer 2,0.2215096394772087,2.0,169
0.15,45,Layer 2,0.8054895980989407,2.0,169
0.15,46,Layer 2,0.7249406382890466,2.0,169
0.15,47,Layer 2,0.8659013179563613,2.0,169
0.15,48,Layer 2,0.14096067966731463,2.0,169
0.15,49,Layer 2,0.8256268380514142,2.0,169
0.15,0,Layer 3,0.11072758090345858,2.0,169
0.15,1,Layer 3,0.1660913713551877,2.0,169
0.15,2,Layer 3,1.0703666154000986,2.0,169
0.15,3,Layer 3,0.461364920431077,2.0,169
0.15,4,Layer 3,0.11072758090345858,2.0,169
0.15,5,Layer 3,0.11072758090345858,2.0,169
0.15,6,Layer 3,0.7935476631414524,2.0,169
0.15,7,Layer 3,0.09227298408621543,2.0,169
0.15,8,Layer 3,0.6274562917862647,2.0,169
0.15,9,Layer 3,0.1291821777207015,2.0,169
0.15,10,Layer 3,0.09227298408621543,2.0,169
0.15,11,Layer 3,0.2030005649896739,2.0,169
0.15,12,Layer 3,0.4244557267965908,2.0,169
0.15,13,Layer 3,0.11072758090345836,2.0,169
0.15,14,Layer 3,0.2030005649896739,2.0,169
0.15,15,Layer 3,0.5536379045172923,2.0,169
0.15,16,Layer 3,0.09227298408621543,2.0,169
0.15,17,Layer 3,0.2030005649896739,2.0,169
0.15,18,Layer 3,0.14763677453794466,2.0,169
0.15,19,Layer 3,0.11072758090345858,2.0,169
0.15,20,Layer 3,0.1660913713551877,2.0,169
0.15,21,Layer 3,0.71972927587248,2.0,169
0.15,22,Layer 3,0.23990975862415997,2.0,169
0.15,23,Layer 3,0.2583643554414031,2.0,169
0.15,24,Layer 3,0.9780936313138832,2.0,169
0.15,25,Layer 3,0.4244557267965908,2.0,169
0.15,26,Layer 3,0.7750930663242093,2.0,169
0.15,27,Layer 3,0.23990975862416009,2.0,169
0.15,28,Layer 3,0.22145516180691693,2.0,169
0.15,29,Layer 3,0.6274562917862647,2.0,169
0.15,30,Layer 3,0.12918217772070162,2.0,169
0.15,31,Layer 3,0.6090016949690216,2.0,169
0.15,32,Layer 3,0.18454596817243074,2.0,169
0.15,33,Layer 3,0.2583643554414031,2.0,169
0.15,34,Layer 3,0.7935476631414523,2.0,169
0.15,35,Layer 3,0.7197292758724801,2.0,169
0.15,36,Layer 3,0.47981951724832,2.0,169
0.15,37,Layer 3,0.1660913713551878,2.0,169
0.15,38,Layer 3,0.14763677453794466,2.0,169
0.15,39,Layer 3,0.5905470981517785,2.0,169
0.15,40,Layer 3,0.3690919363448616,2.0,169
0.15,41,Layer 3,0.14763677453794466,2.0,169
0.15,42,Layer 3,0.2952735490758892,2.0,169
0.15,43,Layer 3,0.09227298408621543,2.0,169
0.15,44,Layer 3,0.31372814589313236,2.0,169
0.15,45,Layer 3,0.7935476631414524,2.0,169
0.15,46,Layer 3,0.71972927587248,2.0,169
0.15,47,Layer 3,1.2364579867552863,2.0,169
0.15,48,Layer 3,0.12918217772070162,2.0,169
0.15,49,Layer 3,0.8673660504104247,2.0,169
0.15,0,Layer 4,0.19052744285272516,2.0,169
0.15,1,Layer 4,0.2328668745977751,2.0,169
0.15,2,Layer 4,1.121994941243825,2.0,169
0.15,3,Layer 4,0.2328668745977751,2.0,169
0.15,4,Layer 4,0.1481880111076752,2.0,169
0.15,5,Layer 4,0.1481880111076752,2.0,169
0.15,6,Layer 4,0.7621097714109001,2.0,169
0.15,7,Layer 4,0.10584857936262515,2.0,169
0.15,8,Layer 4,0.656261192048275,2.0,169
0.15,9,Layer 4,0.148188011107675,2.0,169
0.15,10,Layer 4,0.12701829523515018,2.0,169
0.15,11,Layer 4,0.4022246015779751,2.0,169
0.15,12,Layer 4,0.33871545396040004,2.0,169
0.15,13,Layer 4,0.148188011107675,2.0,169
0.15,14,Layer 4,0.16935772698020013,2.0,169
0.15,15,Layer 4,0.6350914761757501,2.0,169
0.15,16,Layer 4,0.10584857936262515,2.0,169
0.15,17,Layer 4,0.16935772698020013,2.0,169
0.15,18,Layer 4,0.12701829523515018,2.0,169
0.15,19,Layer 4,0.1481880111076752,2.0,169
0.15,20,Layer 4,0.27520630634282517,2.0,169
0.15,21,Layer 4,0.63509147617575,2.0,169
0.15,22,Layer 4,0.27520630634282517,2.0,169
0.15,23,Layer 4,0.42339431745050016,2.0,169
0.15,24,Layer 4,0.9949766460086751,2.0,169
0.15,25,Layer 4,0.3810548857054501,2.0,169
0.15,26,Layer 4,0.7409400555383752,2.0,169
0.15,27,Layer 4,0.1481880111076752,2.0,169
0.15,28,Layer 4,0.21169715872525008,2.0,169
0.15,29,Layer 4,1.0796555094987752,2.0,169
0.15,30,Layer 4,0.1481880111076752,2.0,169
0.15,31,Layer 4,0.5080731809406002,2.0,169
0.15,32,Layer 4,0.48690346506807525,2.0,169
0.15,33,Layer 4,0.27520630634282517,2.0,169
0.15,34,Layer 4,0.9314674983911001,2.0,169
0.15,35,Layer 4,0.8467886349010001,2.0,169
0.15,36,Layer 4,0.486903465068075,2.0,169
0.15,37,Layer 4,0.19052744285272505,2.0,169
0.15,38,Layer 4,0.1481880111076752,2.0,169
0.15,39,Layer 4,0.6986006237933251,2.0,169
0.15,40,Layer 4,0.4657337491955502,2.0,169
0.15,41,Layer 4,0.2963760222153501,2.0,169
0.15,42,Layer 4,0.27520630634282517,2.0,169
0.15,43,Layer 4,0.12701829523515018,2.0,169
0.15,44,Layer 4,0.21169715872525008,2.0,169
0.15,45,Layer 4,0.97380693013615,2.0,169
0.15,46,Layer 4,0.9314674983911002,2.0,169
0.15,47,Layer 4,1.2701829523515,2.0,169
0.15,48,Layer 4,0.19052744285272516,2.0,169
0.15,49,Layer 4,0.846788634901,2.0,169
0.2,0,Layer 1,0.3640290932745428,2.0,169
0.2,1,Layer 1,0.832066498913241,2.0,169
0.2,2,Layer 1,1.430114295007133,2.0,169
0.2,3,Layer 1,0.15601246854623274,2.0,169
0.2,4,Layer 1,0.2340187028193489,2.0,169
0.2,5,Layer 1,0.7280581865490859,2.0,169
0.2,6,Layer 1,0.31202493709246526,2.0,169
0.2,7,Layer 1,0.6500519522759695,2.0,169
0.2,8,Layer 1,0.49403948372973694,2.0,169
0.2,9,Layer 1,0.18201454663727124,2.0,169
0.2,10,Layer 1,0.8580685770042799,2.0,169
0.2,11,Layer 1,1.06608520173259,2.0,169
0.2,12,Layer 1,0.31202493709246537,2.0,169
0.2,13,Layer 1,0.20801662472831017,2.0,169
0.2,14,Layer 1,0.15601246854623274,2.0,169
0.2,15,Layer 1,0.15601246854623274,2.0,169
0.2,16,Layer 1,0.2600207809103877,2.0,169
0.2,17,Layer 1,0.2340187028193489,2.0,169
0.2,18,Layer 1,0.18201454663727157,2.0,169
0.2,19,Layer 1,0.7800623427311634,2.0,169
0.2,20,Layer 1,0.5460436399118145,2.0,169
0.2,21,Layer 1,1.4821184511892107,2.0,169
0.2,22,Layer 1,0.7020561084580471,2.0,169
0.2,23,Layer 1,1.092087279823629,2.0,169
0.2,24,Layer 1,0.31202493709246537,2.0,169
0.2,25,Layer 1,0.20801662472831006,2.0,169
0.2,26,Layer 1,0.18201454663727157,2.0,169
0.2,27,Layer 1,0.2340187028193489,2.0,169
0.2,28,Layer 1,0.7800623427311634,2.0,169
0.2,29,Layer 1,0.832066498913241,2.0,169
0.2,30,Layer 1,0.15601246854623274,2.0,169
0.2,31,Layer 1,0.2600207809103877,2.0,169
0.2,32,Layer 1,0.4420353275476593,2.0,169
0.2,33,Layer 1,0.28602285900142665,2.0,169
0.2,34,Layer 1,0.20801662472831006,2.0,169
0.2,35,Layer 1,1.092087279823629,2.0,169
0.2,36,Layer 1,0.4680374056386979,2.0,169
0.2,37,Layer 1,0.2600207809103877,2.0,169
0.2,38,Layer 1,0.28602285900142654,2.0,169
0.2,39,Layer 1,1.4821184511892107,2.0,169
0.2,40,Layer 1,0.15601246854623274,2.0,169
0.2,41,Layer 1,0.2340187028193489,2.0,169
0.2,42,Layer 1,1.430114295007133,2.0,169
0.2,43,Layer 1,0.2600207809103877,2.0,169
0.2,44,Layer 1,0.2340187028193489,2.0,169
0.2,45,Layer 1,0.2340187028193489,2.0,169
0.2,46,Layer 1,0.2340187028193489,2.0,169
0.2,47,Layer 1,1.3521080607340168,2.0,169
0.2,48,Layer 1,1.4041122169160942,2.0,169
0.2,49,Layer 1,0.28602285900142665,2.0,169
0.2,0,Layer 2,0.18405639346569114,2.0,169
0.2,1,Layer 2,0.7914424919024716,2.0,169
0.2,2,Layer 2,0.9939045247147318,2.0,169
0.2,3,Layer 2,0.1472451147725531,2.0,169
0.2,4,Layer 2,0.14724511477255298,2.0,169
0.2,5,Layer 2,0.5521691803970732,2.0,169
0.2,6,Layer 2,0.18405639346569114,2.0,169
0.2,7,Layer 2,0.165650754119122,2.0,169
0.2,8,Layer 2,0.662603016476488,2.0,169
0.2,9,Layer 2,0.29449022954510573,2.0,169
0.2,10,Layer 2,0.6257917377833497,2.0,169
0.2,11,Layer 2,0.40492406562452044,2.0,169
0.2,12,Layer 2,0.18405639346569114,2.0,169
0.2,13,Layer 2,0.12883947542598384,2.0,169
0.2,14,Layer 2,0.1104338360794147,2.0,169
0.2,15,Layer 2,0.12883947542598395,2.0,169
0.2,16,Layer 2,0.12883947542598395,2.0,169
0.2,17,Layer 2,0.16565075411912222,2.0,169
0.2,18,Layer 2,0.1104338360794147,2.0,169
0.2,19,Layer 2,0.6073860984367805,2.0,169
0.2,20,Layer 2,1.1043383607941464,2.0,169
0.2,21,Layer 2,0.6073860984367807,2.0,169
0.2,22,Layer 2,0.7914424919024716,2.0,169
0.2,23,Layer 2,0.9754988853681628,2.0,169
0.2,24,Layer 2,0.36811278693138216,2.0,169
0.2,25,Layer 2,0.11043383607941482,2.0,169
0.2,26,Layer 2,0.12883947542598384,2.0,169
0.2,27,Layer 2,0.12883947542598395,2.0,169
0.2,28,Layer 2,0.42332970497108946,2.0,169
0.2,29,Layer 2,0.7546312132093334,2.0,169
0.2,30,Layer 2,0.14724511477255298,2.0,169
0.2,31,Layer 2,0.18405639346569114,2.0,169
0.2,32,Layer 2,0.4969522623573659,2.0,169
0.2,33,Layer 2,0.2760845901985366,2.0,169
0.2,34,Layer 2,0.11043383607941482,2.0,169
0.2,35,Layer 2,0.44173534431765865,2.0,169
0.2,36,Layer 2,0.14724511477255298,2.0,169
0.2,37,Layer 2,0.16565075411912222,2.0,169
0.2,38,Layer 2,0.09202819673284568,2.0,169
0.2,39,Layer 2,0.699414295169626,2.0,169
0.2,40,Layer 2,0.12883947542598395,2.0,169
0.2,41,Layer 2,0.1472451147725531,2.0,169
0.2,42,Layer 2,0.6441973771299188,2.0,169
0.2,43,Layer 2,0.1472451147725531,2.0,169
0.2,44,Layer 2,0.12883947542598395,2.0,169
0.2,45,Layer 2,0.16565075411912222,2.0,169
0.2,46,Layer 2,0.25767895085196757,2.0,169
0.2,47,Layer 2,0.7178199345161953,2.0,169
0.2,48,Layer 2,1.049121442754439,2.0,169
0.2,49,Layer 2,0.18405639346569114,2.0,169
0.2,0,Layer 3,0.18829036431499224,2.0,169
0.2,1,Layer 3,0.3765807286299846,2.0,169
0.2,2,Layer 3,1.0167679673009582,2.0,169
0.2,3,Layer 3,0.13180325502049461,2.0,169
0.2,4,Layer 3,0.13180325502049461,2.0,169
0.2,5,Layer 3,0.6025291658079754,2.0,169
0.2,6,Layer 3,0.15063229145199375,2.0,169
0.2,7,Layer 3,0.13180325502049461,2.0,169
0.2,8,Layer 3,0.8096485665544668,2.0,169
0.2,9,Layer 3,0.22594843717799074,2.0,169
0.2,10,Layer 3,0.3012645829039877,2.0,169
0.2,11,Layer 3,0.47072591078748066,2.0,169
0.2,12,Layer 3,0.15063229145199375,2.0,169
0.2,13,Layer 3,0.11297421858899548,2.0,169
0.2,14,Layer 3,0.11297421858899548,2.0,169
0.2,15,Layer 3,0.11297421858899537,2.0,169
0.2,16,Layer 3,0.169461327883493,2.0,169
0.2,17,Layer 3,0.2071194007464915,2.0,169
0.2,18,Layer 3,0.11297421858899548,2.0,169
0.2,19,Layer 3,0.3389226557669861,2.0,169
0.2,20,Layer 3,1.073255076595456,2.0,169
0.2,21,Layer 3,0.6213582022394746,2.0,169
0.2,22,Layer 3,0.6778453115339722,2.0,169
0.2,23,Layer 3,1.0355970037324576,2.0,169
0.2,24,Layer 3,0.28243554647248836,2.0,169
0.2,25,Layer 3,0.11297421858899537,2.0,169
0.2,26,Layer 3,0.11297421858899548,2.0,169
0.2,27,Layer 3,0.11297421858899537,2.0,169
0.2,28,Layer 3,0.39540976506148384,2.0,169
0.2,29,Layer 3,0.7719904936914683,2.0,169
0.2,30,Layer 3,0.15063229145199397,2.0,169
0.2,31,Layer 3,0.18829036431499224,2.0,169
0.2,32,Layer 3,0.4707259107874807,2.0,169
0.2,33,Layer 3,0.18829036431499224,2.0,169
0.2,34,Layer 3,0.13180325502049461,2.0,169
0.2,35,Layer 3,0.5083839836504791,2.0,169
0.2,36,Layer 3,0.32009361933548686,2.0,169
0.2,37,Layer 3,0.13180325502049461,2.0,169
0.2,38,Layer 3,0.09414518215749612,2.0,169
0.2,39,Layer 3,0.7155033843969707,2.0,169
0.2,40,Layer 3,0.169461327883493,2.0,169
0.2,41,Layer 3,0.15063229145199386,2.0,169
0.2,42,Layer 3,0.7908195301229675,2.0,169
0.2,43,Layer 3,0.15063229145199386,2.0,169
0.2,44,Layer 3,0.13180325502049461,2.0,169
0.2,45,Layer 3,0.169461327883493,2.0,169
0.2,46,Layer 3,0.24477747360948987,2.0,169
0.2,47,Layer 3,0.7343324208284698,2.0,169
0.2,48,Layer 3,1.0167679673009584,2.0,169
0.2,49,Layer 3,0.15063229145199375,2.0,169
0.2,0,Layer 4,0.2375638326827212,2.0,169
0.2,1,Layer 4,0.688935114779891,2.0,169
0.2,2,Layer 4,1.2828446964866935,2.0,169
0.2,3,Layer 4,0.19005106614617673,2.0,169
0.2,4,Layer 4,0.19005106614617695,2.0,169
0.2,5,Layer 4,0.688935114779891,2.0,169
0.2,6,Layer 4,0.19005106614617695,2.0,169
0.2,7,Layer 4,0.33258936575580944,2.0,169
0.2,8,Layer 4,0.688935114779891,2.0,169
0.2,9,Layer 4,0.16629468287790483,2.0,169
0.2,10,Layer 4,0.47512766536544215,2.0,169
0.2,11,Layer 4,0.4276148988288979,2.0,169
0.2,12,Layer 4,0.4038585155606258,2.0,169
0.2,13,Layer 4,0.1425382996096325,2.0,169
0.2,14,Layer 4,0.1425382996096327,2.0,169
0.2,15,Layer 4,0.1662946828779046,2.0,169
0.2,16,Layer 4,0.16629468287790483,2.0,169
0.2,17,Layer 4,0.2375638326827212,2.0,169
0.2,18,Layer 4,0.1425382996096325,2.0,169
0.2,19,Layer 4,0.35634574902408156,2.0,169
0.2,20,Layer 4,1.3303574630232378,2.0,169
0.2,21,Layer 4,1.3066010797549659,2.0,169
0.2,22,Layer 4,0.6651787315116189,2.0,169
0.2,23,Layer 4,0.9977680972674283,2.0,169
0.2,24,Layer 4,0.47512766536544215,2.0,169
0.2,25,Layer 4,0.1425382996096327,2.0,169
0.2,26,Layer 4,0.1662946828779046,2.0,169
0.2,27,Layer 4,0.1425382996096327,2.0,169
0.2,28,Layer 4,0.3801021322923537,2.0,169
0.2,29,Layer 4,1.1640627801453332,2.0,169
0.2,30,Layer 4,0.1662946828779046,2.0,169
0.2,31,Layer 4,0.19005106614617695,2.0,169
0.2,32,Layer 4,0.49888404863371427,2.0,169
0.2,33,Layer 4,0.2375638326827212,2.0,169
0.2,34,Layer 4,0.1425382996096327,2.0,169
0.2,35,Layer 4,0.5463968151702583,2.0,169
0.2,36,Layer 4,0.2850765992192652,2.0,169
0.2,37,Layer 4,0.35634574902408156,2.0,169
0.2,38,Layer 4,0.1425382996096327,2.0,169
0.2,39,Layer 4,0.8077170311212516,2.0,169
0.2,40,Layer 4,0.16629468287790483,2.0,169
0.2,41,Layer 4,0.21380744941444907,2.0,169
0.2,42,Layer 4,1.0215244805357004,2.0,169
0.2,43,Layer 4,0.19005106614617695,2.0,169
0.2,44,Layer 4,0.1425382996096327,2.0,169
0.2,45,Layer 4,0.16629468287790483,2.0,169
0.2,46,Layer 4,0.35634574902408156,2.0,169
0.2,47,Layer 4,0.7126914980481631,2.0,169
0.2,48,Layer 4,1.2590883132184216,2.0,169
0.2,49,Layer 4,0.35634574902408156,2.0,169
0.25,0,Layer 1,0.7774822742202908,2.0,169
0.25,1,Layer 1,0.3109929096881161,2.0,169
0.25,2,Layer 1,0.8033983500276338,2.0,169
0.25,3,Layer 1,0.2850768338807731,2.0,169
0.25,4,Layer 1,1.5549645484405816,2.0,169
0.25,5,Layer 1,0.5701536677615466,2.0,169
0.25,6,Layer 1,0.7515661984129478,2.0,169
0.25,7,Layer 1,0.2591607580734302,2.0,169
0.25,8,Layer 1,0.2332446822660872,2.0,169
0.25,9,Layer 1,0.20732860645874407,2.0,169
0.25,10,Layer 1,0.2850768338807731,2.0,169
0.25,11,Layer 1,0.4924054403395175,2.0,169
0.25,12,Layer 1,0.4924054403395175,2.0,169
0.25,13,Layer 1,1.6327127758626105,2.0,169
0.25,14,Layer 1,0.18141253065140095,2.0,169
0.25,15,Layer 1,0.18141253065140095,2.0,169
0.25,16,Layer 1,0.20732860645874407,2.0,169
0.25,17,Layer 1,0.2591607580734303,2.0,169
0.25,18,Layer 1,0.20732860645874407,2.0,169
0.25,19,Layer 1,0.2591607580734302,2.0,169
0.25,20,Layer 1,1.2698877145598082,2.0,169
0.25,21,Layer 1,0.20732860645874407,2.0,169
0.25,22,Layer 1,0.2332446822660872,2.0,169
0.25,23,Layer 1,0.20732860645874407,2.0,169
0.25,24,Layer 1,0.20732860645874418,2.0,169
0.25,25,Layer 1,0.2591607580734302,2.0,169
0.25,26,Layer 1,0.9070626532570059,2.0,169
0.25,27,Layer 1,1.6845449274772966,2.0,169
0.25,28,Layer 1,0.38874113711014546,2.0,169
0.25,29,Layer 1,0.41465721291748836,2.0,169
0.25,30,Layer 1,0.20732860645874407,2.0,169
0.25,31,Layer 1,0.15549645484405783,2.0,169
0.25,32,Layer 1,0.2591607580734302,2.0,169
0.25,33,Layer 1,0.2591607580734301,2.0,169
0.25,34,Layer 1,0.18141253065140095,2.0,169
0.25,35,Layer 1,0.5183215161468606,2.0,169
0.25,36,Layer 1,0.18141253065140095,2.0,169
0.25,37,Layer 1,0.85523050164232,2.0,169
0.25,38,Layer 1,0.6997340467982618,2.0,169
0.25,39,Layer 1,1.2698877145598084,2.0,169
0.25,40,Layer 1,1.3994680935965236,2.0,169
0.25,41,Layer 1,1.243971638752465,2.0,169
0.25,42,Layer 1,0.6479018951835755,2.0,169
0.25,43,Layer 1,0.20732860645874418,2.0,169
0.25,44,Layer 1,0.36282506130280234,2.0,169
0.25,45,Layer 1,0.20732860645874407,2.0,169
0.25,46,Layer 1,0.38874113711014524,2.0,169
0.25,47,Layer 1,0.20732860645874407,2.0,169
0.25,48,Layer 1,0.2332446822660872,2.0,169
0.25,49,Layer 1,1.3217198661744944,2.0,169
0.25,0,Layer 2,0.9145556835498109,2.0,169
0.25,1,Layer 2,0.2012022503809583,2.0,169
0.25,2,Layer 2,0.23778447772295075,2.0,169
0.25,3,Layer 2,0.2012022503809583,2.0,169
0.25,4,Layer 2,0.6584800921558638,2.0,169
0.25,5,Layer 2,0.256075591393947,2.0,169
0.25,6,Layer 2,0.67677120582686,2.0,169
0.25,7,Layer 2,0.10974668202597737,2.0,169
0.25,8,Layer 2,0.23778447772295075,2.0,169
0.25,9,Layer 2,0.16462002303896606,2.0,169
0.25,10,Layer 2,0.18291113670996206,2.0,169
0.25,11,Layer 2,0.2743667050649432,2.0,169
0.25,12,Layer 2,0.5304422964588903,2.0,169
0.25,13,Layer 2,0.6401889784848676,2.0,169
0.25,14,Layer 2,0.16462002303896606,2.0,169
0.25,15,Layer 2,0.1280377956969736,2.0,169
0.25,16,Layer 2,0.16462002303896606,2.0,169
0.25,17,Layer 2,0.21949336405195452,2.0,169
0.25,18,Layer 2,0.14632890936796983,2.0,169
0.25,19,Layer 2,0.256075591393947,2.0,169
0.25,20,Layer 2,0.5304422964588904,2.0,169
0.25,21,Layer 2,0.18291113670996229,2.0,169
0.25,22,Layer 2,0.10974668202597737,2.0,169
0.25,23,Layer 2,0.1280377956969736,2.0,169
0.25,24,Layer 2,0.18291113670996206,2.0,169
0.25,25,Layer 2,0.10974668202597737,2.0,169
0.25,26,Layer 2,0.585315637471879,2.0,169
0.25,27,Layer 2,0.6950623194978562,2.0,169
0.25,28,Layer 2,0.2012022503809583,2.0,169
0.25,29,Layer 2,0.21949336405195452,2.0,169
0.25,30,Layer 2,0.1280377956969736,2.0,169
0.25,31,Layer 2,0.2012022503809583,2.0,169
0.25,32,Layer 2,0.14632890936796983,2.0,169
0.25,33,Layer 2,0.14632890936796983,2.0,169
0.25,34,Layer 2,0.09145556835498114,2.0,169
0.25,35,Layer 2,0.2012022503809583,2.0,169
0.25,36,Layer 2,0.14632890936796983,2.0,169
0.25,37,Layer 2,0.3841133870909206,2.0,169
0.25,38,Layer 2,0.29265781873593943,2.0,169
0.25,39,Layer 2,0.585315637471879,2.0,169
0.25,40,Layer 2,0.6401889784848676,2.0,169
0.25,41,Layer 2,0.6036067511428751,2.0,169
0.25,42,Layer 2,0.6584800921558638,2.0,169
0.25,43,Layer 2,0.42069561443291303,2.0,169
0.25,44,Layer 2,0.29265781873593943,2.0,169
0.25,45,Layer 2,0.10974668202597737,2.0,169
0.25,46,Layer 2,0.16462002303896595,2.0,169
0.25,47,Layer 2,0.18291113670996217,2.0,169
0.25,48,Layer 2,0.1280377956969736,2.0,169
0.25,49,Layer 2,0.5304422964588903,2.0,169
0.25,0,Layer 3,0.8814001333302632,2.0,169
0.25,1,Layer 3,0.21153603199926319,2.0,169
0.25,2,Layer 3,0.2644200399990789,2.0,169
0.25,3,Layer 3,0.15865202399944756,2.0,169
0.25,4,Layer 3,0.740376111997421,2.0,169
0.25,5,Layer 3,0.22916403466586843,2.0,169
0.25,6,Layer 3,0.3349320506655,2.0,169
0.25,7,Layer 3,0.1057680159996317,2.0,169
0.25,8,Layer 3,0.12339601866623684,2.0,169
0.25,9,Layer 3,0.12339601866623695,2.0,169
0.25,10,Layer 3,0.1762800266660527,2.0,169
0.25,11,Layer 3,0.2820480426656843,2.0,169
0.25,12,Layer 3,0.2996760453322894,2.0,169
0.25,13,Layer 3,0.6874921039976052,2.0,169
0.25,14,Layer 3,0.15865202399944733,2.0,169
0.25,15,Layer 3,0.12339601866623684,2.0,169
0.25,16,Layer 3,0.1410240213328422,2.0,169
0.25,17,Layer 3,0.2644200399990789,2.0,169
0.25,18,Layer 3,0.1762800266660527,2.0,169
0.25,19,Layer 3,0.1410240213328422,2.0,169
0.25,20,Layer 3,0.4583280693317369,2.0,169
0.25,21,Layer 3,0.12339601866623684,2.0,169
0.25,22,Layer 3,0.1410240213328422,2.0,169
0.25,23,Layer 3,0.12339601866623695,2.0,169
0.25,24,Layer 3,0.1410240213328422,2.0,169
0.25,25,Layer 3,0.1057680159996317,2.0,169
0.25,26,Layer 3,0.7580041146640264,2.0,169
0.25,27,Layer 3,0.7051201066642105,2.0,169
0.25,28,Layer 3,0.21153603199926319,2.0,169
0.25,29,Layer 3,0.1762800266660527,2.0,169
0.25,30,Layer 3,0.1410240213328421,2.0,169
0.25,31,Layer 3,0.19390802933265805,2.0,169
0.25,32,Layer 3,0.1410240213328422,2.0,169
0.25,33,Layer 3,0.15865202399944744,2.0,169
0.25,34,Layer 3,0.1057680159996317,2.0,169
0.25,35,Layer 3,0.38781605866531577,2.0,169
0.25,36,Layer 3,0.1410240213328422,2.0,169
0.25,37,Layer 3,0.35256005333210527,2.0,169
0.25,38,Layer 3,0.3349320506655,2.0,169
0.25,39,Layer 3,0.5288400799981579,2.0,169
0.25,40,Layer 3,0.5288400799981581,2.0,169
0.25,41,Layer 3,0.5993520906645791,2.0,169
0.25,42,Layer 3,0.3701880559987105,2.0,169
0.25,43,Layer 3,0.1762800266660527,2.0,169
0.25,44,Layer 3,0.1762800266660527,2.0,169
0.25,45,Layer 3,0.12339601866623695,2.0,169
0.25,46,Layer 3,0.1762800266660527,2.0,169
0.25,47,Layer 3,0.1410240213328422,2.0,169
0.25,48,Layer 3,0.1410240213328422,2.0,169
0.25,49,Layer 3,0.5112120773315527,2.0,169
0.25,0,Layer 4,0.9996233957089586,2.0,169
0.25,1,Layer 4,0.26520620702482567,2.0,169
0.25,2,Layer 4,0.30600716195172195,2.0,169
0.25,3,Layer 4,0.2244052520979294,2.0,169
0.25,4,Layer 4,0.6936162337572366,2.0,169
0.25,5,Layer 4,0.28560668448827387,2.0,169
0.25,6,Layer 4,0.9180214858551661,2.0,169
0.25,7,Layer 4,0.12240286478068885,2.0,169
0.25,8,Layer 4,0.2244052520979294,2.0,169
0.25,9,Layer 4,0.14280334224413693,2.0,169
0.25,10,Layer 4,0.24480572956137747,2.0,169
0.25,11,Layer 4,0.26520620702482567,2.0,169
0.25,12,Layer 4,0.4080095492689626,2.0,169
0.25,13,Layer 4,0.32640763941517026,2.0,169
0.25,14,Layer 4,0.14280334224413693,2.0,169
0.25,15,Layer 4,0.14280334224413693,2.0,169
0.25,16,Layer 4,0.18360429717103322,2.0,169
0.25,17,Layer 4,0.24480572956137758,2.0,169
0.25,18,Layer 4,0.14280334224413682,2.0,169
0.25,19,Layer 4,0.26520620702482567,2.0,169
0.25,20,Layer 4,0.897621008391718,2.0,169
0.25,21,Layer 4,0.12240286478068874,2.0,169
0.25,22,Layer 4,0.16320381970758502,2.0,169
0.25,23,Layer 4,0.18360429717103322,2.0,169
0.25,24,Layer 4,0.18360429717103322,2.0,169
0.25,25,Layer 4,0.12240286478068885,2.0,169
0.25,26,Layer 4,0.6732157562937884,2.0,169
0.25,27,Layer 4,0.7344171886841329,2.0,169
0.25,28,Layer 4,0.26520620702482567,2.0,169
0.25,29,Layer 4,0.24480572956137747,2.0,169
0.25,30,Layer 4,0.16320381970758502,2.0,169
0.25,31,Layer 4,0.16320381970758502,2.0,169
0.25,32,Layer 4,0.14280334224413693,2.0,169
0.25,33,Layer 4,0.2040047746344813,2.0,169
0.25,34,Layer 4,0.2244052520979295,2.0,169
0.25,35,Layer 4,0.4284100267324108,2.0,169
0.25,36,Layer 4,0.16320381970758502,2.0,169
0.25,37,Layer 4,0.448810504195859,2.0,169
0.25,38,Layer 4,0.2652062070248258,2.0,169
0.25,39,Layer 4,0.7956186210744773,2.0,169
0.25,40,Layer 4,0.5508128915130996,2.0,169
0.25,41,Layer 4,0.6120143239034441,2.0,169
0.25,42,Layer 4,0.4692109816593071,2.0,169
0.25,43,Layer 4,0.32640763941517015,2.0,169
0.25,44,Layer 4,0.2040047746344813,2.0,169
0.25,45,Layer 4,0.14280334224413693,2.0,169
0.25,46,Layer 4,0.2244052520979294,2.0,169
0.25,47,Layer 4,0.16320381970758502,2.0,169
0.25,48,Layer 4,0.16320381970758502,2.0,169
0.25,49,Layer 4,0.7956186210744773,2.0,169
0.3,0,Layer 1,0.18785945286746975,2.0,169
0.3,1,Layer 1,1.529712687635111,2.0,169
0.3,2,Layer 1,1.1539937819001715,2.0,169
0.3,3,Layer 1,0.29520771164888104,2.0,169
0.3,4,Layer 1,0.4293930351256451,2.0,169
0.3,5,Layer 1,1.6102238817211694,2.0,169
0.3,6,Layer 1,0.2683706469535282,2.0,169
0.3,7,Layer 1,0.18785945286746975,2.0,169
0.3,8,Layer 1,0.8587860702512904,2.0,169
0.3,9,Layer 1,0.8051119408605847,2.0,169
0.3,10,Layer 1,0.45623009982099794,2.0,169
0.3,11,Layer 1,0.34888184103958675,2.0,169
0.3,12,Layer 1,0.3757189057349395,2.0,169
0.3,13,Layer 1,0.3220447763442339,2.0,169
0.3,14,Layer 1,0.18785945286746975,2.0,169
0.3,15,Layer 1,1.4760385582444053,2.0,169
0.3,16,Layer 1,0.29520771164888104,2.0,169
0.3,17,Layer 1,0.6977636820791734,2.0,169
0.3,18,Layer 1,1.1539937819001713,2.0,169
0.3,19,Layer 1,0.18785945286746975,2.0,169
0.3,20,Layer 1,0.18785945286746975,2.0,169
0.3,21,Layer 1,0.29520771164888104,2.0,169
0.3,22,Layer 1,0.1610223881721169,2.0,169
0.3,23,Layer 1,0.5099042292117036,2.0,169
0.3,24,Layer 1,1.3418532347676413,2.0,169
0.3,25,Layer 1,0.40255597043029223,2.0,169
0.3,26,Layer 1,0.8856231349466431,2.0,169
0.3,27,Layer 1,1.3418532347676413,2.0,169
0.3,28,Layer 1,1.4492014935490527,2.0,169
0.3,29,Layer 1,0.3220447763442339,2.0,169
0.3,30,Layer 1,1.1539937819001713,2.0,169
0.3,31,Layer 1,0.29520771164888104,2.0,169
0.3,32,Layer 1,0.18785945286746975,2.0,169
0.3,33,Layer 1,0.18785945286746975,2.0,169
0.3,34,Layer 1,1.3418532347676413,2.0,169
0.3,35,Layer 1,0.8587860702512904,2.0,169
0.3,36,Layer 1,0.3757189057349394,2.0,169
0.3,37,Layer 1,0.29520771164888104,2.0,169
0.3,38,Layer 1,0.29520771164888104,2.0,169
0.3,39,Layer 1,1.1003196525094658,2.0,169
0.3,40,Layer 1,0.3757189057349396,2.0,169
0.3,41,Layer 1,1.2881791053769356,2.0,169
0.3,42,Layer 1,1.4223644288536996,2.0,169
0.3,43,Layer 1,0.3757189057349396,2.0,169
0.3,44,Layer 1,0.2146965175628226,2.0,169
0.3,45,Layer 1,0.18785945286746975,2.0,169
0.3,46,Layer 1,0.24153358225817545,2.0,169
0.3,47,Layer 1,0.2146965175628226,2.0,169
0.3,48,Layer 1,0.24153358225817534,2.0,169
0.3,49,Layer 1,1.368690299462994,2.0,169
0.3,0,Layer 2,0.1523120279863669,2.0,169
0.3,1,Layer 2,0.6282871154437636,2.0,169
0.3,2,Layer 2,0.4378970804608049,2.0,169
0.3,3,Layer 2,0.1523120279863669,2.0,169
0.3,4,Layer 2,0.4759750874573967,2.0,169
0.3,5,Layer 2,0.87579416092161,2.0,169
0.3,6,Layer 2,0.3427020629693256,2.0,169
0.3,7,Layer 2,0.11423402098977531,2.0,169
0.3,8,Layer 2,0.3427020629693258,2.0,169
0.3,9,Layer 2,0.5140530944539884,2.0,169
0.3,10,Layer 2,0.4569360839591008,2.0,169
0.3,11,Layer 2,0.22846804197955028,2.0,169
0.3,12,Layer 2,0.2094290384812545,2.0,169
0.3,13,Layer 2,0.2475070454778463,2.0,169
0.3,14,Layer 2,0.1523120279863669,2.0,169
0.3,15,Layer 2,0.7425211364335389,2.0,169
0.3,16,Layer 2,0.2284680419795504,2.0,169
0.3,17,Layer 2,0.2284680419795504,2.0,169
0.3,18,Layer 2,0.5902091084471719,2.0,169
0.3,19,Layer 2,0.11423402098977509,2.0,169
0.3,20,Layer 2,0.11423402098977509,2.0,169
0.3,21,Layer 2,0.152312027986367,2.0,169
0.3,22,Layer 2,0.15231202798636712,2.0,169
0.3,23,Layer 2,0.5711701049488761,2.0,169
0.3,24,Layer 2,0.5140530944539885,2.0,169
0.3,25,Layer 2,0.4569360839591008,2.0,169
0.3,26,Layer 2,0.3617410664676215,2.0,169
0.3,27,Layer 2,0.6092481119454678,2.0,169
0.3,28,Layer 2,0.9709891784130893,2.0,169
0.3,29,Layer 2,0.1523120279863669,2.0,169
0.3,30,Layer 2,0.3046240559727339,2.0,169
0.3,31,Layer 2,0.2094290384812545,2.0,169
0.3,32,Layer 2,0.133273024488071,2.0,169
0.3,33,Layer 2,0.1523120279863669,2.0,169
0.3,34,Layer 2,0.5330920979522843,2.0,169
0.3,35,Layer 2,0.6854041259386512,2.0,169
0.3,36,Layer 2,0.3236630594710297,2.0,169
0.3,37,Layer 2,0.1713510314846629,2.0,169
0.3,38,Layer 2,0.11423402098977509,2.0,169
0.3,39,Layer 2,0.9900281819113851,2.0,169
0.3,40,Layer 2,0.2475070454778462,2.0,169
0.3,41,Layer 2,0.7996381469284264,2.0,169
0.3,42,Layer 2,0.8186771504267224,2.0,169
0.3,43,Layer 2,0.1903900349829587,2.0,169
0.3,44,Layer 2,0.1332730244880712,2.0,169
0.3,45,Layer 2,0.11423402098977509,2.0,169
0.3,46,Layer 2,0.133273024488071,2.0,169
0.3,47,Layer 2,0.1523120279863669,2.0,169
0.3,48,Layer 2,0.1713510314846629,2.0,169
0.3,49,Layer 2,0.7996381469284265,2.0,169
0.3,0,Layer 3,0.09780817296736632,2.0,169
0.3,1,Layer 3,0.5672874032107247,2.0,169
0.3,2,Layer 3,0.43035596105641194,2.0,169
0.3,3,Layer 3,0.13693144215431285,2.0,169
0.3,4,Layer 3,0.25430124971515244,2.0,169
0.3,5,Layer 3,0.8607119221128238,2.0,169
0.3,6,Layer 3,0.3325477880890455,2.0,169
0.3,7,Layer 3,0.11736980756083959,2.0,169
0.3,8,Layer 3,0.3912326918694653,2.0,169
0.3,9,Layer 3,0.5672874032107248,2.0,169
0.3,10,Layer 3,0.46947923024335836,2.0,169
0.3,11,Layer 3,0.21517798052820591,2.0,169
0.3,12,Layer 3,0.21517798052820591,2.0,169
0.3,13,Layer 3,0.25430124971515244,2.0,169
0.3,14,Layer 3,0.11736980756083959,2.0,169
0.3,15,Layer 3,0.6455339415846179,2.0,169
0.3,16,Layer 3,0.23473961512167918,2.0,169
0.3,17,Layer 3,0.25430124971515244,2.0,169
0.3,18,Layer 3,0.5672874032107248,2.0,169
0.3,19,Layer 3,0.11736980756083959,2.0,169
0.3,20,Layer 3,0.11736980756083959,2.0,169
0.3,21,Layer 3,0.17605471134125938,2.0,169
0.3,22,Layer 3,0.11736980756083959,2.0,169
0.3,23,Layer 3,0.5672874032107247,2.0,169
0.3,24,Layer 3,0.586849037804198,2.0,169
0.3,25,Layer 3,0.46947923024335836,2.0,169
0.3,26,Layer 3,0.3325477880890455,2.0,169
0.3,27,Layer 3,0.6259723069911446,2.0,169
0.3,28,Layer 3,0.6259723069911445,2.0,169
0.3,29,Layer 3,0.13693144215431285,2.0,169
0.3,30,Layer 3,0.3716710572759921,2.0,169
0.3,31,Layer 3,0.17605471134125938,2.0,169
0.3,32,Layer 3,0.13693144215431285,2.0,169
0.3,33,Layer 3,0.11736980756083959,2.0,169
0.3,34,Layer 3,0.46947923024335836,2.0,169
0.3,35,Layer 3,0.5477257686172515,2.0,169
0.3,36,Layer 3,0.21517798052820591,2.0,169
0.3,37,Layer 3,0.17605471134125938,2.0,169
0.3,38,Layer 3,0.13693144215431285,2.0,169
0.3,39,Layer 3,1.0758899026410298,2.0,169
0.3,40,Layer 3,0.21517798052820591,2.0,169
0.3,41,Layer 3,0.9193968258932436,2.0,169
0.3,42,Layer 3,0.8411502875193505,2.0,169
0.3,43,Layer 3,0.21517798052820591,2.0,169
0.3,44,Layer 3,0.13693144215431285,2.0,169
0.3,45,Layer 3,0.13693144215431285,2.0,169
0.3,46,Layer 3,0.13693144215431285,2.0,169
0.3,47,Layer 3,0.11736980756083959,2.0,169
0.3,48,Layer 3,0.17605471134125938,2.0,169
0.3,49,Layer 3,0.9780817296736634,2.0,169
0.3,0,Layer 4,0.1433109948509662,2.0,169
0.3,1,Layer 4,0.5937169786682888,2.0,169
0.3,2,Layer 4,0.4504059838173225,2.0,169
0.3,3,Layer 4,0.1433109948509662,2.0,169
0.3,4,Layer 4,0.6346629771971362,2.0,169
0.3,5,Layer 4,0.7370279735192549,2.0,169
0.3,6,Layer 4,0.18425699337981372,2.0,169
0.3,7,Layer 4,0.12283799558654251,2.0,169
0.3,8,Layer 4,0.42993298455289874,2.0,169
0.3,9,Layer 4,0.4708789830817463,2.0,169
0.3,10,Layer 4,0.5118249816105936,2.0,169
0.3,11,Layer 4,0.24567599117308492,2.0,169
0.3,12,Layer 4,0.24567599117308492,2.0,169
0.3,13,Layer 4,0.2661489904375087,2.0,169
0.3,14,Layer 4,0.1228379955865424,2.0,169
0.3,15,Layer 4,0.6960819749904075,2.0,169
0.3,16,Layer 4,0.1637839941153899,2.0,169
0.3,17,Layer 4,0.24567599117308492,2.0,169
0.3,18,Layer 4,0.5322979808750175,2.0,169
0.3,19,Layer 4,0.1433109948509662,2.0,169
0.3,20,Layer 4,0.1637839941153899,2.0,169
0.3,21,Layer 4,0.20472999264423752,2.0,169
0.3,22,Layer 4,0.1842569933798136,2.0,169
0.3,23,Layer 4,0.6141899779327125,2.0,169
0.3,24,Layer 4,0.49135198234616995,2.0,169
0.3,25,Layer 4,0.47087898308174625,2.0,169
0.3,26,Layer 4,0.3275679882307799,2.0,169
0.3,27,Layer 4,0.5527709801394411,2.0,169
0.3,28,Layer 4,0.6960819749904075,2.0,169
0.3,29,Layer 4,0.1842569933798136,2.0,169
0.3,30,Layer 4,0.5118249816105938,2.0,169
0.3,31,Layer 4,0.20472999264423752,2.0,169
0.3,32,Layer 4,0.1228379955865424,2.0,169
0.3,33,Layer 4,0.1842569933798136,2.0,169
0.3,34,Layer 4,0.47087898308174614,2.0,169
0.3,35,Layer 4,0.5937169786682887,2.0,169
0.3,36,Layer 4,0.18425699337981372,2.0,169
0.3,37,Layer 4,0.22520299190866122,2.0,169
0.3,38,Layer 4,0.1228379955865424,2.0,169
0.3,39,Layer 4,1.064595961750035,2.0,169
0.3,40,Layer 4,0.1637839941153899,2.0,169
0.3,41,Layer 4,0.8393929698413738,2.0,169
0.3,42,Layer 4,0.8189199705769499,2.0,169
0.3,43,Layer 4,0.22520299190866122,2.0,169
0.3,44,Layer 4,0.14331099485096632,2.0,169
0.3,45,Layer 4,0.1228379955865424,2.0,169
0.3,46,Layer 4,0.1433109948509662,2.0,169
0.3,47,Layer 4,0.1433109948509662,2.0,169
0.3,48,Layer 4,0.20472999264423752,2.0,169
0.3,49,Layer 4,0.7779739720481025,2.0,169
0.35,0,Layer 1,0.22991589856728933,2.0,169
0.35,1,Layer 1,0.43428558618265756,2.0,169
0.35,2,Layer 1,0.2810083204711312,2.0,169
0.35,3,Layer 1,0.74084011760571,2.0,169
0.35,4,Layer 1,0.25546210951921045,2.0,169
0.35,5,Layer 1,0.33210074237497345,2.0,169
0.35,6,Layer 1,0.9452098052210781,2.0,169
0.35,7,Layer 1,1.0984870709326044,2.0,169
0.35,8,Layer 1,0.5109242190384207,2.0,169
0.35,9,Layer 1,0.48537800808649956,2.0,169
0.35,10,Layer 1,0.17882347666344733,2.0,169
0.35,11,Layer 1,0.25546210951921033,2.0,169
0.35,12,Layer 1,0.843024961413394,2.0,169
0.35,13,Layer 1,0.17882347666344733,2.0,169
0.35,14,Layer 1,1.2773105475960516,2.0,169
0.35,15,Layer 1,0.22991589856728933,2.0,169
0.35,16,Layer 1,0.22991589856728933,2.0,169
0.35,17,Layer 1,0.22991589856728933,2.0,169
0.35,18,Layer 1,0.30655453142305233,2.0,169
0.35,19,Layer 1,0.33210074237497345,2.0,169
0.35,20,Layer 1,0.5364704299903417,2.0,169
0.35,21,Layer 1,0.38319316427881533,2.0,169
0.35,22,Layer 1,0.30655453142305245,2.0,169
0.35,23,Layer 1,0.30655453142305245,2.0,169
0.35,24,Layer 1,0.15327726571152622,2.0,169
0.35,25,Layer 1,0.33210074237497333,2.0,169
0.35,26,Layer 1,0.9196635942691571,2.0,169
0.35,27,Layer 1,0.28100832047113133,2.0,169
0.35,28,Layer 1,1.4305878133075778,2.0,169
0.35,29,Layer 1,0.45983179713457845,2.0,169
0.35,30,Layer 1,0.7152939066537887,2.0,169
0.35,31,Layer 1,0.25546210951921033,2.0,169
0.35,32,Layer 1,0.48537800808649945,2.0,169
0.35,33,Layer 1,0.20436968761536844,2.0,169
0.35,34,Layer 1,0.28100832047113133,2.0,169
0.35,35,Layer 1,0.25546210951921045,2.0,169
0.35,36,Layer 1,0.9963022271249203,2.0,169
0.35,37,Layer 1,0.20436968761536833,2.0,169
0.35,38,Layer 1,0.33210074237497333,2.0,169
0.35,39,Layer 1,0.3321007423749732,2.0,169
0.35,40,Layer 1,0.22991589856728933,2.0,169
0.35,41,Layer 1,0.25546210951921033,2.0,169
0.35,42,Layer 1,1.1495794928364462,2.0,169
0.35,43,Layer 1,0.20436968761536844,2.0,169
0.35,44,Layer 1,0.48537800808649956,2.0,169
0.35,45,Layer 1,0.22991589856728933,2.0,169
0.35,46,Layer 1,0.3576469533268942,2.0,169
0.35,47,Layer 1,1.3539491804518147,2.0,169
0.35,48,Layer 1,0.17882347666344722,2.0,169
0.35,49,Layer 1,0.9963022271249202,2.0,169
0.35,0,Layer 2,0.1100466345958222,2.0,169
0.35,1,Layer 2,0.6235975960429929,2.0,169
0.35,2,Layer 2,0.2934576922555261,2.0,169
0.35,3,Layer 2,0.7519853364047855,2.0,169
0.35,4,Layer 2,0.1100466345958222,2.0,169
0.35,5,Layer 2,0.22009326919164462,2.0,169
0.35,6,Layer 2,0.44018653838328914,2.0,169
0.35,7,Layer 2,0.44018653838328897,2.0,169
0.35,8,Layer 2,0.4035043268513483,2.0,169
0.35,9,Layer 2,0.22009326919164462,2.0,169
0.35,10,Layer 2,0.1650699518937333,2.0,169
0.35,11,Layer 2,0.14672884612776294,2.0,169
0.35,12,Layer 2,0.6969620191068744,2.0,169
0.35,13,Layer 2,0.09170552882985183,2.0,169
0.35,14,Layer 2,0.531892067213141,2.0,169
0.35,15,Layer 2,0.18341105765970378,2.0,169
0.35,16,Layer 2,0.14672884612776294,2.0,169
0.35,17,Layer 2,0.18341105765970378,2.0,169
0.35,18,Layer 2,0.22009326919164462,2.0,169
0.35,19,Layer 2,0.22009326919164462,2.0,169
0.35,20,Layer 2,0.49520985568120013,2.0,169
0.35,21,Layer 2,0.49520985568120013,2.0,169
0.35,22,Layer 2,0.20175216342567426,2.0,169
0.35,23,Layer 2,0.1834110576597039,2.0,169
0.35,24,Layer 2,0.18341105765970378,2.0,169
0.35,25,Layer 2,0.2934576922555261,2.0,169
0.35,26,Layer 2,0.6052564902770226,2.0,169
0.35,27,Layer 2,0.2934576922555261,2.0,169
0.35,28,Layer 2,1.118807451724193,2.0,169
0.35,29,Layer 2,0.3301399037874668,2.0,169
0.35,30,Layer 2,0.2934576922555261,2.0,169
0.35,31,Layer 2,0.14672884612776294,2.0,169
0.35,32,Layer 2,0.42184543261731866,2.0,169
0.35,33,Layer 2,0.12838774036179257,2.0,169
0.35,34,Layer 2,0.12838774036179257,2.0,169
0.35,35,Layer 2,0.1100466345958222,2.0,169
0.35,36,Layer 2,0.440186538383289,2.0,169
0.35,37,Layer 2,0.14672884612776294,2.0,169
0.35,38,Layer 2,0.14672884612776294,2.0,169
0.35,39,Layer 2,0.22009326919164462,2.0,169
0.35,40,Layer 2,0.22009326919164462,2.0,169
0.35,41,Layer 2,0.1834110576597039,2.0,169
0.35,42,Layer 2,0.531892067213141,2.0,169
0.35,43,Layer 2,0.12838774036179257,2.0,169
0.35,44,Layer 2,0.3851632210853779,2.0,169
0.35,45,Layer 2,0.14672884612776294,2.0,169
0.35,46,Layer 2,0.2934576922555261,2.0,169
0.35,47,Layer 2,0.31179879802149646,2.0,169
0.35,48,Layer 2,0.1100466345958222,2.0,169
0.35,49,Layer 2,0.4585276441492594,2.0,169
0.35,0,Layer 3,0.21085935613057316,2.0,169
0.35,1,Layer 3,0.6677212944134814,2.0,169
0.35,2,Layer 3,0.1932877431196921,2.0,169
0.35,3,Layer 3,0.7204361334461247,2.0,169
0.35,4,Layer 3,0.12300129107616775,2.0,169
0.35,5,Layer 3,0.193287743119692,2.0,169
0.35,6,Layer 3,0.4041470992502651,2.0,169
0.35,7,Layer 3,0.43929032527202727,2.0,169
0.35,8,Layer 3,0.3338606472067407,2.0,169
0.35,9,Layer 3,0.21085935613057316,2.0,169
0.35,10,Layer 3,0.1405729040870488,2.0,169
0.35,11,Layer 3,0.1405729040870488,2.0,169
0.35,12,Layer 3,0.22843096914145422,2.0,169
0.35,13,Layer 3,0.08785806505440552,2.0,169
0.35,14,Layer 3,0.579863229359076,2.0,169
0.35,15,Layer 3,0.1932877431196921,2.0,169
0.35,16,Layer 3,0.1405729040870488,2.0,169
0.35,17,Layer 3,0.21085935613057316,2.0,169
0.35,18,Layer 3,0.1405729040870487,2.0,169
0.35,19,Layer 3,0.1405729040870487,2.0,169
0.35,20,Layer 3,0.579863229359076,2.0,169
0.35,21,Layer 3,0.21085935613057316,2.0,169
0.35,22,Layer 3,0.15814451709792987,2.0,169
0.35,23,Layer 3,0.22843096914145433,2.0,169
0.35,24,Layer 3,0.08785806505440552,2.0,169
0.35,25,Layer 3,0.193287743119692,2.0,169
0.35,26,Layer 3,0.5095767773155516,2.0,169
0.35,27,Layer 3,0.17571613010881093,2.0,169
0.35,28,Layer 3,1.0894400066746277,2.0,169
0.35,29,Layer 3,0.579863229359076,2.0,169
0.35,30,Layer 3,0.579863229359076,2.0,169
0.35,31,Layer 3,0.1405729040870487,2.0,169
0.35,32,Layer 3,0.43929032527202727,2.0,169
0.35,33,Layer 3,0.12300129107616753,2.0,169
0.35,34,Layer 3,0.193287743119692,2.0,169
0.35,35,Layer 3,0.10542967806528658,2.0,169
0.35,36,Layer 3,0.43929032527202727,2.0,169
0.35,37,Layer 3,0.12300129107616753,2.0,169
0.35,38,Layer 3,0.15814451709792987,2.0,169
0.35,39,Layer 3,0.21085935613057316,2.0,169
0.35,40,Layer 3,0.1932877431196921,2.0,169
0.35,41,Layer 3,0.1405729040870487,2.0,169
0.35,42,Layer 3,0.6852929074243626,2.0,169
0.35,43,Layer 3,0.12300129107616753,2.0,169
0.35,44,Layer 3,0.40414709925026515,2.0,169
0.35,45,Layer 3,0.12300129107616775,2.0,169
0.35,46,Layer 3,0.15814451709792987,2.0,169
0.35,47,Layer 3,0.35143226021762186,2.0,169
0.35,48,Layer 3,0.12300129107616775,2.0,169
0.35,49,Layer 3,0.42171871226114616,2.0,169
0.35,0,Layer 4,0.23911361111108376,2.0,169
0.35,1,Layer 4,0.6695181111110347,2.0,169
0.35,2,Layer 4,0.2869363333333006,2.0,169
0.35,3,Layer 4,1.1716566944443105,2.0,169
0.35,4,Layer 4,0.16737952777775855,2.0,169
0.35,5,Layer 4,0.26302497222219223,2.0,169
0.35,6,Layer 4,0.38258177777773406,2.0,169
0.35,7,Layer 4,0.4782272222221674,2.0,169
0.35,8,Layer 4,1.147745333333202,2.0,169
0.35,9,Layer 4,0.26302497222219223,2.0,169
0.35,10,Layer 4,0.19129088888886692,2.0,169
0.35,11,Layer 4,0.23911361111108387,2.0,169
0.35,12,Layer 4,1.1955680555554187,2.0,169
0.35,13,Layer 4,0.11955680555554182,2.0,169
0.35,14,Layer 4,0.7412521944443597,2.0,169
0.35,15,Layer 4,0.19129088888886692,2.0,169
0.35,16,Layer 4,0.21520224999997528,2.0,169
0.35,17,Layer 4,0.21520224999997528,2.0,169
0.35,18,Layer 4,0.38258177777773406,2.0,169
0.35,19,Layer 4,0.31084769444440896,2.0,169
0.35,20,Layer 4,0.5021385833332759,2.0,169
0.35,21,Layer 4,0.26302497222219223,2.0,169
0.35,22,Layer 4,0.21520224999997528,2.0,169
0.35,23,Layer 4,0.31084769444440896,2.0,169
0.35,24,Layer 4,0.11955680555554182,2.0,169
0.35,25,Layer 4,0.31084769444440896,2.0,169
0.35,26,Layer 4,0.8368976388887932,2.0,169
0.35,27,Layer 4,0.3586704166666257,2.0,169
0.35,28,Layer 4,1.4825043888887195,2.0,169
0.35,29,Layer 4,0.2869363333333006,2.0,169
0.35,30,Layer 4,0.31084769444440896,2.0,169
0.35,31,Layer 4,0.16737952777775855,2.0,169
0.35,32,Layer 4,0.8368976388887932,2.0,169
0.35,33,Layer 4,0.1434681666666502,2.0,169
0.35,34,Layer 4,0.23911361111108387,2.0,169
0.35,35,Layer 4,0.1434681666666502,2.0,169
0.35,36,Layer 4,0.5021385833332759,2.0,169
0.35,37,Layer 4,0.16737952777775855,2.0,169
0.35,38,Layer 4,0.16737952777775855,2.0,169
0.35,39,Layer 4,0.2869363333333006,2.0,169
0.35,40,Layer 4,0.23911361111108376,2.0,169
0.35,41,Layer 4,0.23911361111108376,2.0,169
0.35,42,Layer 4,0.5977840277777093,2.0,169
0.35,43,Layer 4,0.1434681666666502,2.0,169
0.35,44,Layer 4,0.2869363333333006,2.0,169
0.35,45,Layer 4,0.1434681666666502,2.0,169
0.35,46,Layer 4,0.19129088888886703,2.0,169
0.35,47,Layer 4,0.38258177777773406,2.0,169
0.35,48,Layer 4,0.1434681666666502,2.0,169
0.35,49,Layer 4,0.4064931388888424,2.0,169
0.4,0,Layer 1,0.7194766748266385,2.0,169
0.4,1,Layer 1,0.21317827402270773,2.0,169
0.4,2,Layer 1,0.21317827402270773,2.0,169
0.4,3,Layer 1,0.8260658118379922,2.0,169
0.4,4,Layer 1,0.26647284252838466,2.0,169
0.4,5,Layer 1,0.21317827402270773,2.0,169
0.4,6,Layer 1,0.34641469528689994,2.0,169
0.4,7,Layer 1,0.6661821063209615,2.0,169
0.4,8,Layer 1,0.5062984008039307,2.0,169
0.4,9,Layer 1,0.3730619795397384,2.0,169
0.4,10,Layer 1,0.26647284252838455,2.0,169
0.4,11,Layer 1,0.26647284252838455,2.0,169
0.4,12,Layer 1,0.6661821063209615,2.0,169
0.4,13,Layer 1,0.34641469528689994,2.0,169
0.4,14,Layer 1,0.18653098976986926,2.0,169
0.4,15,Layer 1,0.21317827402270773,2.0,169
0.4,16,Layer 1,0.26647284252838455,2.0,169
0.4,17,Layer 1,1.332364212641923,2.0,169
0.4,18,Layer 1,0.47965111655109227,2.0,169
0.4,19,Layer 1,0.26647284252838455,2.0,169
0.4,20,Layer 1,0.26647284252838455,2.0,169
0.4,21,Layer 1,0.21317827402270773,2.0,169
0.4,22,Layer 1,0.26647284252838455,2.0,169
0.4,23,Layer 1,0.3997092637925769,2.0,169
0.4,24,Layer 1,0.18653098976986926,2.0,169
0.4,25,Layer 1,0.18653098976986926,2.0,169
0.4,26,Layer 1,1.1991277913777307,2.0,169
0.4,27,Layer 1,0.26647284252838455,2.0,169
0.4,28,Layer 1,1.4656006339061154,2.0,169
0.4,29,Layer 1,0.18653098976986926,2.0,169
0.4,30,Layer 1,0.985949517355023,2.0,169
0.4,31,Layer 1,0.34641469528689994,2.0,169
0.4,32,Layer 1,0.3197674110340615,2.0,169
0.4,33,Layer 1,1.5721897709174693,2.0,169
0.4,34,Layer 1,0.7194766748266385,2.0,169
0.4,35,Layer 1,0.293120126781223,2.0,169
0.4,36,Layer 1,0.26647284252838466,2.0,169
0.4,37,Layer 1,1.0658913701135384,2.0,169
0.4,38,Layer 1,0.8527130960908309,2.0,169
0.4,39,Layer 1,0.26647284252838455,2.0,169
0.4,40,Layer 1,0.7727712433323154,2.0,169
0.4,41,Layer 1,0.6128875378152846,2.0,169
0.4,42,Layer 1,0.5595929693096077,2.0,169
0.4,43,Layer 1,0.3997092637925769,2.0,169
0.4,44,Layer 1,0.26647284252838455,2.0,169
0.4,45,Layer 1,0.47965111655109227,2.0,169
0.4,46,Layer 1,0.7727712433323154,2.0,169
0.4,47,Layer 1,0.21317827402270773,2.0,169
0.4,48,Layer 1,0.3997092637925769,2.0,169
0.4,49,Layer 1,0.21317827402270773,2.0,169
0.4,0,Layer 2,0.2984134799720507,2.0,169
0.4,1,Layer 2,0.11190505498951897,2.0,169
0.4,2,Layer 2,0.1678575824842784,2.0,169
0.4,3,Layer 2,0.5222235899510888,2.0,169
0.4,4,Layer 2,0.14920673998602563,2.0,169
0.4,5,Layer 2,0.1492067399860253,2.0,169
0.4,6,Layer 2,0.335715164968557,2.0,169
0.4,7,Layer 2,0.39166769246331656,2.0,169
0.4,8,Layer 2,0.2611117949755444,2.0,169
0.4,9,Layer 2,0.24246095247729116,2.0,169
0.4,10,Layer 2,0.1492067399860253,2.0,169
0.4,11,Layer 2,0.11190505498951897,2.0,169
0.4,12,Layer 2,0.6714303299371143,2.0,169
0.4,13,Layer 2,0.335715164968557,2.0,169
0.4,14,Layer 2,0.11190505498951897,2.0,169
0.4,15,Layer 2,0.1492067399860253,2.0,169
0.4,16,Layer 2,0.24246095247729116,2.0,169
0.4,17,Layer 2,0.6154778024423546,2.0,169
0.4,18,Layer 2,0.24246095247729116,2.0,169
0.4,19,Layer 2,0.1492067399860253,2.0,169
0.4,20,Layer 2,0.11190505498951897,2.0,169
0.4,21,Layer 2,0.1492067399860253,2.0,169
0.4,22,Layer 2,0.22381010997903805,2.0,169
0.4,23,Layer 2,0.1492067399860253,2.0,169
0.4,24,Layer 2,0.11190505498951897,2.0,169
0.4,25,Layer 2,0.1492067399860253,2.0,169
0.4,26,Layer 2,0.6341286449406078,2.0,169
0.4,27,Layer 2,0.22381010997903805,2.0,169
0.4,28,Layer 2,1.1190505498951904,2.0,169
0.4,29,Layer 2,0.1305558974877722,2.0,169
0.4,30,Layer 2,0.33571516496855713,2.0,169
0.4,31,Layer 2,0.1678575824842784,2.0,169
0.4,32,Layer 2,0.2797626374737976,2.0,169
0.4,33,Layer 2,0.7273828574318737,2.0,169
0.4,34,Layer 2,0.540874432449342,2.0,169
0.4,35,Layer 2,0.22381010997903805,2.0,169
0.4,36,Layer 2,0.1305558974877724,2.0,169
0.4,37,Layer 2,0.24246095247729132,2.0,169
0.4,38,Layer 2,0.76468454242838,2.0,169
0.4,39,Layer 2,0.16785758248427862,2.0,169
0.4,40,Layer 2,0.5968269599441014,2.0,169
0.4,41,Layer 2,0.6341286449406079,2.0,169
0.4,42,Layer 2,0.22381010997903794,2.0,169
0.4,43,Layer 2,0.335715164968557,2.0,169
0.4,44,Layer 2,0.20515926748078483,2.0,169
0.4,45,Layer 2,0.24246095247729116,2.0,169
0.4,46,Layer 2,0.5781761174458483,2.0,169
0.4,47,Layer 2,0.1305558974877722,2.0,169
0.4,48,Layer 2,0.18650842498253162,2.0,169
0.4,49,Layer 2,0.11190505498951897,2.0,169
0.4,0,Layer 3,0.3128424416657224,2.0,169
0.4,1,Layer 3,0.11041497941143141,2.0,169
0.4,2,Layer 3,0.14721997254857533,2.0,169
0.4,3,Layer 3,0.47846491078286957,2.0,169
0.4,4,Layer 3,0.14721997254857522,2.0,169
0.4,5,Layer 3,0.14721997254857533,2.0,169
0.4,6,Layer 3,0.23923245539143478,2.0,169
0.4,7,Layer 3,0.40485492450858196,2.0,169
0.4,8,Layer 3,0.3496474348028662,2.0,169
0.4,9,Layer 3,0.14721997254857522,2.0,169
0.4,10,Layer 3,0.14721997254857533,2.0,169
0.4,11,Layer 3,0.11041497941143141,2.0,169
0.4,12,Layer 3,0.6440873799000169,2.0,169
0.4,13,Layer 3,0.25763495196000674,2.0,169
0.4,14,Layer 3,0.11041497941143141,2.0,169
0.4,15,Layer 3,0.14721997254857533,2.0,169
0.4,16,Layer 3,0.23923245539143467,2.0,169
0.4,17,Layer 3,0.40485492450858196,2.0,169
0.4,18,Layer 3,0.44165991764572576,2.0,169
0.4,19,Layer 3,0.14721997254857533,2.0,169
0.4,20,Layer 3,0.11041497941143141,2.0,169
0.4,21,Layer 3,0.12881747598000337,2.0,169
0.4,22,Layer 3,0.22082995882286294,2.0,169
0.4,23,Layer 3,0.16562246911714706,2.0,169
0.4,24,Layer 3,0.12881747598000337,2.0,169
0.4,25,Layer 3,0.16562246911714706,2.0,169
0.4,26,Layer 3,0.6256848833314448,2.0,169
0.4,27,Layer 3,0.23923245539143467,2.0,169
0.4,28,Layer 3,1.1409547872514583,2.0,169
0.4,29,Layer 3,0.12881747598000337,2.0,169
0.4,30,Layer 3,0.3312449382342943,2.0,169
0.4,31,Layer 3,0.18402496568571902,2.0,169
0.4,32,Layer 3,0.29443994509715044,2.0,169
0.4,33,Layer 3,0.7360998627428762,2.0,169
0.4,34,Layer 3,0.25763495196000663,2.0,169
0.4,35,Layer 3,0.2760374485285786,2.0,169
0.4,36,Layer 3,0.12881747598000326,2.0,169
0.4,37,Layer 3,0.46006241421429755,2.0,169
0.4,38,Layer 3,0.9017223318600234,2.0,169
0.4,39,Layer 3,0.14721997254857522,2.0,169
0.4,40,Layer 3,0.2760374485285786,2.0,169
0.4,41,Layer 3,0.791307352448592,2.0,169
0.4,42,Layer 3,0.3864524279400101,2.0,169
0.4,43,Layer 3,0.22082995882286283,2.0,169
0.4,44,Layer 3,0.18402496568571902,2.0,169
0.4,45,Layer 3,0.20242746225429098,2.0,169
0.4,46,Layer 3,0.3496474348028662,2.0,169
0.4,47,Layer 3,0.20242746225429098,2.0,169
0.4,48,Layer 3,0.23923245539143478,2.0,169
0.4,49,Layer 3,0.14721997254857522,2.0,169
0.4,0,Layer 4,0.3329011339500346,2.0,169
0.4,1,Layer 4,0.14267191455001493,2.0,169
0.4,2,Layer 4,0.14267191455001493,2.0,169
0.4,3,Layer 4,0.42801574365004447,2.0,169
0.4,4,Layer 4,0.1902292194000199,2.0,169
0.4,5,Layer 4,0.16645056697501737,2.0,169
0.4,6,Layer 4,0.5231303533500544,2.0,169
0.4,7,Layer 4,0.2615651766750271,2.0,169
0.4,8,Layer 4,0.5231303533500544,2.0,169
0.4,9,Layer 4,0.23778652425002478,2.0,169
0.4,10,Layer 4,0.14267191455001493,2.0,169
0.4,11,Layer 4,0.21400787182502234,2.0,169
0.4,12,Layer 4,0.6895809203250718,2.0,169
0.4,13,Layer 4,0.23778652425002478,2.0,169
0.4,14,Layer 4,0.28534382910002976,2.0,169
0.4,15,Layer 4,0.14267191455001493,2.0,169
0.4,16,Layer 4,0.33290113395003473,2.0,169
0.4,17,Layer 4,0.451794396075047,2.0,169
0.4,18,Layer 4,0.4280157436500446,2.0,169
0.4,19,Layer 4,0.1902292194000198,2.0,169
0.4,20,Layer 4,0.14267191455001493,2.0,169
0.4,21,Layer 4,0.1902292194000199,2.0,169
0.4,22,Layer 4,0.2615651766750272,2.0,169
0.4,23,Layer 4,0.2615651766750272,2.0,169
0.4,24,Layer 4,0.14267191455001493,2.0,169
0.4,25,Layer 4,0.1902292194000199,2.0,169
0.4,26,Layer 4,0.5944663106250618,2.0,169
0.4,27,Layer 4,0.3804584388000396,2.0,169
0.4,28,Layer 4,1.1413753164001188,2.0,169
0.4,29,Layer 4,0.1902292194000199,2.0,169
0.4,30,Layer 4,0.35667978637503706,2.0,169
0.4,31,Layer 4,0.3091224815250322,2.0,169
0.4,32,Layer 4,0.33290113395003473,2.0,169
0.4,33,Layer 4,0.998703401850104,2.0,169
0.4,34,Layer 4,0.42801574365004447,2.0,169
0.4,35,Layer 4,0.3091224815250322,2.0,169
0.4,36,Layer 4,0.16645056697501748,2.0,169
0.4,37,Layer 4,0.5231303533500544,2.0,169
0.4,38,Layer 4,1.1175966639751163,2.0,169
0.4,39,Layer 4,0.1902292194000197,2.0,169
0.4,40,Layer 4,0.28534382910002964,2.0,169
0.4,41,Layer 4,0.7371382251750768,2.0,169
0.4,42,Layer 4,0.3804584388000396,2.0,169
0.4,43,Layer 4,0.7133595727500742,2.0,169
0.4,44,Layer 4,0.21400787182502223,2.0,169
0.4,45,Layer 4,0.16645056697501737,2.0,169
0.4,46,Layer 4,0.499351700925052,2.0,169
0.4,47,Layer 4,0.21400787182502234,2.0,169
0.4,48,Layer 4,0.3091224815250322,2.0,169
0.4,49,Layer 4,0.1902292194000199,2.0,169
0.45,0,Layer 1,0.31796744972280555,2.0,169
0.45,1,Layer 1,1.5368426736602272,2.0,169
0.45,2,Layer 1,0.42395659963040755,2.0,169
0.45,3,Layer 1,0.18548101233830305,2.0,169
0.45,4,Layer 1,0.23847558729210405,2.0,169
0.45,5,Layer 1,0.26497287476900466,2.0,169
0.45,6,Layer 1,0.39745931215350705,2.0,169
0.45,7,Layer 1,0.9803996366453173,2.0,169
0.45,8,Layer 1,0.5299457495380095,2.0,169
0.45,9,Layer 1,0.31796744972280533,2.0,169
0.45,10,Layer 1,1.5633399611371273,2.0,169
0.45,11,Layer 1,1.0863887865529192,2.0,169
0.45,12,Layer 1,1.4043562362757247,2.0,169
0.45,13,Layer 1,1.0333942115991184,2.0,169
0.45,14,Layer 1,1.4308535237526252,2.0,169
0.45,15,Layer 1,1.5633399611371275,2.0,169
0.45,16,Layer 1,0.18548101233830327,2.0,169
0.45,17,Layer 1,0.3444647371997063,2.0,169
0.45,18,Layer 1,1.3513616613219237,2.0,169
0.45,19,Layer 1,0.42395659963040755,2.0,169
0.45,20,Layer 1,0.23847558729210427,2.0,169
0.45,21,Layer 1,0.900907774214616,2.0,169
0.45,22,Layer 1,0.21197829981520355,2.0,169
0.45,23,Layer 1,0.18548101233830305,2.0,169
0.45,24,Layer 1,0.21197829981520355,2.0,169
0.45,25,Layer 1,1.536842673660227,2.0,169
0.45,26,Layer 1,0.18548101233830305,2.0,169
0.45,27,Layer 1,0.15898372486140255,2.0,169
0.45,28,Layer 1,0.39745931215350705,2.0,169
0.45,29,Layer 1,0.7684213368301136,2.0,169
0.45,30,Layer 1,0.15898372486140255,2.0,169
0.45,31,Layer 1,0.7419240493532131,2.0,169
0.45,32,Layer 1,1.4043562362757247,2.0,169
0.45,33,Layer 1,1.1393833615067201,2.0,169
0.45,34,Layer 1,0.23847558729210427,2.0,169
0.45,35,Layer 1,0.3444647371997063,2.0,169
0.45,36,Layer 1,0.39745931215350705,2.0,169
0.45,37,Layer 1,0.34446473719970616,2.0,169
0.45,38,Layer 1,0.29147016224590505,2.0,169
0.45,39,Layer 1,0.45045388710730805,2.0,169
0.45,40,Layer 1,0.18548101233830305,2.0,169
0.45,41,Layer 1,1.4573508112295255,2.0,169
0.45,42,Layer 1,1.1658806489836204,2.0,169
0.45,43,Layer 1,1.483848098706426,2.0,169
0.45,44,Layer 1,0.23847558729210405,2.0,169
0.45,45,Layer 1,1.4838480987064262,2.0,169
0.45,46,Layer 1,0.29147016224590494,2.0,169
0.45,47,Layer 1,1.3513616613219237,2.0,169
0.45,48,Layer 1,1.4043562362757247,2.0,169
0.45,49,Layer 1,0.15898372486140255,2.0,169
0.45,0,Layer 2,0.20891806745147,2.0,169
0.45,1,Layer 2,0.7729968495704396,2.0,169
0.45,2,Layer 2,0.5431869753738224,2.0,169
0.45,3,Layer 2,0.12535084047088207,2.0,169
0.45,4,Layer 2,0.1671344539611762,2.0,169
0.45,5,Layer 2,0.12535084047088207,2.0,169
0.45,6,Layer 2,0.167134453961176,2.0,169
0.45,7,Layer 2,0.6894296225898515,2.0,169
0.45,8,Layer 2,0.4805115551383813,2.0,169
0.45,9,Layer 2,0.1671344539611761,2.0,169
0.45,10,Layer 2,0.5849705888641166,2.0,169
0.45,11,Layer 2,0.7938886563155867,2.0,169
0.45,12,Layer 2,0.5222951686286754,2.0,169
0.45,13,Layer 2,0.43872794164808737,2.0,169
0.45,14,Layer 2,0.5222951686286754,2.0,169
0.45,15,Layer 2,0.5849705888641165,2.0,169
0.45,16,Layer 2,0.14624264721602898,2.0,169
0.45,17,Layer 2,0.1671344539611761,2.0,169
0.45,18,Layer 2,0.7938886563155867,2.0,169
0.45,19,Layer 2,0.5431869753738224,2.0,169
0.45,20,Layer 2,0.1880262607063231,2.0,169
0.45,21,Layer 2,1.169941177728233,2.0,169
0.45,22,Layer 2,0.1462426472160291,2.0,169
0.45,23,Layer 2,0.1880262607063231,2.0,169
0.45,24,Layer 2,0.1880262607063231,2.0,169
0.45,25,Layer 2,0.6685378158447046,2.0,169
0.45,26,Layer 2,0.10445903372573506,2.0,169
0.45,27,Layer 2,0.1462426472160292,2.0,169
0.45,28,Layer 2,0.6058623956092635,2.0,169
0.45,29,Layer 2,0.1880262607063231,2.0,169
0.45,30,Layer 2,0.10445903372573506,2.0,169
0.45,31,Layer 2,0.6685378158447045,2.0,169
0.45,32,Layer 2,0.6476460090995575,2.0,169
0.45,33,Layer 2,1.295292018199115,2.0,169
0.45,34,Layer 2,0.12535084047088207,2.0,169
0.45,35,Layer 2,0.167134453961176,2.0,169
0.45,36,Layer 2,0.1880262607063231,2.0,169
0.45,37,Layer 2,0.22980987419661714,2.0,169
0.45,38,Layer 2,0.167134453961176,2.0,169
0.45,39,Layer 2,0.6476460090995574,2.0,169
0.45,40,Layer 2,0.1671344539611762,2.0,169
0.45,41,Layer 2,0.5431869753738224,2.0,169
0.45,42,Layer 2,0.6894296225898515,2.0,169
0.45,43,Layer 2,0.5640787821189694,2.0,169
0.45,44,Layer 2,0.12535084047088207,2.0,169
0.45,45,Layer 2,1.0236985305122037,2.0,169
0.45,46,Layer 2,0.12535084047088207,2.0,169
0.45,47,Layer 2,0.4805115551383814,2.0,169
0.45,48,Layer 2,0.5222951686286754,2.0,169
0.45,49,Layer 2,0.20891806745147012,2.0,169
0.45,0,Layer 3,0.17599785325086648,2.0,169
0.45,1,Layer 3,0.7039914130034659,2.0,169
0.45,2,Layer 3,0.371551023529607,2.0,169
0.45,3,Layer 3,0.11733190216724443,2.0,169
0.45,4,Layer 3,0.1368872191951186,2.0,169
0.45,5,Layer 3,0.13688721919511837,2.0,169
0.45,6,Layer 3,0.13688721919511826,2.0,169
0.45,7,Layer 3,0.5475488767804735,2.0,169
0.45,8,Layer 3,0.2542191213623627,2.0,169
0.45,9,Layer 3,0.15644253622299242,2.0,169
0.45,10,Layer 3,0.5475488767804735,2.0,169
0.45,11,Layer 3,0.8995445832822064,2.0,169
0.45,12,Layer 3,0.5671041938083474,2.0,169
0.45,13,Layer 3,0.46932760866897727,2.0,169
0.45,14,Layer 3,0.5084382427247254,2.0,169
0.45,15,Layer 3,0.5475488767804735,2.0,169
0.45,16,Layer 3,0.21510848730661458,2.0,169
0.45,17,Layer 3,0.15644253622299242,2.0,169
0.45,18,Layer 3,0.6453254619198439,2.0,169
0.45,19,Layer 3,0.5671041938083475,2.0,169
0.45,20,Layer 3,0.13688721919511837,2.0,169
0.45,21,Layer 3,0.7626573640870882,2.0,169
0.45,22,Layer 3,0.15644253622299253,2.0,169
0.45,23,Layer 3,0.1759978532508666,2.0,169
0.45,24,Layer 3,0.15644253622299242,2.0,169
0.45,25,Layer 3,0.5866595108362216,2.0,169
0.45,26,Layer 3,0.1759978532508666,2.0,169
0.45,27,Layer 3,0.1759978532508666,2.0,169
0.45,28,Layer 3,0.2542191213623626,2.0,169
0.45,29,Layer 3,0.6062148278640955,2.0,169
0.45,30,Layer 3,0.09777658513937038,2.0,169
0.45,31,Layer 3,0.7626573640870882,2.0,169
0.45,32,Layer 3,0.6453254619198439,2.0,169
0.45,33,Layer 3,0.9386552173379545,2.0,169
0.45,34,Layer 3,0.11733190216724443,2.0,169
0.45,35,Layer 3,0.19555317027874042,2.0,169
0.45,36,Layer 3,0.19555317027874064,2.0,169
0.45,37,Layer 3,0.23466380433448863,2.0,169
0.45,38,Layer 3,0.1173319021672442,2.0,169
0.45,39,Layer 3,0.5279935597525994,2.0,169
0.45,40,Layer 3,0.15644253622299253,2.0,169
0.45,41,Layer 3,0.6453254619198436,2.0,169
0.45,42,Layer 3,0.762657364087088,2.0,169
0.45,43,Layer 3,0.5671041938083474,2.0,169
0.45,44,Layer 3,0.13688721919511837,2.0,169
0.45,45,Layer 3,0.762657364087088,2.0,169
0.45,46,Layer 3,0.15644253622299242,2.0,169
0.45,47,Layer 3,0.44977229164110316,2.0,169
0.45,48,Layer 3,0.5084382427247253,2.0,169
0.45,49,Layer 3,0.21510848730661458,2.0,169
0.45,0,Layer 4,0.19908195069447143,2.0,169
0.45,1,Layer 4,0.6857267190587352,2.0,169
0.45,2,Layer 4,0.4645245516204335,2.0,169
0.45,3,Layer 4,0.15484151720681116,2.0,169
0.45,4,Layer 4,0.1769617339506413,2.0,169
0.45,5,Layer 4,0.19908195069447143,2.0,169
0.45,6,Layer 4,0.2875628176697922,2.0,169
0.45,7,Layer 4,0.5530054185957543,2.0,169
0.45,8,Layer 4,0.22120216743830168,2.0,169
0.45,9,Layer 4,0.15484151720681116,2.0,169
0.45,10,Layer 4,0.5308852018519241,2.0,169
0.45,11,Layer 4,1.1060108371915085,2.0,169
0.45,12,Layer 4,0.5751256353395844,2.0,169
0.45,13,Layer 4,0.48664476836426374,2.0,169
0.45,14,Layer 4,0.6414862855710749,2.0,169
0.45,15,Layer 4,0.5751256353395844,2.0,169
0.45,16,Layer 4,0.2433223841821318,2.0,169
0.45,17,Layer 4,0.2875628176697922,2.0,169
0.45,18,Layer 4,0.6193660688272447,2.0,169
0.45,19,Layer 4,0.3096830344136223,2.0,169
0.45,20,Layer 4,0.1769617339506413,2.0,169
0.45,21,Layer 4,1.4156938716051308,2.0,169
0.45,22,Layer 4,0.13272130046298103,2.0,169
0.45,23,Layer 4,0.1769617339506413,2.0,169
0.45,24,Layer 4,0.2433223841821318,2.0,169
0.45,25,Layer 4,0.6636065023149049,2.0,169
0.45,26,Layer 4,0.1769617339506413,2.0,169
0.45,27,Layer 4,0.13272130046298103,2.0,169
0.45,28,Layer 4,0.37604368464511295,2.0,169
0.45,29,Layer 4,0.7520873692902258,2.0,169
0.45,30,Layer 4,0.1106010837191509,2.0,169
0.45,31,Layer 4,0.9511693199846973,2.0,169
0.45,32,Layer 4,0.5751256353395844,2.0,169
0.45,33,Layer 4,1.0396501869600179,2.0,169
0.45,34,Layer 4,0.1769617339506413,2.0,169
0.45,35,Layer 4,0.1769617339506413,2.0,169
0.45,36,Layer 4,0.2433223841821318,2.0,169
0.45,37,Layer 4,0.24332238418213192,2.0,169
0.45,38,Layer 4,0.15484151720681116,2.0,169
0.45,39,Layer 4,0.5087649851080939,2.0,169
0.45,40,Layer 4,0.1106010837191509,2.0,169
0.45,41,Layer 4,0.5751256353395844,2.0,169
0.45,42,Layer 4,0.7299671525463955,2.0,169
0.45,43,Layer 4,0.5751256353395844,2.0,169
0.45,44,Layer 4,0.15484151720681116,2.0,169
0.45,45,Layer 4,0.8405682362655464,2.0,169
0.45,46,Layer 4,0.15484151720681116,2.0,169
0.45,47,Layer 4,0.5751256353395844,2.0,169
0.45,48,Layer 4,0.7520873692902257,2.0,169
0.45,49,Layer 4,0.26544260092596206,2.0,169
0.5,0,Layer 1,0.7913487354228734,2.0,169
0.5,1,Layer 1,0.6858355706998236,2.0,169
0.5,2,Layer 1,0.2637829118076247,2.0,169
0.5,3,Layer 1,0.9759967736882107,2.0,169
0.5,4,Layer 1,0.9496184825074482,2.0,169
0.5,5,Layer 1,0.23740462062686218,2.0,169
0.5,6,Layer 1,0.2637829118076245,2.0,169
0.5,7,Layer 1,0.21102632944609967,2.0,169
0.5,8,Layer 1,0.2637829118076247,2.0,169
0.5,9,Layer 1,0.2637829118076247,2.0,169
0.5,10,Layer 1,0.712213861880586,2.0,169
0.5,11,Layer 1,1.0815099384112603,2.0,169
0.5,12,Layer 1,0.29016120298838677,2.0,169
0.5,13,Layer 1,0.6858355706998235,2.0,169
0.5,14,Layer 1,1.1606448119535477,2.0,169
0.5,15,Layer 1,0.6858355706998236,2.0,169
0.5,16,Layer 1,0.6858355706998236,2.0,169
0.5,17,Layer 1,0.8177270266036358,2.0,169
0.5,18,Layer 1,1.1606448119535477,2.0,169
0.5,19,Layer 1,0.6067006971575362,2.0,169
0.5,20,Layer 1,1.055131647230498,2.0,169
0.5,21,Layer 1,1.5563191796649845,2.0,169
0.5,22,Layer 1,0.3956743677114367,2.0,169
0.5,23,Layer 1,0.21102632944609956,2.0,169
0.5,24,Layer 1,1.6618323443880343,2.0,169
0.5,25,Layer 1,0.18464803826533727,2.0,169
0.5,26,Layer 1,0.8441053177843982,2.0,169
0.5,27,Layer 1,0.7385921530613484,2.0,169
0.5,28,Layer 1,0.2901612029883871,2.0,169
0.5,29,Layer 1,0.3956743677114367,2.0,169
0.5,30,Layer 1,0.2901612029883869,2.0,169
0.5,31,Layer 1,0.3165394941691494,2.0,169
0.5,32,Layer 1,0.23740462062686218,2.0,169
0.5,33,Layer 1,0.527565823615249,2.0,169
0.5,34,Layer 1,0.5803224059767738,2.0,169
0.5,35,Layer 1,0.21102632944609967,2.0,169
0.5,36,Layer 1,0.2637829118076245,2.0,169
0.5,37,Layer 1,1.5035625973034596,2.0,169
0.5,38,Layer 1,1.4771843061226972,2.0,169
0.5,39,Layer 1,0.18464803826533727,2.0,169
0.5,40,Layer 1,1.1078882295920227,2.0,169
0.5,41,Layer 1,0.8177270266036358,2.0,169
0.5,42,Layer 1,0.9232401913266857,2.0,169
0.5,43,Layer 1,1.0023750648689729,2.0,169
0.5,44,Layer 1,1.3716711413996474,2.0,169
0.5,45,Layer 1,0.764970444242111,2.0,169
0.5,46,Layer 1,1.5826974708457469,2.0,169
0.5,47,Layer 1,0.18464803826533727,2.0,169
0.5,48,Layer 1,0.23740462062686218,2.0,169
0.5,49,Layer 1,0.21102632944609967,2.0,169
0.5,0,Layer 2,0.6678790546402478,2.0,169
0.5,1,Layer 2,0.7756014828080295,2.0,169
0.5,2,Layer 2,0.1939003707020075,2.0,169
0.5,3,Layer 2,1.1634022242120443,2.0,169
0.5,4,Layer 2,1.0556797960442623,2.0,169
0.5,5,Layer 2,0.12926691380133826,2.0,169
0.5,6,Layer 2,0.12926691380133837,2.0,169
0.5,7,Layer 2,0.12926691380133837,2.0,169
0.5,8,Layer 2,0.23698934196912014,2.0,169
0.5,9,Layer 2,0.15081139943489463,2.0,169
0.5,10,Layer 2,0.7325125115409168,2.0,169
0.5,11,Layer 2,0.4955231695717967,2.0,169
0.5,12,Layer 2,0.172355885068451,2.0,169
0.5,13,Layer 2,0.7109680259073604,2.0,169
0.5,14,Layer 2,0.344711770136902,2.0,169
0.5,15,Layer 2,0.6032455977395785,2.0,169
0.5,16,Layer 2,0.6678790546402478,2.0,169
0.5,17,Layer 2,0.861779425342255,2.0,169
0.5,18,Layer 2,1.1634022242120443,2.0,169
0.5,19,Layer 2,0.32316728450334553,2.0,169
0.5,20,Layer 2,0.452434198304684,2.0,169
0.5,21,Layer 2,0.6032455977395785,2.0,169
0.5,22,Layer 2,0.2800783132362329,2.0,169
0.5,23,Layer 2,0.15081139943489463,2.0,169
0.5,24,Layer 2,0.797145968441586,2.0,169
0.5,25,Layer 2,0.172355885068451,2.0,169
0.5,26,Layer 2,1.1203132529449316,2.0,169
0.5,27,Layer 2,0.6247900833731349,2.0,169
0.5,28,Layer 2,0.172355885068451,2.0,169
0.5,29,Layer 2,0.2585338276026765,2.0,169
0.5,30,Layer 2,0.21544485633556387,2.0,169
0.5,31,Layer 2,0.32316728450334553,2.0,169
0.5,32,Layer 2,0.12926691380133837,2.0,169
0.5,33,Layer 2,0.21544485633556365,2.0,169
0.5,34,Layer 2,0.7756014828080295,2.0,169
0.5,35,Layer 2,0.15081139943489463,2.0,169
0.5,36,Layer 2,0.21544485633556387,2.0,169
0.5,37,Layer 2,0.9910463391435933,2.0,169
0.5,38,Layer 2,0.8402349397086986,2.0,169
0.5,39,Layer 2,0.12926691380133826,2.0,169
0.5,40,Layer 2,1.0987687673113753,2.0,169
0.5,41,Layer 2,1.0125908247771498,2.0,169
0.5,42,Layer 2,1.098768767311375,2.0,169
0.5,43,Layer 2,1.206491195479157,2.0,169
0.5,44,Layer 2,1.0556797960442625,2.0,169
0.5,45,Layer 2,0.861779425342255,2.0,169
0.5,46,Layer 2,0.8402349397086986,2.0,169
0.5,47,Layer 2,0.12926691380133837,2.0,169
0.5,48,Layer 2,0.172355885068451,2.0,169
0.5,49,Layer 2,0.172355885068451,2.0,169
0.5,0,Layer 3,0.8301286347638328,2.0,169
0.5,1,Layer 3,0.7357958353588517,2.0,169
0.5,2,Layer 3,0.15093247904796947,2.0,169
0.5,3,Layer 3,0.9055948742878175,2.0,169
0.5,4,Layer 3,1.037660793454791,2.0,169
0.5,5,Layer 3,0.16979903892896575,2.0,169
0.5,6,Layer 3,0.1320659191669733,2.0,169
0.5,7,Layer 3,0.1320659191669733,2.0,169
0.5,8,Layer 3,0.11319935928597713,2.0,169
0.5,9,Layer 3,0.15093247904796947,2.0,169
0.5,10,Layer 3,0.660329595834867,2.0,169
0.5,11,Layer 3,0.47166399702490497,2.0,169
0.5,12,Layer 3,0.16979903892896575,2.0,169
0.5,13,Layer 3,0.24526527845295054,2.0,169
0.5,14,Layer 3,0.33959807785793156,2.0,169
0.5,15,Layer 3,0.5471302365488897,2.0,169
0.5,16,Layer 3,0.848995194644829,2.0,169
0.5,17,Layer 3,0.773528955120844,2.0,169
0.5,18,Layer 3,0.8112620748828365,2.0,169
0.5,19,Layer 3,0.3395980778579315,2.0,169
0.5,20,Layer 3,0.33959807785793156,2.0,169
0.5,21,Layer 3,0.6037299161918783,2.0,169
0.5,22,Layer 3,0.22639871857195437,2.0,169
0.5,23,Layer 3,0.1320659191669733,2.0,169
0.5,24,Layer 3,0.8301286347638328,2.0,169
0.5,25,Layer 3,0.11319935928597713,2.0,169
0.5,26,Layer 3,0.7923955150018402,2.0,169
0.5,27,Layer 3,0.43393087726291246,2.0,169
0.5,28,Layer 3,0.15093247904796947,2.0,169
0.5,29,Layer 3,0.24526527845295054,2.0,169
0.5,30,Layer 3,0.18866559880996192,2.0,169
0.5,31,Layer 3,0.18866559880996192,2.0,169
0.5,32,Layer 3,0.1320659191669733,2.0,169
0.5,33,Layer 3,0.22639871857195437,2.0,169
0.5,34,Layer 3,0.7546623952398479,2.0,169
0.5,35,Layer 3,0.1320659191669734,2.0,169
0.5,36,Layer 3,0.2075321586909581,2.0,169
0.5,37,Layer 3,0.9999276736927984,2.0,169
0.5,38,Layer 3,0.8301286347638326,2.0,169
0.5,39,Layer 3,0.11319935928597713,2.0,169
0.5,40,Layer 3,1.0376607934547908,2.0,169
0.5,41,Layer 3,0.679196155715863,2.0,169
0.5,42,Layer 3,1.0942604730977794,2.0,169
0.5,43,Layer 3,0.6225964760728746,2.0,169
0.5,44,Layer 3,1.0187942335737947,2.0,169
0.5,45,Layer 3,0.6414630359538707,2.0,169
0.5,46,Layer 3,0.584863356310882,2.0,169
0.5,47,Layer 3,0.11319935928597713,2.0,169
0.5,48,Layer 3,0.1320659191669733,2.0,169
0.5,49,Layer 3,0.2075321586909581,2.0,169
0.5,0,Layer 4,1.0193891991438795,2.0,169
0.5,1,Layer 4,0.7390571693793125,2.0,169
0.5,2,Layer 4,0.17839310985017887,2.0,169
0.5,3,Layer 4,1.503599068737222,2.0,169
0.5,4,Layer 4,1.1722975790154613,2.0,169
0.5,5,Layer 4,0.2293625698073728,2.0,169
0.5,6,Layer 4,0.1529083798715818,2.0,169
0.5,7,Layer 4,0.1529083798715818,2.0,169
0.5,8,Layer 4,0.25484729978596976,2.0,169
0.5,9,Layer 4,0.1529083798715818,2.0,169
0.5,10,Layer 4,1.1468128490368643,2.0,169
0.5,11,Layer 4,0.7135724394007156,2.0,169
0.5,12,Layer 4,0.17839310985017887,2.0,169
0.5,13,Layer 4,0.6116335194863275,2.0,169
0.5,14,Layer 4,0.6371182494649246,2.0,169
0.5,15,Layer 4,0.5861487895077305,2.0,169
0.5,16,Layer 4,1.0448739291224762,2.0,169
0.5,17,Layer 4,1.4526296087800281,2.0,169
0.5,18,Layer 4,0.8919655492508944,2.0,169
0.5,19,Layer 4,0.3822709496789548,2.0,169
0.5,20,Layer 4,0.4077556796575518,2.0,169
0.5,21,Layer 4,0.8409960892937004,2.0,169
0.5,22,Layer 4,0.35678621970035784,2.0,169
0.5,23,Layer 4,0.25484729978596976,2.0,169
0.5,24,Layer 4,0.8919655492508943,2.0,169
0.5,25,Layer 4,0.1529083798715818,2.0,169
0.5,26,Layer 4,0.9174502792294915,2.0,169
0.5,27,Layer 4,0.8155113593151034,2.0,169
0.5,28,Layer 4,0.17839310985017887,2.0,169
0.5,29,Layer 4,0.17839310985017887,2.0,169
0.5,30,Layer 4,0.20387783982877583,2.0,169
0.5,31,Layer 4,0.2293625698073728,2.0,169
0.5,32,Layer 4,0.17839310985017887,2.0,169
0.5,33,Layer 4,0.1529083798715819,2.0,169
0.5,34,Layer 4,0.7645418993579095,2.0,169
0.5,35,Layer 4,0.17839310985017875,2.0,169
0.5,36,Layer 4,0.2293625698073728,2.0,169
0.5,37,Layer 4,0.9684197391866854,2.0,169
0.5,38,Layer 4,0.9174502792294915,2.0,169
0.5,39,Layer 4,0.12742364989298482,2.0,169
0.5,40,Layer 4,0.6626029794435216,2.0,169
0.5,41,Layer 4,1.0958433890796702,2.0,169
0.5,42,Layer 4,0.9684197391866854,2.0,169
0.5,43,Layer 4,0.5351793295505366,2.0,169
0.5,44,Layer 4,1.0703586591010734,2.0,169
0.5,45,Layer 4,0.7390571693793125,2.0,169
0.5,46,Layer 4,0.6116335194863277,2.0,169
0.5,47,Layer 4,0.1529083798715818,2.0,169
0.5,48,Layer 4,0.20387783982877583,2.0,169
0.5,49,Layer 4,0.2293625698073728,2.0,169
0.55,0,Layer 1,0.21272779367227201,2.0,169
0.55,1,Layer 1,0.9040931231071561,2.0,169
0.55,2,Layer 1,0.292500716299374,2.0,169
0.55,3,Layer 1,1.382730658869768,2.0,169
0.55,4,Layer 1,0.505228509971646,2.0,169
0.55,5,Layer 1,0.21272779367227201,2.0,169
0.55,6,Layer 1,0.23931876788130602,2.0,169
0.55,7,Layer 1,1.010457019943292,2.0,169
0.55,8,Layer 1,1.622049426751074,2.0,169
0.55,9,Layer 1,1.435912607287836,2.0,169
0.55,10,Layer 1,1.542276504123972,2.0,169
0.55,11,Layer 1,0.186136819463238,2.0,169
0.55,12,Layer 1,0.319091690508408,2.0,169
0.55,13,Layer 1,1.010457019943292,2.0,169
0.55,14,Layer 1,0.292500716299374,2.0,169
0.55,15,Layer 1,0.21272779367227201,2.0,169
0.55,16,Layer 1,0.345682664717442,2.0,169
0.55,17,Layer 1,0.186136819463238,2.0,169
0.55,18,Layer 1,0.9306840973161901,2.0,169
0.55,19,Layer 1,0.23931876788130602,2.0,169
0.55,20,Layer 1,0.21272779367227201,2.0,169
0.55,21,Layer 1,0.53181948418068,2.0,169
0.55,22,Layer 1,0.292500716299374,2.0,169
0.55,23,Layer 1,1.542276504123972,2.0,169
0.55,24,Layer 1,0.21272779367227201,2.0,169
0.55,25,Layer 1,0.345682664717442,2.0,169
0.55,26,Layer 1,0.345682664717442,2.0,169
0.55,27,Layer 1,0.319091690508408,2.0,169
0.55,28,Layer 1,1.356139684660734,2.0,169
0.55,29,Layer 1,0.372273638926476,2.0,169
0.55,30,Layer 1,0.372273638926476,2.0,169
0.55,31,Layer 1,0.23931876788130602,2.0,169
0.55,32,Layer 1,1.382730658869768,2.0,169
0.55,33,Layer 1,0.8775021488981221,2.0,169
0.55,34,Layer 1,0.611592406807782,2.0,169
0.55,35,Layer 1,1.6752313751691421,2.0,169
0.55,36,Layer 1,0.26590974209034,2.0,169
0.55,37,Layer 1,0.45204656155357803,2.0,169
0.55,38,Layer 1,0.9572750715252241,2.0,169
0.55,39,Layer 1,0.23931876788130602,2.0,169
0.55,40,Layer 1,0.9040931231071561,2.0,169
0.55,41,Layer 1,0.505228509971646,2.0,169
0.55,42,Layer 1,0.53181948418068,2.0,169
0.55,43,Layer 1,0.159545845254204,2.0,169
0.55,44,Layer 1,0.505228509971646,2.0,169
0.55,45,Layer 1,0.79772922627102,2.0,169
0.55,46,Layer 1,1.542276504123972,2.0,169
0.55,47,Layer 1,1.06363896836136,2.0,169
0.55,48,Layer 1,1.116820916779428,2.0,169
0.55,49,Layer 1,0.23931876788130602,2.0,169
0.55,0,Layer 2,0.15468213505957185,2.0,169
0.55,1,Layer 2,0.657399074003181,2.0,169
0.55,2,Layer 2,0.21268793570691147,2.0,169
0.55,3,Layer 2,0.5993932733558415,2.0,169
0.55,4,Layer 2,0.29002900323669756,2.0,169
0.55,5,Layer 2,0.11601160129467891,2.0,169
0.55,6,Layer 2,0.1740174019420183,2.0,169
0.55,7,Layer 2,0.6187285402382879,2.0,169
0.55,8,Layer 2,0.9280928103574319,2.0,169
0.55,9,Layer 2,0.5220522058260554,2.0,169
0.55,10,Layer 2,0.541387472708502,2.0,169
0.55,11,Layer 2,0.15468213505957207,2.0,169
0.55,12,Layer 2,0.15468213505957196,2.0,169
0.55,13,Layer 2,0.8120812090627529,2.0,169
0.55,14,Layer 2,0.1933526688244649,2.0,169
0.55,15,Layer 2,0.13534686817712538,2.0,169
0.55,16,Layer 2,0.21268793570691158,2.0,169
0.55,17,Layer 2,0.13534686817712538,2.0,169
0.55,18,Layer 2,1.1407807460643433,2.0,169
0.55,19,Layer 2,0.270693736354251,2.0,169
0.55,20,Layer 2,0.15468213505957185,2.0,169
0.55,21,Layer 2,0.5220522058260554,2.0,169
0.55,22,Layer 2,0.21268793570691158,2.0,169
0.55,23,Layer 2,0.5993932733558414,2.0,169
0.55,24,Layer 2,0.1740174019420183,2.0,169
0.55,25,Layer 2,0.15468213505957196,2.0,169
0.55,26,Layer 2,0.11601160129467891,2.0,169
0.55,27,Layer 2,0.21268793570691158,2.0,169
0.55,28,Layer 2,0.6573990740031809,2.0,169
0.55,29,Layer 2,0.11601160129467891,2.0,169
0.55,30,Layer 2,0.2513584694718045,2.0,169
0.55,31,Layer 2,0.15468213505957185,2.0,169
0.55,32,Layer 2,0.48338167206116256,2.0,169
0.55,33,Layer 2,0.29002900323669756,2.0,169
0.55,34,Layer 2,1.1021102122994502,2.0,169
0.55,35,Layer 2,0.6960696077680739,2.0,169
0.55,36,Layer 2,0.3093642701191438,2.0,169
0.55,37,Layer 2,0.5220522058260554,2.0,169
0.55,38,Layer 2,0.3286995370015904,2.0,169
0.55,39,Layer 2,0.15468213505957185,2.0,169
0.55,40,Layer 2,0.36737007076648337,2.0,169
0.55,41,Layer 2,0.6187285402382879,2.0,169
0.55,42,Layer 2,0.15468213505957207,2.0,169
0.55,43,Layer 2,0.11601160129467913,2.0,169
0.55,44,Layer 2,0.17401740194201853,2.0,169
0.55,45,Layer 2,0.36737007076648354,2.0,169
0.55,46,Layer 2,0.8700870097100923,2.0,169
0.55,47,Layer 2,0.34803480388403696,2.0,169
0.55,48,Layer 2,0.7154048746505204,2.0,169
0.55,49,Layer 2,0.1740174019420183,2.0,169
0.55,0,Layer 3,0.11162559669009242,2.0,169
0.55,1,Layer 3,0.5767322495654776,2.0,169
0.55,2,Layer 3,0.20464692726516953,2.0,169
0.55,3,Layer 3,0.7813791768306473,2.0,169
0.55,4,Layer 3,0.31627252395526195,2.0,169
0.55,5,Layer 3,0.14883412892012327,2.0,169
0.55,6,Layer 3,0.1674383950351387,2.0,169
0.55,7,Layer 3,0.7441706446006163,2.0,169
0.55,8,Layer 3,1.0604431685558784,2.0,169
0.55,9,Layer 3,0.5023151851054161,2.0,169
0.55,10,Layer 3,0.5767322495654776,2.0,169
0.55,11,Layer 3,0.1488341289201235,2.0,169
0.55,12,Layer 3,0.20464692726516953,2.0,169
0.55,13,Layer 3,0.911609039635755,2.0,169
0.55,14,Layer 3,0.2604597256102156,2.0,169
0.55,15,Layer 3,0.11162559669009242,2.0,169
0.55,16,Layer 3,0.20464692726516953,2.0,169
0.55,17,Layer 3,0.093021330575077,2.0,169
0.55,18,Layer 3,0.7441706446006163,2.0,169
0.55,19,Layer 3,0.11162559669009253,2.0,169
0.55,20,Layer 3,0.13022986280510784,2.0,169
0.55,21,Layer 3,0.5209194512204314,2.0,169
0.55,22,Layer 3,0.20464692726516953,2.0,169
0.55,23,Layer 3,0.7255663784856009,2.0,169
0.55,24,Layer 3,0.11162559669009242,2.0,169
0.55,25,Layer 3,0.18604266115015422,2.0,169
0.55,26,Layer 3,0.1674383950351387,2.0,169
0.55,27,Layer 3,0.22325119338018484,2.0,169
0.55,28,Layer 3,0.7069621123705855,2.0,169
0.55,29,Layer 3,0.22325119338018484,2.0,169
0.55,30,Layer 3,0.24185545949520026,2.0,169
0.55,31,Layer 3,0.13022986280510784,2.0,169
0.55,32,Layer 3,0.4651066528753851,2.0,169
0.55,33,Layer 3,0.2604597256102157,2.0,169
0.55,34,Layer 3,0.9674218379808013,2.0,169
0.55,35,Layer 3,0.7069621123705855,2.0,169
0.55,36,Layer 3,0.1674383950351387,2.0,169
0.55,37,Layer 3,0.5209194512204314,2.0,169
0.55,38,Layer 3,0.33487679007027726,2.0,169
0.55,39,Layer 3,0.11162559669009242,2.0,169
0.55,40,Layer 3,0.29766825784024653,2.0,169
0.55,41,Layer 3,0.6697535801405547,2.0,169
0.55,42,Layer 3,0.18604266115015422,2.0,169
0.55,43,Layer 3,0.11162559669009264,2.0,169
0.55,44,Layer 3,0.2790639917252311,2.0,169
0.55,45,Layer 3,0.5767322495654776,2.0,169
0.55,46,Layer 3,1.004630370210832,2.0,169
0.55,47,Layer 3,0.372085322300308,2.0,169
0.55,48,Layer 3,0.48371091899040053,2.0,169
0.55,49,Layer 3,0.1674383950351387,2.0,169
0.55,0,Layer 4,0.13356102061441477,2.0,169
0.55,1,Layer 4,0.5787644226624646,2.0,169
0.55,2,Layer 4,0.2003415309216222,2.0,169
0.55,3,Layer 4,0.8013661236864895,2.0,169
0.55,4,Layer 4,0.40068306184324465,2.0,169
0.55,5,Layer 4,0.13356102061441477,2.0,169
0.55,6,Layer 4,0.22260170102402466,2.0,169
0.55,7,Layer 4,0.6455449329696721,2.0,169
0.55,8,Layer 4,1.0684881649153193,2.0,169
0.55,9,Layer 4,0.6232847628672696,2.0,169
0.55,10,Layer 4,0.7568457834816844,2.0,169
0.55,11,Layer 4,0.17808136081921977,2.0,169
0.55,12,Layer 4,0.22260170102402488,2.0,169
0.55,13,Layer 4,1.2910898659393442,2.0,169
0.55,14,Layer 4,0.2003415309216222,2.0,169
0.55,15,Layer 4,0.13356102061441477,2.0,169
0.55,16,Layer 4,0.2448618711264272,2.0,169
0.55,17,Layer 4,0.13356102061441477,2.0,169
0.55,18,Layer 4,0.8013661236864894,2.0,169
0.55,19,Layer 4,0.13356102061441488,2.0,169
0.55,20,Layer 4,0.13356102061441477,2.0,169
0.55,21,Layer 4,0.6010245927648671,2.0,169
0.55,22,Layer 4,0.26712204122882965,2.0,169
0.55,23,Layer 4,0.6010245927648672,2.0,169
0.55,24,Layer 4,0.17808136081921977,2.0,169
0.55,25,Layer 4,0.20034153092162232,2.0,169
0.55,26,Layer 4,0.15582119071681722,2.0,169
0.55,27,Layer 4,0.22260170102402488,2.0,169
0.55,28,Layer 4,0.8236262937888921,2.0,169
0.55,29,Layer 4,0.22260170102402466,2.0,169
0.55,30,Layer 4,0.20034153092162232,2.0,169
0.55,31,Layer 4,0.15582119071681722,2.0,169
0.55,32,Layer 4,0.44520340204804976,2.0,169
0.55,33,Layer 4,0.31164238143363476,2.0,169
0.55,34,Layer 4,0.9349271443009044,2.0,169
0.55,35,Layer 4,0.7568457834816845,2.0,169
0.55,36,Layer 4,0.15582119071681744,2.0,169
0.55,37,Layer 4,0.5565042525600622,2.0,169
0.55,38,Layer 4,0.3339025515360373,2.0,169
0.55,39,Layer 4,0.15582119071681722,2.0,169
0.55,40,Layer 4,0.35616272163843976,2.0,169
0.55,41,Layer 4,0.48972374225285464,2.0,169
0.55,42,Layer 4,0.20034153092162232,2.0,169
0.55,43,Layer 4,0.13356102061441488,2.0,169
0.55,44,Layer 4,0.20034153092162232,2.0,169
0.55,45,Layer 4,1.1575288453249293,2.0,169
0.55,46,Layer 4,0.8904068040960993,2.0,169
0.55,47,Layer 4,0.35616272163843976,2.0,169
0.55,48,Layer 4,0.7123254432768795,2.0,169
0.55,49,Layer 4,0.22260170102402466,2.0,169
0.6,0,Layer 1,0.2710479805265744,2.0,169
0.6,1,Layer 1,0.2439431824739169,2.0,169
0.6,2,Layer 1,0.2439431824739169,2.0,169
0.6,3,Layer 1,0.21683838442125936,2.0,169
0.6,4,Layer 1,1.3281351045802137,2.0,169
0.6,5,Layer 1,0.40657197078986135,2.0,169
0.6,6,Layer 1,0.48788636494783366,2.0,169
0.6,7,Layer 1,0.6234103552111208,2.0,169
0.6,8,Layer 1,0.32525757663188903,2.0,169
0.6,9,Layer 1,1.219715912369584,2.0,169
0.6,10,Layer 1,0.7589343454744079,2.0,169
0.6,11,Layer 1,1.2468207104222415,2.0,169
0.6,12,Layer 1,0.4065719707898613,2.0,169
0.6,13,Layer 1,0.5420959610531484,2.0,169
0.6,14,Layer 1,0.2981527785792317,2.0,169
0.6,15,Layer 1,1.5720782870541306,2.0,169
0.6,16,Layer 1,0.9486679318430099,2.0,169
0.6,17,Layer 1,0.21683838442125936,2.0,169
0.6,18,Layer 1,0.2710479805265741,2.0,169
0.6,19,Layer 1,1.0570871240536395,2.0,169
0.6,20,Layer 1,0.2981527785792316,2.0,169
0.6,21,Layer 1,0.4065719707898612,2.0,169
0.6,22,Layer 1,0.37946717273720376,2.0,169
0.6,23,Layer 1,0.2439431824739169,2.0,169
0.6,24,Layer 1,0.32525757663188903,2.0,169
0.6,25,Layer 1,0.6505151532637782,2.0,169
0.6,26,Layer 1,1.3552399026328712,2.0,169
0.6,27,Layer 1,0.32525757663188903,2.0,169
0.6,28,Layer 1,0.7318295474217504,2.0,169
0.6,29,Layer 1,1.3010303065275561,2.0,169
0.6,30,Layer 1,0.2710479805265742,2.0,169
0.6,31,Layer 1,0.6505151532637782,2.0,169
0.6,32,Layer 1,1.1926111143169265,2.0,169
0.6,33,Layer 1,0.32525757663188914,2.0,169
0.6,34,Layer 1,0.514991163000491,2.0,169
0.6,35,Layer 1,0.9215631337903524,2.0,169
0.6,36,Layer 1,0.2981527785792317,2.0,169
0.6,37,Layer 1,0.4336767688425187,2.0,169
0.6,38,Layer 1,1.0028775279483244,2.0,169
0.6,39,Layer 1,1.5720782870541306,2.0,169
0.6,40,Layer 1,0.9757727298956672,2.0,169
0.6,41,Layer 1,0.2981527785792316,2.0,169
0.6,42,Layer 1,0.32525757663188903,2.0,169
0.6,43,Layer 1,0.7589343454744077,2.0,169
0.6,44,Layer 1,0.8673535376850376,2.0,169
0.6,45,Layer 1,1.0841919221062968,2.0,169
0.6,46,Layer 1,1.5720782870541306,2.0,169
0.6,47,Layer 1,0.2439431824739169,2.0,169
0.6,48,Layer 1,0.4065719707898612,2.0,169
0.6,49,Layer 1,0.7589343454744079,2.0,169
0.6,0,Layer 2,0.19406037204023951,2.0,169
0.6,1,Layer 2,0.21562263560026618,2.0,169
0.6,2,Layer 2,0.17249810848021296,2.0,169
0.6,3,Layer 2,0.1509358449201863,2.0,169
0.6,4,Layer 2,0.884052805961091,2.0,169
0.6,5,Layer 2,0.6037433796807451,2.0,169
0.6,6,Layer 2,0.5821811161207184,2.0,169
0.6,7,Layer 2,1.1212377051213838,2.0,169
0.6,8,Layer 2,0.17249810848021296,2.0,169
0.6,9,Layer 2,0.7546792246009313,2.0,169
0.6,10,Layer 2,0.3449962169604257,2.0,169
0.6,11,Layer 2,0.28030942628034594,2.0,169
0.6,12,Layer 2,0.21562263560026618,2.0,169
0.6,13,Layer 2,0.6037433796807451,2.0,169
0.6,14,Layer 2,0.17249810848021296,2.0,169
0.6,15,Layer 2,0.6037433796807451,2.0,169
0.6,16,Layer 2,0.7762414881609581,2.0,169
0.6,17,Layer 2,0.17249810848021296,2.0,169
0.6,18,Layer 2,0.3449962169604258,2.0,169
0.6,19,Layer 2,1.1859244958014634,2.0,169
0.6,20,Layer 2,0.21562263560026618,2.0,169
0.6,21,Layer 2,0.23718489916029284,2.0,169
0.6,22,Layer 2,0.4959320618806121,2.0,169
0.6,23,Layer 2,0.17249810848021296,2.0,169
0.6,24,Layer 2,0.19406037204023951,2.0,169
0.6,25,Layer 2,0.5821811161207184,2.0,169
0.6,26,Layer 2,0.9271773330811441,2.0,169
0.6,27,Layer 2,0.23718489916029284,2.0,169
0.6,28,Layer 2,0.8624905424010645,2.0,169
0.6,29,Layer 2,0.4528075347605589,2.0,169
0.6,30,Layer 2,0.32343395340039915,2.0,169
0.6,31,Layer 2,0.6468679068007983,2.0,169
0.6,32,Layer 2,0.4096830076405056,2.0,169
0.6,33,Layer 2,0.23718489916029273,2.0,169
0.6,34,Layer 2,0.6253056432407718,2.0,169
0.6,35,Layer 2,0.3018716898403726,2.0,169
0.6,36,Layer 2,0.23718489916029273,2.0,169
0.6,37,Layer 2,0.5821811161207184,2.0,169
0.6,38,Layer 2,0.884052805961091,2.0,169
0.6,39,Layer 2,0.6037433796807451,2.0,169
0.6,40,Layer 2,0.3018716898403725,2.0,169
0.6,41,Layer 2,0.1509358449201863,2.0,169
0.6,42,Layer 2,0.1509358449201863,2.0,169
0.6,43,Layer 2,0.5821811161207185,2.0,169
0.6,44,Layer 2,1.0996754415613572,2.0,169
0.6,45,Layer 2,0.49593206188061206,2.0,169
0.6,46,Layer 2,0.5390565890006652,2.0,169
0.6,47,Layer 2,0.1509358449201863,2.0,169
0.6,48,Layer 2,0.36655848052045237,2.0,169
0.6,49,Layer 2,0.4743697983205854,2.0,169
0.6,0,Layer 3,0.18581599164021212,2.0,169
0.6,1,Layer 3,0.14865279331216985,2.0,169
0.6,2,Layer 3,0.14865279331216974,2.0,169
0.6,3,Layer 3,0.1300711941481485,2.0,169
0.6,4,Layer 3,0.9848247556931246,2.0,169
0.6,5,Layer 3,0.6689375699047638,2.0,169
0.6,6,Layer 3,0.594611173248679,2.0,169
0.6,7,Layer 3,1.0591511523492092,2.0,169
0.6,8,Layer 3,0.16723439247619099,2.0,169
0.6,9,Layer 3,0.7246823673968276,2.0,169
0.6,10,Layer 3,0.3530503841164031,2.0,169
0.6,11,Layer 3,0.6131927724127002,2.0,169
0.6,12,Layer 3,0.18581599164021223,2.0,169
0.6,13,Layer 3,0.18581599164021223,2.0,169
0.6,14,Layer 3,0.1300711941481485,2.0,169
0.6,15,Layer 3,0.6317743715767214,2.0,169
0.6,16,Layer 3,0.7432639665608487,2.0,169
0.6,17,Layer 3,0.1300711941481485,2.0,169
0.6,18,Layer 3,0.20439759080423348,2.0,169
0.6,19,Layer 3,0.9662431565291033,2.0,169
0.6,20,Layer 3,0.20439759080423348,2.0,169
0.6,21,Layer 3,0.22297918996825472,2.0,169
0.6,22,Layer 3,0.20439759080423348,2.0,169
0.6,23,Layer 3,0.1300711941481485,2.0,169
0.6,24,Layer 3,0.18581599164021223,2.0,169
0.6,25,Layer 3,0.594611173248679,2.0,169
0.6,26,Layer 3,0.8175903632169335,2.0,169
0.6,27,Layer 3,0.20439759080423348,2.0,169
0.6,28,Layer 3,0.8361719623809547,2.0,169
0.6,29,Layer 3,0.33446878495238197,2.0,169
0.6,30,Layer 3,0.22297918996825472,2.0,169
0.6,31,Layer 3,0.6689375699047639,2.0,169
0.6,32,Layer 3,0.33446878495238186,2.0,169
0.6,33,Layer 3,0.20439759080423325,2.0,169
0.6,34,Layer 3,0.40879518160846695,2.0,169
0.6,35,Layer 3,0.33446878495238197,2.0,169
0.6,36,Layer 3,0.185815991640212,2.0,169
0.6,37,Layer 3,0.5574479749206366,2.0,169
0.6,38,Layer 3,0.6317743715767214,2.0,169
0.6,39,Layer 3,0.594611173248679,2.0,169
0.6,40,Layer 3,0.2973055866243396,2.0,169
0.6,41,Layer 3,0.16723439247619087,2.0,169
0.6,42,Layer 3,0.14865279331216974,2.0,169
0.6,43,Layer 3,0.3902135824444457,2.0,169
0.6,44,Layer 3,0.6503559707407426,2.0,169
0.6,45,Layer 3,0.4831215782645517,2.0,169
0.6,46,Layer 3,0.5574479749206365,2.0,169
0.6,47,Layer 3,0.1300711941481485,2.0,169
0.6,48,Layer 3,0.2601423882962971,2.0,169
0.6,49,Layer 3,0.3530503841164032,2.0,169
0.6,0,Layer 4,0.1779130278720651,2.0,169
0.6,1,Layer 4,0.2001521563560733,2.0,169
0.6,2,Layer 4,0.2668695418080975,2.0,169
0.6,3,Layer 4,0.17791302787206498,2.0,169
0.6,4,Layer 4,0.9785216532963581,2.0,169
0.6,5,Layer 4,0.644934726036236,2.0,169
0.6,6,Layer 4,0.5559782121002035,2.0,169
0.6,7,Layer 4,1.111956424200407,2.0,169
0.6,8,Layer 4,0.24463041332408952,2.0,169
0.6,9,Layer 4,0.6894129830042524,2.0,169
0.6,10,Layer 4,0.33358692726012196,2.0,169
0.6,11,Layer 4,0.6004564690682198,2.0,169
0.6,12,Layer 4,0.2001521563560733,2.0,169
0.6,13,Layer 4,0.6226955975522279,2.0,169
0.6,14,Layer 4,0.13343477090404865,2.0,169
0.6,15,Layer 4,0.7783694969402849,2.0,169
0.6,16,Layer 4,0.800608625424293,2.0,169
0.6,17,Layer 4,0.15567389938805687,2.0,169
0.6,18,Layer 4,0.3558260557441302,2.0,169
0.6,19,Layer 4,0.7561303684562768,2.0,169
0.6,20,Layer 4,0.1779130278720651,2.0,169
0.6,21,Layer 4,0.5782173405842116,2.0,169
0.6,22,Layer 4,0.4225434411961546,2.0,169
0.6,23,Layer 4,0.15567389938805687,2.0,169
0.6,24,Layer 4,0.24463041332408964,2.0,169
0.6,25,Layer 4,0.5782173405842116,2.0,169
0.6,26,Layer 4,0.9562825248123501,2.0,169
0.6,27,Layer 4,0.2001521563560733,2.0,169
0.6,28,Layer 4,0.8228477539083012,2.0,169
0.6,29,Layer 4,0.3558260557441303,2.0,169
0.6,30,Layer 4,0.2001521563560733,2.0,169
0.6,31,Layer 4,0.6671738545202441,2.0,169
0.6,32,Layer 4,0.26686954180809774,2.0,169
0.6,33,Layer 4,0.2223912848400813,2.0,169
0.6,34,Layer 4,0.1779130278720652,2.0,169
0.6,35,Layer 4,0.26686954180809763,2.0,169
0.6,36,Layer 4,0.28910867029210585,2.0,169
0.6,37,Layer 4,0.6226955975522279,2.0,169
0.6,38,Layer 4,0.3780651842281384,2.0,169
0.6,39,Layer 4,0.6226955975522279,2.0,169
0.6,40,Layer 4,0.31134779877611396,2.0,169
0.6,41,Layer 4,0.17791302787206498,2.0,169
0.6,42,Layer 4,0.1779130278720651,2.0,169
0.6,43,Layer 4,0.5114999551321873,2.0,169
0.6,44,Layer 4,0.7783694969402849,2.0,169
0.6,45,Layer 4,0.4892608266481791,2.0,169
0.6,46,Layer 4,0.5559782121002035,2.0,169
0.6,47,Layer 4,0.17791302787206498,2.0,169
0.6,48,Layer 4,0.24463041332408964,2.0,169
0.6,49,Layer 4,0.489260826648179,2.0,169
0.65,0,Layer 1,0.5441822048268901,2.0,169
0.65,1,Layer 1,1.1972008506191583,2.0,169
0.65,2,Layer 1,0.5713913150682348,2.0,169
0.65,3,Layer 1,0.2720911024134449,2.0,169
0.65,4,Layer 1,0.1904637716894113,2.0,169
0.65,5,Layer 1,0.2448819921721006,2.0,169
0.65,6,Layer 1,0.32650932289613405,2.0,169
0.65,7,Layer 1,0.24488199217210038,2.0,169
0.65,8,Layer 1,0.6802277560336127,2.0,169
0.65,9,Layer 1,1.0067370789297465,2.0,169
0.65,10,Layer 1,0.2720911024134449,2.0,169
0.65,11,Layer 1,0.3537184331374783,2.0,169
0.65,12,Layer 1,0.21767288193075585,2.0,169
0.65,13,Layer 1,1.5509192837566366,2.0,169
0.65,14,Layer 1,0.24488199217210038,2.0,169
0.65,15,Layer 1,1.4692919530326032,2.0,169
0.65,16,Layer 1,1.5237101735152923,2.0,169
0.65,17,Layer 1,0.21767288193075607,2.0,169
0.65,18,Layer 1,0.6530186457922682,2.0,169
0.65,19,Layer 1,1.414873732549914,2.0,169
0.65,20,Layer 1,0.9251097482057131,2.0,169
0.65,21,Layer 1,0.925109748205713,2.0,169
0.65,22,Layer 1,0.21767288193075607,2.0,169
0.65,23,Layer 1,0.7618550867576459,2.0,169
0.65,24,Layer 1,1.3876646223085696,2.0,169
0.65,25,Layer 1,0.3537184331374785,2.0,169
0.65,26,Layer 1,1.5237101735152923,2.0,169
0.65,27,Layer 1,0.2448819921721006,2.0,169
0.65,28,Layer 1,0.8706915277230243,2.0,169
0.65,29,Layer 1,0.21767288193075585,2.0,169
0.65,30,Layer 1,0.6258095355509237,2.0,169
0.65,31,Layer 1,0.979527968688402,2.0,169
0.65,32,Layer 1,1.0611552994124356,2.0,169
0.65,33,Layer 1,0.24488199217210038,2.0,169
0.65,34,Layer 1,0.2448819921721006,2.0,169
0.65,35,Layer 1,0.27209110241344503,2.0,169
0.65,36,Layer 1,1.4692919530326032,2.0,169
0.65,37,Layer 1,0.32650932289613377,2.0,169
0.65,38,Layer 1,0.5713913150682346,2.0,169
0.65,39,Layer 1,0.9523188584470575,2.0,169
0.65,40,Layer 1,1.2788281813431919,2.0,169
0.65,41,Layer 1,0.7618550867576461,2.0,169
0.65,42,Layer 1,0.5441822048268903,2.0,169
0.65,43,Layer 1,1.4692919530326032,2.0,169
0.65,44,Layer 1,0.24488199217210038,2.0,169
0.65,45,Layer 1,0.24488199217210038,2.0,169
0.65,46,Layer 1,0.5986004253095791,2.0,169
0.65,47,Layer 1,1.033946189171091,2.0,169
0.65,48,Layer 1,0.5986004253095792,2.0,169
0.65,49,Layer 1,1.0611552994124358,2.0,169
0.65,0,Layer 2,0.4696897949061265,2.0,169
0.65,1,Layer 2,0.29889350584935315,2.0,169
0.65,2,Layer 2,0.29889350584935315,2.0,169
0.65,3,Layer 2,0.14944675292467668,2.0,169
0.65,4,Layer 2,0.12809721679258002,2.0,169
0.65,5,Layer 2,0.14944675292467668,2.0,169
0.65,6,Layer 2,0.4056411865098365,2.0,169
0.65,7,Layer 2,0.12809721679258002,2.0,169
0.65,8,Layer 2,0.3202430419814498,2.0,169
0.65,9,Layer 2,0.2775439697172566,2.0,169
0.65,10,Layer 2,0.14944675292467668,2.0,169
0.65,11,Layer 2,0.14944675292467668,2.0,169
0.65,12,Layer 2,0.17079628905677335,2.0,169
0.65,13,Layer 2,0.9820786620764461,2.0,169
0.65,14,Layer 2,0.14944675292467668,2.0,169
0.65,15,Layer 2,1.0247777343406395,2.0,169
0.65,16,Layer 2,0.7685833007554796,2.0,169
0.65,17,Layer 2,0.17079628905677335,2.0,169
0.65,18,Layer 2,0.5550879394345131,2.0,169
0.65,19,Layer 2,0.8326319091517695,2.0,169
0.65,20,Layer 2,1.302321704057896,2.0,169
0.65,21,Layer 2,0.8326319091517695,2.0,169
0.65,22,Layer 2,0.17079628905677335,2.0,169
0.65,23,Layer 2,0.5123888671703198,2.0,169
0.65,24,Layer 2,0.9180300536801562,2.0,169
0.65,25,Layer 2,0.2134953613209667,2.0,169
0.65,26,Layer 2,0.5337384033024164,2.0,169
0.65,27,Layer 2,0.17079628905677324,2.0,169
0.65,28,Layer 2,0.5764374755666096,2.0,169
0.65,29,Layer 2,0.14944675292467668,2.0,169
0.65,30,Layer 2,0.6618356200949963,2.0,169
0.65,31,Layer 2,0.4910393310382231,2.0,169
0.65,32,Layer 2,0.3415925781135465,2.0,169
0.65,33,Layer 2,0.17079628905677335,2.0,169
0.65,34,Layer 2,0.17079628905677324,2.0,169
0.65,35,Layer 2,0.1921458251888699,2.0,169
0.65,36,Layer 2,0.7258842284912863,2.0,169
0.65,37,Layer 2,0.2134953613209667,2.0,169
0.65,38,Layer 2,0.8112823730196728,2.0,169
0.65,39,Layer 2,0.5977870116987063,2.0,169
0.65,40,Layer 2,0.29889350584935315,2.0,169
0.65,41,Layer 2,0.5764374755666097,2.0,169
0.65,42,Layer 2,0.5550879394345131,2.0,169
0.65,43,Layer 2,0.7472337646233829,2.0,169
0.65,44,Layer 2,0.17079628905677324,2.0,169
0.65,45,Layer 2,0.17079628905677335,2.0,169
0.65,46,Layer 2,0.21349536132096647,2.0,169
0.65,47,Layer 2,0.9180300536801562,2.0,169
0.65,48,Layer 2,0.29889350584935315,2.0,169
0.65,49,Layer 2,0.6404860839628996,2.0,169
0.65,0,Layer 3,0.16674066392347187,2.0,169
0.65,1,Layer 3,0.2964278469750611,2.0,169
0.65,2,Layer 3,0.2223208852312959,2.0,169
0.65,3,Layer 3,0.14821392348753049,2.0,169
0.65,4,Layer 3,0.11116044261564784,2.0,169
0.65,5,Layer 3,0.14821392348753049,2.0,169
0.65,6,Layer 3,0.38906154915476765,2.0,169
0.65,7,Layer 3,0.1296871830515891,2.0,169
0.65,8,Layer 3,0.31495458741100246,2.0,169
0.65,9,Layer 3,0.20379414479535446,2.0,169
0.65,10,Layer 3,0.18526740435941313,2.0,169
0.65,11,Layer 3,0.11116044261564784,2.0,169
0.65,12,Layer 3,0.14821392348753049,2.0,169
0.65,13,Layer 3,1.13013116659242,2.0,169
0.65,14,Layer 3,0.14821392348753049,2.0,169
0.65,15,Layer 3,0.8707568004892418,2.0,169
0.65,16,Layer 3,0.6669626556938872,2.0,169
0.65,17,Layer 3,0.16674066392347187,2.0,169
0.65,18,Layer 3,0.5743289535141807,2.0,169
0.65,19,Layer 3,0.8337033196173591,2.0,169
0.65,20,Layer 3,0.889283540925183,2.0,169
0.65,21,Layer 3,0.6299091748220047,2.0,169
0.65,22,Layer 3,0.16674066392347187,2.0,169
0.65,23,Layer 3,0.37053480871882627,2.0,169
0.65,24,Layer 3,0.8707568004892418,2.0,169
0.65,25,Layer 3,0.16674066392347187,2.0,169
0.65,26,Layer 3,0.5372754726422981,2.0,169
0.65,27,Layer 3,0.16674066392347187,2.0,169
0.65,28,Layer 3,0.5002219917704155,2.0,169
0.65,29,Layer 3,0.11116044261564784,2.0,169
0.65,30,Layer 3,0.6113824343860633,2.0,169
0.65,31,Layer 3,0.44464177046259157,2.0,169
0.65,32,Layer 3,0.31495458741100235,2.0,169
0.65,33,Layer 3,0.1296871830515891,2.0,169
0.65,34,Layer 3,0.12968718305158922,2.0,169
0.65,35,Layer 3,0.16674066392347187,2.0,169
0.65,36,Layer 3,0.7781230983095353,2.0,169
0.65,37,Layer 3,0.14821392348753049,2.0,169
0.65,38,Layer 3,0.592855693950122,2.0,169
0.65,39,Layer 3,0.4261150300266502,2.0,169
0.65,40,Layer 3,0.6299091748220047,2.0,169
0.65,41,Layer 3,0.6113824343860633,2.0,169
0.65,42,Layer 3,0.38906154915476765,2.0,169
0.65,43,Layer 3,0.7595963578735938,2.0,169
0.65,44,Layer 3,0.14821392348753037,2.0,169
0.65,45,Layer 3,0.1296871830515891,2.0,169
0.65,46,Layer 3,0.22232088523129578,2.0,169
0.65,47,Layer 3,0.8522300600533004,2.0,169
0.65,48,Layer 3,0.352008068282885,2.0,169
0.65,49,Layer 3,0.5372754726422981,2.0,169
0.65,0,Layer 4,0.5037544575786475,2.0,169
0.65,1,Layer 4,1.0304068450472332,2.0,169
0.65,2,Layer 4,0.45795859779877035,2.0,169
0.65,3,Layer 4,0.16028550922956974,2.0,169
0.65,4,Layer 4,0.11448964944969264,2.0,169
0.65,5,Layer 4,0.20608136900944685,2.0,169
0.65,6,Layer 4,0.3434689483490777,2.0,169
0.65,7,Layer 4,0.1831834391195083,2.0,169
0.65,8,Layer 4,0.36636687823901626,2.0,169
0.65,9,Layer 4,0.22897929889938506,2.0,169
0.65,10,Layer 4,0.16028550922956974,2.0,169
0.65,11,Layer 4,0.22897929889938518,2.0,169
0.65,12,Layer 4,0.16028550922956974,2.0,169
0.65,13,Layer 4,1.0304068450472332,2.0,169
0.65,14,Layer 4,0.1831834391195083,2.0,169
0.65,15,Layer 4,0.7098358265880941,2.0,169
0.65,16,Layer 4,0.7785296162579096,2.0,169
0.65,17,Layer 4,0.2289792988993854,2.0,169
0.65,18,Layer 4,0.9846109852673564,2.0,169
0.65,19,Layer 4,1.0991006347170487,2.0,169
0.65,20,Layer 4,1.1448964944969258,2.0,169
0.65,21,Layer 4,0.6411420369182785,2.0,169
0.65,22,Layer 4,0.1831834391195083,2.0,169
0.65,23,Layer 4,0.3892648081289547,2.0,169
0.65,24,Layer 4,0.7327337564780324,2.0,169
0.65,25,Layer 4,0.25187722878932384,2.0,169
0.65,26,Layer 4,0.5495503173585243,2.0,169
0.65,27,Layer 4,0.20608136900944685,2.0,169
0.65,28,Layer 4,0.5953461771384014,2.0,169
0.65,29,Layer 4,0.1831834391195083,2.0,169
0.65,30,Layer 4,0.709835826588094,2.0,169
0.65,31,Layer 4,0.572448247248463,2.0,169
0.65,32,Layer 4,0.2747751586792623,2.0,169
0.65,33,Layer 4,0.2747751586792623,2.0,169
0.65,34,Layer 4,0.20608136900944674,2.0,169
0.65,35,Layer 4,0.20608136900944674,2.0,169
0.65,36,Layer 4,1.0762027048271103,2.0,169
0.65,37,Layer 4,0.1831834391195083,2.0,169
0.65,38,Layer 4,0.5953461771384014,2.0,169
0.65,39,Layer 4,0.6411420369182785,2.0,169
0.65,40,Layer 4,0.6640399668082169,2.0,169
0.65,41,Layer 4,0.6411420369182784,2.0,169
0.65,42,Layer 4,0.36636687823901615,2.0,169
0.65,43,Layer 4,1.1906923542768029,2.0,169
0.65,44,Layer 4,0.18318343911950807,2.0,169
0.65,45,Layer 4,0.16028550922956974,2.0,169
0.65,46,Layer 4,0.847223405927725,2.0,169
0.65,47,Layer 4,0.8701213358176637,2.0,169
0.65,48,Layer 4,0.3892648081289547,2.0,169
0.65,49,Layer 4,0.5266523874685858,2.0,169
0.7,0,Layer 1,0.592589619283275,2.0,169
0.7,1,Layer 1,1.6161535071362045,2.0,169
0.7,2,Layer 1,1.1313074549953432,2.0,169
0.7,3,Layer 1,1.5084099399937907,2.0,169
0.7,4,Layer 1,0.3501665932128444,2.0,169
0.7,5,Layer 1,1.4276022646369806,2.0,169
0.7,6,Layer 1,1.5353458317793942,2.0,169
0.7,7,Layer 1,0.9696921042817227,2.0,169
0.7,8,Layer 1,0.3771024849984478,2.0,169
0.7,9,Layer 1,0.26935891785603416,2.0,169
0.7,10,Layer 1,0.35016659321284416,2.0,169
0.7,11,Layer 1,0.29629480964163757,2.0,169
0.7,12,Layer 1,1.589217615350601,2.0,169
0.7,13,Layer 1,0.8080767535681023,2.0,169
0.7,14,Layer 1,0.8350126453537057,2.0,169
0.7,15,Layer 1,0.26935891785603405,2.0,169
0.7,16,Layer 1,0.6733972946400854,2.0,169
0.7,17,Layer 1,1.4545381564225839,2.0,169
0.7,18,Layer 1,1.6430893989218078,2.0,169
0.7,19,Layer 1,0.5117819439264648,2.0,169
0.7,20,Layer 1,0.29629480964163757,2.0,169
0.7,21,Layer 1,0.4309742685696544,2.0,169
0.7,22,Layer 1,0.21548713428482724,2.0,169
0.7,23,Layer 1,0.861948537139309,2.0,169
0.7,24,Layer 1,1.5892176153506012,2.0,169
0.7,25,Layer 1,1.131307454995343,2.0,169
0.7,26,Layer 1,1.2659869139233604,2.0,169
0.7,27,Layer 1,0.21548713428482724,2.0,169
0.7,28,Layer 1,1.5622817235649975,2.0,169
0.7,29,Layer 1,0.5656537274976717,2.0,169
0.7,30,Layer 1,0.8888844289249125,2.0,169
0.7,31,Layer 1,0.3771024849984477,2.0,169
0.7,32,Layer 1,0.457910160355258,2.0,169
0.7,33,Layer 1,1.508409939993791,2.0,169
0.7,34,Layer 1,0.21548713428482724,2.0,169
0.7,35,Layer 1,1.5622817235649977,2.0,169
0.7,36,Layer 1,0.26935891785603405,2.0,169
0.7,37,Layer 1,1.5892176153506012,2.0,169
0.7,38,Layer 1,0.5925896192832749,2.0,169
0.7,39,Layer 1,0.37710248499844756,2.0,169
0.7,40,Layer 1,0.861948537139309,2.0,169
0.7,41,Layer 1,1.6161535071362043,2.0,169
0.7,42,Layer 1,1.4814740482081874,2.0,169
0.7,43,Layer 1,0.3771024849984477,2.0,169
0.7,44,Layer 1,0.26935891785603405,2.0,169
0.7,45,Layer 1,0.24242302607043076,2.0,169
0.7,46,Layer 1,0.592589619283275,2.0,169
0.7,47,Layer 1,1.4814740482081874,2.0,169
0.7,48,Layer 1,0.5656537274976716,2.0,169
0.7,49,Layer 1,1.508409939993791,2.0,169
0.7,0,Layer 2,0.8095813009976436,2.0,169
0.7,1,Layer 2,0.6391431323665608,2.0,169
0.7,2,Layer 2,0.4900097348143633,2.0,169
0.7,3,Layer 2,0.5752288191299045,2.0,169
0.7,4,Layer 2,0.4687049637354779,2.0,169
0.7,5,Layer 2,0.5326192769721338,2.0,169
0.7,6,Layer 2,0.5752288191299046,2.0,169
0.7,7,Layer 2,1.1930671804175799,2.0,169
0.7,8,Layer 2,0.298266795104395,2.0,169
0.7,9,Layer 2,0.21304771078885365,2.0,169
0.7,10,Layer 2,0.5539240480510192,2.0,169
0.7,11,Layer 2,0.17043816863108285,2.0,169
0.7,12,Layer 2,0.660447903445446,2.0,169
0.7,13,Layer 2,0.8308860720765289,2.0,169
0.7,14,Layer 2,0.894800385313185,2.0,169
0.7,15,Layer 2,0.17043816863108285,2.0,169
0.7,16,Layer 2,1.19306718041758,2.0,169
0.7,17,Layer 2,0.6178383612876753,2.0,169
0.7,18,Layer 2,0.5539240480510192,2.0,169
0.7,19,Layer 2,0.17043816863108285,2.0,169
0.7,20,Layer 2,0.19174293970996825,2.0,169
0.7,21,Layer 2,0.2556572529466242,2.0,169
0.7,22,Layer 2,0.12782862647331228,2.0,169
0.7,23,Layer 2,0.8095813009976436,2.0,169
0.7,24,Layer 2,0.5539240480510192,2.0,169
0.7,25,Layer 2,0.6604479034454461,2.0,169
0.7,26,Layer 2,0.5539240480510192,2.0,169
0.7,27,Layer 2,0.17043816863108296,2.0,169
0.7,28,Layer 2,0.7882765299187582,2.0,169
0.7,29,Layer 2,0.7243622166821022,2.0,169
0.7,30,Layer 2,0.5752288191299046,2.0,169
0.7,31,Layer 2,0.17043816863108285,2.0,169
0.7,32,Layer 2,0.298266795104395,2.0,169
0.7,33,Layer 2,0.7669717588398729,2.0,169
0.7,34,Layer 2,0.23435248186773905,2.0,169
0.7,35,Layer 2,0.59653359020879,2.0,169
0.7,36,Layer 2,0.12782862647331228,2.0,169
0.7,37,Layer 2,0.9800194696287264,2.0,169
0.7,38,Layer 2,0.5752288191299045,2.0,169
0.7,39,Layer 2,0.6178383612876753,2.0,169
0.7,40,Layer 2,0.6391431323665607,2.0,169
0.7,41,Layer 2,0.5539240480510192,2.0,169
0.7,42,Layer 2,0.6604479034454461,2.0,169
0.7,43,Layer 2,0.19174293970996825,2.0,169
0.7,44,Layer 2,0.25565725294662445,2.0,169
0.7,45,Layer 2,0.17043816863108285,2.0,169
0.7,46,Layer 2,0.532619276972134,2.0,169
0.7,47,Layer 2,0.8734956142342996,2.0,169
0.7,48,Layer 2,0.3621811083410511,2.0,169
0.7,49,Layer 2,0.6817526745243314,2.0,169
0.7,0,Layer 3,0.9557548546806325,2.0,169
0.7,1,Layer 3,0.918274272144137,2.0,169
0.7,2,Layer 3,0.5059878642426878,2.0,169
0.7,3,Layer 3,0.5809490293156786,2.0,169
0.7,4,Layer 3,0.14992233014598166,2.0,169
0.7,5,Layer 3,0.5059878642426877,2.0,169
0.7,6,Layer 3,0.5622087380474308,2.0,169
0.7,7,Layer 3,0.918274272144137,2.0,169
0.7,8,Layer 3,0.2623640777554678,2.0,169
0.7,9,Layer 3,0.14992233014598166,2.0,169
0.7,10,Layer 3,0.5434684467791833,2.0,169
0.7,11,Layer 3,0.13118203887773405,2.0,169
0.7,12,Layer 3,0.7870922332664031,2.0,169
0.7,13,Layer 3,0.7121310681934124,2.0,169
0.7,14,Layer 3,0.7683519419981555,2.0,169
0.7,15,Layer 3,0.13118203887773394,2.0,169
0.7,16,Layer 3,1.0869368935583663,2.0,169
0.7,17,Layer 3,0.6559101943886694,2.0,169
0.7,18,Layer 3,0.543468446779183,2.0,169
0.7,19,Layer 3,0.187402912682477,2.0,169
0.7,20,Layer 3,0.16866262141422927,2.0,169
0.7,21,Layer 3,0.22488349521897244,2.0,169
0.7,22,Layer 3,0.11244174760948622,2.0,169
0.7,23,Layer 3,0.6184296118521739,2.0,169
0.7,24,Layer 3,0.5809490293156785,2.0,169
0.7,25,Layer 3,0.6184296118521739,2.0,169
0.7,26,Layer 3,0.48724757297444005,2.0,169
0.7,27,Layer 3,0.13118203887773394,2.0,169
0.7,28,Layer 3,0.8058325245346509,2.0,169
0.7,29,Layer 3,0.5434684467791832,2.0,169
0.7,30,Layer 3,0.6746504856569171,2.0,169
0.7,31,Layer 3,0.18740291268247689,2.0,169
0.7,32,Layer 3,0.20614320395072472,2.0,169
0.7,33,Layer 3,0.6559101943886694,2.0,169
0.7,34,Layer 3,0.18740291268247689,2.0,169
0.7,35,Layer 3,0.5996893205839262,2.0,169
0.7,36,Layer 3,0.13118203887773394,2.0,169
0.7,37,Layer 3,0.9557548546806324,2.0,169
0.7,38,Layer 3,0.5247281555109355,2.0,169
0.7,39,Layer 3,0.22488349521897244,2.0,169
0.7,40,Layer 3,0.6746504856569171,2.0,169
0.7,41,Layer 3,0.5434684467791832,2.0,169
0.7,42,Layer 3,0.6371699031204217,2.0,169
0.7,43,Layer 3,0.16866262141422927,2.0,169
0.7,44,Layer 3,0.13118203887773394,2.0,169
0.7,45,Layer 3,0.18740291268247689,2.0,169
0.7,46,Layer 3,0.4872475729744401,2.0,169
0.7,47,Layer 3,0.9370145634123848,2.0,169
0.7,48,Layer 3,0.374805825364954,2.0,169
0.7,49,Layer 3,0.6371699031204217,2.0,169
0.7,0,Layer 4,0.7607334507353696,2.0,169
0.7,1,Layer 4,0.6685233354947188,2.0,169
0.7,2,Layer 4,0.5302081626337426,2.0,169
0.7,3,Layer 4,0.7607334507353697,2.0,169
0.7,4,Layer 4,0.41494551858292905,2.0,169
0.7,5,Layer 4,0.48410310501341713,2.0,169
0.7,6,Layer 4,0.899048623596346,2.0,169
0.7,7,Layer 4,0.899048623596346,2.0,169
0.7,8,Layer 4,0.2996828745321154,2.0,169
0.7,9,Layer 4,0.2305252881016272,2.0,169
0.7,10,Layer 4,0.5302081626337425,2.0,169
0.7,11,Layer 4,0.27663034572195255,2.0,169
0.7,12,Layer 4,0.7146283931150443,2.0,169
0.7,13,Layer 4,0.6915758643048815,2.0,169
0.7,14,Layer 4,0.7837859795455324,2.0,169
0.7,15,Layer 4,0.16136770167113912,2.0,169
0.7,16,Layer 4,1.152626440508136,2.0,169
0.7,17,Layer 4,0.9912587388369969,2.0,169
0.7,18,Layer 4,0.5532606914439052,2.0,169
0.7,19,Layer 4,0.322735403342278,2.0,169
0.7,20,Layer 4,0.27663034572195255,2.0,169
0.7,21,Layer 4,0.34578793215244075,2.0,169
0.7,22,Layer 4,0.1383151728609764,2.0,169
0.7,23,Layer 4,0.6224182778743934,2.0,169
0.7,24,Layer 4,0.6685233354947188,2.0,169
0.7,25,Layer 4,0.899048623596346,2.0,169
0.7,26,Layer 4,0.5302081626337426,2.0,169
0.7,27,Layer 4,0.18442023048130174,2.0,169
0.7,28,Layer 4,0.7607334507353697,2.0,169
0.7,29,Layer 4,0.576313220254068,2.0,169
0.7,30,Layer 4,0.5993657490642307,2.0,169
0.7,31,Layer 4,0.2996828745321154,2.0,169
0.7,32,Layer 4,0.34578793215244075,2.0,169
0.7,33,Layer 4,0.6915758643048815,2.0,169
0.7,34,Layer 4,0.1383151728609764,2.0,169
0.7,35,Layer 4,0.7607334507353696,2.0,169
0.7,36,Layer 4,0.25357781691179004,2.0,169
0.7,37,Layer 4,1.1987314981284614,2.0,169
0.7,38,Layer 4,0.2535778169117898,2.0,169
0.7,39,Layer 4,0.2535778169117898,2.0,169
0.7,40,Layer 4,0.9221011524065086,2.0,169
0.7,41,Layer 4,0.5532606914439052,2.0,169
0.7,42,Layer 4,0.9451536812166714,2.0,169
0.7,43,Layer 4,0.1383151728609764,2.0,169
0.7,44,Layer 4,0.18442023048130185,2.0,169
0.7,45,Layer 4,0.18442023048130185,2.0,169
0.7,46,Layer 4,0.6915758643048815,2.0,169
0.7,47,Layer 4,1.1756789693182985,2.0,169
0.7,48,Layer 4,0.2305252881016272,2.0,169
0.7,49,Layer 4,0.9912587388369969,2.0,169
0.75,0,Layer 1,0.5449958026486545,2.0,169
0.75,1,Layer 1,0.8447434941054146,2.0,169
0.75,2,Layer 1,0.5994953829135198,2.0,169
0.75,3,Layer 1,1.5532380375486654,2.0,169
0.75,4,Layer 1,0.4632464322513564,2.0,169
0.75,5,Layer 1,0.790243913840549,2.0,169
0.75,6,Layer 1,1.5259882474162325,2.0,169
0.75,7,Layer 1,0.7629941237081161,2.0,169
0.75,8,Layer 1,1.1717409756946071,2.0,169
0.75,9,Layer 1,0.6267451730459528,2.0,169
0.75,10,Layer 1,0.27249790132432716,2.0,169
0.75,11,Layer 1,0.8719932842378472,2.0,169
0.75,12,Layer 1,1.5259882474162325,2.0,169
0.75,13,Layer 1,1.2262405559594725,2.0,169
0.75,14,Layer 1,0.4359966421189234,2.0,169
0.75,15,Layer 1,0.2452481111918945,2.0,169
0.75,16,Layer 1,0.43599664211892364,2.0,169
0.75,17,Layer 1,0.29974769145675995,2.0,169
0.75,18,Layer 1,0.9264928645027126,2.0,169
0.75,19,Layer 1,0.5177460125162219,2.0,169
0.75,20,Layer 1,0.3542472717216256,2.0,169
0.75,21,Layer 1,0.7357443335756835,2.0,169
0.75,22,Layer 1,0.8719932842378472,2.0,169
0.75,23,Layer 1,0.4632464322513564,2.0,169
0.75,24,Layer 1,0.6267451730459528,2.0,169
0.75,25,Layer 1,1.1989907658270398,2.0,169
0.75,26,Layer 1,1.0627418151648762,2.0,169
0.75,27,Layer 1,0.2452481111918945,2.0,169
0.75,28,Layer 1,0.2452481111918945,2.0,169
0.75,29,Layer 1,0.2724979013243273,2.0,169
0.75,30,Layer 1,0.27249790132432716,2.0,169
0.75,31,Layer 1,0.8992430743702798,2.0,169
0.75,32,Layer 1,0.32699748158919273,2.0,169
0.75,33,Layer 1,0.40874685198649097,2.0,169
0.75,34,Layer 1,0.3814970618540583,2.0,169
0.75,35,Layer 1,1.580487827681098,2.0,169
0.75,36,Layer 1,0.5177460125162219,2.0,169
0.75,37,Layer 1,0.3814970618540583,2.0,169
0.75,38,Layer 1,1.5259882474162327,2.0,169
0.75,39,Layer 1,1.662237198078396,2.0,169
0.75,40,Layer 1,0.89924307437028,2.0,169
0.75,41,Layer 1,1.6077376178135308,2.0,169
0.75,42,Layer 1,0.7084945434432507,2.0,169
0.75,43,Layer 1,0.3542472717216256,2.0,169
0.75,44,Layer 1,1.6077376178135305,2.0,169
0.75,45,Layer 1,0.29974769145676006,2.0,169
0.75,46,Layer 1,0.40874685198649097,2.0,169
0.75,47,Layer 1,0.2724979013243274,2.0,169
0.75,48,Layer 1,0.29974769145675995,2.0,169
0.75,49,Layer 1,0.7084945434432508,2.0,169
0.75,0,Layer 2,0.28119718338577804,2.0,169
0.75,1,Layer 2,1.1031581809749753,2.0,169
0.75,2,Layer 2,0.6056554719078296,2.0,169
0.75,3,Layer 2,0.6056554719078296,2.0,169
0.75,4,Layer 2,0.3028277359539149,2.0,169
0.75,5,Layer 2,0.41098049879459864,2.0,169
0.75,6,Layer 2,0.9084832078617444,2.0,169
0.75,7,Layer 2,0.6272860244759664,2.0,169
0.75,8,Layer 2,0.4542416039308722,2.0,169
0.75,9,Layer 2,0.6705471296122398,2.0,169
0.75,10,Layer 2,0.15141386797695733,2.0,169
0.75,11,Layer 2,0.7138082347485135,2.0,169
0.75,12,Layer 2,0.8003304450210607,2.0,169
0.75,13,Layer 2,1.1680498386793856,2.0,169
0.75,14,Layer 2,0.6272860244759664,2.0,169
0.75,15,Layer 2,0.21630552568136763,2.0,169
0.75,16,Layer 2,0.21630552568136774,2.0,169
0.75,17,Layer 2,0.17304442054509417,2.0,169
0.75,18,Layer 2,0.6921776821803767,2.0,169
0.75,19,Layer 2,0.1946749731132309,2.0,169
0.75,20,Layer 2,0.30282773595391477,2.0,169
0.75,21,Layer 2,0.3244582885220515,2.0,169
0.75,22,Layer 2,0.4542416039308722,2.0,169
0.75,23,Layer 2,0.23793607824950447,2.0,169
0.75,24,Layer 2,0.4975027090671458,2.0,169
0.75,25,Layer 2,0.3893499462264619,2.0,169
0.75,26,Layer 2,0.5623943667715561,2.0,169
0.75,27,Layer 2,0.17304442054509417,2.0,169
0.75,28,Layer 2,0.2595666308176412,2.0,169
0.75,29,Layer 2,0.3244582885220516,2.0,169
0.75,30,Layer 2,0.17304442054509417,2.0,169
0.75,31,Layer 2,0.2595666308176413,2.0,169
0.75,32,Layer 2,0.17304442054509417,2.0,169
0.75,33,Layer 2,0.15141386797695733,2.0,169
0.75,34,Layer 2,0.2811971833857779,2.0,169
0.75,35,Layer 2,0.8219609975891973,2.0,169
0.75,36,Layer 2,0.21630552568136763,2.0,169
0.75,37,Layer 2,0.1946749731132309,2.0,169
0.75,38,Layer 2,0.843591550157334,2.0,169
0.75,39,Layer 2,0.7354387873166501,2.0,169
0.75,40,Layer 2,0.28119718338577804,2.0,169
0.75,41,Layer 2,0.6921776821803767,2.0,169
0.75,42,Layer 2,0.6921776821803767,2.0,169
0.75,43,Layer 2,0.5623943667715561,2.0,169
0.75,44,Layer 2,0.6056554719078296,2.0,169
0.75,45,Layer 2,0.23793607824950447,2.0,169
0.75,46,Layer 2,0.15141386797695733,2.0,169
0.75,47,Layer 2,0.21630552568136774,2.0,169
0.75,48,Layer 2,0.17304442054509417,2.0,169
0.75,49,Layer 2,0.7786998924529238,2.0,169
0.75,0,Layer 3,0.23904221546756865,2.0,169
0.75,1,Layer 3,0.827453822772353,2.0,169
0.75,2,Layer 3,0.22065435273929412,2.0,169
0.75,3,Layer 3,0.6067994700330589,2.0,169
0.75,4,Layer 3,0.2758179409241176,2.0,169
0.75,5,Layer 3,0.3309815291089411,2.0,169
0.75,6,Layer 3,1.0481081755116473,2.0,169
0.75,7,Layer 3,0.7722902345875295,2.0,169
0.75,8,Layer 3,0.22065435273929412,2.0,169
0.75,9,Layer 3,0.5884116073047844,2.0,169
0.75,10,Layer 3,0.18387862728274518,2.0,169
0.75,11,Layer 3,0.6251873327613334,2.0,169
0.75,12,Layer 3,0.6435751954896078,2.0,169
0.75,13,Layer 3,0.6619630582178825,2.0,169
0.75,14,Layer 3,0.606799470033059,2.0,169
0.75,15,Layer 3,0.11032717636964706,2.0,169
0.75,16,Layer 3,0.22065435273929423,2.0,169
0.75,17,Layer 3,0.16549076455447065,2.0,169
0.75,18,Layer 3,0.6987387836744315,2.0,169
0.75,19,Layer 3,0.3493693918372157,2.0,169
0.75,20,Layer 3,0.22065435273929423,2.0,169
0.75,21,Layer 3,0.6251873327613335,2.0,169
0.75,22,Layer 3,0.3861451172937648,2.0,169
0.75,23,Layer 3,0.23904221546756865,2.0,169
0.75,24,Layer 3,0.5148601563916863,2.0,169
0.75,25,Layer 3,0.4045329800220393,2.0,169
0.75,26,Layer 3,0.4045329800220392,2.0,169
0.75,27,Layer 3,0.1287150390979216,2.0,169
0.75,28,Layer 3,0.1287150390979216,2.0,169
0.75,29,Layer 3,0.2574300781958432,2.0,169
0.75,30,Layer 3,0.16549076455447065,2.0,169
0.75,31,Layer 3,0.2758179409241177,2.0,169
0.75,32,Layer 3,0.14710290182619612,2.0,169
0.75,33,Layer 3,0.1287150390979216,2.0,169
0.75,34,Layer 3,0.2574300781958432,2.0,169
0.75,35,Layer 3,0.827453822772353,2.0,169
0.75,36,Layer 3,0.18387862728274518,2.0,169
0.75,37,Layer 3,0.18387862728274518,2.0,169
0.75,38,Layer 3,0.6803509209461569,2.0,169
0.75,39,Layer 3,0.7906780973158041,2.0,169
0.75,40,Layer 3,0.2574300781958432,2.0,169
0.75,41,Layer 3,0.7171266464027061,2.0,169
0.75,42,Layer 3,0.6619630582178825,2.0,169
0.75,43,Layer 3,0.25743007819584307,2.0,169
0.75,44,Layer 3,0.7355145091309805,2.0,169
0.75,45,Layer 3,0.23904221546756865,2.0,169
0.75,46,Layer 3,0.16549076455447065,2.0,169
0.75,47,Layer 3,0.23904221546756865,2.0,169
0.75,48,Layer 3,0.1287150390979216,2.0,169
0.75,49,Layer 3,0.6067994700330589,2.0,169
0.75,0,Layer 4,0.29336500279587274,2.0,169
0.75,1,Layer 4,1.4179308468467182,2.0,169
0.75,2,Layer 4,0.6845183398570364,2.0,169
0.75,3,Layer 4,0.6356241727243909,2.0,169
0.75,4,Layer 4,0.26891791922955,2.0,169
0.75,5,Layer 4,0.3178120863621954,2.0,169
0.75,6,Layer 4,1.0023304262192319,2.0,169
0.75,7,Layer 4,0.635624172724391,2.0,169
0.75,8,Layer 4,0.6600712562907137,2.0,169
0.75,9,Layer 4,0.8800950083876182,2.0,169
0.75,10,Layer 4,0.171129584964259,2.0,169
0.75,11,Layer 4,0.6845183398570363,2.0,169
0.75,12,Layer 4,1.1245658440508455,2.0,169
0.75,13,Layer 4,0.9289891755202637,2.0,169
0.75,14,Layer 4,0.6600712562907137,2.0,169
0.75,15,Layer 4,0.171129584964259,2.0,169
0.75,16,Layer 4,0.6845183398570364,2.0,169
0.75,17,Layer 4,0.171129584964259,2.0,169
0.75,18,Layer 4,0.8800950083876182,2.0,169
0.75,19,Layer 4,0.3667062534948409,2.0,169
0.75,20,Layer 4,0.34225916992851824,2.0,169
0.75,21,Layer 4,0.5622829220254228,2.0,169
0.75,22,Layer 4,0.4400475041938091,2.0,169
0.75,23,Layer 4,0.26891791922955,2.0,169
0.75,24,Layer 4,0.7578595905560045,2.0,169
0.75,25,Layer 4,0.3911533370611636,2.0,169
0.75,26,Layer 4,0.4889416713264545,2.0,169
0.75,27,Layer 4,0.14668250139793626,2.0,169
0.75,28,Layer 4,0.24447083566322725,2.0,169
0.75,29,Layer 4,0.2200237520969045,2.0,169
0.75,30,Layer 4,0.3178120863621954,2.0,169
0.75,31,Layer 4,0.26891791922955,2.0,169
0.75,32,Layer 4,0.29336500279587263,2.0,169
0.75,33,Layer 4,0.171129584964259,2.0,169
0.75,34,Layer 4,0.41560042062748637,2.0,169
0.75,35,Layer 4,1.0267775097855545,2.0,169
0.75,36,Layer 4,0.26891791922955,2.0,169
0.75,37,Layer 4,0.2200237520969045,2.0,169
0.75,38,Layer 4,0.7578595905560045,2.0,169
0.75,39,Layer 4,0.8800950083876182,2.0,169
0.75,40,Layer 4,0.24447083566322725,2.0,169
0.75,41,Layer 4,1.0023304262192319,2.0,169
0.75,42,Layer 4,1.0512245933518771,2.0,169
0.75,43,Layer 4,0.5378358384591,2.0,169
0.75,44,Layer 4,0.7823066741223274,2.0,169
0.75,45,Layer 4,0.26891791922955,2.0,169
0.75,46,Layer 4,0.2200237520969045,2.0,169
0.75,47,Layer 4,0.4400475041938091,2.0,169
0.75,48,Layer 4,0.19557666853058175,2.0,169
0.75,49,Layer 4,0.6356241727243909,2.0,169
0.8,0,Layer 1,0.597323799366443,2.0,169
0.8,1,Layer 1,0.21720865431506997,2.0,169
0.8,2,Layer 1,1.140345435154118,2.0,169
0.8,3,Layer 1,0.48871947220890777,2.0,169
0.8,4,Layer 1,0.3258129814726053,2.0,169
0.8,5,Layer 1,0.8959856990496643,2.0,169
0.8,6,Layer 1,1.1946475987328857,2.0,169
0.8,7,Layer 1,0.29866189968322143,2.0,169
0.8,8,Layer 1,0.6516259629452104,2.0,169
0.8,9,Layer 1,0.4344173086301404,2.0,169
0.8,10,Layer 1,1.1131943533647344,2.0,169
0.8,11,Layer 1,1.493309498416107,2.0,169
0.8,12,Layer 1,0.705928126523978,2.0,169
0.8,13,Layer 1,0.2715108178938377,2.0,169
0.8,14,Layer 1,1.1131943533647344,2.0,169
0.8,15,Layer 1,0.923136780839048,2.0,169
0.8,16,Layer 1,0.3801151450513728,2.0,169
0.8,17,Layer 1,0.3258129814726053,2.0,169
0.8,18,Layer 1,0.29866189968322154,2.0,169
0.8,19,Layer 1,0.705928126523978,2.0,169
0.8,20,Layer 1,0.9774389444178155,2.0,169
0.8,21,Layer 1,0.3801151450513728,2.0,169
0.8,22,Layer 1,0.8145324536815131,2.0,169
0.8,23,Layer 1,1.276100844101037,2.0,169
0.8,24,Layer 1,1.5747627437842584,2.0,169
0.8,25,Layer 1,0.8416835354708968,2.0,169
0.8,26,Layer 1,0.7330792083133616,2.0,169
0.8,27,Layer 1,0.5701727175770591,2.0,169
0.8,28,Layer 1,0.597323799366443,2.0,169
0.8,29,Layer 1,0.705928126523978,2.0,169
0.8,30,Layer 1,0.2172086543150702,2.0,169
0.8,31,Layer 1,0.29866189968322143,2.0,169
0.8,32,Layer 1,0.9774389444178155,2.0,169
0.8,33,Layer 1,1.5747627437842584,2.0,169
0.8,34,Layer 1,0.4344173086301403,2.0,169
0.8,35,Layer 1,0.3529640632619889,2.0,169
0.8,36,Layer 1,0.5973237993664429,2.0,169
0.8,37,Layer 1,0.2172086543150702,2.0,169
0.8,38,Layer 1,0.3801151450513728,2.0,169
0.8,39,Layer 1,0.35296406326198904,2.0,169
0.8,40,Layer 1,1.167496516943502,2.0,169
0.8,41,Layer 1,1.5747627437842584,2.0,169
0.8,42,Layer 1,0.3258129814726052,2.0,169
0.8,43,Layer 1,0.3258129814726052,2.0,169
0.8,44,Layer 1,0.35296406326198904,2.0,169
0.8,45,Layer 1,0.4072662268407564,2.0,169
0.8,46,Layer 1,0.29866189968322154,2.0,169
0.8,47,Layer 1,1.5747627437842584,2.0,169
0.8,48,Layer 1,1.0317411079965833,2.0,169
0.8,49,Layer 1,0.4072662268407564,2.0,169
0.8,0,Layer 2,0.36099847622748327,2.0,169
0.8,1,Layer 2,0.1911168403557264,2.0,169
0.8,2,Layer 2,1.0617602241984803,2.0,169
0.8,3,Layer 2,0.6795265434870272,2.0,169
0.8,4,Layer 2,0.14864643138778733,2.0,169
0.8,5,Layer 2,0.5945857255511489,2.0,169
0.8,6,Layer 2,0.4671744986473313,2.0,169
0.8,7,Layer 2,0.14864643138778733,2.0,169
0.8,8,Layer 2,0.5945857255511489,2.0,169
0.8,9,Layer 2,0.21235204483969605,2.0,169
0.8,10,Layer 2,1.2528770645542067,2.0,169
0.8,11,Layer 2,0.48840970313130083,2.0,169
0.8,12,Layer 2,0.3397632717435136,2.0,169
0.8,13,Layer 2,0.12741122690381768,2.0,169
0.8,14,Layer 2,1.2741122690381763,2.0,169
0.8,15,Layer 2,0.8494081793587842,2.0,169
0.8,16,Layer 2,0.25482245380763524,2.0,169
0.8,17,Layer 2,0.16988163587175686,2.0,169
0.8,18,Layer 2,0.25482245380763535,2.0,169
0.8,19,Layer 2,0.48840970313130083,2.0,169
0.8,20,Layer 2,1.3165826780061156,2.0,169
0.8,21,Layer 2,0.1911168403557264,2.0,169
0.8,22,Layer 2,0.25482245380763535,2.0,169
0.8,23,Layer 2,1.1042306331664196,2.0,169
0.8,24,Layer 2,0.5945857255511489,2.0,169
0.8,25,Layer 2,0.9768194062626019,2.0,169
0.8,26,Layer 2,0.5096449076152706,2.0,169
0.8,27,Layer 2,0.5733505210671793,2.0,169
0.8,28,Layer 2,0.1911168403557264,2.0,169
0.8,29,Layer 2,0.29729286277557443,2.0,169
0.8,30,Layer 2,0.16988163587175686,2.0,169
0.8,31,Layer 2,0.1911168403557264,2.0,169
0.8,32,Layer 2,0.2335872493236657,2.0,169
0.8,33,Layer 2,0.8494081793587842,2.0,169
0.8,34,Layer 2,0.1911168403557264,2.0,169
0.8,35,Layer 2,0.16988163587175675,2.0,169
0.8,36,Layer 2,0.3822336807114528,2.0,169
0.8,37,Layer 2,0.1911168403557264,2.0,169
0.8,38,Layer 2,0.25482245380763513,2.0,169
0.8,39,Layer 2,0.2335872493236657,2.0,169
0.8,40,Layer 2,0.6795265434870272,2.0,169
0.8,41,Layer 2,0.8281729748748146,2.0,169
0.8,42,Layer 2,0.14864643138778733,2.0,169
0.8,43,Layer 2,0.1911168403557264,2.0,169
0.8,44,Layer 2,0.21235204483969605,2.0,169
0.8,45,Layer 2,0.594585725551149,2.0,169
0.8,46,Layer 2,0.1911168403557264,2.0,169
0.8,47,Layer 2,0.8706433838427539,2.0,169
0.8,48,Layer 2,0.7857025659068755,2.0,169
0.8,49,Layer 2,0.4247040896793921,2.0,169
0.8,0,Layer 3,0.5136156617511202,2.0,169
0.8,1,Layer 3,0.15218241829662826,2.0,169
0.8,2,Layer 3,0.6277524754735913,2.0,169
0.8,3,Layer 3,0.7228664869089838,2.0,169
0.8,4,Layer 3,0.15218241829662826,2.0,169
0.8,5,Layer 3,0.2853420343061779,2.0,169
0.8,6,Layer 3,0.39947884802864897,2.0,169
0.8,7,Layer 3,0.15218241829662826,2.0,169
0.8,8,Layer 3,0.5897068708994342,2.0,169
0.8,9,Layer 3,0.19022802287078522,2.0,169
0.8,10,Layer 3,0.43752445260280604,2.0,169
0.8,11,Layer 3,0.5136156617511201,2.0,169
0.8,12,Layer 3,0.32338763888033495,2.0,169
0.8,13,Layer 3,0.15218241829662826,2.0,169
0.8,14,Layer 3,0.9701629166410046,2.0,169
0.8,15,Layer 3,0.7228664869089838,2.0,169
0.8,16,Layer 3,0.24729642973202082,2.0,169
0.8,17,Layer 3,0.13315961600954973,2.0,169
0.8,18,Layer 3,0.15218241829662826,2.0,169
0.8,19,Layer 3,0.3614332434544919,2.0,169
0.8,20,Layer 3,0.8560261029185334,2.0,169
0.8,21,Layer 3,0.20925082515786375,2.0,169
0.8,22,Layer 3,0.2663192320190993,2.0,169
0.8,23,Layer 3,1.1033225326505542,2.0,169
0.8,24,Layer 3,0.5706840686123555,2.0,169
0.8,25,Layer 3,1.0082085212151617,2.0,169
0.8,26,Layer 3,0.26631923201909935,2.0,169
0.8,27,Layer 3,0.5706840686123558,2.0,169
0.8,28,Layer 3,0.2853420343061779,2.0,169
0.8,29,Layer 3,0.38045604574157044,2.0,169
0.8,30,Layer 3,0.13315961600954973,2.0,169
0.8,31,Layer 3,0.2853420343061779,2.0,169
0.8,32,Layer 3,0.22827362744494234,2.0,169
0.8,33,Layer 3,0.9701629166410046,2.0,169
0.8,34,Layer 3,0.13315961600954973,2.0,169
0.8,35,Layer 3,0.17120522058370669,2.0,169
0.8,36,Layer 3,0.45654725488988457,2.0,169
0.8,37,Layer 3,0.15218241829662826,2.0,169
0.8,38,Layer 3,0.17120522058370669,2.0,169
0.8,39,Layer 3,0.26631923201909935,2.0,169
0.8,40,Layer 3,0.5326384640381987,2.0,169
0.8,41,Layer 3,0.6848208823348267,2.0,169
0.8,42,Layer 3,0.20925082515786375,2.0,169
0.8,43,Layer 3,0.19022802287078522,2.0,169
0.8,44,Layer 3,0.19022802287078522,2.0,169
0.8,45,Layer 3,0.5897068708994342,2.0,169
0.8,46,Layer 3,0.15218241829662826,2.0,169
0.8,47,Layer 3,0.9321173120668476,2.0,169
0.8,48,Layer 3,0.9321173120668476,2.0,169
0.8,49,Layer 3,0.38045604574157044,2.0,169
0.8,0,Layer 4,0.5009399403182127,2.0,169
0.8,1,Layer 4,0.18215997829753194,2.0,169
0.8,2,Layer 4,0.660329921328553,2.0,169
0.8,3,Layer 4,0.660329921328553,2.0,169
0.8,4,Layer 4,0.1593899810103404,2.0,169
0.8,5,Layer 4,0.2276999728719149,2.0,169
0.8,6,Layer 4,0.40985995116944673,2.0,169
0.8,7,Layer 4,0.18215997829753194,2.0,169
0.8,8,Layer 4,0.705869915902936,2.0,169
0.8,9,Layer 4,0.2504699701591063,2.0,169
0.8,10,Layer 4,1.1612698616467656,2.0,169
0.8,11,Layer 4,0.5237099376054042,2.0,169
0.8,12,Layer 4,0.34154995930787235,2.0,169
0.8,13,Layer 4,0.13661998372314899,2.0,169
0.8,14,Layer 4,0.5920199294669786,2.0,169
0.8,15,Layer 4,0.8652598969132763,2.0,169
0.8,16,Layer 4,0.27323996744629786,2.0,169
0.8,17,Layer 4,0.3643199565950638,2.0,169
0.8,18,Layer 4,0.20492997558472348,2.0,169
0.8,19,Layer 4,0.5464799348925956,2.0,169
0.8,20,Layer 4,0.9335698887748507,2.0,169
0.8,21,Layer 4,0.18215997829753194,2.0,169
0.8,22,Layer 4,0.2276999728719149,2.0,169
0.8,23,Layer 4,1.275119848082723,2.0,169
0.8,24,Layer 4,0.705869915902936,2.0,169
0.8,25,Layer 4,1.2068098562211484,2.0,169
0.8,26,Layer 4,0.6375599240413614,2.0,169
0.8,27,Layer 4,0.5920199294669786,2.0,169
0.8,28,Layer 4,0.2960099647334893,2.0,169
0.8,29,Layer 4,0.3870899538822552,2.0,169
0.8,30,Layer 4,0.2276999728719148,2.0,169
0.8,31,Layer 4,0.3187799620206807,2.0,169
0.8,32,Layer 4,0.25046997015910644,2.0,169
0.8,33,Layer 4,0.8424898996260848,2.0,169
0.8,34,Layer 4,0.1593899810103404,2.0,169
0.8,35,Layer 4,0.27323996744629786,2.0,169
0.8,36,Layer 4,0.6375599240413615,2.0,169
0.8,37,Layer 4,0.1593899810103404,2.0,169
0.8,38,Layer 4,0.2504699701591063,2.0,169
0.8,39,Layer 4,0.27323996744629786,2.0,169
0.8,40,Layer 4,0.5692499321797871,2.0,169
0.8,41,Layer 4,0.7058699159029359,2.0,169
0.8,42,Layer 4,0.13661998372314899,2.0,169
0.8,43,Layer 4,0.20492997558472348,2.0,169
0.8,44,Layer 4,0.27323996744629786,2.0,169
0.8,45,Layer 4,0.5920199294669786,2.0,169
0.8,46,Layer 4,0.27323996744629786,2.0,169
0.8,47,Layer 4,0.7286399131901273,2.0,169
0.8,48,Layer 4,0.660329921328553,2.0,169
0.8,49,Layer 4,0.4553999457438298,2.0,169
0.85,0,Layer 1,0.708882830914462,2.0,169
0.85,1,Layer 1,0.8452064522441661,2.0,169
0.85,2,Layer 1,1.1178536949035747,2.0,169
0.85,3,Layer 1,1.3632362132970421,2.0,169
0.85,4,Layer 1,1.117853694903575,2.0,169
0.85,5,Layer 1,0.3817061397231718,2.0,169
0.85,6,Layer 1,0.5998239338506985,2.0,169
0.85,7,Layer 1,0.3271766911912901,2.0,169
0.85,8,Layer 1,0.6816181066485212,2.0,169
0.85,9,Layer 1,0.29991196692534927,2.0,169
0.85,10,Layer 1,0.872471176510107,2.0,169
0.85,11,Layer 1,0.2453825183934677,2.0,169
0.85,12,Layer 1,1.1723831434354564,2.0,169
0.85,13,Layer 1,0.6270886581166394,2.0,169
0.85,14,Layer 1,0.3271766911912902,2.0,169
0.85,15,Layer 1,0.708882830914462,2.0,169
0.85,16,Layer 1,0.7361475551804029,2.0,169
0.85,17,Layer 1,0.6816181066485213,2.0,169
0.85,18,Layer 1,0.6816181066485212,2.0,169
0.85,19,Layer 1,0.6270886581166395,2.0,169
0.85,20,Layer 1,1.0905889706376337,2.0,169
0.85,21,Layer 1,0.5998239338506985,2.0,169
0.85,22,Layer 1,1.1723831434354564,2.0,169
0.85,23,Layer 1,1.036059522105752,2.0,169
0.85,24,Layer 1,1.063324246371693,2.0,169
0.85,25,Layer 1,1.417765661828924,2.0,169
0.85,26,Layer 1,1.036059522105752,2.0,169
0.85,27,Layer 1,0.9270006250419888,2.0,169
0.85,28,Layer 1,0.46350031252099433,2.0,169
0.85,29,Layer 1,0.9542653493079296,2.0,169
0.85,30,Layer 1,1.581354007424569,2.0,169
0.85,31,Layer 1,0.7361475551804029,2.0,169
0.85,32,Layer 1,0.4362355882550535,2.0,169
0.85,33,Layer 1,0.8724711765101071,2.0,169
0.85,34,Layer 1,0.6270886581166394,2.0,169
0.85,35,Layer 1,0.8179417279782254,2.0,169
0.85,36,Layer 1,0.6816181066485211,2.0,169
0.85,37,Layer 1,0.27264724265940843,2.0,169
0.85,38,Layer 1,1.3632362132970424,2.0,169
0.85,39,Layer 1,1.063324246371693,2.0,169
0.85,40,Layer 1,0.8452064522441662,2.0,169
0.85,41,Layer 1,0.8724711765101071,2.0,169
0.85,42,Layer 1,1.4995598346267467,2.0,169
0.85,43,Layer 1,0.7634122794463436,2.0,169
0.85,44,Layer 1,0.7634122794463437,2.0,169
0.85,45,Layer 1,0.8179417279782254,2.0,169
0.85,46,Layer 1,0.5452944853188169,2.0,169
0.85,47,Layer 1,0.35444141545723107,2.0,169
0.85,48,Layer 1,1.1451184191695156,2.0,169
0.85,49,Layer 1,1.6086187316905098,2.0,169
0.85,0,Layer 2,0.9063776369388021,2.0,169
0.85,1,Layer 2,0.27191329108164064,2.0,169
0.85,2,Layer 2,0.475848259392871,2.0,169
0.85,3,Layer 2,1.0649937234030926,2.0,169
0.85,4,Layer 2,1.0423342824796222,2.0,169
0.85,5,Layer 2,0.20393496831123048,2.0,169
0.85,6,Layer 2,0.8383993141683921,2.0,169
0.85,7,Layer 2,0.40786993662246085,2.0,169
0.85,8,Layer 2,0.4985077003163413,2.0,169
0.85,9,Layer 2,0.2039349683112306,2.0,169
0.85,10,Layer 2,0.5664860230867512,2.0,169
0.85,11,Layer 2,0.15861608646429037,2.0,169
0.85,12,Layer 2,0.36255105477552085,2.0,169
0.85,13,Layer 2,0.2492538501581706,2.0,169
0.85,14,Layer 2,0.7024426686275717,2.0,169
0.85,15,Layer 2,0.8157398732449219,2.0,169
0.85,16,Layer 2,0.7024426686275718,2.0,169
0.85,17,Layer 2,0.9290370778622723,2.0,169
0.85,18,Layer 2,0.3852104956989908,2.0,169
0.85,19,Layer 2,0.40786993662246107,2.0,169
0.85,20,Layer 2,0.5211671412398111,2.0,169
0.85,21,Layer 2,0.861058755091862,2.0,169
0.85,22,Layer 2,0.3852104956989908,2.0,169
0.85,23,Layer 2,0.6118049049336913,2.0,169
0.85,24,Layer 2,1.314247573561263,2.0,169
0.85,25,Layer 2,0.9290370778622721,2.0,169
0.85,26,Layer 2,0.793080432321452,2.0,169
0.85,27,Layer 2,0.793080432321452,2.0,169
0.85,28,Layer 2,0.27191329108164064,2.0,169
0.85,29,Layer 2,1.0649937234030924,2.0,169
0.85,30,Layer 2,0.9290370778622723,2.0,169
0.85,31,Layer 2,0.18127552738776043,2.0,169
0.85,32,Layer 2,0.2492538501581706,2.0,169
0.85,33,Layer 2,0.7024426686275718,2.0,169
0.85,34,Layer 2,0.3852104956989908,2.0,169
0.85,35,Layer 2,0.7930804323214518,2.0,169
0.85,36,Layer 2,0.4985077003163413,2.0,169
0.85,37,Layer 2,0.31723217292858086,2.0,169
0.85,38,Layer 2,0.49850770031634123,2.0,169
0.85,39,Layer 2,0.3398916138520509,2.0,169
0.85,40,Layer 2,0.5211671412398112,2.0,169
0.85,41,Layer 2,0.6344643458571615,2.0,169
0.85,42,Layer 2,0.883718196015332,2.0,169
0.85,43,Layer 2,0.7704209913979818,2.0,169
0.85,44,Layer 2,0.9516965187857422,2.0,169
0.85,45,Layer 2,0.27191329108164064,2.0,169
0.85,46,Layer 2,0.31723217292858064,2.0,169
0.85,47,Layer 2,0.2945727320051108,2.0,169
0.85,48,Layer 2,0.8157398732449219,2.0,169
0.85,49,Layer 2,0.7704209913979819,2.0,169
0.85,0,Layer 3,0.45761569982751527,2.0,169
0.85,1,Layer 3,0.21885968252620303,2.0,169
0.85,2,Layer 3,0.5173047041528434,2.0,169
0.85,3,Layer 3,0.8754387301048118,2.0,169
0.85,4,Layer 3,0.6963717171288277,2.0,169
0.85,5,Layer 3,0.21885968252620303,2.0,169
0.85,6,Layer 3,0.4775120346026247,2.0,169
0.85,7,Layer 3,0.17906701297598415,2.0,169
0.85,8,Layer 3,0.5173047041528434,2.0,169
0.85,9,Layer 3,0.1989633477510936,2.0,169
0.85,10,Layer 3,0.5769937084781714,2.0,169
0.85,11,Layer 3,0.11937800865065629,2.0,169
0.85,12,Layer 3,0.3382376911768592,2.0,169
0.85,13,Layer 3,0.23875601730131235,2.0,169
0.85,14,Layer 3,0.5570973737030621,2.0,169
0.85,15,Layer 3,0.7361643866790464,2.0,169
0.85,16,Layer 3,0.4775120346026246,2.0,169
0.85,17,Layer 3,0.45761569982751527,2.0,169
0.85,18,Layer 3,0.21885968252620303,2.0,169
0.85,19,Layer 3,0.3979266955021872,2.0,169
0.85,20,Layer 3,0.37803036072707785,2.0,169
0.85,21,Layer 3,0.4775120346026247,2.0,169
0.85,22,Layer 3,0.41782303027729656,2.0,169
0.85,23,Layer 3,0.7560607214541557,2.0,169
0.85,24,Layer 3,1.094298412631015,2.0,169
0.85,25,Layer 3,0.5372010389279527,2.0,169
0.85,26,Layer 3,0.5968900432532809,2.0,169
0.85,27,Layer 3,0.47751203460262465,2.0,169
0.85,28,Layer 3,0.2586523520764217,2.0,169
0.85,29,Layer 3,1.0346094083056867,2.0,169
0.85,30,Layer 3,0.2586523520764217,2.0,169
0.85,31,Layer 3,0.15917067820087483,2.0,169
0.85,32,Layer 3,0.23875601730131235,2.0,169
0.85,33,Layer 3,0.5968900432532809,2.0,169
0.85,34,Layer 3,0.5570973737030621,2.0,169
0.85,35,Layer 3,0.7560607214541557,2.0,169
0.85,36,Layer 3,0.29844502162664044,2.0,169
0.85,37,Layer 3,0.15917067820087494,2.0,169
0.85,38,Layer 3,0.4377193650524059,2.0,169
0.85,39,Layer 3,0.31834135640174965,2.0,169
0.85,40,Layer 3,0.5173047041528434,2.0,169
0.85,41,Layer 3,0.4775120346026246,2.0,169
0.85,42,Layer 3,0.9749204039803586,2.0,169
0.85,43,Layer 3,0.656579047578609,2.0,169
0.85,44,Layer 3,0.5968900432532809,2.0,169
0.85,45,Layer 3,0.23875601730131235,2.0,169
0.85,46,Layer 3,0.27854868685153106,2.0,169
0.85,47,Layer 3,0.23875601730131213,2.0,169
0.85,48,Layer 3,0.9550240692052493,2.0,169
0.85,49,Layer 3,0.7361643866790464,2.0,169
0.85,0,Layer 4,0.5028117071310747,2.0,169
0.85,1,Layer 4,0.4153661928474095,2.0,169
0.85,2,Layer 4,0.5028117071310746,2.0,169
0.85,3,Layer 4,0.9181778999784841,2.0,169
0.85,4,Layer 4,0.6777027356984049,2.0,169
0.85,5,Layer 4,0.1967524071382467,2.0,169
0.85,6,Layer 4,0.4590889499892421,2.0,169
0.85,7,Layer 4,0.1748910285673304,2.0,169
0.85,8,Layer 4,0.5465344642729071,2.0,169
0.85,9,Layer 4,0.218613785709163,2.0,169
0.85,10,Layer 4,0.5465344642729071,2.0,169
0.85,11,Layer 4,0.1311682714254978,2.0,169
0.85,12,Layer 4,0.4153661928474095,2.0,169
0.85,13,Layer 4,0.3935048142764932,2.0,169
0.85,14,Layer 4,0.5465344642729073,2.0,169
0.85,15,Layer 4,0.983762035691233,2.0,169
0.85,16,Layer 4,0.9619006571203166,2.0,169
0.85,17,Layer 4,0.6339799785565723,2.0,169
0.85,18,Layer 4,0.2186137857091629,2.0,169
0.85,19,Layer 4,0.3935048142764932,2.0,169
0.85,20,Layer 4,0.5246730857019908,2.0,169
0.85,21,Layer 4,0.5465344642729073,2.0,169
0.85,22,Layer 4,0.4153661928474095,2.0,169
0.85,23,Layer 4,0.8307323856948189,2.0,169
0.85,24,Layer 4,1.1367916856876468,2.0,169
0.85,25,Layer 4,0.5683958428438235,2.0,169
0.85,26,Layer 4,0.5465344642729071,2.0,169
0.85,27,Layer 4,0.8307323856948188,2.0,169
0.85,28,Layer 4,0.2623365428509954,2.0,169
0.85,29,Layer 4,1.0274847928330657,2.0,169
0.85,30,Layer 4,1.0274847928330655,2.0,169
0.85,31,Layer 4,0.1967524071382465,2.0,169
0.85,32,Layer 4,0.2623365428509954,2.0,169
0.85,33,Layer 4,0.612118599985656,2.0,169
0.85,34,Layer 4,0.2841979214219117,2.0,169
0.85,35,Layer 4,0.6339799785565723,2.0,169
0.85,36,Layer 4,0.3279206785637443,2.0,169
0.85,37,Layer 4,0.306059299992828,2.0,169
0.85,38,Layer 4,0.5028117071310747,2.0,169
0.85,39,Layer 4,0.3497820571346606,2.0,169
0.85,40,Layer 4,0.6777027356984048,2.0,169
0.85,41,Layer 4,0.7870096285529863,2.0,169
0.85,42,Layer 4,0.8744551428366515,2.0,169
0.85,43,Layer 4,0.6121185999856561,2.0,169
0.85,44,Layer 4,0.7651482499820701,2.0,169
0.85,45,Layer 4,0.2404751642800791,2.0,169
0.85,46,Layer 4,0.306059299992828,2.0,169
0.85,47,Layer 4,0.2404751642800793,2.0,169
0.85,48,Layer 4,0.7214254928402374,2.0,169
0.85,49,Layer 4,0.6995641142693212,2.0,169
0.9,0,Layer 1,0.38450782602481237,2.0,169
0.9,1,Layer 1,0.4669023601729866,2.0,169
0.9,2,Layer 1,0.5767617390372185,2.0,169
0.9,3,Layer 1,0.35704298130875456,2.0,169
0.9,4,Layer 1,0.6316914284693347,2.0,169
0.9,5,Layer 1,1.1535234780744372,2.0,169
0.9,6,Layer 1,0.5218320496051025,2.0,169
0.9,7,Layer 1,0.796480496765683,2.0,169
0.9,8,Layer 1,0.9612695650620311,2.0,169
0.9,9,Layer 1,0.7964804967656829,2.0,169
0.9,10,Layer 1,0.3021132918766384,2.0,169
0.9,11,Layer 1,0.6316914284693347,2.0,169
0.9,12,Layer 1,1.2084531675065533,2.0,169
0.9,13,Layer 1,0.3021132918766384,2.0,169
0.9,14,Layer 1,0.6591562731853928,2.0,169
0.9,15,Layer 1,0.4943672048890445,2.0,169
0.9,16,Layer 1,0.3295781365926963,2.0,169
0.9,17,Layer 1,0.7140859626175088,2.0,169
0.9,18,Layer 1,1.1260586333583793,2.0,169
0.9,19,Layer 1,0.796480496765683,2.0,169
0.9,20,Layer 1,1.043664099210205,2.0,169
0.9,21,Layer 1,0.4943672048890446,2.0,169
0.9,22,Layer 1,0.9338047203459732,2.0,169
0.9,23,Layer 1,0.3845078260248125,2.0,169
0.9,24,Layer 1,1.1260586333583793,2.0,169
0.9,25,Layer 1,1.3457773910868436,2.0,169
0.9,26,Layer 1,1.5380313040992497,2.0,169
0.9,27,Layer 1,0.35704298130875445,2.0,169
0.9,28,Layer 1,1.1535234780744372,2.0,169
0.9,29,Layer 1,0.6042265837532768,2.0,169
0.9,30,Layer 1,0.6866211179014509,2.0,169
0.9,31,Layer 1,0.38450782602481237,2.0,169
0.9,32,Layer 1,0.3021132918766384,2.0,169
0.9,33,Layer 1,1.1535234780744372,2.0,169
0.9,34,Layer 1,1.5929609935313658,2.0,169
0.9,35,Layer 1,0.30211329187663827,2.0,169
0.9,36,Layer 1,0.9887344097780891,2.0,169
0.9,37,Layer 1,0.7690156520496249,2.0,169
0.9,38,Layer 1,0.43943751545692855,2.0,169
0.9,39,Layer 1,0.6591562731853927,2.0,169
0.9,40,Layer 1,0.43943751545692844,2.0,169
0.9,41,Layer 1,0.7964804967656829,2.0,169
0.9,42,Layer 1,0.5492968943211607,2.0,169
0.9,43,Layer 1,0.7964804967656829,2.0,169
0.9,44,Layer 1,0.3295781365926963,2.0,169
0.9,45,Layer 1,1.1809883227904954,2.0,169
0.9,46,Layer 1,1.0985937886423214,2.0,169
0.9,47,Layer 1,0.9887344097780891,2.0,169
0.9,48,Layer 1,0.21971875772846428,2.0,169
0.9,49,Layer 1,0.38450782602481237,2.0,169
0.9,0,Layer 2,0.36544420548006185,2.0,169
0.9,1,Layer 2,0.27408315411004636,2.0,169
0.9,2,Layer 2,0.27408315411004636,2.0,169
0.9,3,Layer 2,0.2969234169525502,2.0,169
0.9,4,Layer 2,0.22840262842503867,2.0,169
0.9,5,Layer 2,1.164853404967697,2.0,169
0.9,6,Layer 2,0.4796455196925812,2.0,169
0.9,7,Layer 2,0.3882844683225657,2.0,169
0.9,8,Layer 2,0.22840262842503867,2.0,169
0.9,9,Layer 2,0.2055623655825347,2.0,169
0.9,10,Layer 2,0.5938468339051005,2.0,169
0.9,11,Layer 2,0.5253260453775889,2.0,169
0.9,12,Layer 2,0.9592910393851624,2.0,169
0.9,13,Layer 2,0.2055623655825347,2.0,169
0.9,14,Layer 2,1.0963326164401856,2.0,169
0.9,15,Layer 2,0.8222494623301392,2.0,169
0.9,16,Layer 2,0.22840262842503856,2.0,169
0.9,17,Layer 2,0.2969234169525502,2.0,169
0.9,18,Layer 2,0.7765689366451314,2.0,169
0.9,19,Layer 2,0.6623676224326122,2.0,169
0.9,20,Layer 2,0.5253260453775888,2.0,169
0.9,21,Layer 2,0.13704157705502318,2.0,169
0.9,22,Layer 2,0.45680525685007733,2.0,169
0.9,23,Layer 2,0.31976367979505405,2.0,169
0.9,24,Layer 2,1.1420131421251933,2.0,169
0.9,25,Layer 2,0.8679299880151468,2.0,169
0.9,26,Layer 2,1.00497156507017,2.0,169
0.9,27,Layer 2,0.2512428912675425,2.0,169
0.9,28,Layer 2,0.342603942637558,2.0,169
0.9,29,Layer 2,0.2512428912675425,2.0,169
0.9,30,Layer 2,0.45680525685007733,2.0,169
0.9,31,Layer 2,0.22840262842503856,2.0,169
0.9,32,Layer 2,0.18272210274003087,2.0,169
0.9,33,Layer 2,0.9364507765426585,2.0,169
0.9,34,Layer 2,0.8222494623301392,2.0,169
0.9,35,Layer 2,0.2055623655825347,2.0,169
0.9,36,Layer 2,0.4111247311650696,2.0,169
0.9,37,Layer 2,0.8907702508576507,2.0,169
0.9,38,Layer 2,0.2512428912675425,2.0,169
0.9,39,Layer 2,0.2512428912675426,2.0,169
0.9,40,Layer 2,0.2055623655825347,2.0,169
0.9,41,Layer 2,0.2055623655825347,2.0,169
0.9,42,Layer 2,0.27408315411004636,2.0,169
0.9,43,Layer 2,0.502485782535085,2.0,169
0.9,44,Layer 2,0.27408315411004636,2.0,169
0.9,45,Layer 2,0.7765689366451314,2.0,169
0.9,46,Layer 2,0.41112473116506965,2.0,169
0.9,47,Layer 2,1.1420131421251933,2.0,169
0.9,48,Layer 2,0.2512428912675425,2.0,169
0.9,49,Layer 2,0.18272210274003087,2.0,169
0.9,0,Layer 3,0.29649741879954694,2.0,169
0.9,1,Layer 3,0.15696922171740724,2.0,169
0.9,2,Layer 3,0.2092922956232096,2.0,169
0.9,3,Layer 3,0.24417434489374457,2.0,169
0.9,4,Layer 3,0.15696922171740724,2.0,169
0.9,5,Layer 3,1.0639025027513158,2.0,169
0.9,6,Layer 3,0.29649741879954694,2.0,169
0.9,7,Layer 3,0.43602561588168676,2.0,169
0.9,8,Layer 3,0.3139384434348145,2.0,169
0.9,9,Layer 3,0.19185127098794214,2.0,169
0.9,10,Layer 3,0.3139384434348145,2.0,169
0.9,11,Layer 3,0.26161536952901204,2.0,169
0.9,12,Layer 3,0.889492256398641,2.0,169
0.9,13,Layer 3,0.19185127098794208,2.0,169
0.9,14,Layer 3,1.116225576657118,2.0,169
0.9,15,Layer 3,0.4011435666111518,2.0,169
0.9,16,Layer 3,0.19185127098794208,2.0,169
0.9,17,Layer 3,0.15696922171740724,2.0,169
0.9,18,Layer 3,0.8720512317633735,2.0,169
0.9,19,Layer 3,0.7150820100459663,2.0,169
0.9,20,Layer 3,0.296497418799547,2.0,169
0.9,21,Layer 3,0.1918512709879422,2.0,169
0.9,22,Layer 3,0.4185845912464193,2.0,169
0.9,23,Layer 3,0.2790563941642794,2.0,169
0.9,24,Layer 3,0.4011435666111518,2.0,169
0.9,25,Layer 3,0.6453179115048964,2.0,169
0.9,26,Layer 3,0.9766973795749784,2.0,169
0.9,27,Layer 3,0.1395281970821397,2.0,169
0.9,28,Layer 3,0.36626151734061685,2.0,169
0.9,29,Layer 3,0.24417434489374457,2.0,169
0.9,30,Layer 3,0.43602561588168676,2.0,169
0.9,31,Layer 3,0.12208717244687228,2.0,169
0.9,32,Layer 3,0.19185127098794208,2.0,169
0.9,33,Layer 3,0.34882049270534937,2.0,169
0.9,34,Layer 3,0.7848461085870362,2.0,169
0.9,35,Layer 3,0.15696922171740724,2.0,169
0.9,36,Layer 3,0.3837025419758843,2.0,169
0.9,37,Layer 3,0.8371691824928386,2.0,169
0.9,38,Layer 3,0.24417434489374457,2.0,169
0.9,39,Layer 3,0.2092922956232096,2.0,169
0.9,40,Layer 3,0.1395281970821397,2.0,169
0.9,41,Layer 3,0.19185127098794214,2.0,169
0.9,42,Layer 3,0.22673332025847714,2.0,169
0.9,43,Layer 3,0.5232307390580242,2.0,169
0.9,44,Layer 3,0.15696922171740724,2.0,169
0.9,45,Layer 3,0.5057897144227566,2.0,169
0.9,46,Layer 3,0.5232307390580242,2.0,169
0.9,47,Layer 3,1.0987845520218507,2.0,169
0.9,48,Layer 3,0.1395281970821397,2.0,169
0.9,49,Layer 3,0.17441024635267477,2.0,169
0.9,0,Layer 4,0.1690233058817725,2.0,169
0.9,1,Layer 4,0.531216104199856,2.0,169
0.9,2,Layer 4,0.265608052099928,2.0,169
0.9,3,Layer 4,0.2897542386544669,2.0,169
0.9,4,Layer 4,0.1931694924363112,2.0,169
0.9,5,Layer 4,1.5212097529359507,2.0,169
0.9,6,Layer 4,0.507069917645317,2.0,169
0.9,7,Layer 4,0.8209703428543227,2.0,169
0.9,8,Layer 4,0.458777544536239,2.0,169
0.9,9,Layer 4,0.1931694924363112,2.0,169
0.9,10,Layer 4,0.6036546638634726,2.0,169
0.9,11,Layer 4,0.6036546638634724,2.0,169
0.9,12,Layer 4,0.9175550890724783,2.0,169
0.9,13,Layer 4,0.21731567899085025,2.0,169
0.9,14,Layer 4,0.6036546638634726,2.0,169
0.9,15,Layer 4,1.014139835290634,2.0,169
0.9,16,Layer 4,0.265608052099928,2.0,169
0.9,17,Layer 4,0.265608052099928,2.0,169
0.9,18,Layer 4,0.8692627159634004,2.0,169
0.9,19,Layer 4,0.7002394100816282,2.0,169
0.9,20,Layer 4,0.33804661176354456,2.0,169
0.9,21,Layer 4,0.24146186554538906,2.0,169
0.9,22,Layer 4,0.4587775445362392,2.0,169
0.9,23,Layer 4,0.4587775445362392,2.0,169
0.9,24,Layer 4,1.207309327726945,2.0,169
0.9,25,Layer 4,0.7968241562997838,2.0,169
0.9,26,Layer 4,1.207309327726945,2.0,169
0.9,27,Layer 4,0.265608052099928,2.0,169
0.9,28,Layer 4,0.3621927983180835,2.0,169
0.9,29,Layer 4,0.24146186554538906,2.0,169
0.9,30,Layer 4,0.531216104199856,2.0,169
0.9,31,Layer 4,0.265608052099928,2.0,169
0.9,32,Layer 4,0.24146186554538906,2.0,169
0.9,33,Layer 4,0.33804661176354456,2.0,169
0.9,34,Layer 4,1.231455514281484,2.0,169
0.9,35,Layer 4,0.24146186554538906,2.0,169
0.9,36,Layer 4,0.5795084773089336,2.0,169
0.9,37,Layer 4,1.1590169546178672,2.0,169
0.9,38,Layer 4,0.2897542386544669,2.0,169
0.9,39,Layer 4,0.1931694924363112,2.0,169
0.9,40,Layer 4,0.19316949243631143,2.0,169
0.9,41,Layer 4,0.1931694924363112,2.0,169
0.9,42,Layer 4,0.5070699176453171,2.0,169
0.9,43,Layer 4,0.5312161041998558,2.0,169
0.9,44,Layer 4,0.2897542386544669,2.0,169
0.9,45,Layer 4,0.5312161041998558,2.0,169
0.9,46,Layer 4,0.3863389848726224,2.0,169
0.9,47,Layer 4,1.1590169546178672,2.0,169
0.9,48,Layer 4,0.2897542386544669,2.0,169
0.9,49,Layer 4,0.19316949243631143,2.0,169
0.95,0,Layer 1,0.4112075834074127,2.0,169
0.95,1,Layer 1,0.35637990561975763,2.0,169
0.95,2,Layer 1,1.206208911328411,2.0,169
0.95,3,Layer 1,0.7127598112395157,2.0,169
0.95,4,Layer 1,0.8224151668148256,2.0,169
0.95,5,Layer 1,0.9046566834963083,2.0,169
0.95,6,Layer 1,0.30155222783210256,2.0,169
0.95,7,Layer 1,0.4112075834074127,2.0,169
0.95,8,Layer 1,0.7401736501333431,2.0,169
0.95,9,Layer 1,0.5208629389827228,2.0,169
0.95,10,Layer 1,0.30155222783210256,2.0,169
0.95,11,Layer 1,1.0143120390716183,2.0,169
0.95,12,Layer 1,0.6579321334518605,2.0,169
0.95,13,Layer 1,0.35637990561975774,2.0,169
0.95,14,Layer 1,1.206208911328411,2.0,169
0.95,15,Layer 1,0.43862142230124035,2.0,169
0.95,16,Layer 1,0.6853459723456881,2.0,169
0.95,17,Layer 1,0.9320705223901358,2.0,169
0.95,18,Layer 1,0.5482767778765504,2.0,169
0.95,19,Layer 1,1.041725877965446,2.0,169
0.95,20,Layer 1,1.151381233540756,2.0,169
0.95,21,Layer 1,0.7401736501333431,2.0,169
0.95,22,Layer 1,1.1787950724345837,2.0,169
0.95,23,Layer 1,1.096553555753101,2.0,169
0.95,24,Layer 1,0.7127598112395155,2.0,169
0.95,25,Layer 1,0.43862142230124024,2.0,169
0.95,26,Layer 1,0.6579321334518606,2.0,169
0.95,27,Layer 1,1.1239673946469284,2.0,169
0.95,28,Layer 1,1.672244172523479,2.0,169
0.95,29,Layer 1,0.630518294558033,2.0,169
0.95,30,Layer 1,1.1239673946469284,2.0,169
0.95,31,Layer 1,1.3706919446913761,2.0,169
0.95,32,Layer 1,0.8224151668148257,2.0,169
0.95,33,Layer 1,1.1239673946469284,2.0,169
0.95,34,Layer 1,0.3015522278321028,2.0,169
0.95,35,Layer 1,1.206208911328411,2.0,169
0.95,36,Layer 1,0.27413838893827513,2.0,169
0.95,37,Layer 1,0.6853459723456881,2.0,169
0.95,38,Layer 1,0.9594843612839632,2.0,169
0.95,39,Layer 1,0.7401736501333431,2.0,169
0.95,40,Layer 1,0.3289660667259303,2.0,169
0.95,41,Layer 1,0.35637990561975774,2.0,169
0.95,42,Layer 1,0.9868982001777907,2.0,169
0.95,43,Layer 1,0.6031044556642056,2.0,169
0.95,44,Layer 1,0.6579321334518605,2.0,169
0.95,45,Layer 1,1.096553555753101,2.0,169
0.95,46,Layer 1,0.5482767778765505,2.0,169
0.95,47,Layer 1,0.6031044556642056,2.0,169
0.95,48,Layer 1,0.9594843612839632,2.0,169
0.95,49,Layer 1,1.6174164947358238,2.0,169
0.95,0,Layer 2,0.2656963436856139,2.0,169
0.95,1,Layer 2,0.30997906763321614,2.0,169
0.95,2,Layer 2,0.6863822211878358,2.0,169
0.95,3,Layer 2,1.0185026507948534,2.0,169
0.95,4,Layer 2,0.7749476690830404,2.0,169
0.95,5,Layer 2,0.9077958409258473,2.0,169
0.95,6,Layer 2,0.30997906763321614,2.0,169
0.95,7,Layer 2,0.19927225776421031,2.0,169
0.95,8,Layer 2,0.9077958409258474,2.0,169
0.95,9,Layer 2,0.996361288821052,2.0,169
0.95,10,Layer 2,0.22141361973801155,2.0,169
0.95,11,Layer 2,1.262057632506666,2.0,169
0.95,12,Layer 2,0.24355498171181278,2.0,169
0.95,13,Layer 2,0.15498953381660807,2.0,169
0.95,14,Layer 2,0.57567541131883,2.0,169
0.95,15,Layer 2,0.2656963436856139,2.0,169
0.95,16,Layer 2,0.1771308957904092,2.0,169
0.95,17,Layer 2,0.48710996342362545,2.0,169
0.95,18,Layer 2,0.5313926873712278,2.0,169
0.95,19,Layer 2,0.30997906763321625,2.0,169
0.95,20,Layer 2,0.9742199268472509,2.0,169
0.95,21,Layer 2,0.57567541131883,2.0,169
0.95,22,Layer 2,1.1734921846114612,2.0,169
0.95,23,Layer 2,1.1070680986900578,2.0,169
0.95,24,Layer 2,0.6199581352664323,2.0,169
0.95,25,Layer 2,0.19927225776421031,2.0,169
0.95,26,Layer 2,0.8635131169782451,2.0,169
0.95,27,Layer 2,0.6642408592140348,2.0,169
0.95,28,Layer 2,0.57567541131883,2.0,169
0.95,29,Layer 2,0.4428272394760232,2.0,169
0.95,30,Layer 2,1.1070680986900578,2.0,169
0.95,31,Layer 2,0.9077958409258474,2.0,169
0.95,32,Layer 2,0.7749476690830405,2.0,169
0.95,33,Layer 2,1.15135082263766,2.0,169
0.95,34,Layer 2,0.30997906763321614,2.0,169
0.95,35,Layer 2,0.6199581352664324,2.0,169
0.95,36,Layer 2,0.19927225776421031,2.0,169
0.95,37,Layer 2,0.24355498171181256,2.0,169
0.95,38,Layer 2,0.57567541131883,2.0,169
0.95,39,Layer 2,0.6863822211878359,2.0,169
0.95,40,Layer 2,0.6199581352664324,2.0,169
0.95,41,Layer 2,0.19927225776421031,2.0,169
0.95,42,Layer 2,0.39854451552842085,2.0,169
0.95,43,Layer 2,0.287837705659415,2.0,169
0.95,44,Layer 2,0.19927225776421043,2.0,169
0.95,45,Layer 2,0.5313926873712278,2.0,169
0.95,46,Layer 2,0.57567541131883,2.0,169
0.95,47,Layer 2,0.5535340493450289,2.0,169
0.95,48,Layer 2,0.48710996342362534,2.0,169
0.95,49,Layer 2,0.6420994972402336,2.0,169
0.95,0,Layer 3,0.27490676265424085,2.0,169
0.95,1,Layer 3,0.1832711751028272,2.0,169
0.95,2,Layer 3,0.6414491128598954,2.0,169
0.95,3,Layer 3,0.5864677603290471,2.0,169
0.95,4,Layer 3,0.7697389354318744,2.0,169
0.95,5,Layer 3,0.5314864077981991,2.0,169
0.95,6,Layer 3,0.1649440575925445,2.0,169
0.95,7,Layer 3,0.1649440575925445,2.0,169
0.95,8,Layer 3,0.4765050552673508,2.0,169
0.95,9,Layer 3,0.329888115185089,2.0,169
0.95,10,Layer 3,0.21992541012339273,2.0,169
0.95,11,Layer 3,0.5131592902879163,2.0,169
0.95,12,Layer 3,0.5864677603290471,2.0,169
0.95,13,Layer 3,0.1832711751028272,2.0,169
0.95,14,Layer 3,0.5131592902879163,2.0,169
0.95,15,Layer 3,0.1832711751028272,2.0,169
0.95,16,Layer 3,0.21992541012339273,2.0,169
0.95,17,Layer 3,0.4948321727776335,2.0,169
0.95,18,Layer 3,0.25657964514395815,2.0,169
0.95,19,Layer 3,0.25657964514395815,2.0,169
0.95,20,Layer 3,0.8797016404935707,2.0,169
0.95,21,Layer 3,0.3482152326953718,2.0,169
0.95,22,Layer 3,0.788066052942157,2.0,169
0.95,23,Layer 3,0.8980287580038534,2.0,169
0.95,24,Layer 3,0.6414491128598954,2.0,169
0.95,25,Layer 3,0.1649440575925445,2.0,169
0.95,26,Layer 3,0.6231219953496125,2.0,169
0.95,27,Layer 3,0.6964304653907434,2.0,169
0.95,28,Layer 3,0.5864677603290471,2.0,169
0.95,29,Layer 3,0.4398508202467853,2.0,169
0.95,30,Layer 3,0.9346829930244188,2.0,169
0.95,31,Layer 3,0.7147575829010262,2.0,169
0.95,32,Layer 3,0.60479487783933,2.0,169
0.95,33,Layer 3,0.8980287580038534,2.0,169
0.95,34,Layer 3,0.14661694008226178,2.0,169
0.95,35,Layer 3,1.1362812856375288,2.0,169
0.95,36,Layer 3,0.1649440575925445,2.0,169
0.95,37,Layer 3,0.1649440575925445,2.0,169
0.95,38,Layer 3,0.47650505526735076,2.0,169
0.95,39,Layer 3,0.733084700411309,2.0,169
0.95,40,Layer 3,0.60479487783933,2.0,169
0.95,41,Layer 3,0.23825252763367544,2.0,169
0.95,42,Layer 3,0.4581779377570681,2.0,169
0.95,43,Layer 3,0.2749067626542408,2.0,169
0.95,44,Layer 3,0.18327117510282726,2.0,169
0.95,45,Layer 3,0.3115609976748063,2.0,169
0.95,46,Layer 3,0.5681406428187645,2.0,169
0.95,47,Layer 3,0.6781033478804608,2.0,169
0.95,48,Layer 3,0.4215237027365027,2.0,169
0.95,49,Layer 3,0.60479487783933,2.0,169
0.95,0,Layer 4,0.16786331313091907,2.0,169
0.95,1,Layer 4,0.31474371212047325,2.0,169
0.95,2,Layer 4,0.6294874242409465,2.0,169
0.95,3,Layer 4,0.545555767675487,2.0,169
0.95,4,Layer 4,0.6714532525236763,2.0,169
0.95,5,Layer 4,0.6504703383823114,2.0,169
0.95,6,Layer 4,0.2517949696963786,2.0,169
0.95,7,Layer 4,0.18884622727228395,2.0,169
0.95,8,Layer 4,0.4826070252513923,2.0,169
0.95,9,Layer 4,0.33572662626183813,2.0,169
0.95,10,Layer 4,0.3986753686859328,2.0,169
0.95,11,Layer 4,0.41965828282729767,2.0,169
0.95,12,Layer 4,0.7553849090891358,2.0,169
0.95,13,Layer 4,0.31474371212047336,2.0,169
0.95,14,Layer 4,0.5245728535341221,2.0,169
0.95,15,Layer 4,0.2727778838377435,2.0,169
0.95,16,Layer 4,0.2727778838377435,2.0,169
0.95,17,Layer 4,0.4826070252513923,2.0,169
0.95,18,Layer 4,0.545555767675487,2.0,169
0.95,19,Layer 4,0.31474371212047325,2.0,169
0.95,20,Layer 4,0.8183336515132305,2.0,169
0.95,21,Layer 4,0.356709540403203,2.0,169
0.95,22,Layer 4,1.1540602777750686,2.0,169
0.95,23,Layer 4,0.9861969646441495,2.0,169
0.95,24,Layer 4,0.8602994797959602,2.0,169
0.95,25,Layer 4,0.16786331313091907,2.0,169
0.95,26,Layer 4,0.6504703383823114,2.0,169
0.95,27,Layer 4,0.356709540403203,2.0,169
0.95,28,Layer 4,0.6294874242409465,2.0,169
0.95,29,Layer 4,0.46162411111002744,2.0,169
0.95,30,Layer 4,0.9652140505027846,2.0,169
0.95,31,Layer 4,0.8183336515132305,2.0,169
0.95,32,Layer 4,0.5875215959582167,2.0,169
0.95,33,Layer 4,1.0281627929268793,2.0,169
0.95,34,Layer 4,0.18884622727228406,2.0,169
0.95,35,Layer 4,0.6294874242409465,2.0,169
0.95,36,Layer 4,0.14688039898955418,2.0,169
0.95,37,Layer 4,0.20982914141364883,2.0,169
0.95,38,Layer 4,0.4826070252513923,2.0,169
0.95,39,Layer 4,0.7553849090891358,2.0,169
0.95,40,Layer 4,0.713419080806406,2.0,169
0.95,41,Layer 4,0.16786331313091918,2.0,169
0.95,42,Layer 4,0.6924361666650412,2.0,169
0.95,43,Layer 4,0.5035899393927572,2.0,169
0.95,44,Layer 4,0.18884622727228395,2.0,169
0.95,45,Layer 4,0.356709540403203,2.0,169
0.95,46,Layer 4,0.713419080806406,2.0,169
0.95,47,Layer 4,0.5665386818168519,2.0,169
0.95,48,Layer 4,0.5665386818168519,2.0,169
0.95,49,Layer 4,0.8183336515132305,2.0,169
1.0,0,Layer 1,0.4904485348385812,2.0,169
1.0,1,Layer 1,0.7356728022578717,2.0,169
1.0,2,Layer 1,0.2452242674192906,2.0,169
1.0,3,Layer 1,0.5449428164873125,2.0,169
1.0,4,Layer 1,1.4440984636913778,2.0,169
1.0,5,Layer 1,1.4440984636913778,2.0,169
1.0,6,Layer 1,0.354212830716753,2.0,169
1.0,7,Layer 1,1.2261213370964528,2.0,169
1.0,8,Layer 1,0.43595425318985004,2.0,169
1.0,9,Layer 1,0.4904485348385812,2.0,169
1.0,10,Layer 1,0.299718549068022,2.0,169
1.0,11,Layer 1,1.6348284494619372,2.0,169
1.0,12,Layer 1,1.3078627595695496,2.0,169
1.0,13,Layer 1,0.38145997154111877,2.0,169
1.0,14,Layer 1,0.5994370981360435,2.0,169
1.0,15,Layer 1,1.3896041820426464,2.0,169
1.0,16,Layer 1,0.9264027880284309,2.0,169
1.0,17,Layer 1,1.5530870269888402,2.0,169
1.0,18,Layer 1,0.27247140824365623,2.0,169
1.0,19,Layer 1,0.2452242674192906,2.0,169
1.0,20,Layer 1,0.35421283071675314,2.0,169
1.0,21,Layer 1,0.6266842389604091,2.0,169
1.0,22,Layer 1,0.9264027880284311,2.0,169
1.0,23,Layer 1,1.3896041820426464,2.0,169
1.0,24,Layer 1,0.8174142247309685,2.0,169
1.0,25,Layer 1,0.5176956756629467,2.0,169
1.0,26,Layer 1,1.0353913513258934,2.0,169
1.0,27,Layer 1,1.4440984636913776,2.0,169
1.0,28,Layer 1,0.2452242674192906,2.0,169
1.0,29,Layer 1,0.7901670839066031,2.0,169
1.0,30,Layer 1,0.4904485348385811,2.0,169
1.0,31,Layer 1,0.3269656898923875,2.0,169
1.0,32,Layer 1,0.38145997154111866,2.0,169
1.0,33,Layer 1,0.9808970696771623,2.0,169
1.0,34,Layer 1,0.4632013940142157,2.0,169
1.0,35,Layer 1,1.3896041820426466,2.0,169
1.0,36,Layer 1,1.198874196272087,2.0,169
1.0,37,Layer 1,1.1988741962720872,2.0,169
1.0,38,Layer 1,1.1171327737989902,2.0,169
1.0,39,Layer 1,1.2533684779208183,2.0,169
1.0,40,Layer 1,0.6811785206091403,2.0,169
1.0,41,Layer 1,0.5721899573116781,2.0,169
1.0,42,Layer 1,1.362357041218281,2.0,169
1.0,43,Layer 1,0.7356728022578717,2.0,169
1.0,44,Layer 1,0.5449428164873124,2.0,169
1.0,45,Layer 1,1.580334167813206,2.0,169
1.0,46,Layer 1,1.335109900393915,2.0,169
1.0,47,Layer 1,0.2724714082436561,2.0,169
1.0,48,Layer 1,1.335109900393915,2.0,169
1.0,49,Layer 1,0.5994370981360436,2.0,169
1.0,0,Layer 2,0.6451030845664276,2.0,169
1.0,1,Layer 2,0.5338784148135953,2.0,169
1.0,2,Layer 2,0.4448986790113294,2.0,169
1.0,3,Layer 2,0.17795947160453185,2.0,169
1.0,4,Layer 2,0.8897973580226588,2.0,169
1.0,5,Layer 2,0.6895929524675606,2.0,169
1.0,6,Layer 2,0.3114290753079305,2.0,169
1.0,7,Layer 2,0.5561233487641618,2.0,169
1.0,8,Layer 2,0.4893885469124625,2.0,169
1.0,9,Layer 2,0.26693920740679766,2.0,169
1.0,10,Layer 2,0.2224493395056647,2.0,169
1.0,11,Layer 2,0.6006132166652948,2.0,169
1.0,12,Layer 2,0.6006132166652947,2.0,169
1.0,13,Layer 2,0.4671436129618959,2.0,169
1.0,14,Layer 2,0.6228581506158613,2.0,169
1.0,15,Layer 2,1.090001763577757,2.0,169
1.0,16,Layer 2,0.5783682827147283,2.0,169
1.0,17,Layer 2,0.9120422919732254,2.0,169
1.0,18,Layer 2,0.467143612961896,2.0,169
1.0,19,Layer 2,0.15571453765396548,2.0,169
1.0,20,Layer 2,0.20020440555509822,2.0,169
1.0,21,Layer 2,0.17795947160453185,2.0,169
1.0,22,Layer 2,0.9565321598743581,2.0,169
1.0,23,Layer 2,0.6895929524675606,2.0,169
1.0,24,Layer 2,0.5561233487641618,2.0,169
1.0,25,Layer 2,0.3336740092584971,2.0,169
1.0,26,Layer 2,0.8230625561709595,2.0,169
1.0,27,Layer 2,0.6451030845664277,2.0,169
1.0,28,Layer 2,0.31142907530793074,2.0,169
1.0,29,Layer 2,0.3559189432090636,2.0,169
1.0,30,Layer 2,0.6451030845664277,2.0,169
1.0,31,Layer 2,0.31142907530793074,2.0,169
1.0,32,Layer 2,0.5116334808630288,2.0,169
1.0,33,Layer 2,0.3114290753079306,2.0,169
1.0,34,Layer 2,0.20020440555509844,2.0,169
1.0,35,Layer 2,0.9565321598743581,2.0,169
1.0,36,Layer 2,0.8453074901215258,2.0,169
1.0,37,Layer 2,1.1122466975283236,2.0,169
1.0,38,Layer 2,0.6006132166652947,2.0,169
1.0,39,Layer 2,0.8008176222203929,2.0,169
1.0,40,Layer 2,0.6673480185169941,2.0,169
1.0,41,Layer 2,0.28918414135736414,2.0,169
1.0,42,Layer 2,0.5116334808630288,2.0,169
1.0,43,Layer 2,0.28918414135736414,2.0,169
1.0,44,Layer 2,0.20020440555509822,2.0,169
1.0,45,Layer 2,0.6673480185169941,2.0,169
1.0,46,Layer 2,0.8675524240720924,2.0,169
1.0,47,Layer 2,0.17795947160453196,2.0,169
1.0,48,Layer 2,0.6895929524675606,2.0,169
1.0,49,Layer 2,0.6228581506158613,2.0,169
1.0,0,Layer 3,0.5768552015152133,2.0,169
1.0,1,Layer 3,0.2791234846041355,2.0,169
1.0,2,Layer 3,0.4465975753666168,2.0,169
1.0,3,Layer 3,0.16747409076248132,2.0,169
1.0,4,Layer 3,0.8745869184262913,2.0,169
1.0,5,Layer 3,0.5954634338221558,2.0,169
1.0,6,Layer 3,0.5210305045943864,2.0,169
1.0,7,Layer 3,0.6326798984360406,2.0,169
1.0,8,Layer 3,0.18608232306942385,2.0,169
1.0,9,Layer 3,0.22329878768330846,2.0,169
1.0,10,Layer 3,0.20469055537636605,2.0,169
1.0,11,Layer 3,0.24190701999025077,2.0,169
1.0,12,Layer 3,0.5768552015152135,2.0,169
1.0,13,Layer 3,0.16747409076248132,2.0,169
1.0,14,Layer 3,0.5210305045943864,2.0,169
1.0,15,Layer 3,1.060669241495715,2.0,169
1.0,16,Layer 3,0.46520580767355924,2.0,169
1.0,17,Layer 3,0.762937524584637,2.0,169
1.0,18,Layer 3,0.241907019990251,2.0,169
1.0,19,Layer 3,0.1302576261485967,2.0,169
1.0,20,Layer 3,0.241907019990251,2.0,169
1.0,21,Layer 3,0.18608232306942368,2.0,169
1.0,22,Layer 3,0.9304116153471185,2.0,169
1.0,23,Layer 3,0.6326798984360407,2.0,169
1.0,24,Layer 3,0.558246969208271,2.0,169
1.0,25,Layer 3,0.26051525229719313,2.0,169
1.0,26,Layer 3,0.5954634338221558,2.0,169
1.0,27,Layer 3,0.6326798984360404,2.0,169
1.0,28,Layer 3,0.14886585845553912,2.0,169
1.0,29,Layer 3,0.46520580767355924,2.0,169
1.0,30,Layer 3,0.651288130742983,2.0,169
1.0,31,Layer 3,0.29773171691107814,2.0,169
1.0,32,Layer 3,0.46520580767355924,2.0,169
1.0,33,Layer 3,0.502422272287444,2.0,169
1.0,34,Layer 3,0.18608232306942363,2.0,169
1.0,35,Layer 3,0.7443292922776948,2.0,169
1.0,36,Layer 3,0.5024222722874441,2.0,169
1.0,37,Layer 3,0.502422272287444,2.0,169
1.0,38,Layer 3,0.6698963630499253,2.0,169
1.0,39,Layer 3,0.558246969208271,2.0,169
1.0,40,Layer 3,0.8001539891985219,2.0,169
1.0,41,Layer 3,0.18608232306942363,2.0,169
1.0,42,Layer 3,0.5210305045943864,2.0,169
1.0,43,Layer 3,0.2977317169110779,2.0,169
1.0,44,Layer 3,0.18608232306942368,2.0,169
1.0,45,Layer 3,0.7443292922776947,2.0,169
1.0,46,Layer 3,1.0234527768818305,2.0,169
1.0,47,Layer 3,0.14886585845553912,2.0,169
1.0,48,Layer 3,0.5954634338221558,2.0,169
1.0,49,Layer 3,0.4465975753666168,2.0,169
1.0,0,Layer 4,0.5730991690097555,2.0,169
1.0,1,Layer 4,0.620857433093902,2.0,169
1.0,2,Layer 4,0.2626704524628045,2.0,169
1.0,3,Layer 4,0.5253409049256091,2.0,169
1.0,4,Layer 4,1.0506818098512185,2.0,169
1.0,5,Layer 4,0.5730991690097555,2.0,169
1.0,6,Layer 4,0.2865495845048778,2.0,169
1.0,7,Layer 4,0.5969783010518287,2.0,169
1.0,8,Layer 4,0.21491218837865844,2.0,169
1.0,9,Layer 4,0.42982437675731655,2.0,169
1.0,10,Layer 4,0.23879132042073137,2.0,169
1.0,11,Layer 4,0.2865495845048778,2.0,169
1.0,12,Layer 4,1.0745609418932918,2.0,169
1.0,13,Layer 4,0.33430784858902396,2.0,169
1.0,14,Layer 4,0.5730991690097555,2.0,169
1.0,15,Layer 4,1.4088687904823156,2.0,169
1.0,16,Layer 4,0.5730991690097555,2.0,169
1.0,17,Layer 4,0.7641322253463407,2.0,169
1.0,18,Layer 4,0.2387913204207316,2.0,169
1.0,19,Layer 4,0.16715392429451204,2.0,169
1.0,20,Layer 4,0.3581869806310972,2.0,169
1.0,21,Layer 4,0.31042871654695103,2.0,169
1.0,22,Layer 4,1.2417148661878037,2.0,169
1.0,23,Layer 4,0.7163739612621945,2.0,169
1.0,24,Layer 4,0.5730991690097555,2.0,169
1.0,25,Layer 4,0.3104287165469509,2.0,169
1.0,26,Layer 4,0.5492200369676825,2.0,169
1.0,27,Layer 4,0.6686156971780481,2.0,169
1.0,28,Layer 4,0.2865495845048778,2.0,169
1.0,29,Layer 4,0.4537035087993897,2.0,169
1.0,30,Layer 4,0.9312861496408529,2.0,169
1.0,31,Layer 4,0.19103305633658518,2.0,169
1.0,32,Layer 4,0.4537035087993897,2.0,169
1.0,33,Layer 4,0.4059452447152434,2.0,169
1.0,34,Layer 4,0.21491218837865833,2.0,169
1.0,35,Layer 4,0.6924948292201212,2.0,169
1.0,36,Layer 4,0.5730991690097555,2.0,169
1.0,37,Layer 4,0.7402530933042677,2.0,169
1.0,38,Layer 4,0.811890489430487,2.0,169
1.0,39,Layer 4,0.620857433093902,2.0,169
1.0,40,Layer 4,1.2417148661878037,2.0,169
1.0,41,Layer 4,0.3104287165469509,2.0,169
1.0,42,Layer 4,0.7163739612621945,2.0,169
1.0,43,Layer 4,0.33430784858902396,2.0,169
1.0,44,Layer 4,0.19103305633658518,2.0,169
1.0,45,Layer 4,0.6686156971780481,2.0,169
1.0,46,Layer 4,0.8835278855567064,2.0,169
1.0,47,Layer 4,0.16715392429451204,2.0,169
1.0,48,Layer 4,0.5969783010518286,2.0,169
1.0,49,Layer 4,0.7402530933042677,2.0,169
