subject,stimulus_index,stimulus_label,root_area_id,node,n_neurons,n_frames,n_windows,FCV_raw,FCS_raw,FCV_z,FCS_z
12,10,OMR forward,0,MON,863,150,27,0.3193863141221091,0.055141364647089304,0.5805310439397551,-2.251251451254412
12,10,OMR forward,1,Cb,1625,150,27,0.22239226256602013,0.6802818049254405,-0.6495776040741753,0.7386811361613013
12,10,OMR forward,2,MOS1,1419,150,27,0.21478430182826266,0.6971547159278804,-0.7460641220319705,0.8193811888219433
12,10,OMR forward,3,MOS2,558,150,27,0.19853619731279912,0.6917504451320287,-0.9521276234287341,0.7935335483196886
12,10,OMR forward,4,MOS3,1297,150,27,0.25181284925982333,0.6780471613150899,-0.276456597774496,0.7279932437752756
12,10,OMR forward,5,MOS4,882,150,27,0.2185798542435317,0.6904468584053465,-0.6979277489749826,0.7872987310154455
12,10,OMR forward,6,MOS5,1182,150,27,0.24138766373187107,0.6606883733959003,-0.40867203438472904,0.6449693305334551
12,10,OMR forward,7,IPN,24,150,27,0.3281544298283024,0.5151860239701948,0.691731007070876,-0.05094184088229449
12,10,OMR forward,8,IO,1,150,27,0.3460594117063058,0.536871239513787,0.9188075411192363,0.05277458576585301
12,10,OMR forward,9,Hc,0,150,27,,,,
12,10,OMR forward,10,Ra,254,150,27,0.3786277184531063,0.2674533650132602,1.3318489095091592,-1.235801917527911
12,10,OMR forward,11,T,1266,150,27,0.20906437703795935,0.6931224334898697,-0.8186059824621699,0.8000955181369624
12,10,OMR forward,12,aRF,264,150,27,0.3606806303717075,0.62218686705655,1.1042383715285913,0.46082365533548075
12,10,OMR forward,13,imRF,382,150,27,0.26474239801346616,0.664526503443221,-0.11248004991808956,0.6633264057822005
12,10,OMR forward,14,pRF,485,150,27,0.20366647689417855,0.6910777073082764,-0.8870638264376911,0.79031596613747
12,10,OMR forward,16,Hb,309,150,27,0.3860251768306079,0.38781435317994745,1.4256657712393421,-0.6601372866924811
12,10,OMR forward,17,Hi,35,150,27,0.2910259879257158,0.570452541211083,0.22085659014600237,0.21338782049415986
12,10,OMR forward,18,HR,0,150,27,,,,
12,10,OMR forward,19,OG,4,150,27,0.24673861302415728,0.19124056969869022,-0.3408096356713506,-1.6003138025494816
12,10,OMR forward,20,OB,223,150,27,0.49190437903159995,0.09510601693558753,2.7684586557796895,-2.0601078161235384
12,10,OMR forward,21,OE,24,150,27,0.504729160042518,0.1271769171575961,2.931106506625392,-1.9067185558817195
12,10,OMR forward,22,P,933,150,27,0.2614364629383387,0.6055460902304647,-0.1544069439950445,0.381233858057175
12,10,OMR forward,24,PT,379,150,27,0.2534787919851525,0.5766129688153244,-0.2553285953800579,0.24285202095147676
12,10,OMR forward,25,PO,425,150,27,0.22480363640400608,0.6818047141718943,-0.6189958130868614,0.7459649330336027
12,10,OMR forward,26,PrT,407,150,27,0.20182171458290607,0.7046017222174216,-0.9104596742883626,0.8549988602269076
12,10,OMR forward,28,SP,679,150,27,0.21633825768995402,0.6727426829684992,-0.7263563717789245,0.7026228923376837
12,10,OMR forward,29,TeO,6182,150,27,0.3423458360885283,0.20303076789454413,0.8717108232360771,-1.543923437238645
12,10,OMR forward,30,Th,1186,150,27,0.22344769658824218,0.6570617210099763,-0.6361922624236854,0.6276237143274792
12,10,OMR forward,31,TL,101,150,27,0.27584616592495315,0.332028845117387,0.028341378966765158,-0.9269491864114051
12,10,OMR forward,32,TS,404,150,27,0.3138037817151837,0.3934907566448301,0.5097316363327236,-0.6329880853203622
12,10,OMR forward,33,TG,6,150,27,0.2904170993660998,0.19640441406273276,0.21313447656435328,-1.575616077773399
12,10,OMR forward,34,VR,92,150,27,0.23061457856484177,0.6345590879627498,-0.5452996421312725,0.5199977290039218
12,10,OMR forward,35,NX,381,150,27,0.20223212711482566,0.6641207156800658,-0.9052546952544098,0.6613855969999501
12,10,OMR forward,36,rMON,1120,150,27,0.3309749908632485,0.2373790364990881,0.7275022370141055,-1.3796419398261497
12,10,OMR forward,37,rCb,1685,150,27,0.20170692244846827,0.7061580520473093,-0.9119155037441954,0.8624425016478282
12,10,OMR forward,38,rMOS1,1483,150,27,0.19874012918631942,0.7100310725303621,-0.9495412961519738,0.8809664514803683
12,10,OMR forward,39,rMOS2,554,150,27,0.22698598368767472,0.6712781658500901,-0.5913186079021896,0.6956183743525578
12,10,OMR forward,40,rMOS3,1496,150,27,0.2025602533571099,0.705966021169633,-0.901093296469653,0.8615240530209906
12,10,OMR forward,41,rMOS4,1113,150,27,0.20341770017954713,0.7004120568190275,-0.8902188898996565,0.834960455577468
12,10,OMR forward,42,rMOS5,1530,150,27,0.232249111784147,0.6615976007560948,-0.5245699848350133,0.6493179989901062
12,10,OMR forward,43,rIPN,30,150,27,0.23541446291848256,0.625736201705132,-0.4844260199023263,0.47779947492045866
12,10,OMR forward,44,rIO,4,150,27,0.3623255453850727,0.32165707148563943,1.1250996939574045,-0.9765554860087453
12,10,OMR forward,45,rHc,0,150,27,,,,
12,10,OMR forward,46,rRa,201,150,27,0.4117927185509117,0.07460546824563344,1.7524577280623443,-2.158158197507766
12,10,OMR forward,47,rT,1437,150,27,0.20741375398404763,0.7042601656942923,-0.8395396960317472,0.8533652577383309
12,10,OMR forward,48,raRF,208,150,27,0.2161764654500332,0.6753705820223811,-0.7284082711512594,0.7151916537093557
12,10,OMR forward,49,rimRF,436,150,27,0.20530975394569315,0.686921929578046,-0.86622327714914,0.7704396400176305
12,10,OMR forward,50,rpRF,535,150,27,0.19661052153063271,0.6845865817650478,-0.9765496410154938,0.7592700978169625
12,10,OMR forward,52,rHb,260,150,27,0.21449825213028467,0.6732090241116919,-0.749691893030288,0.7048533168807894
12,10,OMR forward,53,rHi,27,150,27,0.22881215424563747,0.5975351516123746,-0.5681585464338904,0.3429190012877912
12,10,OMR forward,54,rHR,0,150,27,,,,
12,10,OMR forward,55,rOG,0,150,27,,,,
12,10,OMR forward,56,rOB,168,150,27,0.5115238891618874,0.28024428080518166,3.017279368945872,-1.1746253026665725
12,10,OMR forward,57,rOE,35,150,27,0.3908716338601128,0.295270646372222,1.487130042589781,-1.102756939680312
12,10,OMR forward,58,rP,976,150,27,0.31804479077900033,0.57853998432942,0.5635174287809287,0.2520685843199969
12,10,OMR forward,60,rPT,407,150,27,0.2872965282083921,0.5725198355306401,0.17355842518537462,0.2232753117770322
12,10,OMR forward,61,rPO,382,150,27,0.20759860536601046,0.689260100587973,-0.8371953534674166,0.7816226850537489
12,10,OMR forward,62,rPrT,577,150,27,0.20571861287332874,0.6983864841324104,-0.8610380014066229,0.8252725112473925
12,10,OMR forward,64,rSP,658,150,27,0.22283577659199352,0.6776897565158378,-0.643952821625018,0.7262838418755894
12,10,OMR forward,65,rTeO,7358,150,27,0.3370009570060207,0.5710710243447915,0.8039254088060035,0.2163459123997461
12,10,OMR forward,66,rTh,1297,150,27,0.33544729498722015,0.5588768300594021,0.7842213851596449,0.15802330755445732
12,10,OMR forward,67,rTL,74,150,27,0.3367813424007598,0.3166701776635205,0.8011401882607483,-1.0004068886505204
12,10,OMR forward,68,rTS,130,150,27,0.25962969664521574,0.36747513315505537,-0.17732091455771798,-0.7574160625271805
12,10,OMR forward,69,rTG,2,150,27,0.24875771417413503,-0.05353243360744754,-0.3152027685907829,-2.771018386592658
12,10,OMR forward,70,rVR,71,150,27,0.21468090942661988,0.6168610293192517,-0.7473753765404614,0.43535114583194207
12,10,OMR forward,71,rNX,484,150,27,0.22423753904270596,0.6322923527614226,-0.6261752354182448,0.5091563483975529
12,11,OMR rightward,0,MON,863,150,27,0.28766532467291844,0.20137534716790684,0.7137319663416007,-1.960766230822651
12,11,OMR rightward,1,Cb,1625,150,27,0.15145211224639682,0.7554627482813506,-0.7642087282658354,0.6778825469556383
12,11,OMR rightward,2,MOS1,1419,150,27,0.148991397213211,0.7689747096582906,-0.7909079802737081,0.7422285694441564
12,11,OMR rightward,3,MOS2,558,150,27,0.15085348654399855,0.7602639109500297,-0.7707039372888926,0.7007464164140794
12,11,OMR rightward,4,MOS3,1297,150,27,0.1749119051409939,0.7385496654669069,-0.5096652666710886,0.597339865048208
12,11,OMR rightward,5,MOS4,882,150,27,0.1561723060651344,0.7565862247763112,-0.7129936779276755,0.6832327135075816
12,11,OMR rightward,6,MOS5,1182,150,27,0.1868423350838313,0.6798708105125653,-0.38021770719741366,0.31790220125082685
12,11,OMR rightward,7,IPN,24,150,27,0.20097951056610242,0.6810156997679824,-0.2268265156980874,0.32335433863642205
12,11,OMR rightward,8,IO,1,150,27,0.30094261635424147,0.5125637443535853,0.8577932460106745,-0.4788395848770234
12,11,OMR rightward,9,Hc,0,150,27,,,,
12,11,OMR rightward,10,Ra,254,150,27,0.30054905275330296,0.4278832399706846,0.8535230019471111,-0.8821010720405665
12,11,OMR rightward,11,T,1266,150,27,0.14867808374223965,0.7707420502925763,-0.7943074943198736,0.7506449153044025
12,11,OMR rightward,12,aRF,264,150,27,0.1753031431321372,0.744551635935842,-0.5054202559405834,0.6259221645379491
12,11,OMR rightward,13,imRF,382,150,27,0.16511542141268923,0.7369418234813402,-0.6159590814060677,0.5896830760983944
12,11,OMR rightward,14,pRF,485,150,27,0.16145315983596709,0.7410812825589844,-0.6556953545774724,0.6093958120565487
12,11,OMR rightward,16,Hb,309,150,27,0.15157709685387644,0.7347498304521871,-0.7628526201886302,0.5792444707165532
12,11,OMR rightward,17,Hi,35,150,27,0.17628173932840252,0.6999572109094129,-0.494802290794003,0.41355670584811854
12,11,OMR rightward,18,HR,0,150,27,,,,
12,11,OMR rightward,19,OG,4,150,27,0.3481966580084821,0.10470538182026382,1.3705090824656048,-2.4211233611234775
12,11,OMR rightward,20,OB,223,150,27,0.4855392895295462,0.3859165658921311,2.860704200938064,-1.0819527796272603
12,11,OMR rightward,21,OE,24,150,27,0.46822936483590394,0.095811890553044,2.6728880436829483,-2.463475524004775
12,11,OMR rightward,22,P,933,150,27,0.20452384519286682,0.6701963207571441,-0.18836977360321092,0.2718308043602411
12,11,OMR rightward,24,PT,379,150,27,0.15532751415306684,0.7486050186829983,-0.7221598397344343,0.6452249918719748
12,11,OMR rightward,25,PO,425,150,27,0.16551257627490332,0.7412301274838876,-0.6116498714368509,0.6101046343080294
12,11,OMR rightward,26,PrT,407,150,27,0.15037902042633325,0.7671975573119669,-0.7758519898971389,0.7337654987135646
12,11,OMR rightward,28,SP,679,150,27,0.3339771127796093,0.6457709068765681,1.2162241626829606,0.15551325526383944
12,11,OMR rightward,29,TeO,6182,150,27,0.25315626100135413,0.5416031624729103,0.33930169908308117,-0.34054944333261855
12,11,OMR rightward,30,Th,1186,150,27,0.15702378390627234,0.7425813191615377,-0.7037549724485498,0.6165392153174712
12,11,OMR rightward,31,TL,101,150,27,0.22551070600005743,0.5923209254694582,0.03934187849324603,-0.09902371458736123
12,11,OMR rightward,32,TS,404,150,27,0.3030670320890401,0.4653436116462186,0.8808435831313631,-0.7037090643209563
12,11,OMR rightward,33,TG,6,150,27,0.2247102060278269,0.1276878828222255,0.030656293123692963,-2.3116771833954646
12,11,OMR rightward,34,VR,92,150,27,0.26706732943046,0.5429264711856187,0.49023958367291126,-0.3342476452581729
12,11,OMR rightward,35,NX,381,150,27,0.16232891262249444,0.734671253981581,-0.6461932610685712,0.5788702775699296
12,11,OMR rightward,36,rMON,1120,150,27,0.32513835571285105,0.4047724112699511,1.1203218744540724,-0.992158365857555
12,11,OMR rightward,37,rCb,1685,150,27,0.1449588722301467,0.7674768889572786,-0.8346616857206511,0.7350957186445995
12,11,OMR rightward,38,rMOS1,1483,150,27,0.14819313602295156,0.7721299883267176,-0.799569274409522,0.7572544880722724
12,11,OMR rightward,39,rMOS2,554,150,27,0.1549249729781968,0.7623832179688746,-0.7265274922770718,0.7108388799203329
12,11,OMR rightward,40,rMOS3,1496,150,27,0.14568937509060345,0.7683768920450452,-0.8267355830631826,0.7393816707214017
12,11,OMR rightward,41,rMOS4,1113,150,27,0.14958663541113895,0.7628968586740901,-0.7844495263540704,0.7132849153586236
12,11,OMR rightward,42,rMOS5,1530,150,27,0.1607077723704141,0.7270492245306045,-0.6637829581877708,0.5425730099284092
12,11,OMR rightward,43,rIPN,30,150,27,0.16121529839353108,0.7447101648741835,-0.6582761989698168,0.6266771035395522
12,11,OMR rightward,44,rIO,4,150,27,0.38587203862755615,0.2716595895147735,1.7792945241259777,-1.6260619408623336
12,11,OMR rightward,45,rHc,0,150,27,,,,
12,11,OMR rightward,46,rRa,201,150,27,0.22683325618982225,0.6723640517936259,0.053691813505377294,0.28215387042972884
12,11,OMR rightward,47,rT,1437,150,27,0.1455961075679804,0.7716054328205196,-0.8277475544036589,0.7547564746857112
12,11,OMR rightward,48,raRF,208,150,27,0.14682233652585214,0.7675279463669554,-0.814442724090503,0.7353388618226786
12,11,OMR rightward,49,rimRF,436,150,27,0.1539402310965853,0.7575629899574968,-0.7372121393431779,0.6878842183899028
12,11,OMR rightward,50,rpRF,535,150,27,0.18582657697297175,0.7108232329909386,-0.3912388865762255,0.46530236154632426
12,11,OMR rightward,52,rHb,260,150,27,0.16591330070367505,0.7301517519053118,-0.6073019309540248,0.5573477188440862
12,11,OMR rightward,53,rHi,27,150,27,0.18041685014174866,0.7063233329351151,-0.4499355084981795,0.4438731506338164
12,11,OMR rightward,54,rHR,0,150,27,,,,
12,11,OMR rightward,55,rOG,0,150,27,,,,
12,11,OMR rightward,56,rOB,168,150,27,0.4586996195197289,0.26387891677791325,2.5694883942574758,-1.6631146920459068
12,11,OMR rightward,57,rOE,35,150,27,0.49130399045866646,0.0517092568824506,2.923252363070163,-2.673498997193058
12,11,OMR rightward,58,rP,976,150,27,0.36594912193471935,0.5944124783553308,1.5631268792178088,-0.08906342049860168
12,11,OMR rightward,60,rPT,407,150,27,0.14769556237888284,0.7518946224416084,-0.8049680483172291,0.6608905870823849
12,11,OMR rightward,61,rPO,382,150,27,0.17161871639380508,0.7435798304698783,-0.5453970255642954,0.621294278576546
12,11,OMR rightward,62,rPrT,577,150,27,0.14847496381723072,0.7629714791422173,-0.7965113862750556,0.713640269417614
12,11,OMR rightward,64,rSP,658,150,27,0.25126822489821393,0.685980272689137,0.3188161284103816,0.3469963926594366
12,11,OMR rightward,65,rTeO,7358,150,27,0.24961534503123667,0.6338899132775205,0.3008820500989932,0.09893415027801777
12,11,OMR rightward,66,rTh,1297,150,27,0.18292928049301932,0.7342378706004152,-0.422675134909143,0.5768064397589193
12,11,OMR rightward,67,rTL,74,150,27,0.2047395234679886,0.6421163492845411,-0.18602962102867873,0.13810969419361002
12,11,OMR rightward,68,rTS,130,150,27,0.20453259080077324,0.5547793460391807,-0.1882748820020679,-0.27780244603028603
12,11,OMR rightward,69,rTG,2,150,27,0.2754024154776899,-0.0009011440447324945,0.5806769402465319,-2.924037756648654
12,11,OMR rightward,70,rVR,71,150,27,0.27222373309387876,0.5441745311482346,0.5461875983789031,-0.32830419321733467
12,11,OMR rightward,71,rNX,484,150,27,0.18656589591570563,0.7223281826760518,-0.38321712765654675,0.5200906880161571
12,12,OMR leftward,0,MON,863,150,27,0.28168789522874393,0.45389369113941025,0.8268059531714295,-0.9392101270767581
12,12,OMR leftward,1,Cb,1625,150,27,0.14656704651647312,0.7772450303597599,-0.7502612133169501,0.6933600259759288
12,12,OMR leftward,2,MOS1,1419,150,27,0.1487624935468137,0.7730488847613157,-0.7246369853735082,0.6721740860061085
12,12,OMR leftward,3,MOS2,558,150,27,0.1482079081704547,0.7672555597203509,-0.7311098457529809,0.6429241389620768
12,12,OMR leftward,4,MOS3,1297,150,27,0.14887009212645222,0.776726086708497,-0.7233811452220743,0.6907399288450161
12,12,OMR leftward,5,MOS4,882,150,27,0.14813897377585036,0.7757647973211242,-0.7319144156724887,0.6858864701704518
12,12,OMR leftward,6,MOS5,1182,150,27,0.16344542817376218,0.7599661719639133,-0.5532646595737749,0.6061207135800092
12,12,OMR leftward,7,IPN,24,150,27,0.20344763838001995,0.6185778219269651,-0.08637762545224938,-0.10773561624452678
12,12,OMR leftward,8,IO,1,150,27,0.20675144134091392,0.6579284418324872,-0.047817186971967664,0.09094192044598266
12,12,OMR leftward,9,Hc,0,150,27,,,,
12,12,OMR leftward,10,Ra,254,150,27,0.1757727996006043,0.6981716209101577,-0.40938536254702235,0.29412590349232376
12,12,OMR leftward,11,T,1266,150,27,0.14480400025657233,0.7756261618083202,-0.770838662289391,0.6851865126539537
12,12,OMR leftward,12,aRF,264,150,27,0.1490853346800813,0.776186964837478,-0.7208689350976221,0.6880179538020003
12,12,OMR leftward,13,imRF,382,150,27,0.14301753703607253,0.7765431539818902,-0.7916894230420022,0.6898163189097833
12,12,OMR leftward,14,pRF,485,150,27,0.15179553000519627,0.767029969678629,-0.6892368065050124,0.6417851563005885
12,12,OMR leftward,16,Hb,309,150,27,0.19174576598702867,0.7102819787547809,-0.22295639115199012,0.3552699482567287
12,12,OMR leftward,17,Hi,35,150,27,0.16621107017532846,0.7296726777524193,-0.5209853833814008,0.4531717429630756
12,12,OMR leftward,18,HR,0,150,27,,,,
12,12,OMR leftward,19,OG,4,150,27,0.21186482582353855,0.2588010976354954,0.011863838229039261,-1.9242140735706572
12,12,OMR leftward,20,OB,223,150,27,0.49326870371185866,0.28422402485334247,3.296277905855248,-1.7958561323938487
12,12,OMR leftward,21,OE,24,150,27,0.33601827212542557,0.36804290731177824,1.460924628144748,-1.372662568099924
12,12,OMR leftward,22,P,933,150,27,0.16189820334835706,0.7416859748878722,-0.5713231419958184,0.5138257374397422
12,12,OMR leftward,24,PT,379,150,27,0.19527686796839835,0.7443188968963647,-0.18174302512141932,0.5271191102049345
12,12,OMR leftward,25,PO,425,150,27,0.16423330340946793,0.7583028132580206,-0.5440689493827687,0.5977225737003098
12,12,OMR leftward,26,PrT,407,150,27,0.14936145280495985,0.7778049133108769,-0.7176462138597947,0.6961868217374697
12,12,OMR leftward,28,SP,679,150,27,0.1888147061935883,0.7218199104114437,-0.2571663462203763,0.4135238676499404
12,12,OMR leftward,29,TeO,6182,150,27,0.2921858640677451,0.46814531192936454,0.9493333212910716,-0.8672550493881847
12,12,OMR leftward,30,Th,1186,150,27,0.19428975068471743,0.7495071789010662,-0.1932641950400701,0.5533142525133573
12,12,OMR leftward,31,TL,101,150,27,0.26634433967585347,0.5910609879744897,0.6477231697944441,-0.24666549334240692
12,12,OMR leftward,32,TS,404,150,27,0.33800947932364456,0.44767472543584197,1.4841650645682452,-0.9706090933373714
12,12,OMR leftward,33,TG,6,150,27,0.2126082857474536,0.3420476852435039,0.02054115373423641,-1.5039099715372142
12,12,OMR leftward,34,VR,92,150,27,0.17278125138181685,0.7292806777935745,-0.44430131014340557,0.45119257245971267
12,12,OMR leftward,35,NX,381,150,27,0.15732404085723045,0.7409068696393588,-0.6247106210391123,0.5098921091520828
12,12,OMR leftward,36,rMON,1120,150,27,0.2985996091428062,0.5103326453759854,1.0241915453808588,-0.6542552158699441
12,12,OMR leftward,37,rCb,1685,150,27,0.15267537472860496,0.7708691307329105,-0.6789676715926747,0.661168715264948
12,12,OMR leftward,38,rMOS1,1483,150,27,0.13853320215261145,0.7763260439354662,-0.8440284763830928,0.6887201509378976
12,12,OMR leftward,39,rMOS2,554,150,27,0.14500999169867404,0.7709472074254834,-0.7684344267993671,0.6615629170587333
12,12,OMR leftward,40,rMOS3,1496,150,27,0.2274456969194971,0.6641317378211812,0.19371645730966935,0.12226177180677104
12,12,OMR leftward,41,rMOS4,1113,150,27,0.13587320743384465,0.7741610468206717,-0.8750746870454644,0.6777892864498116
12,12,OMR leftward,42,rMOS5,1530,150,27,0.1745099175002074,0.7474494914521058,-0.4241251300563495,0.5429251843202775
12,12,OMR leftward,43,rIPN,30,150,27,0.1641101327943567,0.7392476164219974,-0.545506539028033,0.5015146974934447
12,12,OMR leftward,44,rIO,4,150,27,0.16491194848882582,0.7014396087510709,-0.5361481223412418,0.3106256632350174
12,12,OMR leftward,45,rHc,0,150,27,,,,
12,12,OMR leftward,46,rRa,201,150,27,0.3948945415202843,0.4685035816069092,2.1481008280639555,-0.8654461798665259
12,12,OMR leftward,47,rT,1437,150,27,0.13597768802754634,0.7809503676528616,-0.8738552385633651,0.7120679215000252
12,12,OMR leftward,48,raRF,208,150,27,0.14077720483707737,0.7507072735024173,-0.8178375296201776,0.5593734159970448
12,12,OMR leftward,49,rimRF,436,150,27,0.1335056002075156,0.7801463435837791,-0.9027082880431548,0.7080084804577056
12,12,OMR leftward,50,rpRF,535,150,27,0.14811314603050868,0.7599364372668075,-0.7322158650013745,0.6059705859228238
12,12,OMR leftward,52,rHb,260,150,27,0.23910781358902883,0.6642959914231175,0.32983121285297934,0.12309107261838709
12,12,OMR leftward,53,rHi,27,150,27,0.1763532902569717,0.7036095699920596,-0.4026101478904024,0.3215815911240469
12,12,OMR leftward,54,rHR,0,150,27,,,,
12,12,OMR leftward,55,rOG,0,150,27,,,,
12,12,OMR leftward,56,rOB,168,150,27,0.5324400337926521,-0.09724330330058271,3.753467296884346,-3.7218483853112287
12,12,OMR leftward,57,rOE,35,150,27,0.35264839808930015,0.18260929384809815,1.6550236578810138,-2.308899243177412
12,12,OMR leftward,58,rP,976,150,27,0.27029955589822535,0.6413017400782388,0.6938865983112932,0.006995284897344681
12,12,OMR leftward,60,rPT,407,150,27,0.1945973341314513,0.7300466470538904,-0.189674225324647,0.4550598783925186
12,12,OMR leftward,61,rPO,382,150,27,0.1735527974353887,0.763696739409349,-0.43529618650691265,0.6249559937432316
12,12,OMR leftward,62,rPrT,577,150,27,0.19433223968448832,0.732973112887234,-0.19276828336460186,0.46983532600614164
12,12,OMR leftward,64,rSP,658,150,27,0.16574396724064686,0.747223802108049,-0.5264371897360617,0.5417857002907458
12,12,OMR leftward,65,rTeO,7358,150,27,0.3482163050719608,0.535645629395665,1.6032943470967664,-0.5264523674423793
12,12,OMR leftward,66,rTh,1297,150,27,0.24030067047285006,0.6703118362811789,0.34375367888040936,0.15346450105182782
12,12,OMR leftward,67,rTL,74,150,27,0.2687596353434255,0.5958902124982094,0.675913367909619,-0.22228319810025784
12,12,OMR leftward,68,rTS,130,150,27,0.3329668773548174,0.43601378566543436,1.4253101796670908,-1.0294840689957818
12,12,OMR leftward,69,rTG,2,150,27,0.25618533084583656,-0.05751238735387236,0.5291519839073454,-3.5212507700842735
12,12,OMR leftward,70,rVR,71,150,27,0.15823272996484214,0.7285272628695372,-0.6141048280040818,0.44738865217655077
12,12,OMR leftward,71,rNX,484,150,27,0.15048475911727793,0.7448088620923741,-0.704535509479612,0.5295928978718366
13,10,OMR forward,0,MON,1012,50,7,0.2456096481578048,0.08249859050408491,0.7509442082542077,-1.3730128324614992
13,10,OMR forward,1,Cb,1875,50,7,0.22036743747177853,0.1706043106613658,0.24052842276899655,-0.7080462859412547
13,10,OMR forward,2,MOS1,1217,50,7,0.14152823289202568,0.44002170493608134,-1.3536574048170364,1.3253467096954286
13,10,OMR forward,3,MOS2,627,50,7,0.20810540424243296,0.2782309389328893,-0.0074187717240328304,0.10425179399696195
13,10,OMR forward,4,MOS3,1262,50,7,0.12024019279129847,0.45881506636399527,-1.784116996673168,1.4671871784404533
13,10,OMR forward,5,MOS4,967,50,7,0.21093770669009299,0.3025051932701399,0.04985243548264704,0.28745859427259307
13,10,OMR forward,6,MOS5,1257,50,7,0.21847376461386991,0.20789184765151153,0.2022369858087415,-0.4266234151410316
13,10,OMR forward,7,IPN,112,50,7,0.2618985239533256,0.22128983834270263,1.0803170764730892,-0.3255038103715847
13,10,OMR forward,8,IO,13,50,7,0.1295086175308556,0.4394899264135762,-1.5967027344084728,1.3213331799610069
13,10,OMR forward,9,Hc,71,50,7,0.217025894495452,0.30164526624640553,0.17296000317972204,0.2809684060962601
13,10,OMR forward,10,Ra,382,50,7,0.1893636840120018,0.3318259134500031,-0.38638993125306853,0.5087529438867238
13,10,OMR forward,11,T,1384,50,7,0.1689402788793613,0.41944399455850745,-0.7993659777144112,1.170039097651146
13,10,OMR forward,12,aRF,603,50,7,0.14878407579018363,0.40692987007147624,-1.2069390052962377,1.0755903589312241
13,10,OMR forward,13,imRF,814,50,7,0.20963279433064097,0.3250111987033856,0.023466162298271198,0.4573197642646811
13,10,OMR forward,14,pRF,953,50,7,0.17961067752379717,0.41037055074448175,-0.5836027875055965,1.1015584520439432
13,10,OMR forward,16,Hb,556,50,7,0.20602404287820855,0.3719970328061825,-0.04950540624322242,0.8119392802613172
13,10,OMR forward,17,Hi,480,50,7,0.1339136245157372,0.4253112205241388,-1.5076303021947262,1.2143212280401268
13,10,OMR forward,18,HR,382,50,7,0.1866823058319717,0.3170895479863597,-0.4406093404389926,0.39753212833551704
13,10,OMR forward,19,OG,66,50,7,0.15646493415175197,-0.0729450750723593,-1.051626485224814,-2.54620382723795
13,10,OMR forward,20,OB,254,50,7,0.2910973802093233,0.1004371534230073,1.6707391015703301,-1.2376238450899888
13,10,OMR forward,21,OE,53,50,7,0.30996176337977743,0.09969183687207,2.0521905946034518,-1.2432490255215933
13,10,OMR forward,22,P,1563,50,7,0.2898150231066522,0.29471224154859677,1.6448089120170533,0.22864229739399242
13,10,OMR forward,24,PT,420,50,7,0.22229294124378138,0.323200161906168,0.279463503870496,0.4436511978819645
13,10,OMR forward,25,PO,557,50,7,0.2871076451562078,0.1598733610122258,1.590063768639163,-0.78903674281889
13,10,OMR forward,26,PrT,541,50,7,0.19116182515551988,0.3920962798262791,-0.35003021476079865,0.963635751895077
13,10,OMR forward,28,SP,988,50,7,0.28789820755563905,0.2243579931369663,1.606049513037698,-0.3023473082274677
13,10,OMR forward,29,TeO,7514,50,7,0.2295620634618241,0.17980161260299032,0.4264504208588811,-0.6386308371087808
13,10,OMR forward,30,Th,901,50,7,0.20653566462989062,0.3853542975916407,-0.03916004380629905,0.912751511515846
13,10,OMR forward,31,TL,192,50,7,0.22187802635775725,0.2363058745446251,0.2710736243114623,-0.21217221603479866
13,10,OMR forward,32,TS,118,50,7,0.16802633626042965,0.3274181540180558,-0.8178465595276616,0.4754859487118159
13,10,OMR forward,33,TG,2,50,7,0.128996173767028,0.1651780105117161,-1.6070647185264433,-0.7490005856672376
13,10,OMR forward,34,VR,129,50,7,0.2536293903852065,0.18925250052646855,0.9131092055796675,-0.5673014808217377
13,10,OMR forward,35,NX,340,50,7,0.2646692990476984,0.12386084870032077,1.136344156025994,-1.0608365294935391
13,10,OMR forward,36,rMON,1179,50,7,0.2289411475221252,0.014713916103405018,0.4138950507677366,-1.884608910023263
13,10,OMR forward,37,rCb,1969,50,7,0.23723342032338468,0.253484515082897,0.5815708137172777,-0.08251864470872236
13,10,OMR forward,38,rMOS1,1455,50,7,0.1270443784281152,0.4554508211904763,-1.6465314341564274,1.441795972390622
13,10,OMR forward,39,rMOS2,648,50,7,0.22487204569191813,0.2993373250395074,0.33161486411062224,0.26354951784265784
13,10,OMR forward,40,rMOS3,1513,50,7,0.15257057791237177,0.4464244209620508,-1.1303731894500055,1.3736703821713854
13,10,OMR forward,41,rMOS4,1291,50,7,0.15437211033844123,0.3260328151240941,-1.093944898767908,0.46503028228705473
13,10,OMR forward,42,rMOS5,1685,50,7,0.20223345470802165,0.1666552095605763,-0.12615384493991558,-0.737851616584526
13,10,OMR forward,43,rIPN,121,50,7,0.21301107549189557,0.30982982783633656,0.09177745459986912,0.34274032789115755
13,10,OMR forward,44,rIO,36,50,7,0.15765687805087708,0.4079469429521068,-1.0275245161424056,1.0832665851715295
13,10,OMR forward,45,rHc,67,50,7,0.24658949640635353,0.2015334176580369,0.7707574496402392,-0.4746128445050246
13,10,OMR forward,46,rRa,231,50,7,0.17856606136054587,0.3051153075524621,-0.6047256830446796,0.3071580947958347
13,10,OMR forward,47,rT,1382,50,7,0.1910036437209707,0.4169525747138177,-0.3532287579537407,1.1512354280698986
13,10,OMR forward,48,raRF,704,50,7,0.20300045889617724,0.3310463124993195,-0.11064446463890232,0.5028690063748963
13,10,OMR forward,49,rimRF,777,50,7,0.22998175478375613,0.2627641103227432,0.43493688341201453,-0.012482097833776708
13,10,OMR forward,50,rpRF,1043,50,7,0.16826006882702882,0.4144727895621861,-0.8131203177155594,1.1325195698322155
13,10,OMR forward,52,rHb,466,50,7,0.25451019468703123,0.21598494601645699,0.9309197066156766,-0.36554180022681887
13,10,OMR forward,53,rHi,442,50,7,0.1417306866261705,0.43404010662613984,-1.3495636436554934,1.2802013688057265
13,10,OMR forward,54,rHR,315,50,7,0.1409574485292756,0.38378271508045847,-1.365199078107048,0.900890195438219
13,10,OMR forward,55,rOG,23,50,7,0.21892323715331422,0.05917892376702248,0.21132564615343538,-1.5490150060827539
13,10,OMR forward,56,rOB,138,50,7,0.28111730476197605,0.05647474618704876,1.468934746475577,-1.5694244371994008
13,10,OMR forward,57,rOE,55,50,7,0.2643575703779102,-0.008830025867966643,1.1300407765071667,-2.062303772016651
13,10,OMR forward,58,rP,1354,50,7,0.3120819083310411,0.2810818366432362,2.095061461347339,0.12576857635283714
13,10,OMR forward,60,rPT,499,50,7,0.1941145922646402,0.3166663350956235,-0.29032312483499934,0.39433798368868445
13,10,OMR forward,61,rPO,624,50,7,0.29041056619191835,0.18183483373626985,1.656851224611516,-0.623285363138472
13,10,OMR forward,62,rPrT,493,50,7,0.18040242136052642,0.43285855606562884,-0.5675931535890651,1.2712837685141736
13,10,OMR forward,64,rSP,1066,50,7,0.24764485235878203,0.20430528813119386,0.79209751149637,-0.4536925100177035
13,10,OMR forward,65,rTeO,7228,50,7,0.20932089560247036,0.24973569578673288,0.017159344075762223,-0.1108123742923253
13,10,OMR forward,66,rTh,1300,50,7,0.22324987088064688,0.38537468060247904,0.2988133143260902,0.9129053496582579
13,10,OMR forward,67,rTL,126,50,7,0.24272764016724488,0.13049698722915568,0.6926679189634825,-1.010751130817133
13,10,OMR forward,68,rTS,144,50,7,0.16221601289344426,0.27305702112878544,-0.9353355069963032,0.06520231743593029
13,10,OMR forward,69,rTG,2,50,7,0.12332304328043625,-0.014415263581212185,-1.7217795265712401,-2.1044576324815734
13,10,OMR forward,70,rVR,91,50,7,0.23561616607147298,0.13545000548942634,0.5488687612074404,-0.9733688650402416
13,10,OMR forward,71,rNX,449,50,7,0.21538682337931755,0.08317936125895238,0.1398167978712019,-1.3678748030914643
13,11,OMR rightward,0,MON,1012,50,7,0.2259076214376006,-0.08830858704516546,0.48605814860864804,-2.1912004486864505
13,11,OMR rightward,1,Cb,1875,50,7,0.19500844238598555,0.09829959114969763,-0.2681737147991884,-0.9512190430900507
13,11,OMR rightward,2,MOS1,1217,50,7,0.2280351176131153,0.3317973135044106,0.5379891530593187,0.6003358607181525
13,11,OMR rightward,3,MOS2,627,50,7,0.19712173446771158,0.21859979061912355,-0.2165894244184399,-0.15184351799459
13,11,OMR rightward,4,MOS3,1262,50,7,0.2576311903973036,-0.02157533550074332,1.2604129135185969,-1.7477686985320589
13,11,OMR rightward,5,MOS4,967,50,7,0.254813901545786,0.022668427100994513,1.191644451525197,-1.4537759942975856
13,11,OMR rightward,6,MOS5,1257,50,7,0.24138324096106706,0.056270950601382735,0.8638094581524114,-1.2304926166629369
13,11,OMR rightward,7,IPN,112,50,7,0.17965425355924197,0.30994168799943633,-0.642960968226405,0.45510873564785076
13,11,OMR rightward,8,IO,13,50,7,0.2782755100151977,0.03356179646278775,1.7643293324040807,-1.3813913025676656
13,11,OMR rightward,9,Hc,71,50,7,0.1981552687860092,0.18546670240657578,-0.19136142358762778,-0.37200757345545316
13,11,OMR rightward,10,Ra,382,50,7,0.22094457743156465,0.31379939415047764,0.3649129905902206,0.4807425741099089
13,11,OMR rightward,11,T,1384,50,7,0.2005740247528987,0.38727739771922776,-0.1323209287903868,0.9689921193707507
13,11,OMR rightward,12,aRF,603,50,7,0.23623594965515926,0.13077966756747458,0.7381669254924741,-0.7353941462394035
13,11,OMR rightward,13,imRF,814,50,7,0.2119688595345596,0.25412619421333543,0.14582068320002345,0.08422373420555225
13,11,OMR rightward,14,pRF,953,50,7,0.22697153092165745,0.14852971455956548,0.51202759042835,-0.6174479317081644
13,11,OMR rightward,16,Hb,556,50,7,0.20797237901871235,0.37182647540532165,0.04826880515480294,0.8663232194656689
13,11,OMR rightward,17,Hi,480,50,7,0.13982475437351752,0.4203544244130756,-1.6151770047518055,1.18878365503409
13,11,OMR rightward,18,HR,382,50,7,0.17756056054314157,0.37347829763882634,-0.6940668562598558,0.8772993131969826
13,11,OMR rightward,19,OG,66,50,7,0.16119286322621357,0.11908282460957625,-1.0935932911344028,-0.813117791110046
13,11,OMR rightward,20,OB,254,50,7,0.24006193165781342,-0.042253176370797396,0.8315570291714863,-1.8851696336613541
13,11,OMR rightward,21,OE,53,50,7,0.25755981236805,0.1344730562508446,1.2586706153196576,-0.7108521709877257
13,11,OMR rightward,22,P,1563,50,7,0.2589892924800313,0.10916156130487852,1.2935634338881739,-0.8790429940505338
13,11,OMR rightward,24,PT,420,50,7,0.166860137214499,0.37825946890485607,-0.9552582689162685,0.9090694291918874
13,11,OMR rightward,25,PO,557,50,7,0.22149306540018843,0.19908064868232334,0.37830127841304123,-0.28154508460843425
13,11,OMR rightward,26,PrT,541,50,7,0.18116120022089763,0.39897935278991414,-0.6061772340444007,1.0467497334107072
13,11,OMR rightward,28,SP,988,50,7,0.26957080517057336,0.16735271890456832,1.5518523036646048,-0.49237208770688434
13,11,OMR rightward,29,TeO,7514,50,7,0.2124737449477839,0.3117846699872199,0.15814465677186157,0.4673550552776064
13,11,OMR rightward,30,Th,901,50,7,0.15417281652922518,0.39884683246508673,-1.2649487466510383,1.0458691571131455
13,11,OMR rightward,31,TL,192,50,7,0.22802563095104023,0.12142972382545156,0.5377575888872596,-0.7975230223456496
13,11,OMR rightward,32,TS,118,50,7,0.16973237402212846,0.39151754366928515,-0.8851485577181739,0.9971672089404895
13,11,OMR rightward,33,TG,2,50,7,0.13324733157284502,-0.125644287156631,-1.7757282558735763,-2.43929018596901
13,11,OMR rightward,34,VR,129,50,7,0.23748650193691762,0.2356297213643198,0.7686922147302224,-0.03868236039201769
13,11,OMR rightward,35,NX,340,50,7,0.23979743974034368,0.19982513597993753,0.8251009278156449,-0.27659808595770885
13,11,OMR rightward,36,rMON,1179,50,7,0.20225703210783175,0.04497223828748992,-0.09123965050400158,-1.3055707472783067
13,11,OMR rightward,37,rCb,1969,50,7,0.20848418665699595,0.3468274684058871,0.060761746410108675,0.7002088286735163
13,11,OMR rightward,38,rMOS1,1455,50,7,0.13022162949246432,0.42858765318308584,-1.8495839694635856,1.24349213931163
13,11,OMR rightward,39,rMOS2,648,50,7,0.16818757644114976,0.43059752884335784,-0.9228562118970502,1.2568474406194623
13,11,OMR rightward,40,rMOS3,1513,50,7,0.13112060445922208,0.4269231951271467,-1.8276404879490094,1.2324320825674693
13,11,OMR rightward,41,rMOS4,1291,50,7,0.17321461038426422,0.4265280809292169,-0.8001490949216726,1.2298066121124258
13,11,OMR rightward,42,rMOS5,1685,50,7,0.2379909143048363,0.2970658342170094,0.7810046415278975,0.3695507530029777
13,11,OMR rightward,43,rIPN,121,50,7,0.20195207915422012,0.3282977628939089,-0.09868338336402403,0.5770819083622469
13,11,OMR rightward,44,rIO,36,50,7,0.1760621337253871,0.2223512604840391,-0.730642625766462,-0.12691560260980445
13,11,OMR rightward,45,rHc,67,50,7,0.18499425910330997,0.26800476127444045,-0.5126143876462953,0.1764445857167998
13,11,OMR rightward,46,rRa,231,50,7,0.19710936078150557,0.31313123500493123,-0.2168914592520774,0.4763027637839565
13,11,OMR rightward,47,rT,1382,50,7,0.19760304820681782,0.3737729894225526,-0.20484082236906243,0.8792574928209272
13,11,OMR rightward,48,raRF,704,50,7,0.15952294356383234,0.4385217911512816,-1.134355106087326,1.3095028923255139
13,11,OMR rightward,49,rimRF,777,50,7,0.20662913391805895,0.37708206227755325,0.01548093549694214,0.9012457510508527
13,11,OMR rightward,50,rpRF,1043,50,7,0.1568176071611845,0.43302270481404226,-1.2003908707497364,1.2729623458612234
13,11,OMR rightward,52,rHb,466,50,7,0.1895886718569383,0.29957571310739556,-0.4004673145268004,0.3862284955568324
13,11,OMR rightward,53,rHi,442,50,7,0.1506704281370418,0.44162563292394386,-1.3504401093504101,1.3301274229395774
13,11,OMR rightward,54,rHR,315,50,7,0.17862462624665645,0.3871437840798324,-0.668093601209623,0.968104278173291
13,11,OMR rightward,55,rOG,23,50,7,0.18180057424888768,0.14172421649946282,-0.5905704678018424,-0.6626693744765391
13,11,OMR rightward,56,rOB,138,50,7,0.23641480170112145,0.10307714297780596,0.7425326049713699,-0.9194729776794487
13,11,OMR rightward,57,rOE,55,50,7,0.32773708805355584,-0.011318592356209701,2.9716590840666286,-1.6796142858786152
13,11,OMR rightward,58,rP,1354,50,7,0.22086613190711427,0.1375544562697053,0.36299817874413937,-0.6903767622272278
13,11,OMR rightward,60,rPT,499,50,7,0.24319504484101034,0.32852884439871577,0.9080345883481519,0.578617407888096
13,11,OMR rightward,61,rPO,624,50,7,0.20500087050552127,0.2950041719579917,-0.024264073446682664,0.3558513380548704
13,11,OMR rightward,62,rPrT,493,50,7,0.14328027384832712,0.4364600244753202,-1.5308296863918542,1.2958027835435675
13,11,OMR rightward,64,rSP,1066,50,7,0.2473610585949223,0.17253895846948786,1.009724678927806,-0.45791035785304446
13,11,OMR rightward,65,rTeO,7228,50,7,0.24022146182417156,0.26990274200518627,0.8354510722604975,0.18905636316980892
13,11,OMR rightward,66,rTh,1300,50,7,0.18491704978344314,0.39277595670821863,-0.5144990244225128,1.0055291616905353
13,11,OMR rightward,67,rTL,126,50,7,0.2625365626701858,0.2392591891070056,1.380150336441868,-0.014565129536021815
13,11,OMR rightward,68,rTS,144,50,7,0.15721679375223094,0.3211233034151602,-1.1906469469416172,0.529408776161345
13,11,OMR rightward,69,rTG,2,50,7,0.1636360606337287,-0.03847924414197697,-1.0339561942955138,-1.860092459472173
13,11,OMR rightward,70,rVR,91,50,7,0.2560678532825475,0.1835187510680128,1.2222527195785742,-0.3849513975803661
13,11,OMR rightward,71,rNX,449,50,7,0.2644980466870665,0.1356536019143938,1.4280290759587118,-0.7030076344544456
13,12,OMR leftward,0,MON,1012,50,7,0.21315311201573098,0.1523676022462097,0.2876791538738054,-0.21459265372354744
13,12,OMR leftward,1,Cb,1875,50,7,0.17314236141668754,0.3352359337413619,-1.0023617958808992,1.1980636288786837
13,12,OMR leftward,2,MOS1,1217,50,7,0.14601564463360983,0.3481612604229721,-1.8769911132175523,1.2979116659454348
13,12,OMR leftward,3,MOS2,627,50,7,0.21008751923959382,0.1811904079211046,0.18883721371326034,0.008063271367248891
13,12,OMR leftward,4,MOS3,1262,50,7,0.13987404096295947,0.31934167150672277,-2.075010898242335,1.0752805902874143
13,12,OMR leftward,5,MOS4,967,50,7,0.188349117568782,0.2772607116158167,-0.5120601180712071,0.7502055382990013
13,12,OMR leftward,6,MOS5,1257,50,7,0.20678101374320168,0.27125564284959186,0.08222767934884274,0.7038164339051064
13,12,OMR leftward,7,IPN,112,50,7,0.21208049952326316,0.06639100610790992,0.2530955977598887,-0.8787611168931461
13,12,OMR leftward,8,IO,13,50,7,0.2502329992922349,0.032320036085903094,1.4832221587611503,-1.1419590662724575
13,12,OMR leftward,9,Hc,71,50,7,0.21010022778250537,0.1662505149576117,0.18924696710509012,-0.10734727284085316
13,12,OMR leftward,10,Ra,382,50,7,0.1944084675353266,0.08382720016934007,-0.31669238643149633,-0.7440666682471595
13,12,OMR leftward,11,T,1384,50,7,0.1772544061144837,0.3404406686365823,-0.8697797780992687,1.2382701610261435
13,12,OMR leftward,12,aRF,603,50,7,0.17824427285661204,0.31043584353394665,-0.837864140101306,1.0064831460571628
13,12,OMR leftward,13,imRF,814,50,7,0.2276089682698923,0.2805951485594427,0.7537700482566166,0.7759640349115164
13,12,OMR leftward,14,pRF,953,50,7,0.19782734706090746,0.22092711780765478,-0.20645964837377284,0.3150290123034558
13,12,OMR leftward,16,Hb,556,50,7,0.1792141930299008,0.3310854660449667,-0.8065916265192792,1.1660013017435684
13,12,OMR leftward,17,Hi,480,50,7,0.1515296955868605,0.3493869970115372,-1.6992051076509038,1.3073804705136978
13,12,OMR leftward,18,HR,382,50,7,0.13077375784574802,0.2511456574153206,-2.3684254855668936,0.5484669699793868
13,12,OMR leftward,19,OG,66,50,7,0.20705815102774683,-0.04809500344641105,0.09116323892756281,-1.7631645526583921
13,12,OMR leftward,20,OB,254,50,7,0.23209696320720652,0.02393136839032722,0.8984735882988162,-1.206761451824555
13,12,OMR leftward,21,OE,53,50,7,0.23682236804828247,0.0498912561617935,1.050831783481059,-1.0062215428300727
13,12,OMR leftward,22,P,1563,50,7,0.26156669874627475,0.20314518255888442,1.8486473554649951,0.17766371596909603
13,12,OMR leftward,24,PT,420,50,7,0.1389158062957767,0.28745305623609296,-2.105906643551594,0.8289413125282421
13,12,OMR leftward,25,PO,557,50,7,0.24205089545395606,0.2850957014523468,1.2194118365729625,0.8107307671683436
13,12,OMR leftward,26,PrT,541,50,7,0.16236378232428278,0.34998108002048584,-1.3498886030811736,1.3119697566307464
13,12,OMR leftward,28,SP,988,50,7,0.25997530069158803,0.13769411981117927,1.7973369294627664,-0.3279451788984641
13,12,OMR leftward,29,TeO,7514,50,7,0.2054563584936474,0.21104316448343638,0.03951767039756339,0.23867555817477046
13,12,OMR leftward,30,Th,901,50,7,0.19479345675531093,0.36163429121801877,-0.30427942612562814,1.4019907125616642
13,12,OMR leftward,31,TL,192,50,7,0.21493871787722746,-0.11156543686859854,0.34525129753430345,-2.2534731030796373
13,12,OMR leftward,32,TS,118,50,7,0.14791526400044286,0.3593094441048572,-1.8157429052866496,1.3840312886764827
13,12,OMR leftward,33,TG,2,50,7,0.13253653111065597,0.05063345141395004,-2.311589518662578,-1.0004880909124874
13,12,OMR leftward,34,VR,129,50,7,0.18066335171966885,0.1782048456448741,-0.7598673330605517,-0.015000171450509043
13,12,OMR leftward,35,NX,340,50,7,0.1980364571249864,-0.010582328926691623,-0.19971744679972578,-1.473379465736991
13,12,OMR leftward,36,rMON,1179,50,7,0.21208442265152805,0.15533206407684025,0.2532220886663844,-0.19169221166594735
13,12,OMR leftward,37,rCb,1969,50,7,0.25318687853481525,0.06665678470162924,1.578462191165095,-0.8767079795503977
13,12,OMR leftward,38,rMOS1,1455,50,7,0.24502401271646657,0.06563253350487262,1.3152721481051552,-0.8846203112058075
13,12,OMR leftward,39,rMOS2,648,50,7,0.21297789644650536,0.18752015112004247,0.2820297907413619,0.05696048295183298
13,12,OMR leftward,40,rMOS3,1513,50,7,0.24797221555292787,0.032626138465616544,1.410329159790134,-1.1395944280309085
13,12,OMR leftward,41,rMOS4,1291,50,7,0.19687060618195606,0.13607913964358306,-0.23730723042790997,-0.34042088675547627
13,12,OMR leftward,42,rMOS5,1685,50,7,0.21767958397827591,0.2447823830273474,0.4336232839431652,0.4993107302488871
13,12,OMR leftward,43,rIPN,121,50,7,0.21457574673471408,0.0720107000854637,0.3335482519675276,-0.8353490294158579
13,12,OMR leftward,44,rIO,36,50,7,0.20400636441435618,-0.044964003482163166,-0.007233557989345892,-1.7389776049558625
13,12,OMR leftward,45,rHc,67,50,7,0.20047874104374727,0.20293628504109257,-0.12097245404259843,0.17604998444698994
13,12,OMR leftward,46,rRa,231,50,7,0.2147596001635283,-0.042564767002494903,0.3394761200622797,-1.7204435238564146
13,12,OMR leftward,47,rT,1382,50,7,0.23816614059679161,0.29584707574353314,1.094158179231667,0.893785040780804
13,12,OMR leftward,48,raRF,704,50,7,0.221840502960553,0.2351351132550486,0.5677811239082428,0.42478565451614453
13,12,OMR leftward,49,rimRF,777,50,7,0.21601059739553702,0.2627241746270689,0.3798112208329116,0.6379109155147454
13,12,OMR leftward,50,rpRF,1043,50,7,0.2126105302741199,0.2020317126109772,0.2701850390474709,0.16906217023102696
13,12,OMR leftward,52,rHb,466,50,7,0.20776572078271216,0.2369445689404413,0.11397695636717022,0.43876368406976407
13,12,OMR leftward,53,rHi,442,50,7,0.19502287729091317,0.2949217003462028,-0.29688236705499377,0.88663652382264
13,12,OMR leftward,54,rHR,315,50,7,0.1914841278038225,0.2696153292970329,-0.4109799953404162,0.6911450258678903
13,12,OMR leftward,55,rOG,23,50,7,0.21967877238738223,-0.00920264327807666,0.4980818325934314,-1.4627214060084603
13,12,OMR leftward,56,rOB,138,50,7,0.24783284767137317,0.17667740116503133,1.4058356106416106,-0.026799666875080036
13,12,OMR leftward,57,rOE,55,50,7,0.23535532150302052,0.06665390235536037,1.0035307433793688,-0.8767302456504493
13,12,OMR leftward,58,rP,1354,50,7,0.22902150313754746,0.32082872446536564,0.7993135033267913,1.0867680615593045
13,12,OMR leftward,60,rPT,499,50,7,0.17997279254250462,0.2164353350797249,-0.7821325893587445,0.2803300294953661
13,12,OMR leftward,61,rPO,624,50,7,0.23253533353938605,0.2957579028652633,0.912607681541313,0.8930961810657532
13,12,OMR leftward,62,rPrT,493,50,7,0.2071910505941839,0.26371297431741475,0.09544823434358439,0.6455493845890874
13,12,OMR leftward,64,rSP,1066,50,7,0.23651515266017925,0.29026661966059536,1.0409264349156309,0.850676065700792
13,12,OMR leftward,65,rTeO,7228,50,7,0.21860343360622675,0.1311953345149357,0.46341037450328876,-0.37814823922586066
13,12,OMR leftward,66,rTh,1300,50,7,0.1892257796365989,0.3223918228021489,-0.4837944657240736,1.0988429827210395
13,12,OMR leftward,67,rTL,126,50,7,0.21352629612099022,-0.16802036805202805,0.29971148944297377,-2.689586959251954
13,12,OMR leftward,68,rTS,144,50,7,0.19646677310245392,0.2578445354005827,-0.2503277612008511,0.6002157446026036
13,12,OMR leftward,69,rTG,2,50,7,0.16671248718102816,0.03125390536066626,-1.2096761037002493,-1.1501949169239465
13,12,OMR leftward,70,rVR,91,50,7,0.2055131974125487,0.12366855701532932,0.041350291176344936,-0.43629253045241423
13,12,OMR leftward,71,rNX,449,50,7,0.19669206655284824,0.051552593799214765,-0.24306376908951208,-0.993387723918738
14,10,OMR forward,0,MON,1151,25,2,0.15165397667911698,0.10058461439078456,1.5796700008561608,-2.12769734213983
14,10,OMR forward,1,Cb,1873,25,2,0.06570439290820962,0.728842881202027,-0.25764578493378615,0.8485780856451967
14,10,OMR forward,2,MOS1,1898,25,2,0.04135309577729331,0.6828247541859204,-0.7781953985578388,0.6305743952745321
14,10,OMR forward,3,MOS2,1068,25,2,0.044313091345591235,0.6421404310254301,-0.7149205536441291,0.4378387677224749
14,10,OMR forward,4,MOS3,1413,25,2,0.04477972552466487,0.7148618681133204,-0.7049454693471958,0.7823452194663578
14,10,OMR forward,5,MOS4,1173,25,2,0.0602791798404054,0.7076093436496468,-0.37361876785501996,0.7479875174018867
14,10,OMR forward,6,MOS5,1380,25,2,0.07748386922108634,0.633702492805277,-0.005839821153041696,0.3978653531054653
14,10,OMR forward,7,IPN,141,25,2,0.10979604985781341,0.5853039514510329,0.6848869625320931,0.16858482154255508
14,10,OMR forward,8,IO,3,25,2,0.032994110169860154,0.5767091342835451,-0.9568826653939859,0.12786821741136847
14,10,OMR forward,9,Hc,34,25,2,0.05208843579546586,0.6449352655035722,-0.5487095905313046,0.45107885961054534
14,10,OMR forward,10,Ra,636,25,2,0.06860601573210741,0.6839195837071742,-0.19561875484407973,0.6357609791586729
14,10,OMR forward,11,T,1553,25,2,0.035463098079471025,0.6717279283294076,-0.9041039285784152,0.5780049157024132
14,10,OMR forward,12,aRF,405,25,2,0.03053318816827534,0.654686683158445,-1.0094889799651106,0.49727467793152735
14,10,OMR forward,13,imRF,606,25,2,0.04591749262153642,0.7123652519496779,-0.680623798945552,0.7705178902723074
14,10,OMR forward,14,pRF,745,25,2,0.042908159416323394,0.677381209373888,-0.7449533181829827,0.6047864518124745
14,10,OMR forward,16,Hb,532,25,2,0.09719902641196447,0.7047205099405767,0.41560456446120836,0.7343021188365771
14,10,OMR forward,17,Hi,284,25,2,0.0420261444081687,0.7235235554096319,-0.7638078608891545,0.8233786103901494
14,10,OMR forward,18,HR,243,25,2,0.04365214265879799,0.7228433218168846,-0.7290494348156679,0.8201561099724097
14,10,OMR forward,19,OG,19,25,2,0.08698102538492111,-0.021767515012463576,0.19717774070549796,-2.7073214482074546
14,10,OMR forward,20,OB,192,25,2,0.17544175193204273,0.18958102798569001,2.0881733939327147,-1.706090730757044
14,10,OMR forward,21,OE,47,25,2,0.14282208561382304,0.3417764362191057,1.3908735906734933,-0.9850887516729858
14,10,OMR forward,22,P,1221,25,2,0.17404743613967766,0.4787275470953804,2.05836756703637,-0.3363042507101323
14,10,OMR forward,24,PT,437,25,2,0.050602788115584996,0.7196357234707274,-0.5804677889379763,0.8049606137184147
14,10,OMR forward,25,PO,631,25,2,0.1409410264854192,0.5850465577290623,1.3506628126919196,0.1673654589803157
14,10,OMR forward,26,PrT,652,25,2,0.04552995197146727,0.7088231398473076,-0.6889081270687134,0.7537376873372108
14,10,OMR forward,28,SP,1001,25,2,0.14293244683522396,0.3784756803854021,1.393232745951772,-0.8112318135306219
14,10,OMR forward,29,TeO,7219,25,2,0.11603685210579974,0.6108111317121595,0.8182945252351466,0.28942110473002847
14,10,OMR forward,30,Th,1209,25,2,0.06681974174765683,0.6512315733877003,-0.233803342196181,0.4809066349558875
14,10,OMR forward,31,TL,109,25,2,0.08393927001141285,0.4620655257998743,0.1321551435146341,-0.4152379745921055
14,10,OMR forward,32,TS,251,25,2,0.05098548699906374,0.5039048840284699,-0.5722869616556262,-0.21703054877962913
14,10,OMR forward,33,TG,1,25,2,0.031139512966045627,-0.060344959725547064,-0.996527775577797,-2.8900760681331836
14,10,OMR forward,34,VR,89,25,2,0.04555416359098895,0.3810283224214588,-0.6883905632970808,-0.7991390705152255
14,10,OMR forward,35,NX,653,25,2,0.03633382215073477,0.5450774790240511,-0.8854907484906057,-0.02198180965924104
14,10,OMR forward,36,rMON,1275,25,2,0.11263378823465478,0.06861997112014885,0.7455483559555873,-2.279124847912532
14,10,OMR forward,37,rCb,1784,25,2,0.06899775691729435,0.7175908084911523,-0.18724463327292157,0.7952731483444854
14,10,OMR forward,38,rMOS1,1923,25,2,0.04114040689735681,0.7035890089184357,-0.7827419783017373,0.7289418094437464
14,10,OMR forward,39,rMOS2,913,25,2,0.034847726959029275,0.6561728836592456,-0.9172585132093366,0.5043153207132699
14,10,OMR forward,40,rMOS3,1490,25,2,0.05681844940242284,0.7149393564959906,-0.44759765623471404,0.7827123085783732
14,10,OMR forward,41,rMOS4,1294,25,2,0.07065162656370341,0.7095845524705823,-0.15189040960284994,0.7573447607348436
14,10,OMR forward,42,rMOS5,1831,25,2,0.08010775690943539,0.6220075399189959,0.050250156929847016,0.342462340135642
14,10,OMR forward,43,rIPN,134,25,2,0.08307121571065447,0.6385731736868425,0.11359903422669035,0.4209394431575762
14,10,OMR forward,44,rIO,12,25,2,0.05106329381491676,0.6380176590920618,-0.5706237111227341,0.41830777951610326
14,10,OMR forward,45,rHc,13,25,2,0.04999282869135809,0.6749490039567707,-0.5935066895312655,0.5932642584714568
14,10,OMR forward,46,rRa,379,25,2,0.0811869476041047,0.6031593307389252,0.07331965898210367,0.25317189255407313
14,10,OMR forward,47,rT,1615,25,2,0.04240648812844165,0.690752450988973,-0.755677379150625,0.6681306208592953
14,10,OMR forward,48,raRF,457,25,2,0.03644174074613182,0.7161425367728905,-0.8831838084194148,0.7884121872469156
14,10,OMR forward,49,rimRF,664,25,2,0.055277749659196955,0.7212330215858465,-0.48053268436628244,0.8125275640985592
14,10,OMR forward,50,rpRF,947,25,2,0.06217344452612586,0.7037972852906321,-0.33312569904836586,0.7299284862317857
14,10,OMR forward,52,rHb,452,25,2,0.08015365300509213,0.6730518779158275,0.05123126256592562,0.5842769201150055
14,10,OMR forward,53,rHi,285,25,2,0.0443841496493846,0.7212126200471976,-0.7134015638184309,0.8124309149951929
14,10,OMR forward,54,rHR,202,25,2,0.0455577501973134,0.721388475881493,-0.688313893601566,0.8132640045478426
14,10,OMR forward,55,rOG,0,25,2,,,,
14,10,OMR forward,56,rOB,129,25,2,0.2676114348950054,-0.004273002190269182,4.058454180055924,-2.624443925722882
14,10,OMR forward,57,rOE,55,25,2,0.12433731524672663,0.07376109193364044,0.9957307766874156,-2.254769590915864
14,10,OMR forward,58,rP,1123,25,2,0.13199052741070236,0.5006634976964668,1.159330958374762,-0.23238611034010687
14,10,OMR forward,60,rPT,435,25,2,0.06221865757453695,0.6961879164409337,-0.33215919468703237,0.6938802896147175
14,10,OMR forward,61,rPO,624,25,2,0.18548237490814304,0.5396867347880503,2.302808465840982,-0.04751961863789075
14,10,OMR forward,62,rPrT,624,25,2,0.049560317467901883,0.6855004092960799,-0.6027523387074794,0.6432498935182948
14,10,OMR forward,64,rSP,895,25,2,0.17390820014102543,0.4588478327211146,2.055391165208109,-0.4304812930653723
14,10,OMR forward,65,rTeO,6806,25,2,0.07921534236017154,0.43661715819695146,0.031173306677710146,-0.5357956419957498
14,10,OMR forward,66,rTh,1386,25,2,0.08018787521186085,0.5489199175141379,0.05196281934563435,-0.003778857362464162
14,10,OMR forward,67,rTL,93,25,2,0.07535574472094349,0.3504766701585474,-0.051332033758291006,-0.9438727520469571
14,10,OMR forward,68,rTS,203,25,2,0.07943369956736887,0.4371108745473676,0.03584105637611485,-0.5334567378863023
14,10,OMR forward,69,rTG,0,25,2,,,,
14,10,OMR forward,70,rVR,89,25,2,0.043730595806215106,0.1961742181350464,-0.7273723678669951,-1.674856522042462
14,10,OMR forward,71,rNX,781,25,2,0.049654161998577084,0.5247156642799538,-0.6007462552565207,-0.11844272722990566
14,11,OMR rightward,0,MON,1151,25,2,0.1635356053075321,0.046679319524553294,1.7850560927034602,-2.562592712345377
14,11,OMR rightward,1,Cb,1873,25,2,0.2030429540615302,0.3860223558031892,2.828431615467313,-0.6368621236375291
14,11,OMR rightward,2,MOS1,1898,25,2,0.12393890702882468,0.6290725917153187,0.739320879654319,0.7424184975929866
14,11,OMR rightward,3,MOS2,1068,25,2,0.07700544613080455,0.6453660102041818,-0.5001757163968896,0.8348816720924866
14,11,OMR rightward,4,MOS3,1413,25,2,0.1070403997638937,0.6068171206038567,0.2930371018877374,0.6161213973034281
14,11,OMR rightward,5,MOS4,1173,25,2,0.055549433669666456,0.6589076291843347,-1.066821642385588,0.9117287180100423
14,11,OMR rightward,6,MOS5,1380,25,2,0.07114438731910888,0.4343277272309824,-0.6549642682605172,-0.3627349973598774
14,11,OMR rightward,7,IPN,141,25,2,0.07657275172679558,0.45689425461991867,-0.5116030271180165,-0.23467269040832037
14,11,OMR rightward,8,IO,3,25,2,0.08299914345365932,0.30659623026452104,-0.3418842269714184,-1.0875957563936536
14,11,OMR rightward,9,Hc,34,25,2,0.03721968013342186,0.5393026903844876,-1.5509041430134334,0.2329851913025333
14,11,OMR rightward,10,Ra,636,25,2,0.12865099814932845,0.5263614009824592,0.8637655890874975,0.15954494295647986
14,11,OMR rightward,11,T,1553,25,2,0.12088134508590168,0.6104194906806545,0.6585717180124028,0.6365644107355326
14,11,OMR rightward,12,aRF,405,25,2,0.11305276846083609,0.33343677734665783,0.4518216958953636,-0.9352789058681487
14,11,OMR rightward,13,imRF,606,25,2,0.12264006587202832,0.5903640680510266,0.7050189304296834,0.5227523188450542
14,11,OMR rightward,14,pRF,745,25,2,0.13487011795398962,0.49325526398161895,1.0280104088987156,-0.028328370713415228
14,11,OMR rightward,16,Hb,532,25,2,0.040136935601752424,0.5721263596517167,-1.4738604272162026,0.4192555348307589
14,11,OMR rightward,17,Hi,284,25,2,0.08934034091729097,0.61478515994277,-0.17441537808046523,0.6613390545014193
14,11,OMR rightward,18,HR,243,25,2,0.11340715024475563,0.6271980236403598,0.4611807971946534,0.731780551041464
14,11,OMR rightward,19,OG,19,25,2,0.10916783619748047,-0.09173448343739256,0.3492219680214291,-3.3480742627737072
14,11,OMR rightward,20,OB,192,25,2,0.07974763566658563,0.31801637315666437,-0.4277554318005054,-1.0227878300663926
14,11,OMR rightward,21,OE,47,25,2,0.04118365767472971,0.37272894202436496,-1.4462168564749336,-0.7123006351301073
14,11,OMR rightward,22,P,1221,25,2,0.08301769802721454,0.4943573796135882,-0.3413942070512414,-0.022073998123215352
14,11,OMR rightward,24,PT,437,25,2,0.09368905958252144,0.6514690847179982,-0.059567210491679824,0.8695158800176177
14,11,OMR rightward,25,PO,631,25,2,0.06955334898717515,0.6555883248368085,-0.6969830446065431,0.8928920682724786
14,11,OMR rightward,26,PrT,652,25,2,0.09724753947818716,0.6161339346328674,0.034411022380986755,0.6689931873413889
14,11,OMR rightward,28,SP,1001,25,2,0.08242164799352741,0.5725082453796381,-0.3571356838930348,0.4214226900366355
14,11,OMR rightward,29,TeO,7219,25,2,0.21022029935048037,0.311812390757697,3.017982841482124,-1.0579946780056166
14,11,OMR rightward,30,Th,1209,25,2,0.10396650328129467,0.6335896456266437,0.21185655065853928,0.7680522308891619
14,11,OMR rightward,31,TL,109,25,2,0.1538020631254948,0.46566490516352044,1.5279965839582816,-0.18490031193283382
14,11,OMR rightward,32,TS,251,25,2,0.07073041939062502,0.3482725321107032,-0.6658970191894342,-0.8510877962788784
14,11,OMR rightward,33,TG,1,25,2,0.1143375306131519,-0.017976206539596994,0.4857518234431926,-2.9295049838808294
14,11,OMR rightward,34,VR,89,25,2,0.14587314184567748,0.24975540877209454,1.318596493944759,-1.4101605269445072
14,11,OMR rightward,35,NX,653,25,2,0.1269543138091769,0.5062525476525924,0.8189567379192267,0.04542963832011922
14,11,OMR rightward,36,rMON,1275,25,2,0.12390430718842983,0.23650634637965748,0.7384071097431992,-1.4853473496965295
14,11,OMR rightward,37,rCb,1784,25,2,0.09659678301173134,0.5642789522541466,0.01722476742350654,0.37472244927439463
14,11,OMR rightward,38,rMOS1,1923,25,2,0.07448121148218731,0.6065048525847223,-0.5668398872193653,0.6143493141544207
14,11,OMR rightward,39,rMOS2,913,25,2,0.08784707211679582,0.6282016870066787,-0.2138520946529967,0.7374762189605153
14,11,OMR rightward,40,rMOS3,1490,25,2,0.044472079660560236,0.5976949365214608,-1.3593707603246101,0.5643541086154424
14,11,OMR rightward,41,rMOS4,1294,25,2,0.07173662662060827,0.6910604400489295,-0.6393234315480641,1.094192021438634
14,11,OMR rightward,42,rMOS5,1831,25,2,0.07478358602916371,0.6300180687116167,-0.5588542792002987,0.7477839649167234
14,11,OMR rightward,43,rIPN,134,25,2,0.08845931430785647,0.6327678183934756,-0.19768298849166896,0.7633884609798087
14,11,OMR rightward,44,rIO,12,25,2,0.044991682296629774,0.44849336448106597,-1.3456482330192652,-0.2823467234168512
14,11,OMR rightward,45,rHc,13,25,2,0.08880767292233559,0.34754812300986354,-0.18848295703031573,-0.8551987300983066
14,11,OMR rightward,46,rRa,379,25,2,0.10734331907567995,0.6119790602791012,0.3010370969584838,0.6454147791234716
14,11,OMR rightward,47,rT,1615,25,2,0.04947068221582308,0.6434360295871089,-1.2273593822222437,0.82392926608272
14,11,OMR rightward,48,raRF,457,25,2,0.03864787780081928,0.6034149530919,-1.5131859327354,0.5968145091541053
14,11,OMR rightward,49,rimRF,664,25,2,0.09631414762352838,0.6566124871233825,0.009760463813713335,0.8987040650786752
14,11,OMR rightward,50,rpRF,947,25,2,0.11573216042703155,0.5628919232746485,0.5225835182293804,0.366851227980051
14,11,OMR rightward,52,rHb,452,25,2,0.14841324629186434,0.46746026625934006,1.3856797806749725,-0.17471185538482017
14,11,OMR rightward,53,rHi,285,25,2,0.05758993299775574,0.6525595242617952,-1.012932755373675,0.8757039922230563
14,11,OMR rightward,54,rHR,202,25,2,0.08189306923910791,0.6691332705825387,-0.37109526740364684,0.9697579931813464
14,11,OMR rightward,55,rOG,0,25,2,,,,
14,11,OMR rightward,56,rOB,129,25,2,0.08621466536330478,0.18662105438777257,-0.25696339681585295,-1.768440333624791
14,11,OMR rightward,57,rOE,55,25,2,0.07673950851526773,0.13820662678697368,-0.5071990375607839,-2.043186340462208
14,11,OMR rightward,58,rP,1123,25,2,0.1330790308206476,0.47781377082449655,0.9807084123587116,-0.11595697224327554
14,11,OMR rightward,60,rPT,435,25,2,0.08388859991305972,0.6413869797437509,-0.3183939871155064,0.8123011566498173
14,11,OMR rightward,61,rPO,624,25,2,0.05516831333945588,0.6434087363635255,-1.0768868995164949,0.8237743803479325
14,11,OMR rightward,62,rPrT,624,25,2,0.04911325997794634,0.609641207887473,-1.2367987808671435,0.6321477502437465
14,11,OMR rightward,64,rSP,895,25,2,0.09793957012720864,0.5544456380435413,0.05268731433586809,0.31891958332670656
14,11,OMR rightward,65,rTeO,6806,25,2,0.04002614063636254,0.6057443787286135,-1.4767864842303822,0.610033717221355
14,11,OMR rightward,66,rTh,1386,25,2,0.09046848185793337,0.6643460281537853,-0.14462156298486364,0.9425909728065986
14,11,OMR rightward,67,rTL,93,25,2,0.13889031345968275,0.47347230034900756,1.1341823925841807,-0.14059429082893327
14,11,OMR rightward,68,rTS,203,25,2,0.08316361091508605,0.4907459290972436,-0.3375406977558217,-0.042568541948829676
14,11,OMR rightward,69,rTG,0,25,2,,,,
14,11,OMR rightward,70,rVR,89,25,2,0.17378245031217474,0.3612556907599236,2.0556717528423154,-0.7774099450312658
14,11,OMR rightward,71,rNX,781,25,2,0.09755252703201525,0.625795913634178,0.04246563901429466,0.7238237467491234
14,12,OMR leftward,0,MON,1151,25,2,0.06552402358148467,0.36609913173625686,-0.14836409191587904,-0.6018946824114275
14,12,OMR leftward,1,Cb,1873,25,2,0.04628161856013565,0.5405504501834306,-0.6936532441314672,0.5309726994705317
14,12,OMR leftward,2,MOS1,1898,25,2,0.0351643576337687,0.45486732110602823,-1.008692958697933,-0.02544397294782095
14,12,OMR leftward,3,MOS2,1068,25,2,0.050680717920720236,0.5942430763902714,-0.5689920514071736,0.8796466184683381
14,12,OMR leftward,4,MOS3,1413,25,2,0.036344301630810705,0.4338159303153114,-0.9752558357865786,-0.1621493540382768
14,12,OMR leftward,5,MOS4,1173,25,2,0.039138428155403505,0.5742938845490502,-0.8960761863566924,0.7500987942788135
14,12,OMR leftward,6,MOS5,1380,25,2,0.049102283642142856,0.5690587533299791,-0.6137215479871776,0.7161024367233192
14,12,OMR leftward,7,IPN,141,25,2,0.07610566648051531,0.420463794349546,0.151497338038369,-0.24885663403311967
14,12,OMR leftward,8,IO,3,25,2,0.10720932817116413,0.16560211894624757,1.0329094741656921,-1.9038998949621804
14,12,OMR leftward,9,Hc,34,25,2,0.08619783755084486,0.5429778703740261,0.437488169270175,0.5467360951302788
14,12,OMR leftward,10,Ra,636,25,2,0.04596417948539024,0.592501660831962,-0.7026487976371739,0.86833806028792
14,12,OMR leftward,11,T,1553,25,2,0.04008499484606386,0.42427141751435615,-0.8692524838261076,-0.22413035437924725
14,12,OMR leftward,12,aRF,405,25,2,0.08101008688764746,0.43400906943031264,0.29047826287322287,-0.16089513019234636
14,12,OMR leftward,13,imRF,606,25,2,0.06070648179723126,0.5317599553537742,-0.28488305991307933,0.4738882076377266
14,12,OMR leftward,14,pRF,745,25,2,0.05050327551403665,0.5088096801011266,-0.574020394766553,0.3248516828905076
14,12,OMR leftward,16,Hb,532,25,2,0.04225696118061852,0.5831353341615644,-0.8077035412746905,0.8075141807816291
14,12,OMR leftward,17,Hi,284,25,2,0.050054203328805995,0.6118774117254889,-0.5867461528459792,0.9941620229964261
14,12,OMR leftward,18,HR,243,25,2,0.04945598286376234,0.5696559933539954,-0.6036984584366656,0.719980846748448
14,12,OMR leftward,19,OG,19,25,2,0.10174302686265721,0.07115560208187104,0.8780060302893334,-2.5172250291050684
14,12,OMR leftward,20,OB,192,25,2,0.030443648143758203,0.5429156762328549,-1.1424679038156529,0.5463322133224241
14,12,OMR leftward,21,OE,47,25,2,0.18502753825981116,0.08196317656883939,3.2381133329917557,-2.447041847214966
14,12,OMR leftward,22,P,1221,25,2,0.12040415678116329,0.47269057595641895,1.406823072720225,0.09029825381609591
14,12,OMR leftward,24,PT,437,25,2,0.04514902829331545,0.5362205729036744,-0.725748462256063,0.5028549599117279
14,12,OMR leftward,25,PO,631,25,2,0.04094011492186341,0.6061739226825089,-0.845020185386389,0.9571242020316635
14,12,OMR leftward,26,PrT,652,25,2,0.0707305862859622,0.5365883053441153,-0.0008210919669664945,0.505242973317092
14,12,OMR leftward,28,SP,1001,25,2,0.0418977058443694,0.4084447603437902,-0.8178840793890719,-0.3269068987605481
14,12,OMR leftward,29,TeO,7219,25,2,0.07150421027264058,0.5463658741476615,0.02110177928335097,0.5687374133146795
14,12,OMR leftward,30,Th,1209,25,2,0.06611353473708349,0.6092986362880339,-0.1316585897761273,0.9774157432646636
14,12,OMR leftward,31,TL,109,25,2,0.06475313672764114,0.5493320791385622,-0.17020939859766337,0.5879996173041807
14,12,OMR leftward,32,TS,251,25,2,0.07704063477554463,0.34138529614943053,0.17799236651216666,-0.7623835710407625
14,12,OMR leftward,33,TG,1,25,2,0.1044515834224279,0.3318483126609209,0.9547608074893087,-0.8243156768674721
14,12,OMR leftward,34,VR,89,25,2,0.04366996674029105,0.18441888085603192,-0.7676619454941788,-1.7817059442945695
14,12,OMR leftward,35,NX,653,25,2,0.06351715283141156,0.4959676142759151,-0.20523457399436654,0.2414567414314177
14,12,OMR leftward,36,rMON,1275,25,2,0.06710857101735829,0.34169679581507484,-0.10346136135832755,-0.760360726995692
14,12,OMR leftward,37,rCb,1784,25,2,0.06690221236232981,0.4567742002725679,-0.10930913017558218,-0.013060912572056757
14,12,OMR leftward,38,rMOS1,1923,25,2,0.06771214696159344,0.5785449292047918,-0.08635729278869932,0.7777046035801153
14,12,OMR leftward,39,rMOS2,913,25,2,0.11730275691149922,0.40358832689164553,1.3189359451114697,-0.3584440353049249
14,12,OMR leftward,40,rMOS3,1490,25,2,0.06397617410362302,0.5335570915154079,-0.19222687978486364,0.48555860919408883
14,12,OMR leftward,41,rMOS4,1294,25,2,0.033717268158202605,0.6168263601256112,-1.0497004207296314,1.026299941282284
14,12,OMR leftward,42,rMOS5,1831,25,2,0.03195131075061536,0.5785032190819556,-1.0997439270669997,0.7774337426999792
14,12,OMR leftward,43,rIPN,134,25,2,0.05784200891685718,0.48800362342103665,-0.36605617661812523,0.18973947411921865
14,12,OMR leftward,44,rIO,12,25,2,0.10420884561535328,0.033830996310112896,0.9478821302718019,-2.759606851133155
14,12,OMR leftward,45,rHc,13,25,2,0.046206151828146344,0.4775352248492292,-0.6957918120631407,0.1217588627480786
14,12,OMR leftward,46,rRa,379,25,2,0.05538293612538002,0.38225805196654516,-0.435741110295246,-0.4969604588224586
14,12,OMR leftward,47,rT,1615,25,2,0.07891352467835441,0.6208390755536319,0.2310661141109316,1.0523580671918096
14,12,OMR leftward,48,raRF,457,25,2,0.0903110525747354,0.4635943810627308,0.5540480031770727,0.031228579903479756
14,12,OMR leftward,49,rimRF,664,25,2,0.035226499799291516,0.6264404311700256,-1.0069319808618888,1.0887326450890535
14,12,OMR leftward,50,rpRF,947,25,2,0.20277313367435915,0.3798914941993904,3.7409860595778484,-0.5123286207005867
14,12,OMR leftward,52,rHb,452,25,2,0.19997405749444652,0.19934787527315642,3.661666147361158,-1.6847587215965674
14,12,OMR leftward,53,rHi,285,25,2,0.048296717078786,0.6339806931122072,-0.6365496044540656,1.1376982641579065
14,12,OMR leftward,54,rHR,202,25,2,0.07893886049563749,0.6024606181565695,0.23178407770808326,0.9330104170865227
14,12,OMR leftward,55,rOG,0,25,2,,,,
14,12,OMR leftward,56,rOB,129,25,2,0.08589176786685088,0.4633943843936834,0.42881480030622265,0.029929823867322545
14,12,OMR leftward,57,rOE,55,25,2,0.05450612077905461,0.36427412192594943,-0.46058820691944335,-0.6137460923297648
14,12,OMR leftward,58,rP,1123,25,2,0.07237435708426136,0.47958392744520956,0.04575990370622686,0.1350629086379113
14,12,OMR leftward,60,rPT,435,25,2,0.053461673061705704,0.6207079170443445,-0.490185651193941,1.0515063384783172
14,12,OMR leftward,61,rPO,624,25,2,0.08394496261509798,0.5092444762023596,0.3736464476975233,0.3276752002203892
14,12,OMR leftward,62,rPrT,624,25,2,0.08539007235098904,0.6002219667326192,0.4145978080845568,0.9184728647184971
14,12,OMR leftward,64,rSP,895,25,2,0.0438412535181087,0.4829167766282526,-0.7628080396670069,0.1567060590698453
14,12,OMR leftward,65,rTeO,6806,25,2,0.08141571677099876,0.5726689380741725,0.3019729577910638,0.7395465733206761
14,12,OMR leftward,66,rTh,1386,25,2,0.07782886195461007,0.6028606130946909,0.2003290614184954,0.9356079395492308
14,12,OMR leftward,67,rTL,93,25,2,0.06733964159127613,0.46234960213529774,-0.09691330890782378,0.023145124547021893
14,12,OMR leftward,68,rTS,203,25,2,0.10240676244905844,0.27903763251820274,0.8968148961666753,-1.1672623366074113
14,12,OMR leftward,69,rTG,0,25,2,,,,
14,12,OMR leftward,70,rVR,89,25,2,0.06941752287011178,0.016186298344863605,-0.03803053829345172,-2.8741895494235252
14,12,OMR leftward,71,rNX,781,25,2,0.06487823035115442,0.25838742060642683,-0.16666450928484358,-1.3013625068556818
15,10,OMR forward,0,MON,898,282,53,0.4759985657746325,-0.12227195189303668,1.9210770149649183,-3.2523843397028585
15,10,OMR forward,1,Cb,1485,282,53,0.3125193082623736,0.6210857063410445,-1.0556161697641662,0.6954774233353451
15,10,OMR forward,2,MOS1,1366,282,53,0.3491157875168126,0.6173843812170612,-0.38925340277154646,0.6758202370970819
15,10,OMR forward,3,MOS2,534,282,53,0.3525202139155529,0.5801260303468568,-0.3272642977728156,0.47794668709724797
15,10,OMR forward,4,MOS3,1243,282,53,0.33989965071433614,0.6323861572137467,-0.5570643656235487,0.7554924341598978
15,10,OMR forward,5,MOS4,944,282,53,0.33598211430120406,0.6381917315460187,-0.6283963750744959,0.7863249744115184
15,10,OMR forward,6,MOS5,1131,282,53,0.37237039882886447,0.5584402762722182,0.034175502274207695,0.3627768783711275
15,10,OMR forward,7,IPN,111,282,53,0.410693336791608,0.49370132873895684,0.7319742933161844,0.018957974086136285
15,10,OMR forward,8,IO,9,282,53,0.3575614508071185,0.5627269589531364,-0.23547151790529702,0.38554281137634877
15,10,OMR forward,9,Hc,8,282,53,0.3755375875757037,0.46431943105055024,0.09184489288029157,-0.13708490665194617
15,10,OMR forward,10,Ra,332,282,53,0.505862987834163,0.36765349916586315,2.464859895822516,-0.650463267725936
15,10,OMR forward,11,T,604,282,53,0.3207760055536179,0.6485840713112196,-0.9052750504733904,0.8415171424521398
15,10,OMR forward,12,aRF,421,282,53,0.4486381862516352,0.5100581510066388,1.4228887035113993,0.10582661999313654
15,10,OMR forward,13,imRF,596,282,53,0.3899335805950209,0.5465146355759136,0.3539726695787857,0.29944157754632944
15,10,OMR forward,14,pRF,762,282,53,0.3960024793358236,0.5544011412033303,0.46447751157198847,0.34132563384895465
15,10,OMR forward,16,Hb,170,282,53,0.4571951946450661,0.4222135402648948,1.578698002831744,-0.36070301886221523
15,10,OMR forward,17,Hi,193,282,53,0.31934817633013773,0.6287313121193217,-0.9312735140287546,0.7360820964331224
15,10,OMR forward,18,HR,68,282,53,0.34021893596043234,0.5924191975697041,-0.5512506970853988,0.5432338665432834
15,10,OMR forward,19,OG,30,282,53,0.2764787760090939,0.12262710794577605,-1.7118560399770695,-1.951761922711222
15,10,OMR forward,20,OB,26,282,53,0.4614115809735979,0.22100558414122787,1.655471586461364,-1.4292884939708306
15,10,OMR forward,21,OE,0,282,53,,,,
15,10,OMR forward,22,P,697,282,53,0.30678910612167504,0.5767238810714279,-1.159953893821045,0.4598783792136363
15,10,OMR forward,24,PT,345,282,53,0.3105197420820042,0.639838338710743,-1.0920250396850124,0.7950698597198942
15,10,OMR forward,25,PO,419,282,53,0.38632084843858083,0.5739646706444712,0.2881906532424293,0.4452246237567597
15,10,OMR forward,26,PrT,349,282,53,0.35758953210556443,0.5970544508628359,-0.2349602028248739,0.5678510061331601
15,10,OMR forward,28,SP,545,282,53,0.4038779165913448,0.5520965551169658,0.607876501523442,0.32908632052621034
15,10,OMR forward,29,TeO,4238,282,53,0.3861415759888023,0.46763139022072026,0.28492639153983684,-0.1194955849790932
15,10,OMR forward,30,Th,1008,282,53,0.3168574008690052,0.6190378724837503,-0.9766265114222474,0.6846016828452658
15,10,OMR forward,31,TL,95,282,53,0.31109313335688493,0.5588156520288435,-1.0815845108613937,0.36477044308380346
15,10,OMR forward,32,TS,62,282,53,0.45407348521783436,0.22557621234494435,1.5218567171655892,-1.4050145686017397
15,10,OMR forward,33,TG,6,282,53,0.3827231950736176,0.29017837087923837,0.2226831973396476,-1.0619221303087854
15,10,OMR forward,34,VR,96,282,53,0.40679500357235643,0.5347335547455416,0.6609919430037661,0.23687401263016622
15,10,OMR forward,35,NX,442,282,53,0.39661596418425743,0.5041146081875826,0.4756480796003548,0.07426134966542661
15,10,OMR forward,36,rMON,1007,282,53,0.4558351401699515,-0.14043748378722265,1.5539336079565702,-3.3488587729395776
15,10,OMR forward,37,rCb,1679,282,53,0.3256421656364379,0.6230982056434089,-0.8166701364631543,0.7061655072690193
15,10,OMR forward,38,rMOS1,1276,282,53,0.2958221014862532,0.6564153954387459,-1.3596453314500936,0.8831081380308574
15,10,OMR forward,39,rMOS2,543,282,53,0.31729724647176694,0.6352664843251951,-0.9686176335499235,0.7707894222817966
15,10,OMR forward,40,rMOS3,1298,282,53,0.3028915266913539,0.6479114845852956,-1.2309225188547575,0.8379451345657738
15,10,OMR forward,41,rMOS4,1101,282,53,0.3045246463756998,0.6525529269916558,-1.2011860476460177,0.862595143613832
15,10,OMR forward,42,rMOS5,1356,282,53,0.3619344657330025,0.5651484427283306,-0.15584598054548054,0.3984029509067825
15,10,OMR forward,43,rIPN,111,282,53,0.3309660720133161,0.6177371371186798,-0.7197304019099753,0.6776936711301619
15,10,OMR forward,44,rIO,32,282,53,0.3727864249819281,0.5548876168402357,0.04175066644695118,0.34390923347198255
15,10,OMR forward,45,rHc,28,282,53,0.3411282491666145,0.5665032866519456,-0.5346935725619798,0.4055983251141736
15,10,OMR forward,46,rRa,204,282,53,0.3519312572856545,0.5891686509224061,-0.3379882465660628,0.5259706976289751
15,10,OMR forward,47,rT,876,282,53,0.31765713893465264,0.633474027368686,-0.9620645731934626,0.7612699504607829
15,10,OMR forward,48,raRF,545,282,53,0.30321110358715664,0.6524167668055627,-1.2251035398466004,0.8618720171532773
15,10,OMR forward,49,rimRF,633,282,53,0.3652152346772803,0.6035863271296428,-0.09610847802856165,0.6025408277405447
15,10,OMR forward,50,rpRF,861,282,53,0.2986532854144953,0.6433184014040139,-1.3080940457875634,0.8135519541566121
15,10,OMR forward,52,rHb,198,282,53,0.47402693573128124,0.03611843590399035,1.8851768169693974,-2.4111965901851566
15,10,OMR forward,53,rHi,216,282,53,0.3424466208205606,0.6050713014501556,-0.5106881545232594,0.6104273050965099
15,10,OMR forward,54,rHR,62,282,53,0.38201741693394997,0.5216716810270103,0.209832117574242,0.16750434752235727
15,10,OMR forward,55,rOG,19,282,53,0.3510848256665039,0.3549439682199207,-0.3534003989724674,-0.7179616928673864
15,10,OMR forward,56,rOB,5,282,53,0.45177787960817894,0.1445561458874277,1.480057447477967,-1.835300069616545
15,10,OMR forward,57,rOE,0,282,53,,,,
15,10,OMR forward,58,rP,706,282,53,0.3990326516148497,0.5547346381647001,0.5196520536441259,0.34309678651994374
15,10,OMR forward,60,rPT,352,282,53,0.36265408296993557,0.5476625336972835,-0.1427429131754096,0.3055378934327965
15,10,OMR forward,61,rPO,372,282,53,0.4260602575548661,0.5233239261670152,1.011781095734724,0.176279175277393
15,10,OMR forward,62,rPrT,406,282,53,0.37530805865779526,0.5901101608822433,0.08766554208048083,0.5309709167412541
15,10,OMR forward,64,rSP,515,282,53,0.3700474196417487,0.6027899688377202,-0.008122196037986426,0.5983114875090493
15,10,OMR forward,65,rTeO,4463,282,53,0.37630833171689354,0.39839932031894215,0.10587889858329391,-0.4871767926907525
15,10,OMR forward,66,rTh,1027,282,53,0.39122585643728286,0.5214207276244456,0.37750292504353594,0.16617157139324154
15,10,OMR forward,67,rTL,87,282,53,0.40987645702532594,0.20837078370600373,0.7171002324106127,-1.4963900365046572
15,10,OMR forward,68,rTS,91,282,53,0.36679653667589246,0.44839427548668964,-0.0673155231675184,-0.22166103501303
15,10,OMR forward,69,rTG,2,282,53,0.2756604971616442,0.04196907011932099,-1.7267555758905402,-2.3801247436085067
15,10,OMR forward,70,rVR,69,282,53,0.4991311271790758,0.4449597059292671,2.342283588360139,-0.2399015221837074
15,10,OMR forward,71,rNX,822,282,53,0.395171038018818,0.5228181357586096,0.4493383083513765,0.17359299778081688
15,11,OMR rightward,0,MON,898,240,45,0.38532101921791184,0.10890539787344455,-0.476523198825745,0.14398103596337677
15,11,OMR rightward,1,Cb,1485,240,45,0.40087272022096154,0.10963401084066064,-0.1464198917190286,0.15777821322415156
15,11,OMR rightward,2,MOS1,1366,240,45,0.4095622206542161,0.18285690276585298,0.0380250657528308,1.544343186530225
15,11,OMR rightward,3,MOS2,534,240,45,0.40660632394003554,0.1521676269804802,-0.024717349409699278,0.9632042320130805
15,11,OMR rightward,4,MOS3,1243,240,45,0.39968486299156153,0.13453240946650022,-0.17163357089911777,0.6292598294005745
15,11,OMR rightward,5,MOS4,944,240,45,0.4407567626862141,0.18157276388832672,0.700166235160774,1.5200264470294473
15,11,OMR rightward,6,MOS5,1131,240,45,0.44928670522861974,0.13351991453689088,0.881224387071372,0.610087000137281
15,11,OMR rightward,7,IPN,111,240,45,0.42624329320468285,0.0982339364341755,0.39210062404168405,-0.05809613220957406
15,11,OMR rightward,8,IO,9,240,45,0.3226598388727301,0.023470955785242782,-1.8065811040734474,-1.4738245682521876
15,11,OMR rightward,9,Hc,8,240,45,0.35943345862867215,0.06377389042197243,-1.0260173899600604,-0.7106392307237878
15,11,OMR rightward,10,Ra,332,240,45,0.3765210180443839,0.14028640503799192,-0.66331366562773,0.7382187697841313
15,11,OMR rightward,11,T,604,240,45,0.4199903334294335,0.18005261469085437,0.2593741331832043,1.4912405635987862
15,11,OMR rightward,12,aRF,421,240,45,0.3886218073890029,0.1481379206316639,-0.40646005324943635,0.886896815997797
15,11,OMR rightward,13,imRF,596,240,45,0.39755608240404494,0.1544752096015355,-0.21681946483483586,1.0069011299536037
15,11,OMR rightward,14,pRF,762,240,45,0.44435118440623883,0.14830934332970325,0.7764621012325106,0.8901429143487585
15,11,OMR rightward,16,Hb,170,240,45,0.4154580901257029,0.06578904834203271,0.16317189119820544,-0.6724797519846726
15,11,OMR rightward,17,Hi,193,240,45,0.42005432649121444,0.19185115979531336,0.2607324618523084,1.7146604388275357
15,11,OMR rightward,18,HR,68,240,45,0.4384021187544618,0.12399235651838537,0.6501861237390214,0.42967104165400155
15,11,OMR rightward,19,OG,30,240,45,0.34873893870773087,0.06546592272253111,-1.2530212651714654,-0.6785985306097571
15,11,OMR rightward,20,OB,26,240,45,0.4871001694176167,0.028742410408779073,1.6838600331335927,-1.3740031306226117
15,11,OMR rightward,21,OE,0,240,45,,,,
15,11,OMR rightward,22,P,697,240,45,0.3971972439465693,0.09496133684083295,-0.22443623688482273,-0.12006680624987762
15,11,OMR rightward,24,PT,345,240,45,0.4425660992982936,0.16945514221041205,0.7385715516724262,1.290564466812436
15,11,OMR rightward,25,PO,419,240,45,0.4595540317525992,0.07238510574510258,1.099160575533681,-0.5475753414028465
15,11,OMR rightward,26,PrT,349,240,45,0.41772179268660864,0.15115037672452505,0.21122166411464666,0.9439413548320611
15,11,OMR rightward,28,SP,545,240,45,0.45940035142247965,0.1474626326380125,1.0958985281730893,0.8741094123010437
15,11,OMR rightward,29,TeO,4238,240,45,0.40775538748259993,0.10353385953968845,-0.0003271122644583316,0.04226439092883943
15,11,OMR rightward,30,Th,1008,240,45,0.4289777510119051,0.16805982968728164,0.4501427356493362,1.2641425184227917
15,11,OMR rightward,31,TL,95,240,45,0.39860204048311354,0.09986486244432366,-0.19461776349503873,-0.027212554406670572
15,11,OMR rightward,32,TS,62,240,45,0.42353098921047516,0.035700622023624486,0.3345287534025085,-1.2422408873086905
15,11,OMR rightward,33,TG,6,240,45,0.24869285044581269,0.0062822432340307495,-3.3766182010869192,-1.7993138535440905
15,11,OMR rightward,34,VR,96,240,45,0.3529488349436382,0.06717526002451361,-1.1636612221911762,-0.646230139138469
15,11,OMR rightward,35,NX,442,240,45,0.3933909048834799,0.14502541820021964,-0.3052303000197106,0.8279577774361996
15,11,OMR rightward,36,rMON,1007,240,45,0.36214583696755587,0.05973695793542207,-0.9684439412669205,-0.787083482490991
15,11,OMR rightward,37,rCb,1679,240,45,0.4075791678999143,0.10664449437284156,-0.004067582005362742,0.1011680642336622
15,11,OMR rightward,38,rMOS1,1276,240,45,0.404060577879194,0.04830652085347337,-0.07875383027908359,-1.0035327823028726
15,11,OMR rightward,39,rMOS2,543,240,45,0.40973380358561695,0.07366795624900753,0.0416671170684636,-0.5232829988316202
15,11,OMR rightward,40,rMOS3,1298,240,45,0.4025428404939154,0.03172648785704198,-0.11096960719645872,-1.317495976116599
15,11,OMR rightward,41,rMOS4,1101,240,45,0.41204973780728354,0.08826414528488186,0.0908255689615294,-0.246886315652621
15,11,OMR rightward,42,rMOS5,1356,240,45,0.42753160378919597,0.0796076442999778,0.4194465448798593,-0.4108077443407978
15,11,OMR rightward,43,rIPN,111,240,45,0.44054395893532144,0.1316973863263525,0.6956492230396815,0.5755752004370388
15,11,OMR rightward,44,rIO,32,240,45,0.39615577504015465,0.0569233422352619,-0.2465426502082833,-0.8403627354078498
15,11,OMR rightward,45,rHc,28,240,45,0.30605584596872687,-0.0025165130162935253,-2.1590205554050463,-1.9659290595895114
15,11,OMR rightward,46,rRa,204,240,45,0.4390194992904988,0.11828832231394446,0.6632907581869947,0.3216581808331295
15,11,OMR rightward,47,rT,876,240,45,0.4271091255147381,0.17812940114990375,0.41047894220077447,1.4548221640797607
15,11,OMR rightward,48,raRF,545,240,45,0.40643627279763694,0.08809890665546441,-0.0283268866861711,-0.2500153111042266
15,11,OMR rightward,49,rimRF,633,240,45,0.4334619236853563,0.1250399205405406,0.5453246214670695,0.44950794705648184
15,11,OMR rightward,50,rpRF,861,240,45,0.44615688527688074,0.04239815776076268,0.8147902448180568,-1.1154148604144094
15,11,OMR rightward,52,rHb,198,240,45,0.42359999508381635,0.11078099115351336,0.3359934849450739,0.17949768762702012
15,11,OMR rightward,53,rHi,216,240,45,0.4421523446787043,0.16284887448843352,0.7297891189192289,1.165466711359999
15,11,OMR rightward,54,rHR,62,240,45,0.4095295044848772,0.09115009848769144,0.03733062623830291,-0.192237263690778
15,11,OMR rightward,55,rOG,19,240,45,0.3541662537295726,0.02523986664689322,-1.1378200638965317,-1.4403280786001407
15,11,OMR rightward,56,rOB,5,240,45,0.3951092973048596,-0.05390021634412906,-0.2687553818680996,-2.938942298480927
15,11,OMR rightward,57,rOE,0,240,45,,,,
15,11,OMR rightward,58,rP,706,240,45,0.4382117456324266,0.1499276128250762,0.6461452283311351,0.9207868255718527
15,11,OMR rightward,60,rPT,352,240,45,0.448470803163579,0.1797395265650154,0.8639058976088799,1.485311857187001
15,11,OMR rightward,61,rPO,372,240,45,0.43703565676850475,0.09266649718236758,0.6211813466724118,-0.16352240061553816
15,11,OMR rightward,62,rPrT,406,240,45,0.46743407041276475,0.09075311930143666,1.266423746381637,-0.19975454988803415
15,11,OMR rightward,64,rSP,515,240,45,0.4561510071142001,0.15286598484208802,1.0269273396271466,0.9764284918624131
15,11,OMR rightward,65,rTeO,4463,240,45,0.4712401546936683,0.09783891397640557,1.3472124014623112,-0.0655763653608765
15,11,OMR rightward,66,rTh,1027,240,45,0.4820893931276649,0.10437258205827046,1.5775003606990057,0.05814662715322922
15,11,OMR rightward,67,rTL,87,240,45,0.42859376057691634,0.10435115568182057,0.44199208303183274,0.057740892521488105
15,11,OMR rightward,68,rTS,91,240,45,0.32983996815082883,0.09214790317605262,-1.6541743403574165,-0.17334261210428156
15,11,OMR rightward,69,rTG,2,240,45,0.24817516616537202,0.0056106159662921325,-3.387606664212407,-1.8120319369204618
15,11,OMR rightward,70,rVR,69,240,45,0.3380935564903992,0.08060470353617578,-1.478982134318005,-0.39192720880232385
15,11,OMR rightward,71,rNX,822,240,45,0.4392960044344223,0.07348501146579041,0.6691599079618814,-0.5267472819511273
15,12,OMR leftward,0,MON,898,240,45,0.3407041953352629,0.11789256111180303,-0.7283213673121253,-0.5630288880398474
15,12,OMR leftward,1,Cb,1485,240,45,0.35147062318100164,0.17622249510677424,-0.47033788668639137,0.3691243076407704
15,12,OMR leftward,2,MOS1,1366,240,45,0.3608584838669551,0.19682923717385892,-0.2453874193547084,0.698434477476643
15,12,OMR leftward,3,MOS2,534,240,45,0.3662732635451433,0.1599228146225195,-0.11563930528980398,0.10864399828055496
15,12,OMR leftward,4,MOS3,1243,240,45,0.35865758583715246,0.10740754385808525,-0.29812499790593994,-0.7305868067692267
15,12,OMR leftward,5,MOS4,944,240,45,0.3406067772510626,0.19353184216666802,-0.7306556843946327,0.6457397959836159
15,12,OMR leftward,6,MOS5,1131,240,45,0.3630915434988519,0.1683837946200773,-0.19187918946306717,0.243856384154217
15,12,OMR leftward,7,IPN,111,240,45,0.39951954246618965,0.13106818976314635,0.6810028936638838,-0.3524731148495395
15,12,OMR leftward,8,IO,9,240,45,0.3582262724998877,0.011114444564578435,-0.3084600614555372,-2.2694179708190934
15,12,OMR leftward,9,Hc,8,240,45,0.3334227932333115,0.10338442355603422,-0.9027971995019501,-0.7948790867242795
15,12,OMR leftward,10,Ra,332,240,45,0.3736760193444673,0.16498272790414784,0.06174438544730828,0.18950495615071616
15,12,OMR leftward,11,T,604,240,45,0.4028728003442842,0.2096498297885772,0.7613531408602078,0.903316526157845
15,12,OMR leftward,12,aRF,421,240,45,0.3489072506399118,0.1589064114929805,-0.5317610234747489,0.0924011644487653
15,12,OMR leftward,13,imRF,596,240,45,0.35301270095254306,0.2027758576665141,-0.4333868573758398,0.793465637570297
15,12,OMR leftward,14,pRF,762,240,45,0.3720780546971044,0.17106484024992874,0.023454203452848748,0.28670137094688225
15,12,OMR leftward,16,Hb,170,240,45,0.3786474174258633,0.10445546448246694,0.18086825819236602,-0.777763102633417
15,12,OMR leftward,17,Hi,193,240,45,0.3658869077362685,0.20942425438085413,-0.12489710349006249,0.8997116731642832
15,12,OMR leftward,18,HR,68,240,45,0.3713594903055759,0.16894743531244147,0.00623607452129151,0.2528637571549852
15,12,OMR leftward,19,OG,30,240,45,0.30116882564256714,0.06476384808458581,-1.6756617876711108,-1.412062930063427
15,12,OMR leftward,20,OB,26,240,45,0.4253234445922039,0.04724015147664575,1.2993120097027486,-1.6921038743003465
15,12,OMR leftward,21,OE,0,240,45,,,,
15,12,OMR leftward,22,P,697,240,45,0.40195329690093956,0.1724788034930646,0.7393201414141303,0.309297493818848
15,12,OMR leftward,24,PT,345,240,45,0.3879071162837152,0.08761038057023406,0.40274773160009114,-1.0469593407373343
15,12,OMR leftward,25,PO,419,240,45,0.4370425857253363,0.1808233892994853,1.5801242589267397,0.44264981900331984
15,12,OMR leftward,26,PrT,349,240,45,0.3769259251763982,0.20713249784773277,0.13961812688135775,0.8630877987697883
15,12,OMR leftward,28,SP,545,240,45,0.4430502233330789,0.1903958403447368,1.724078343103037,0.5956242906201871
15,12,OMR leftward,29,TeO,4238,240,45,0.41529230989821275,0.1904065542220294,1.0589475099763468,0.5957955058826162
15,12,OMR leftward,30,Th,1008,240,45,0.40017586410999667,0.211440072595819,0.6967295714910476,0.931925859985628
15,12,OMR leftward,31,TL,95,240,45,0.3832185296677562,0.19266592220298334,0.2904005434954426,0.6319017885306688
15,12,OMR leftward,32,TS,62,240,45,0.35233654669840797,0.07054449914746824,-0.44958876114754504,-1.3196840776915904
15,12,OMR leftward,33,TG,6,240,45,0.2526904782461019,0.06183722954520296,-2.8372924580771373,-1.4588323439334832
15,12,OMR leftward,34,VR,96,240,45,0.33977390172381117,0.0977784488837289,-0.7506129190993038,-0.8844664880428637
15,12,OMR leftward,35,NX,442,240,45,0.32902450078999584,0.16659235897099248,-1.0081884034921884,0.21522798787839462
15,12,OMR leftward,36,rMON,1007,240,45,0.3725121986385899,0.11768926104278984,0.03385709350345485,-0.566277765520646
15,12,OMR leftward,37,rCb,1679,240,45,0.34846622520181814,0.13318532166229546,-0.542328806883888,-0.3186398644015044
15,12,OMR leftward,38,rMOS1,1276,240,45,0.339437135116701,0.08451645876891836,-0.7586824685084137,-1.0964023779012542
15,12,OMR leftward,39,rMOS2,543,240,45,0.3910947985988865,0.23999779547255531,0.4791304827390846,1.3882982715026073
15,12,OMR leftward,40,rMOS3,1298,240,45,0.3334335906774584,0.049396576335412945,-0.9025384728135069,-1.6576426948394154
15,12,OMR leftward,41,rMOS4,1101,240,45,0.3591802303252665,0.20894736414794646,-0.28560147143036074,0.8920906332599335
15,12,OMR leftward,42,rMOS5,1356,240,45,0.396676786403076,0.21614932000672285,0.6128852120855661,1.00718293165835
15,12,OMR leftward,43,rIPN,111,240,45,0.37407765138347354,0.19581619749184254,0.07136823031379731,0.682245393891802
15,12,OMR leftward,44,rIO,32,240,45,0.3790845485277972,0.09200089346827837,0.19134272612012118,-0.976795869800751
15,12,OMR leftward,45,rHc,28,240,45,0.27715078831510287,0.10859041026891486,-2.251178287323358,-0.7116837731225035
15,12,OMR leftward,46,rRa,204,240,45,0.3430971055195047,0.21758410291083644,-0.6709828231821156,1.030111767293458
15,12,OMR leftward,47,rT,876,240,45,0.3924206518248325,0.2286212093673931,0.5109003728947855,1.2064924581310899
15,12,OMR leftward,48,raRF,545,240,45,0.36486471079013477,0.19409618230066944,-0.14939082878381837,0.6547583465515902
15,12,OMR leftward,49,rimRF,633,240,45,0.41743222355255455,0.24878281119392145,1.1102237903448753,1.528688975175989
15,12,OMR leftward,50,rpRF,861,240,45,0.39368140738209567,0.18821964925395698,0.5411104027711039,0.5608472329287283
15,12,OMR leftward,52,rHb,198,240,45,0.41344615886934,0.1545455834964719,1.0147103242529611,0.022712079028071482
15,12,OMR leftward,53,rHi,216,240,45,0.3862177628430013,0.25517413755099605,0.3622677054589294,1.63082684642574
15,12,OMR leftward,54,rHR,62,240,45,0.36687448446797133,0.14255923416574165,-0.101232942425673,-0.16883817772599427
15,12,OMR leftward,55,rOG,19,240,45,0.3418084509599678,0.14163524552034779,-0.701861364640518,-0.18360416338013114
15,12,OMR leftward,56,rOB,5,240,45,0.40871630752109606,0.08221139721360879,0.901374357008705,-1.1332388758682774
15,12,OMR leftward,57,rOE,0,240,45,,,,
15,12,OMR leftward,58,rP,706,240,45,0.43093495727468023,0.25621500678306186,1.4337742096211437,1.6474606657103532
15,12,OMR leftward,60,rPT,352,240,45,0.4224787963212109,0.12425710204579204,1.2311489873315715,-0.46131906660974875
15,12,OMR leftward,61,rPO,372,240,45,0.4174311230627261,0.25470670110818927,1.1101974205776322,1.623356884708014
15,12,OMR leftward,62,rPrT,406,240,45,0.37627523063939,0.04880912722393751,0.12402628491791833,-1.6670305430514292
15,12,OMR leftward,64,rSP,515,240,45,0.44747518945192144,0.2587637672126797,1.830108697585166,1.6881916423594505
15,12,OMR leftward,65,rTeO,4463,240,45,0.4002581413741362,0.11668041828403093,0.6987010865825154,-0.5823997793325842
15,12,OMR leftward,66,rTh,1027,240,45,0.41704658843670356,0.1766085519689233,1.1009832612795063,0.37529376666669206
15,12,OMR leftward,67,rTL,87,240,45,0.3838709544336553,0.138324757975065,0.3060338449362449,-0.23650807280101754
15,12,OMR leftward,68,rTS,91,240,45,0.3257575426202267,0.12139114818912897,-1.0864707504109299,-0.5071190163643978
15,12,OMR leftward,69,rTG,2,240,45,0.22091677170433632,0.0017119896827295419,-3.598649105191035,-2.4196757846906793
15,12,OMR leftward,70,rVR,69,240,45,0.3265460039528975,0.0909860313915091,-1.0675777617748035,-0.9930140765300284
15,12,OMR leftward,71,rNX,822,240,45,0.39653158111915854,0.21411139342380794,0.609405825506562,0.9746154376339202
16,10,OMR forward,0,MON,979,80,13,0.2034338806370005,-0.09813781210367155,0.8274103810862123,-2.7592865711646475
16,10,OMR forward,1,Cb,1796,80,13,0.14064323312884283,0.6143558245944721,-0.19937921251661078,0.4068845490828708
16,10,OMR forward,2,MOS1,1451,80,13,0.08938696908944177,0.7005968289651705,-1.0375517845669004,0.7901213435685563
16,10,OMR forward,3,MOS2,563,80,13,0.09478326398664562,0.6800426868317443,-0.9493083969869098,0.6987830804987237
16,10,OMR forward,4,MOS3,1343,80,13,0.09761011153535891,0.6962545543670609,-0.9030821234747063,0.770825193090031
16,10,OMR forward,5,MOS4,1047,80,13,0.10746169826568036,0.6852320823698265,-0.741983183798132,0.7218436573767992
16,10,OMR forward,6,MOS5,1227,80,13,0.19552539575946448,0.5927838384542953,0.6980861855941323,0.3110232023908104
16,10,OMR forward,7,IPN,114,80,13,0.0951693203762567,0.6897137834296089,-0.9429953758742508,0.7417593895801415
16,10,OMR forward,8,IO,2,80,13,0.2990701961675888,0.38758681861596,2.3913116538763415,-0.6008289808564662
16,10,OMR forward,9,Hc,2,80,13,0.10721562040028339,0.5727160475807299,-0.7460071937651065,0.22184618151873764
16,10,OMR forward,10,Ra,342,80,13,0.08594153633923647,0.6682897530469167,-1.0938935270677965,0.6465555270006318
16,10,OMR forward,11,T,1109,80,13,0.09185115958003151,0.7067469871136021,-0.9972558925383326,0.817451346408664
16,10,OMR forward,12,aRF,421,80,13,0.10968345846644109,0.688371990197444,-0.7056516544358069,0.7357967440739841
16,10,OMR forward,13,imRF,570,80,13,0.1092892072510106,0.6839244017858598,-0.7120986821594293,0.7160326012687741
16,10,OMR forward,14,pRF,752,80,13,0.12021650301917201,0.6663818658445466,-0.5334091156995417,0.638077279547324
16,10,OMR forward,16,Hb,285,80,13,0.27571103433464916,0.22233638700821265,2.009328902667564,-1.3351669695991668
16,10,OMR forward,17,Hi,239,80,13,0.10517028026637906,0.6541897855035739,-0.7794537984461352,0.5838982515770297
16,10,OMR forward,18,HR,73,80,13,0.12928727382687746,0.64241293274112,-0.38507853716715446,0.5315644071981696
16,10,OMR forward,19,OG,12,80,13,0.1600333506963222,0.2864641288502188,0.11769939277148561,-1.0501968396654053
16,10,OMR forward,20,OB,330,80,13,0.22173966525285788,0.39232624126959686,1.126757336281332,-0.5797679883651757
16,10,OMR forward,21,OE,43,80,13,0.2502421366035157,0.25132792976696683,1.592846509370618,-1.2063346815810252
16,10,OMR forward,22,P,875,80,13,0.148309469876336,0.5363615519004518,-0.07401640090682646,0.06029448703978013
16,10,OMR forward,24,PT,380,80,13,0.15431408172154606,0.5832121424888744,0.02417454314236382,0.26848860870945723
16,10,OMR forward,25,PO,568,80,13,0.11933752404855928,0.6620281000787009,-0.547782696731711,0.6187300647482913
16,10,OMR forward,26,PrT,339,80,13,0.10461598462040614,0.6979227445319353,-0.7885179668159614,0.7782382775739615
16,10,OMR forward,28,SP,822,80,13,0.14214916655278992,0.622031497100533,-0.1747533035678832,0.4409936152771893
16,10,OMR forward,29,TeO,6165,80,13,0.15011406915951842,0.6357109216286949,-0.04450653219024595,0.5017820864323658
16,10,OMR forward,30,Th,941,80,13,0.14152429501645286,0.6163418087329072,-0.1849715704007924,0.4157098428125421
16,10,OMR forward,31,TL,141,80,13,0.20822888571118284,0.4777092453940416,0.905821123877223,-0.20034396561657233
16,10,OMR forward,32,TS,212,80,13,0.34689798918456405,0.08359484450581225,3.1734198515731373,-1.951705058395881
16,10,OMR forward,33,TG,34,80,13,0.24042045327292763,0.276785389048877,1.432236567671897,-1.0932071135275165
16,10,OMR forward,34,VR,92,80,13,0.0976791370108523,0.6353668456944844,-0.9019533783073483,0.5002530857087691
16,10,OMR forward,35,NX,658,80,13,0.0947840359579722,0.6754211809964148,-0.9492957732578011,0.6782460854236717
16,10,OMR forward,36,rMON,1277,80,13,0.13041219612422716,-0.2245395798162154,-0.3666831462232979,-3.3209893090787057
16,10,OMR forward,37,rCb,1998,80,13,0.16502668284570138,0.5989852392280576,0.199353296527118,0.33858091662662926
16,10,OMR forward,38,rMOS1,1425,80,13,0.08618254112863925,0.7010682566294995,-1.0899524750228233,0.7922162684622034
16,10,OMR forward,39,rMOS2,609,80,13,0.08483036555847044,0.6720092158923474,-1.112064045125567,0.6630840336952474
16,10,OMR forward,40,rMOS3,1433,80,13,0.09063578900936355,0.7072157943415845,-1.0171303468377704,0.8195346266370744
16,10,OMR forward,41,rMOS4,1423,80,13,0.09094333689215779,0.6818380165521247,-1.0121011429973945,0.7067611462935749
16,10,OMR forward,42,rMOS5,1751,80,13,0.170469859144944,0.5369307145929826,0.28836331636298196,0.06282372574030326
16,10,OMR forward,43,rIPN,116,80,13,0.12025833585248902,0.6618786434266094,-0.532725040608339,0.6180659109773551
16,10,OMR forward,44,rIO,24,80,13,0.1789513159052187,-0.0856376058301851,0.42705708503149203,-2.7037382966794716
16,10,OMR forward,45,rHc,0,80,13,,,,
16,10,OMR forward,46,rRa,202,80,13,0.11575778743943886,0.6680859768590325,-0.6063206549141994,0.6456499886942643
16,10,OMR forward,47,rT,1238,80,13,0.11002370335861741,0.6994371629955501,-0.7000877698697531,0.7849680331205342
16,10,OMR forward,48,raRF,387,80,13,0.08962406661030213,0.6972685937626686,-1.033674626474896,0.7753313698245281
16,10,OMR forward,49,rimRF,499,80,13,0.08218496827155193,0.6985374991793813,-1.155323137250715,0.7809701172852632
16,10,OMR forward,50,rpRF,804,80,13,0.08194366504058932,0.6772649054333062,-1.15926906958758,0.6864392071094073
16,10,OMR forward,52,rHb,289,80,13,0.2335515371437025,0.294391222714409,1.319912011695585,-1.0149705100990074
16,10,OMR forward,53,rHi,230,80,13,0.1324107664442485,0.6488546397333325,-0.33400134904299683,0.5601899914747636
16,10,OMR forward,54,rHR,68,80,13,0.1896878355498587,0.5805090631925397,0.6026269681290728,0.2564766956719519
16,10,OMR forward,55,rOG,10,80,13,0.16512315614394454,0.43089802211023776,0.200930884633432,-0.4083631473056711
16,10,OMR forward,56,rOB,114,80,13,0.27362861316371084,0.17070551577633958,1.9752759270625602,-1.564603648030629
16,10,OMR forward,57,rOE,56,80,13,0.2106162993834532,0.3492536096831155,0.944861516222179,-0.7711736587851565
16,10,OMR forward,58,rP,703,80,13,0.18296702379776916,0.413442261991364,0.4927243020240202,-0.48593285561418376
16,10,OMR forward,60,rPT,423,80,13,0.2266853019609001,0.5114209262552606,1.207631296131772,-0.05053638157633344
16,10,OMR forward,61,rPO,514,80,13,0.15295591990452673,0.6387141228546537,0.0019650824107639363,0.5151276778877334
16,10,OMR forward,62,rPrT,444,80,13,0.13123183750701325,0.6863476149667446,-0.3532798883221646,0.7268008484450939
16,10,OMR forward,64,rSP,614,80,13,0.13991204301809587,0.6352677297942408,-0.2113360632014637,0.4998126355984175
16,10,OMR forward,65,rTeO,6402,80,13,0.16215150012669968,0.6380309959560223,0.15233661788569988,0.5120920063441471
16,10,OMR forward,66,rTh,1123,80,13,0.18760106962387385,0.5832863077306967,0.5685029445345106,0.2688181833676562
16,10,OMR forward,67,rTL,100,80,13,0.24720415626553052,0.3428104553828987,1.5431676683265294,-0.799805674592601
16,10,OMR forward,68,rTS,98,80,13,0.23081927848071543,0.0742223566769627,1.275232511268044,-1.993354413225343
16,10,OMR forward,69,rTG,3,80,13,0.2189661820379148,0.11202452244746254,1.081403707737118,-1.8253695788624318
16,10,OMR forward,70,rVR,79,80,13,0.12338794095857485,0.60736025548111,-0.48154789747412147,0.3757977186108582
16,10,OMR forward,71,rNX,618,80,13,0.0903383141749855,0.6872780787552312,-1.0219948302667463,0.730935632847092
16,11,OMR rightward,0,MON,979,80,13,0.18711620861152828,-0.023802940771697013,-0.26793111580596446,-1.9531903457907696
16,11,OMR rightward,1,Cb,1796,80,13,0.20013129990061493,0.48698170504237764,-0.04899475962622945,0.5167416412951644
16,11,OMR rightward,2,MOS1,1451,80,13,0.12376969385348252,0.5852064994129669,-1.3335291058440053,0.9917139481745026
16,11,OMR rightward,3,MOS2,563,80,13,0.12741005476764278,0.5642426047268151,-1.272291936159788,0.8903416879008944
16,11,OMR rightward,4,MOS3,1343,80,13,0.16319003207642896,0.5851619083570652,-0.6704108058485633,0.9914983252574628
16,11,OMR rightward,5,MOS4,1047,80,13,0.13255074561457206,0.5698162508573085,-1.1858166209065675,0.9172934120281196
16,11,OMR rightward,6,MOS5,1227,80,13,0.2607361664655393,0.3602922769786103,0.9704839637853788,-0.09587323145929563
16,11,OMR rightward,7,IPN,114,80,13,0.1656500658757889,0.5121108541728194,-0.6290287806174018,0.6382552571686598
16,11,OMR rightward,8,IO,2,80,13,0.2269159756008943,0.03909566269119365,0.4015698325862145,-1.6490401057450323
16,11,OMR rightward,9,Hc,2,80,13,0.1654488393223082,0.22456238953022647,-0.632413759439841,-0.7522038266713635
16,11,OMR rightward,10,Ra,342,80,13,0.16096203150123337,0.5067270402382125,-0.7078896307499835,0.6122214788266909
16,11,OMR rightward,11,T,1109,80,13,0.14407404155669543,0.5706803002131418,-0.9919748437947404,0.9214715782276777
16,11,OMR rightward,12,aRF,421,80,13,0.15929790974871183,0.5617884538923112,-0.7358830381448284,0.8784744837925683
16,11,OMR rightward,13,imRF,570,80,13,0.13116982495262713,0.5654757813362358,-1.209046095920165,0.8963047926619624
16,11,OMR rightward,14,pRF,752,80,13,0.18481854393413874,0.44876953129574526,-0.30658181144974844,0.33196421893848793
16,11,OMR rightward,16,Hb,285,80,13,0.30379381328288735,-0.039830382136250314,1.6947880881651076,-2.030692068722089
16,11,OMR rightward,17,Hi,239,80,13,0.2042414915732279,0.48190901597319913,0.02014577638804582,0.49221232723848113
16,11,OMR rightward,18,HR,73,80,13,0.22274517007803524,0.41975421912032534,0.3314096667274656,0.19165881186593484
16,11,OMR rightward,19,OG,12,80,13,0.2484679857108388,-0.05757356151252861,0.7641119352126179,-2.1164903530934347
16,11,OMR rightward,20,OB,330,80,13,0.3138097841269213,0.10172856839781538,1.8632740489231394,-1.3461746642782724
16,11,OMR rightward,21,OE,43,80,13,0.3611102820895765,0.11830455234587674,2.6589502711955264,-1.2660204284251408
16,11,OMR rightward,22,P,875,80,13,0.2081374633798559,0.32538222731603805,0.08568276358054736,-0.26468302055333154
16,11,OMR rightward,24,PT,380,80,13,0.25413111078725564,0.32303369661785775,0.8593754982012562,-0.2760394917034065
16,11,OMR rightward,25,PO,568,80,13,0.16059056582869302,0.5378964213301177,-0.7141383261287113,0.7629430246043046
16,11,OMR rightward,26,PrT,339,80,13,0.1868041038578746,0.48720512918707837,-0.2731812578136971,0.517822023108138
16,11,OMR rightward,28,SP,822,80,13,0.226553648886814,0.45937727726384736,0.39547487030240536,0.3832586564126993
16,11,OMR rightward,29,TeO,6165,80,13,0.25067498455979187,0.4867797193490524,0.8012374747382466,0.5157649264918394
16,11,OMR rightward,30,Th,941,80,13,0.263502160600206,0.2903121908573001,1.017012771275667,-0.43426643608386933
16,11,OMR rightward,31,TL,141,80,13,0.2592599732567962,0.013874947453744837,0.9456518396795343,-1.7709964954146529
16,11,OMR rightward,32,TS,212,80,13,0.31826083291559965,-0.14177146156725762,1.9381483914326378,-2.523634710886715
16,11,OMR rightward,33,TG,34,80,13,0.26213967378959996,-0.021508024837050194,0.9940933855386526,-1.9420931322760142
16,11,OMR rightward,34,VR,92,80,13,0.1349708806501931,0.49469654980469074,-1.1451057619204243,0.5540472690386725
16,11,OMR rightward,35,NX,658,80,13,0.15229702319389116,0.5269694725852415,-0.853650063999297,0.7101050615852632
16,11,OMR rightward,36,rMON,1277,80,13,0.26046342463569006,0.01404063339582235,0.9658959742677746,-1.7701953103917643
16,11,OMR rightward,37,rCb,1998,80,13,0.1848882833340274,0.5180678897108056,-0.3054086740698679,0.6670608854193483
16,11,OMR rightward,38,rMOS1,1425,80,13,0.11702092904884814,0.526652069699317,-1.4470550076008095,0.7085702395283299
16,11,OMR rightward,39,rMOS2,609,80,13,0.11719647768797503,0.5387786490753477,-1.4441019757296478,0.7672090935742621
16,11,OMR rightward,40,rMOS3,1433,80,13,0.1243718712355499,0.5613142770965853,-1.323399440298422,0.8761815714176657
16,11,OMR rightward,41,rMOS4,1423,80,13,0.12557955740532817,0.5885029321416984,-1.3030840691998247,1.0076540605226223
16,11,OMR rightward,42,rMOS5,1751,80,13,0.25908343726613864,0.41520308013479623,0.9426821988471608,0.1696514867629718
16,11,OMR rightward,43,rIPN,116,80,13,0.1843818498253846,0.49468852467254965,-0.3139277619937877,0.5540084629963643
16,11,OMR rightward,44,rIO,24,80,13,0.24241483425526186,0.41307281225745385,0.6622874536433397,0.15935043951257177
16,11,OMR rightward,45,rHc,0,80,13,,,,
16,11,OMR rightward,46,rRa,202,80,13,0.16223755631688155,0.4331796188233358,-0.6864330962430757,0.2565781950886436
16,11,OMR rightward,47,rT,1238,80,13,0.14744777245139776,0.5797678072333017,-0.9352228524017581,0.9654148025510869
16,11,OMR rightward,48,raRF,387,80,13,0.12493357472267351,0.5872417648040898,-1.3139506156999026,1.001555604796212
16,11,OMR rightward,49,rimRF,499,80,13,0.1640265647030435,0.4797462398496561,-0.6563388795724855,0.4817540842740105
16,11,OMR rightward,50,rpRF,804,80,13,0.21887758895997558,0.4434839009787618,0.26635026004258566,0.306405213790591
16,11,OMR rightward,52,rHb,289,80,13,0.2617543161172683,0.3032171833136663,0.9876110026853764,-0.3718635155530829
16,11,OMR rightward,53,rHi,230,80,13,0.16207582536363,0.5318248035492279,-0.6891536907283454,0.7335833265529302
16,11,OMR rightward,54,rHR,68,80,13,0.2370461341654864,0.43971788971031095,0.5719766283890558,0.2881944242300555
16,11,OMR rightward,55,rOG,10,80,13,0.2685861360529051,0.10372877054846426,1.1025340354603053,-1.3365025582096732
16,11,OMR rightward,56,rOB,114,80,13,0.35467940007938836,0.19595960859009015,2.5507717080906334,-0.8905144124389905
16,11,OMR rightward,57,rOE,56,80,13,0.25956772862692234,0.2973957749223969,0.9508288175303672,-0.4000133100179709
16,11,OMR rightward,58,rP,703,80,13,0.20975397812568444,0.35163543801261066,0.11287533874590756,-0.1377339327243009
16,11,OMR rightward,60,rPT,423,80,13,0.2430762268983592,0.3626014581410599,0.673413222342729,-0.08470703751855901
16,11,OMR rightward,61,rPO,514,80,13,0.2068597150759619,0.5289589246029196,0.06418882615392651,0.7197251846948847
16,11,OMR rightward,62,rPrT,444,80,13,0.159179357800305,0.5768893145015539,-0.7378772870537055,0.9514956659227589
16,11,OMR rightward,64,rSP,614,80,13,0.2106552450115857,0.5030175131621335,0.128036207276283,0.5942838222090645
16,11,OMR rightward,65,rTeO,6402,80,13,0.21478385853948956,0.5032065850569527,0.1974866307728565,0.5951980915096395
16,11,OMR rightward,66,rTh,1123,80,13,0.21433400218943827,0.4931330252224735,0.1899192685548803,0.5464867454210162
16,11,OMR rightward,67,rTL,100,80,13,0.22801369280882425,0.4187877564012641,0.4200353354614418,0.1869854192655544
16,11,OMR rightward,68,rTS,98,80,13,0.24534312930703514,0.18442228338522434,0.7115464433971781,-0.9463038900641334
16,11,OMR rightward,69,rTG,3,80,13,0.1618315935452809,-0.1085015148142724,-0.6932620925201437,-2.3627557448346397
16,11,OMR rightward,70,rVR,79,80,13,0.12904485209207658,0.5591805083001636,-1.2447918163869798,0.8658635952480254
16,11,OMR rightward,71,rNX,618,80,13,0.13361137759517067,0.5051684225789477,-1.1679749557255736,0.6046846829503787
16,12,OMR leftward,0,MON,979,80,13,0.3424739270609033,-0.02603768803251986,0.8930874742190484,-1.9966989875652181
16,12,OMR leftward,1,Cb,1796,80,13,0.22865624941973514,0.3918188717866259,-1.1751024579923701,0.811450421912054
16,12,OMR leftward,2,MOS1,1451,80,13,0.20664786207758457,0.44734566013031535,-1.5750185876181009,1.1846108144759249
16,12,OMR leftward,3,MOS2,563,80,13,0.26496659742985007,0.3946891467918044,-0.5153042812419253,0.8307397231601137
16,12,OMR leftward,4,MOS3,1343,80,13,0.2036136818686161,0.4442338804289277,-1.630152913768101,1.163698513052065
16,12,OMR leftward,5,MOS4,1047,80,13,0.2659148132498932,0.41113249105926664,-0.49807417733170944,0.941245030326982
16,12,OMR leftward,6,MOS5,1227,80,13,0.2775421159657866,0.3301862854847524,-0.2867935492767298,0.39725682661927747
16,12,OMR leftward,7,IPN,114,80,13,0.28013155792522954,0.11413751662141387,-0.23974059668135358,-1.0546701766673596
16,12,OMR leftward,8,IO,2,80,13,0.2967848115802621,0.31450038971586236,0.06286697941492374,0.29184185129952833
16,12,OMR leftward,9,Hc,2,80,13,0.22639515999111418,0.08334362476023473,-1.2161888910405532,-1.2616164294266898
16,12,OMR leftward,10,Ra,342,80,13,0.22207917425909438,0.3507040756394653,-1.2946150057138228,0.5351439052179076
16,12,OMR leftward,11,T,1109,80,13,0.24185018157064717,0.4335274230444232,-0.9353544838083773,1.091747190821052
16,12,OMR leftward,12,aRF,421,80,13,0.23768042619643287,0.46701058141369894,-1.0111234352002936,1.3167663013091375
16,12,OMR leftward,13,imRF,570,80,13,0.22497241303683302,0.45305026326988357,-1.2420417373462525,1.2229478408100671
16,12,OMR leftward,14,pRF,752,80,13,0.2275169754180128,0.4300957904815509,-1.1958042950815158,1.0686853608018136
16,12,OMR leftward,16,Hb,285,80,13,0.3104009837325077,-0.07299592728830877,0.310287509724057,-2.3122755861312654
16,12,OMR leftward,17,Hi,239,80,13,0.2716998738648158,0.36563580696244613,-0.39295338793433265,0.6354906187294772
16,12,OMR leftward,18,HR,73,80,13,0.30527986967129356,0.3102186504561809,0.21723134514037165,0.26306699234119546
16,12,OMR leftward,19,OG,12,80,13,0.23343975298137953,0.13970890206512399,-1.0881810402308816,-0.8828210833700091
16,12,OMR leftward,20,OB,330,80,13,0.3289520627664657,0.24559847482700764,0.6473806193783417,-0.1712042994913902
16,12,OMR leftward,21,OE,43,80,13,0.4388703625431483,0.013919566163179254,2.6447146510973742,-1.7281715775311384
16,12,OMR leftward,22,P,875,80,13,0.32465987362817145,0.20372534315540072,0.5693869144729048,-0.4526071091720134
16,12,OMR leftward,24,PT,380,80,13,0.2802390662595873,0.29061790058216613,-0.23778705431995964,0.13134276092587627
16,12,OMR leftward,25,PO,568,80,13,0.31994606222843236,0.3745060178670215,0.48373187844221416,0.6951016908265696
16,12,OMR leftward,26,PrT,339,80,13,0.24561154891734024,0.42971628870217354,-0.8670063832408637,1.0661349695907356
16,12,OMR leftward,28,SP,822,80,13,0.32283807036680323,0.2752799320677188,0.536282784765475,0.028265984423747885
16,12,OMR leftward,29,TeO,6165,80,13,0.2516380053063654,0.33835772345756904,-0.7574991723312576,0.4521718882085389
16,12,OMR leftward,30,Th,941,80,13,0.2856810378520065,0.3124243564112426,-0.13890056241396959,0.2778901457167649
16,12,OMR leftward,31,TL,141,80,13,0.37042214017780595,0.059639553587867614,1.4009366430793517,-1.4209164856318623
16,12,OMR leftward,32,TS,212,80,13,0.35246866900924584,0.08438741356751148,1.074702712739224,-1.254601785635907
16,12,OMR leftward,33,TG,34,80,13,0.26241404205871044,0.08576340319153933,-0.5616869647530645,-1.24535463045942
16,12,OMR leftward,34,VR,92,80,13,0.2862839795444427,0.366843484502877,-0.12794446171106794,0.6436066549440762
16,12,OMR leftward,35,NX,658,80,13,0.27814133776751254,0.35747764522116265,-0.2759050429991871,0.580664778287674
16,12,OMR leftward,36,rMON,1277,80,13,0.3368700396672012,0.054777646079055,0.7912587976101253,-1.4535902881101923
16,12,OMR leftward,37,rCb,1998,80,13,0.27991923052744977,0.4538983911649863,-0.24359881445140166,1.228647571475597
16,12,OMR leftward,38,rMOS1,1425,80,13,0.31891998758435086,0.4026275081060402,0.46508699574414025,0.8840884240790052
16,12,OMR leftward,39,rMOS2,609,80,13,0.2846021764760317,0.33898113730017304,-0.15850463695041717,0.4563614579851294
16,12,OMR leftward,40,rMOS3,1433,80,13,0.36020075394726525,0.2915638197451046,1.2152030335613662,0.1376996847946042
16,12,OMR leftward,41,rMOS4,1423,80,13,0.2771476134064357,0.44942352550773657,-0.2939620861717937,1.1985748322601715
16,12,OMR leftward,42,rMOS5,1751,80,13,0.3626571311089081,0.26065195782050427,1.2598380552970962,-0.07003937007862758
16,12,OMR leftward,43,rIPN,116,80,13,0.3613332037401701,0.21199809229341526,1.235780867417761,-0.39701119937769574
16,12,OMR leftward,44,rIO,24,80,13,0.2954293617418667,0.4040334195935871,0.03823699427127128,0.8935366651578118
16,12,OMR leftward,45,rHc,0,80,13,,,,
16,12,OMR leftward,46,rRa,202,80,13,0.27921805037232833,0.3422330677171416,-0.25634001395171613,0.47821562364433057
16,12,OMR leftward,47,rT,1238,80,13,0.2429988685841684,0.44337883836341985,-0.9144816021448061,1.1579523166243404
16,12,OMR leftward,48,raRF,387,80,13,0.2823617947179776,0.37718356757454463,-0.19921478929534253,0.7130958073561307
16,12,OMR leftward,49,rimRF,499,80,13,0.22602105984937804,0.44772963534633364,-1.222986694007653,1.1871912688227044
16,12,OMR leftward,50,rpRF,804,80,13,0.35624487250079195,0.1745448348341234,1.143320402056515,-0.648710832531311
16,12,OMR leftward,52,rHb,289,80,13,0.22735013119160377,0.19114601312592638,-1.198836034583306,-0.5371448228055558
16,12,OMR leftward,53,rHi,230,80,13,0.2934139448156019,0.3388968242586718,0.0016146954992778267,0.4557948434085736
16,12,OMR leftward,54,rHR,68,80,13,0.2970770043334202,0.23863276465668923,0.06817643681091765,-0.218016427820393
16,12,OMR leftward,55,rOG,10,80,13,0.1813664391906,-0.04357336005260859,-2.034409302403943,-2.1145451380464078
16,12,OMR leftward,56,rOB,114,80,13,0.37946602365637455,0.07783286293519946,1.5652737578941363,-1.2986507709994066
16,12,OMR leftward,57,rOE,56,80,13,0.36398173087568797,0.02567204435026208,1.2839074613738968,-1.649190611681912
16,12,OMR leftward,58,rP,703,80,13,0.3880457493502534,0.22481383591858314,1.7211766252602998,-0.31088469963193693
16,12,OMR leftward,60,rPT,423,80,13,0.32325663123028514,0.2559935225475069,0.5438884869886408,-0.10134576447056326
16,12,OMR leftward,61,rPO,514,80,13,0.32440295829727944,0.3800953179399807,0.5647184858790901,0.732663838244011
16,12,OMR leftward,62,rPrT,444,80,13,0.2849818379462772,0.4022338831375246,-0.15160577864752836,0.881443119854582
16,12,OMR leftward,64,rSP,614,80,13,0.3794359938400456,0.23035166592743087,1.5647280837503228,-0.27366844993165235
16,12,OMR leftward,65,rTeO,6402,80,13,0.384572772886196,0.2915664379098898,1.6580688980018354,0.13771727982266513
16,12,OMR leftward,66,rTh,1123,80,13,0.33681511155648997,0.3175484951504653,0.7902606946095835,0.3123262382860803
16,12,OMR leftward,67,rTL,100,80,13,0.3096259989893683,0.1841584779838626,0.2962052012760542,-0.5841036229531011
16,12,OMR leftward,68,rTS,98,80,13,0.364554290552768,-0.06309586209154802,1.2943114880968847,-2.2457435152979084
16,12,OMR leftward,69,rTG,3,80,13,0.18359097198530247,0.05863001243420807,-1.9939871428130354,-1.4277009726235683
16,12,OMR leftward,70,rVR,79,80,13,0.291379993521583,0.31891279597665306,-0.03534439272039549,0.3214948404520167
16,12,OMR leftward,71,rNX,618,80,13,0.27267605061927735,0.3164003916342424,-0.3752152036954905,0.3046105613741382
17,10,OMR forward,0,MON,814,192,35,0.21886740277165395,-0.46637982024353397,0.8709098820701424,-3.8514838995818534
17,10,OMR forward,1,Cb,2094,192,35,0.09974200078626556,0.7527227002927759,-0.6248593867498641,0.4726467564967724
17,10,OMR forward,2,MOS1,1271,192,35,0.09138466482201058,0.7768818663599625,-0.7297962524073678,0.558338803602424
17,10,OMR forward,3,MOS2,373,192,35,0.09049458654623878,0.7726123192667163,-0.7409723047820498,0.543194811064901
17,10,OMR forward,4,MOS3,1049,192,35,0.09222844234050676,0.7769072626047167,-0.7192015642816346,0.558428883541265
17,10,OMR forward,5,MOS4,897,192,35,0.093796559553494,0.7721062620297503,-0.699511880150439,0.5413998368316164
17,10,OMR forward,6,MOS5,997,192,35,0.18187786403345535,0.6923854078318109,0.4064596943661715,0.2586316661822499
17,10,OMR forward,7,IPN,99,192,35,0.11450084425041368,0.7228836582456647,-0.4395435420259527,0.3668083103526611
17,10,OMR forward,8,IO,42,192,35,0.2483694041911028,0.5843452790424747,1.2413446202237097,-0.12458436783852227
17,10,OMR forward,9,Hc,22,192,35,0.10909177591104963,0.6803343895887985,-0.5074611990506098,0.21588696133277743
17,10,OMR forward,10,Ra,308,192,35,0.11125225628274628,0.7457481764089762,-0.48033365033292275,0.44790826893772495
17,10,OMR forward,11,T,1187,192,35,0.11253429456691535,0.7523746736628321,-0.46423604700944315,0.4714123134582905
17,10,OMR forward,12,aRF,360,192,35,0.0966375371686236,0.7634052050944563,-0.6638398325493939,0.5105373733386869
17,10,OMR forward,13,imRF,427,192,35,0.09414349731922965,0.769652724644399,-0.6951556400913783,0.5326971920211003
17,10,OMR forward,14,pRF,659,192,35,0.10177558156341418,0.7564277962427599,-0.5993252220677159,0.4857886528600008
17,10,OMR forward,16,Hb,420,192,35,0.14739689814774676,0.6623303736154704,-0.026492205660995284,0.15202710041759476
17,10,OMR forward,17,Hi,242,192,35,0.09162590893865001,0.7672069292682497,-0.7267671290639086,0.5240220079522084
17,10,OMR forward,18,HR,65,192,35,0.10369132122212141,0.7425236368949076,-0.5752707008590028,0.43647089600998573
17,10,OMR forward,19,OG,12,192,35,0.3079709116484366,0.11965208111586638,1.9897165186116057,-1.7728412362942474
17,10,OMR forward,20,OB,213,192,35,0.4187932235022322,-0.06239637430477189,3.381230046438583,-2.4185632274438005
17,10,OMR forward,21,OE,56,192,35,0.37597660136608574,0.005755940838172625,2.8436134968316256,-2.1768284182476934
17,10,OMR forward,22,P,859,192,35,0.1325725363454451,0.728733976658866,-0.2126307155354195,0.3875592650690995
17,10,OMR forward,24,PT,320,192,35,0.09794703793405883,0.761483760133013,-0.6473974032287815,0.5037220490146179
17,10,OMR forward,25,PO,558,192,35,0.10200308959286013,0.7568886705429272,-0.5964685725774855,0.48742336417950116
17,10,OMR forward,26,PrT,384,192,35,0.10129397591662562,0.7623465720154513,-0.6053723867710499,0.506782424371433
17,10,OMR forward,28,SP,804,192,35,0.12145439626467737,0.7363090050380057,-0.352232949669229,0.4144277292738111
17,10,OMR forward,29,TeO,7904,192,35,0.15508191104099078,0.6826640126788608,0.07000279813013473,0.2241500847790444
17,10,OMR forward,30,Th,764,192,35,0.12875993719742831,0.7196552414227874,-0.2605026936768435,0.35535718469321903
17,10,OMR forward,31,TL,97,192,35,0.26099572927658843,0.48301453531683286,1.3998840142256461,-0.4840023560439238
17,10,OMR forward,32,TS,353,192,35,0.3019418927837496,0.378862291676593,1.914014602910696,-0.8534281443082319
17,10,OMR forward,33,TG,25,192,35,0.28616467450417876,0.2021516288335764,1.7159117813735905,-1.4802170989560404
17,10,OMR forward,34,VR,120,192,35,0.09851148875393126,0.7405284761149167,-0.6403100131670968,0.4293941032487262
17,10,OMR forward,35,NX,289,192,35,0.09333624632869338,0.7575371768914502,-0.7052916917121466,0.48972360237528156
17,10,OMR forward,36,rMON,960,192,35,0.22315584838125807,-0.49915089918206634,0.9247567111002657,-3.9677222180856493
17,10,OMR forward,37,rCb,2225,192,35,0.12638024877853152,0.73848703327545,-0.29038267516718336,0.42215314900897377
17,10,OMR forward,38,rMOS1,1381,192,35,0.09174716259113774,0.7764361209312571,-0.7252446369329224,0.5567577540675385
17,10,OMR forward,39,rMOS2,388,192,35,0.09390580281816259,0.76939766160743,-0.6981401935462931,0.5317924888654499
17,10,OMR forward,40,rMOS3,1340,192,35,0.09412586992936953,0.7770407617805326,-0.6953769741444253,0.5589024022724485
17,10,OMR forward,41,rMOS4,1159,192,35,0.09202342460031081,0.7755294464475078,-0.7217758198999756,0.5535417989987719
17,10,OMR forward,42,rMOS5,1456,192,35,0.20179566150325848,0.643515680357271,0.6565526960381965,0.08529178445195713
17,10,OMR forward,43,rIPN,132,192,35,0.09470166161595124,0.7635069814866162,-0.6881471852356197,0.51089837203239
17,10,OMR forward,44,rIO,6,192,35,0.17941379598521862,0.5680443231112718,0.3755202204890057,-0.18240351108374495
17,10,OMR forward,45,rHc,0,192,35,,,,
17,10,OMR forward,46,rRa,224,192,35,0.1112297612491439,0.7514331994841842,-0.48061610377612407,0.4680729246134485
17,10,OMR forward,47,rT,1185,192,35,0.09178947160867242,0.7750500557594276,-0.7247133939975987,0.5518414104460078
17,10,OMR forward,48,raRF,228,192,35,0.09308910455261456,0.7736667271500608,-0.7083948675884859,0.5469347733532041
17,10,OMR forward,49,rimRF,298,192,35,0.09663727921509886,0.7692933402741166,-0.6638430714803747,0.531422463319719
17,10,OMR forward,50,rpRF,560,192,35,0.09584334142587056,0.7700985828317062,-0.6738119591121515,0.534278641508343
17,10,OMR forward,52,rHb,349,192,35,0.15628750711441078,0.6897993663860511,0.08514057334161217,0.24945903229369024
17,10,OMR forward,53,rHi,240,192,35,0.0945077897609256,0.7685205028577242,-0.6905814902453276,0.5286812254762302
17,10,OMR forward,54,rHR,62,192,35,0.10146255558801155,0.7543332295841578,-0.6032556569417749,0.47835926956606994
17,10,OMR forward,55,rOG,23,192,35,0.14349401207086018,0.5778188769173742,-0.0754978497655874,-0.14773337707084558
17,10,OMR forward,56,rOB,129,192,35,0.3637486285055098,0.2874930716214823,2.6900759160975185,-1.1775128203767289
17,10,OMR forward,57,rOE,84,192,35,0.31209539677449005,0.23389349461349243,2.0415046175261655,-1.3676293775889434
17,10,OMR forward,58,rP,1036,192,35,0.15750514070561983,0.7173434379373655,0.10042949473082884,0.34715726700480004
17,10,OMR forward,60,rPT,350,192,35,0.11912403496721448,0.7508063585559832,-0.3814935671017734,0.46584953320176786
17,10,OMR forward,61,rPO,530,192,35,0.10559552571818719,0.7575402811075013,-0.5513610181272423,0.4897346129634508
17,10,OMR forward,62,rPrT,507,192,35,0.09388466710516365,0.7724184673972047,-0.6984055790094398,0.5425072226155517
17,10,OMR forward,64,rSP,789,192,35,0.11918958220738127,0.7423759755807177,-0.38067053905012854,0.43594714447584504
17,10,OMR forward,65,rTeO,7951,192,35,0.135090926726961,0.7237605511231616,-0.18100915643230403,0.3699186306988231
17,10,OMR forward,66,rTh,1006,192,35,0.11845920635303567,0.7484298973015072,-0.38984132663540194,0.45742027578464595
17,10,OMR forward,67,rTL,90,192,35,0.20608284766862495,0.6566608989936317,0.7103837111616713,0.13191759477456827
17,10,OMR forward,68,rTS,145,192,35,0.18170900675839985,0.5515305914677001,0.4043394788736296,-0.24097736524558397
17,10,OMR forward,69,rTG,9,192,35,0.2459743201594519,0.08253741646425017,1.2112713274492235,-1.9044861607420525
17,10,OMR forward,70,rVR,72,192,35,0.10419785932616484,0.7341295703081689,-0.5689104777924948,0.40669732074011083
17,10,OMR forward,71,rNX,587,192,35,0.09147868772523823,0.7661115849407654,-0.7286156765866841,0.5201368449690712
17,11,OMR rightward,0,MON,814,192,35,0.3999199976757168,-0.010685032952667721,1.0173123416541674,-2.217190204375092
17,11,OMR rightward,1,Cb,2094,192,35,0.33567943539586176,0.35598132225553586,-0.3574271931525232,0.40385303421313296
17,11,OMR rightward,2,MOS1,1271,192,35,0.3723834135382056,0.4429774581081149,0.42803308375392246,1.02572801788931
17,11,OMR rightward,3,MOS2,373,192,35,0.36390707252248167,0.4125611432750108,0.24664050729957032,0.8083028977393865
17,11,OMR rightward,4,MOS3,1049,192,35,0.36482416658288186,0.34465526705803456,0.2662661988754969,0.3228909279996212
17,11,OMR rightward,5,MOS4,897,192,35,0.34126277234840136,0.4383948363780217,-0.2379445209529016,0.9929700363345312
17,11,OMR rightward,6,MOS5,997,192,35,0.38071029058051375,0.27710364461087683,0.6062271509488317,-0.15998872745785883
17,11,OMR rightward,7,IPN,99,192,35,0.3726590951404553,0.1749737092798323,0.4339326335738715,-0.8900447379278859
17,11,OMR rightward,8,IO,42,192,35,0.3796277298474178,0.24644281487588585,0.5830604944657677,-0.37916171490245354
17,11,OMR rightward,9,Hc,22,192,35,0.1960448884810617,0.11709983450837655,-3.3455880257483437,-1.3037448934125413
17,11,OMR rightward,10,Ra,308,192,35,0.37923279164567175,0.24629853769983218,0.5746088691923064,-0.38019305227880856
17,11,OMR rightward,11,T,1187,192,35,0.36573690330615827,0.4351816973467984,0.2857986440133794,0.9700015359177161
17,11,OMR rightward,12,aRF,360,192,35,0.3345866056866129,0.31837409818571794,-0.38081360436684103,0.13502509576130067
17,11,OMR rightward,13,imRF,427,192,35,0.3613702650739277,0.4144187100496618,0.19235316347890738,0.821581353113784
17,11,OMR rightward,14,pRF,659,192,35,0.3651511540185506,0.4247211607556055,0.2732636867436848,0.8952264213894622
17,11,OMR rightward,16,Hb,420,192,35,0.3313500976333888,0.39820202590061504,-0.45007444856842876,0.705659535533754
17,11,OMR rightward,17,Hi,242,192,35,0.2972003107801046,0.38908960017937383,-1.180875369766989,0.64052112977456
17,11,OMR rightward,18,HR,65,192,35,0.3160319145700664,0.2993456350517931,-0.7778815397768943,-0.0009961778829059662
17,11,OMR rightward,19,OG,12,192,35,0.3233186846718285,0.07473812559800447,-0.6219456235204288,-1.6065593434908045
17,11,OMR rightward,20,OB,213,192,35,0.4005849569988274,0.020263509719573414,1.0315423832054247,-1.9959605568685026
17,11,OMR rightward,21,OE,56,192,35,0.38672678401370236,-0.009863064626184281,0.7349793145347804,-2.211314523408291
17,11,OMR rightward,22,P,859,192,35,0.4203789390978562,0.1686542987991965,1.455130981702545,-0.9352178166051723
17,11,OMR rightward,24,PT,320,192,35,0.38686451150282913,0.27026126547839857,0.7379266645829852,-0.20890014598944395
17,11,OMR rightward,25,PO,558,192,35,0.3897753262408204,0.37350301565925903,0.8002177149225215,0.5291034570351749
17,11,OMR rightward,26,PrT,384,192,35,0.37871795472005904,0.3770258122812464,0.5635914270887512,0.5542854846082758
17,11,OMR rightward,28,SP,804,192,35,0.4262328956670104,0.2583447811620814,1.580404877899143,-0.2940828201055088
17,11,OMR rightward,29,TeO,7904,192,35,0.38331230201618677,0.25528269885931687,0.6619098514684151,-0.31597152083209823
17,11,OMR rightward,30,Th,764,192,35,0.40240179053398223,0.29576613224258197,1.0704223805201925,-0.02658355862380615
17,11,OMR rightward,31,TL,97,192,35,0.32761829745309595,0.3542686358605976,-0.5299344787701894,0.39161022809931323
17,11,OMR rightward,32,TS,353,192,35,0.3621777456280962,0.10118042144564367,0.20963314052156012,-1.4175417263580572
17,11,OMR rightward,33,TG,25,192,35,0.26935702273786855,-0.04844082531386929,-1.7767180506564049,-2.4870801544079395
17,11,OMR rightward,34,VR,120,192,35,0.3353961889009502,0.37041871617937977,-0.3634886306747235,0.5070559411322545
17,11,OMR rightward,35,NX,289,192,35,0.40713101101366833,0.23687206758994073,1.1716270731864755,-0.4475763433671211
17,11,OMR rightward,36,rMON,960,192,35,0.3033722651808106,0.06160685602365096,-1.0487963620411271,-1.7004256741291728
17,11,OMR rightward,37,rCb,2225,192,35,0.3504759409616066,0.4104936481758237,-0.04078393138276341,0.7935238105022668
17,11,OMR rightward,38,rMOS1,1381,192,35,0.3139874315707927,0.4230758098077896,-0.8216332055094829,0.8834649496437689
17,11,OMR rightward,39,rMOS2,388,192,35,0.31313420347196685,0.43739076955404904,-0.8398921739561466,0.9857926596194795
17,11,OMR rightward,40,rMOS3,1340,192,35,0.3247192501749057,0.3918417216901646,-0.5919737070266274,0.6601941359698937
17,11,OMR rightward,41,rMOS4,1159,192,35,0.31941734342156475,0.4609145883112329,-0.7054338101920392,1.1539481099996514
17,11,OMR rightward,42,rMOS5,1456,192,35,0.3287920908513607,0.4190671781619831,-0.5048154553211116,0.8548100247454485
17,11,OMR rightward,43,rIPN,132,192,35,0.37509031032229967,0.3604979530673792,0.4859603168550899,0.43613929250334094
17,11,OMR rightward,44,rIO,6,192,35,0.31106060794918466,0.24690303075404466,-0.8842668438407025,-0.3758719510650975
17,11,OMR rightward,45,rHc,0,192,35,,,,
17,11,OMR rightward,46,rRa,224,192,35,0.3803601570552374,0.4053031341995767,0.598734339824892,0.7564204292702617
17,11,OMR rightward,47,rT,1185,192,35,0.32815480832591193,0.4574939034379293,-0.5184532170635954,1.129496008433304
17,11,OMR rightward,48,raRF,228,192,35,0.31896646602941253,0.42654749113081386,-0.7150825267403463,0.9082815894281279
17,11,OMR rightward,49,rimRF,298,192,35,0.31887603011346277,0.43238547087248297,-0.7170178433784695,0.9500132539552104
17,11,OMR rightward,50,rpRF,560,192,35,0.3257595080074777,0.433304984684768,-0.5697123270187893,0.9565862198852579
17,11,OMR rightward,52,rHb,349,192,35,0.41485241993591504,0.25799631365902836,1.3368642027056605,-0.29657377238343546
17,11,OMR rightward,53,rHi,240,192,35,0.3201610168994239,0.41815230842734563,-0.6895192961417669,0.8482702561026482
17,11,OMR rightward,54,rHR,62,192,35,0.35573230609021544,0.37125097032570437,0.07170158703779737,0.5130051482848237
17,11,OMR rightward,55,rOG,23,192,35,0.24373413875563643,0.2055917536654575,-2.325044378385102,-0.6711775932448997
17,11,OMR rightward,56,rOB,129,192,35,0.4041143667244788,0.1963799230006236,1.1070712844508261,-0.7370265759402784
17,11,OMR rightward,57,rOE,84,192,35,0.45451981970505173,-0.023682182201408518,2.1857413104129604,-2.31009780191016
17,11,OMR rightward,58,rP,1036,192,35,0.42717337273230327,0.2452898708686494,1.6005309626865816,-0.3874033112521431
17,11,OMR rightward,60,rPT,350,192,35,0.36190273685619945,0.4215771043348745,0.20374798918216047,0.8727517445988481
17,11,OMR rightward,61,rPO,530,192,35,0.3986595602314035,0.38497589666686266,0.990339147081249,0.6111151190406284
17,11,OMR rightward,62,rPrT,507,192,35,0.34062090937913697,0.42858808606506743,-0.2516803035871216,0.9228683860598659
17,11,OMR rightward,64,rSP,789,192,35,0.40880640374316046,0.3610124459538199,1.2074802559703814,0.4398170449945437
17,11,OMR rightward,65,rTeO,7951,192,35,0.40327111327767984,0.3046936287292954,1.0890257722380525,0.03723291641310729
17,11,OMR rightward,66,rTh,1006,192,35,0.35128739702006556,0.4175549519900039,-0.023418879074188832,0.844000169608804
17,11,OMR rightward,67,rTL,90,192,35,0.3460249108521972,0.3275268219993715,-0.13603538692518913,0.20045156460876304
17,11,OMR rightward,68,rTS,145,192,35,0.2934143364334246,0.1810010124483643,-1.2618947199630728,-0.8469597316479076
17,11,OMR rightward,69,rTG,9,192,35,0.24570495413125562,0.0045768380843233085,-2.2828691900536917,-2.1080936829148764
17,11,OMR rightward,70,rVR,72,192,35,0.3223730460659671,0.3906932641943397,-0.6421821645932456,0.65198461057581
17,11,OMR rightward,71,rNX,587,192,35,0.34262081705265957,0.3831069857119948,-0.20888254392901628,0.5977555719968362
17,12,OMR leftward,0,MON,814,192,35,0.309423991051082,-0.07900037103904001,0.23480108348855763,-2.428790463927334
17,12,OMR leftward,1,Cb,2094,192,35,0.23494491022152947,0.5598288249612512,-1.1404795742079146,0.8899825585365729
17,12,OMR leftward,2,MOS1,1271,192,35,0.24063691180060082,0.5517752305990006,-1.0353748979943422,0.8481434380476394
17,12,OMR leftward,3,MOS2,373,192,35,0.24372557595767763,0.565724240224813,-0.9783417012089349,0.9206097516195298
17,12,OMR leftward,4,MOS3,1049,192,35,0.24851367952367737,0.534224075107554,-0.8899277982979032,0.7569636646077672
17,12,OMR leftward,5,MOS4,897,192,35,0.24538657901023517,0.5627794461139826,-0.947670735011259,0.9053112910718213
17,12,OMR leftward,6,MOS5,997,192,35,0.2856037003786355,0.49688192689420485,-0.20504839716621223,0.562967969252517
17,12,OMR leftward,7,IPN,99,192,35,0.3556918264716501,0.15437899093120483,1.0891518410256034,-1.2163644581091302
17,12,OMR leftward,8,IO,42,192,35,0.2530492627117568,0.5310247173911335,-0.8061767669953805,0.7403427240731975
17,12,OMR leftward,9,Hc,22,192,35,0.21814115597310701,0.3502424881651392,-1.450766408271132,-0.19883662003405383
17,12,OMR leftward,10,Ra,308,192,35,0.382573459616149,0.33029020299475914,1.5855300145899118,-0.3024904701939232
17,12,OMR leftward,11,T,1187,192,35,0.24501232546059956,0.5656522256670852,-0.954581449565672,0.9202356297526704
17,12,OMR leftward,12,aRF,360,192,35,0.23479072449488958,0.566860759142995,-1.143326664225392,0.9265140658694073
17,12,OMR leftward,13,imRF,427,192,35,0.24742712585450227,0.5608015268036669,-0.9099913682040011,0.895035828884456
17,12,OMR leftward,14,pRF,659,192,35,0.24332747488288836,0.5488886288156329,-0.9856927681376317,0.8331472916829821
17,12,OMR leftward,16,Hb,420,192,35,0.28394401291149673,0.4770034970198396,-0.23569507064760065,0.4596978037543923
17,12,OMR leftward,17,Hi,242,192,35,0.2462923291226822,0.5351122641331053,-0.9309457620862367,0.7615778835497063
17,12,OMR leftward,18,HR,65,192,35,0.2600605644050103,0.5028209399212163,-0.6767107814245705,0.5938216564939789
17,12,OMR leftward,19,OG,12,192,35,0.25251490335162885,0.33750148179915396,-0.8160438878574772,-0.26502725200769556
17,12,OMR leftward,20,OB,213,192,35,0.4330077749774968,0.13066689751698105,2.516816190897069,-1.3395508378519152
17,12,OMR leftward,21,OE,56,192,35,0.37998983374618367,-0.07102740040913356,1.5378225154356298,-2.3873701907133054
17,12,OMR leftward,22,P,859,192,35,0.31390040175196204,0.3980315600358475,0.3174594754055413,0.04943174886031832
17,12,OMR leftward,24,PT,320,192,35,0.2997582776352497,0.506388634823804,0.056320514776210154,0.6123561406240445
17,12,OMR leftward,25,PO,558,192,35,0.3248719856173845,0.47636143186708996,0.5200533703133186,0.45636221965624685
17,12,OMR leftward,26,PrT,384,192,35,0.2557078396528871,0.5459785840351098,-0.7570852717270395,0.818029356916961
17,12,OMR leftward,28,SP,804,192,35,0.35660671228915797,0.3040683625231463,1.1060455077412128,-0.43871520334857594
17,12,OMR leftward,29,TeO,7904,192,35,0.3508218506482376,0.31242535493363705,0.9992261400262015,-0.39529990371211454
17,12,OMR leftward,30,Th,764,192,35,0.33974258648247035,0.4463656176669687,0.7946438930519149,0.3005313659985238
17,12,OMR leftward,31,TL,97,192,35,0.34290203714470985,0.38397162016110065,0.8529841858741134,-0.023610856965970727
17,12,OMR leftward,32,TS,353,192,35,0.33839321168275305,0.1905552842694413,0.7697272447613533,-1.0284254798417292
17,12,OMR leftward,33,TG,25,192,35,0.29925134901135164,0.0562756494780371,0.04695991145626337,-1.7260198167978238
17,12,OMR leftward,34,VR,120,192,35,0.23851721935067305,0.5347093682868946,-1.0745157143709885,0.759484804721064
17,12,OMR leftward,35,NX,289,192,35,0.2489144179982928,0.5377486787159628,-0.8825280309163122,0.7752742857310709
17,12,OMR leftward,36,rMON,960,192,35,0.3064871874139159,-0.3484397169297801,0.18057204101567362,-3.828551210510529
17,12,OMR leftward,37,rCb,2225,192,35,0.2696415339367059,0.5182765544307821,-0.49979503632998395,0.674114912971764
17,12,OMR leftward,38,rMOS1,1381,192,35,0.25173405284808203,0.5671820064344221,-0.8304625485353406,0.9281829733817796
17,12,OMR leftward,39,rMOS2,388,192,35,0.23168548805775627,0.57058972732882,-1.2006658735979818,0.9458863786788805
17,12,OMR leftward,40,rMOS3,1340,192,35,0.33509462187164607,0.2823886801692099,0.7088177019157326,-0.5513430315416349
17,12,OMR leftward,41,rMOS4,1159,192,35,0.27960548715043265,0.5477809988274085,-0.31580737192269615,0.8273930579272198
17,12,OMR leftward,42,rMOS5,1456,192,35,0.3588569908145867,0.21500887486559137,1.1475976388360414,-0.9013869579942666
17,12,OMR leftward,43,rIPN,132,192,35,0.3094396966959904,0.4372610597404801,0.23509109337346282,0.2532323987361125
17,12,OMR leftward,44,rIO,6,192,35,0.2618945809848623,0.3223387602741744,-0.642845063694549,-0.34379890405381147
17,12,OMR leftward,45,rHc,0,192,35,,,,
17,12,OMR leftward,46,rRa,224,192,35,0.3777495016422404,0.19222139895193457,1.4964540482760962,-1.0197698697111817
17,12,OMR leftward,47,rT,1185,192,35,0.24257430403550678,0.5771658020765114,-0.9996003148850903,0.9800496567553797
17,12,OMR leftward,48,raRF,228,192,35,0.281862673070625,0.46058239829147557,-0.2741276935178355,0.3743887731087641
17,12,OMR leftward,49,rimRF,298,192,35,0.24596642793229898,0.5476599127733278,-0.9369636344668054,0.8267640053851701
17,12,OMR leftward,50,rpRF,560,192,35,0.2573823098385062,0.5578282561672091,-0.7261656304999748,0.8795894303188592
17,12,OMR leftward,52,rHb,349,192,35,0.3061643932915619,0.42776968169231505,0.17461154166542675,0.20392386742684235
17,12,OMR leftward,53,rHi,240,192,35,0.2556298446136544,0.5177806531270633,-0.758525475709934,0.6715386627332168
17,12,OMR leftward,54,rHR,62,192,35,0.26684289807267464,0.39719802317394615,-0.5514727655509745,0.045101452643696804
17,12,OMR leftward,55,rOG,23,192,35,0.24403583342625768,0.19945461853941718,-0.9726126952828212,-0.9821926672558263
17,12,OMR leftward,56,rOB,129,192,35,0.42089004119524404,0.039035967911932874,2.293058261821839,-1.8155814562089145
17,12,OMR leftward,57,rOE,84,192,35,0.46235965871330886,0.10025390516516293,3.0588083519066713,-1.4975489681527243
17,12,OMR leftward,58,rP,1036,192,35,0.3247673548074917,0.35817677929770847,0.5181213280882807,-0.1576172901599485
17,12,OMR leftward,60,rPT,350,192,35,0.3487476688524461,0.4375970687280761,0.9609256928063117,0.2549779945390609
17,12,OMR leftward,61,rPO,530,192,35,0.3042293055597034,0.4890344392550098,0.13887951196085516,0.5221995910472922
17,12,OMR leftward,62,rPrT,507,192,35,0.28730942562490364,0.49880153095661756,-0.17355162099216645,0.5729404786744948
17,12,OMR leftward,64,rSP,789,192,35,0.35474855543426964,0.3379376558783611,1.071734031914298,-0.26276128987535424
17,12,OMR leftward,65,rTeO,7951,192,35,0.36709619650480046,0.393062410181371,1.2997372744803843,0.023616584830762094
17,12,OMR leftward,66,rTh,1006,192,35,0.2845746692245362,0.49541389887618337,-0.2240497949632472,0.5553414365064642
17,12,OMR leftward,67,rTL,90,192,35,0.3144596951683996,0.4040341978323312,0.3277870117961134,0.0806159722917458
17,12,OMR leftward,68,rTS,145,192,35,0.30026623984600687,0.3200164348497339,0.06570020361654115,-0.35586358584398387
17,12,OMR leftward,69,rTG,9,192,35,0.25819158005846576,0.06044659124321553,-0.7112221904364857,-1.7043514129502702
17,12,OMR leftward,70,rVR,72,192,35,0.2784689726927415,0.524325940273314,-0.3367934841765792,0.7055419965527417
17,12,OMR leftward,71,rNX,587,192,35,0.343830395128641,0.4000749031826981,0.8701266205617875,0.06004709354691472
18,10,OMR forward,0,MON,778,192,35,0.2638478371300315,0.33922189708342076,1.2195953673581281,-1.600251228747121
18,10,OMR forward,1,Cb,1910,192,35,0.11823537677058397,0.7998688448513461,-0.2041793731806384,0.34412130147853903
18,10,OMR forward,2,MOS1,1293,192,35,0.08503011950735904,0.8386864610470417,-0.5288549292955975,0.5079689227109672
18,10,OMR forward,3,MOS2,520,192,35,0.08938865090852297,0.8305153671892824,-0.48623792454542947,0.47347905901837856
18,10,OMR forward,4,MOS3,1090,192,35,0.0931741176453694,0.8358327826233841,-0.4492242520357611,0.4959236590574395
18,10,OMR forward,5,MOS4,852,192,35,0.08966365815434024,0.8334423435335472,-0.4835489488280133,0.4858337102930374
18,10,OMR forward,6,MOS5,1066,192,35,0.0900351746746687,0.8304695007946646,-0.4799163212628257,0.47328545878247674
18,10,OMR forward,7,IPN,92,192,35,0.10384429070986503,0.8098472604416604,-0.3448930509221722,0.3862397986551604
18,10,OMR forward,8,IO,14,192,35,0.21609178515449984,0.6390392941286845,0.7526445285166297,-0.334733865127759
18,10,OMR forward,9,Hc,68,192,35,0.0941952998976515,0.8251340637737585,-0.4392392995619365,0.4507647903389612
18,10,OMR forward,10,Ra,316,192,35,0.08612722785115709,0.8254853161266517,-0.5181275839593669,0.45224741261498375
18,10,OMR forward,11,T,921,192,35,0.08480244089393738,0.8385332604133089,-0.5310811334126796,0.507322268900958
18,10,OMR forward,12,aRF,468,192,35,0.09124447386005656,0.832785611988771,-0.46809199228947335,0.48306167244152687
18,10,OMR forward,13,imRF,567,192,35,0.10043568471627044,0.8166435560334528,-0.3782218409319631,0.4149266932932475
18,10,OMR forward,14,pRF,842,192,35,0.09218180718927718,0.8312768751907144,-0.4589269008246697,0.4766933541454945
18,10,OMR forward,16,Hb,254,192,35,0.14313936405359307,0.7592289988854747,0.03932772741170776,0.17258212052546681
18,10,OMR forward,17,Hi,414,192,35,0.08704906062409251,0.8380426793373961,-0.5091140543900816,0.5052515456008787
18,10,OMR forward,18,HR,84,192,35,0.0950499298464043,0.8266535422744095,-0.43088286817867116,0.45717844893639664
18,10,OMR forward,19,OG,37,192,35,0.1775157302535278,0.6444667721499187,0.37545419451595047,-0.31182469526562034
18,10,OMR forward,20,OB,33,192,35,0.5063517521658614,0.0348011960144899,3.5907588506030703,-2.8851989564126694
18,10,OMR forward,21,OE,2,192,35,0.4541592616312657,0.13592735560464167,3.080429243607012,-2.4583494402114505
18,10,OMR forward,22,P,785,192,35,0.10603776152283079,0.8161158174543173,-0.32344565328943903,0.4126991296430733
18,10,OMR forward,24,PT,313,192,35,0.09271623718285156,0.831702289649712,-0.45370133205425556,0.47848901173542097
18,10,OMR forward,25,PO,463,192,35,0.08837350441452142,0.8271787194206223,-0.49616386036533133,0.459395200879607
18,10,OMR forward,26,PrT,303,192,35,0.09172491169163198,0.835217140386736,-0.46339435001828483,0.4933250575488752
18,10,OMR forward,28,SP,564,192,35,0.08939770477179776,0.8339865699687589,-0.4861493973561826,0.48813086853098003
18,10,OMR forward,29,TeO,6511,192,35,0.10641468683432036,0.8099700149249068,-0.31976013945192944,0.3867579404692826
18,10,OMR forward,30,Th,792,192,35,0.0944056168614221,0.8315910883736759,-0.43718285480587515,0.4780196355515595
18,10,OMR forward,31,TL,93,192,35,0.12496073823902293,0.768367044431,-0.13841989245955857,0.21115344901198885
18,10,OMR forward,32,TS,232,192,35,0.4467001577036022,0.4340523242978032,3.0074953495361005,-1.1999757496656815
18,10,OMR forward,33,TG,18,192,35,0.1882527158511437,-0.0318990152291333,0.48043867761360326,-3.1667379075134328
18,10,OMR forward,34,VR,71,192,35,0.11402007957126131,0.7967917186724516,-0.24539585741175604,0.33113287369610833
18,10,OMR forward,35,NX,729,192,35,0.09152468461817968,0.8268278771940816,-0.46535213748269316,0.4579143097306818
18,10,OMR forward,36,rMON,881,192,35,0.29070412695368947,0.22415522242062433,1.4821917617952722,-2.0859431071864654
18,10,OMR forward,37,rCb,1991,192,35,0.09071490195522725,0.8290048734727941,-0.4732700594654124,0.46710332483919953
18,10,OMR forward,38,rMOS1,1356,192,35,0.08327113071853998,0.8347500720890294,-0.5460540330002481,0.4913535807547697
18,10,OMR forward,39,rMOS2,421,192,35,0.0901447054402709,0.8250101437364551,-0.47884534741215856,0.45024172876730667
18,10,OMR forward,40,rMOS3,1156,192,35,0.08724999128444538,0.8372595459189626,-0.5071493873684271,0.501945970444716
18,10,OMR forward,41,rMOS4,975,192,35,0.08288955647845682,0.8376048300407424,-0.5497850032985975,0.5034034010534824
18,10,OMR forward,42,rMOS5,1240,192,35,0.09774920234171001,0.8227334970166806,-0.4044898247045041,0.4406320930920738
18,10,OMR forward,43,rIPN,111,192,35,0.1006512460943155,0.818439607535198,-0.37611411715380105,0.42250775557920256
18,10,OMR forward,44,rIO,38,192,35,0.36649376585009114,0.059903678729443355,2.2232504128810335,-2.779242370641456
18,10,OMR forward,45,rHc,75,192,35,0.08867449375132226,0.8288434940902059,-0.49322083602626937,0.4664221488540558
18,10,OMR forward,46,rRa,192,192,35,0.1206613913755812,0.7912536616778564,-0.18045820051281405,0.3077569543650637
18,10,OMR forward,47,rT,979,192,35,0.0802551333174166,0.8423464351567832,-0.5755439606249166,0.5234175285354515
18,10,OMR forward,48,raRF,507,192,35,0.09221399231984347,0.8315345867934982,-0.4586121998999817,0.47778114461844007
18,10,OMR forward,49,rimRF,522,192,35,0.08573723157461566,0.8301134759897738,-0.521940903548042,0.4717826921755059
18,10,OMR forward,50,rpRF,834,192,35,0.08733861940490467,0.8298513978120107,-0.5062827961515775,0.4706764705624389
18,10,OMR forward,52,rHb,229,192,35,0.10937802244235298,0.8111450275747463,-0.2907851301976325,0.3917176223473149
18,10,OMR forward,53,rHi,511,192,35,0.08331141531335484,0.8389957723904492,-0.5456601368433625,0.5092745136463308
18,10,OMR forward,54,rHR,80,192,35,0.09659779218524372,0.8234189126191391,-0.415748124253387,0.4435252052155037
18,10,OMR forward,55,rOG,16,192,35,0.1886904712073983,0.6170405075263256,0.48471897764584154,-0.4275898724782573
18,10,OMR forward,56,rOB,19,192,35,0.521680510379966,-0.05192019488544101,3.7406409327764885,-3.2512465142350595
18,10,OMR forward,57,rOE,0,192,35,,,,
18,10,OMR forward,58,rP,892,192,35,0.11711229566179786,0.8107114803053228,-0.2151606759504614,0.3898876364865467
18,10,OMR forward,60,rPT,335,192,35,0.09722894397451841,0.8240317259053105,-0.40957682563789155,0.4461118658360994
18,10,OMR forward,61,rPO,477,192,35,0.09218944477612104,0.8146381215870196,-0.4588522217539356,0.4064618338869121
18,10,OMR forward,62,rPrT,414,192,35,0.08804005142520777,0.8352482258157471,-0.49942430897096557,0.49345626791410674
18,10,OMR forward,64,rSP,564,192,35,0.09565323824400454,0.8299174578979001,-0.42498381767751386,0.47095530756976095
18,10,OMR forward,65,rTeO,5927,192,35,0.1577690063083754,0.7658892395488278,0.18237396846868922,0.20069473269681673
18,10,OMR forward,66,rTh,1070,192,35,0.09811576695709827,0.8277834273342355,-0.4009056160531513,0.46194764904351404
18,10,OMR forward,67,rTL,69,192,35,0.144529332540199,0.7286684022441202,0.05291861116224138,0.04358705194923331
18,10,OMR forward,68,rTS,217,192,35,0.15273648513919694,0.7073206114251995,0.13316680237716438,-0.04652112797129175
18,10,OMR forward,69,rTG,17,192,35,0.17106924776006388,0.2778679676108416,0.31242154664459143,-1.8592237361433632
18,10,OMR forward,70,rVR,65,192,35,0.09636973614468534,0.8188604022820065,-0.41797801879107127,0.424283913546866
18,10,OMR forward,71,rNX,710,192,35,0.09130711890684405,0.8240081811195314,-0.46747945930283386,0.44601248422742784
18,11,OMR rightward,0,MON,778,192,35,0.36310547932688586,0.057807033119451914,0.6165843828582811,-0.6435403041075096
18,11,OMR rightward,1,Cb,1910,192,35,0.3591043078838017,0.02211661547860269,0.5276762441149997,-0.9407245628016675
18,11,OMR rightward,2,MOS1,1293,192,35,0.31446020617336923,0.2699480540752909,-0.46433923070323824,1.1228994357072781
18,11,OMR rightward,3,MOS2,520,192,35,0.31959096641993473,0.2424207392395656,-0.35033103326680454,0.893687081410461
18,11,OMR rightward,4,MOS3,1090,192,35,0.3817570085840339,0.21971573006550593,1.0310311953874318,0.7046287356119492
18,11,OMR rightward,5,MOS4,852,192,35,0.37090271342678155,0.18047790187236862,0.7898430349876722,0.37790616817973516
18,11,OMR rightward,6,MOS5,1066,192,35,0.33779017767033237,-0.10576518190292451,0.05406503470608467,-2.005560999789951
18,11,OMR rightward,7,IPN,92,192,35,0.302542705234206,0.2120673523236517,-0.7291523840620421,0.6409428047747509
18,11,OMR rightward,8,IO,14,192,35,0.2930018996843053,0.18189854852478676,-0.9411541129605663,0.3897355008178045
18,11,OMR rightward,9,Hc,68,192,35,0.24996122539263285,0.12566997491867782,-1.8975405852629774,-0.07846431496232188
18,11,OMR rightward,10,Ra,316,192,35,0.3814678149100653,-0.05304412263728386,1.0246051594990377,-1.5665672880016746
18,11,OMR rightward,11,T,921,192,35,0.363703101053175,0.2790084581291619,0.6298638526617438,1.1983429199868625
18,11,OMR rightward,12,aRF,468,192,35,0.341702169695653,0.039816740157036346,0.14099155977438335,-0.7933405090680414
18,11,OMR rightward,13,imRF,567,192,35,0.29601574831400435,0.21225619084654868,-0.8741848076128331,0.6425152110437042
18,11,OMR rightward,14,pRF,842,192,35,0.34057809990549526,0.1826544737125948,0.11601413646671326,0.3960298812542456
18,11,OMR rightward,16,Hb,254,192,35,0.30507466631263763,0.22229081654583055,-0.6728908741377715,0.7260707701218713
18,11,OMR rightward,17,Hi,414,192,35,0.302320698166747,0.24477472267163353,-0.7340854981353596,0.9132880518523633
18,11,OMR rightward,18,HR,84,192,35,0.34255123123362224,0.1407241409921571,0.1598581547436726,0.04688757163721054
18,11,OMR rightward,19,OG,37,192,35,0.2528632737405994,-0.017858006880308364,-1.833055541112547,-1.273582211929172
18,11,OMR rightward,20,OB,33,192,35,0.44456914422091803,-0.05359156269783513,2.4267499616048824,-1.5711256703162655
18,11,OMR rightward,21,OE,2,192,35,0.3710661923371361,-0.07239098641472855,0.793475622556127,-1.7276632837844783
18,11,OMR rightward,22,P,785,192,35,0.4185933528979336,0.1045320597416047,1.849554184877488,-0.25447390149763344
18,11,OMR rightward,24,PT,313,192,35,0.3493029257748573,0.11964788797174104,0.30988436670765596,-0.12860857113568802
18,11,OMR rightward,25,PO,463,192,35,0.32764501339272434,0.1987161949551868,-0.17136586371892618,0.5297714017056251
18,11,OMR rightward,26,PrT,303,192,35,0.3027240718685675,-0.09966922624185347,-0.72512232183637,-1.9548016592185373
18,11,OMR rightward,28,SP,564,192,35,0.3546311418958131,0.20131513312343535,0.4282801377648882,0.5514120426388625
18,11,OMR rightward,29,TeO,6511,192,35,0.3949027716486095,0.07802100520485016,1.3231369806698274,-0.4752241367285128
18,11,OMR rightward,30,Th,792,192,35,0.3702578666889446,0.09172391018321302,0.7755142005322392,-0.3611238283787908
18,11,OMR rightward,31,TL,93,192,35,0.3209213347427109,0.22823572907809,-0.32076954781096567,0.7755724162409974
18,11,OMR rightward,32,TS,232,192,35,0.3367107367081613,0.16152681801227564,0.030079287483039053,0.22010572255069533
18,11,OMR rightward,33,TG,18,192,35,0.3226468485624374,-0.009931545214046017,-0.28242772110597375,-1.2075807529924818
18,11,OMR rightward,34,VR,71,192,35,0.2364468214747702,0.0037299822394395864,-2.197837764640004,-1.0938249838740175
18,11,OMR rightward,35,NX,729,192,35,0.3180101625925135,-0.0854996822598333,-0.38545732765671453,-1.836815776657407
18,11,OMR rightward,36,rMON,881,192,35,0.3475300416733661,0.06465717671774258,0.2704899473698939,-0.586501048705899
18,11,OMR rightward,37,rCb,1991,192,35,0.31087955468829753,0.2531596166884179,-0.5439031942960364,0.9831067504644834
18,11,OMR rightward,38,rMOS1,1356,192,35,0.3143046908342122,0.2781681781738135,-0.46779486352156713,1.1913461406793555
18,11,OMR rightward,39,rMOS2,421,192,35,0.31845617943193255,0.2647361851187662,-0.3755465983603111,1.0795016411551877
18,11,OMR rightward,40,rMOS3,1156,192,35,0.3178929169848875,0.2691095596495262,-0.388062586865958,1.1159175240118866
18,11,OMR rightward,41,rMOS4,975,192,35,0.32589064328103795,0.2941385743421992,-0.21034889244329644,1.324327222439563
18,11,OMR rightward,42,rMOS5,1240,192,35,0.3537998916372642,0.2504824231978649,0.4098093188138054,0.9608144990574783
18,11,OMR rightward,43,rIPN,111,192,35,0.29535669697183237,0.2240410283016513,-0.8888292758647626,0.7406443004303558
18,11,OMR rightward,44,rIO,38,192,35,0.3956423974069718,-0.01401273733570087,1.3395718549255269,-1.2415637135581845
18,11,OMR rightward,45,rHc,75,192,35,0.2867358791956661,0.21097833066847957,-1.080388391445458,0.6318748219746898
18,11,OMR rightward,46,rRa,192,192,35,0.3539590379557274,-0.1067609025910287,0.41334563390644286,-2.0138520911842415
18,11,OMR rightward,47,rT,979,192,35,0.40401900230702814,0.2550665019934559,1.5257044316585542,0.9989848581822223
18,11,OMR rightward,48,raRF,507,192,35,0.30804620745516653,0.28021942085939566,-0.6068616634579901,1.2084262724685346
18,11,OMR rightward,49,rimRF,522,192,35,0.31883357438153176,0.23864131148020945,-0.36716068363076965,0.8622168294157955
18,11,OMR rightward,50,rpRF,834,192,35,0.3222801795149652,0.2624210592736529,-0.29057530063593257,1.0602242271168545
18,11,OMR rightward,52,rHb,229,192,35,0.33052752897741555,0.2322181483717495,-0.10731484786546541,0.8087329227249823
18,11,OMR rightward,53,rHi,511,192,35,0.299521786160681,0.2791890498358544,-0.7962787983988796,1.1998466572930435
18,11,OMR rightward,54,rHR,80,192,35,0.2871474446907263,0.16530257700314305,-1.0712431891822551,0.2515454257225754
18,11,OMR rightward,55,rOG,16,192,35,0.22509598979756779,0.053337169460939665,-2.45005922826978,-0.6807596253042035
18,11,OMR rightward,56,rOB,19,192,35,0.40795092697032487,0.027880686002378384,1.6130738704504732,-0.8927287381826656
18,11,OMR rightward,57,rOE,0,192,35,,,,
18,11,OMR rightward,58,rP,892,192,35,0.42719074202190127,0.16898945544011332,2.0405927034555633,0.28224504504931675
18,11,OMR rightward,60,rPT,335,192,35,0.3756876897645681,-0.00472483114363746,0.8961677316858286,-1.164225881754556
18,11,OMR rightward,61,rPO,477,192,35,0.3909992322453745,0.13999367244666974,1.236398277320198,0.040805161636448886
18,11,OMR rightward,62,rPrT,414,192,35,0.29742498785827504,0.26328575519520336,-0.8428707620372304,1.0674243114371826
18,11,OMR rightward,64,rSP,564,192,35,0.3466935362725941,0.22868567459319825,0.2519023563882849,0.7793189883799336
18,11,OMR rightward,65,rTeO,5927,192,35,0.3961600392239408,0.15193397785746582,1.3510741289812782,0.14022878978777364
18,11,OMR rightward,66,rTh,1070,192,35,0.39883272590729957,0.26333719602909206,1.4104626360326584,1.0678526450655434
18,11,OMR rightward,67,rTL,69,192,35,0.3300466447485893,0.1637990997369375,-0.11800034893536819,0.23902638542114096
18,11,OMR rightward,68,rTS,217,192,35,0.31824303860133046,0.12660773679206438,-0.38028269997669717,-0.07065583062407584
18,11,OMR rightward,69,rTG,17,192,35,0.2727084959872733,-0.011549254646946464,-1.392084241082845,-1.2210509730228805
18,11,OMR rightward,70,rVR,65,192,35,0.2934772160022415,0.05384033773640562,-0.9305923338058479,-0.676569881926933
18,11,OMR rightward,71,rNX,710,192,35,0.3399524616995003,-0.06946226105815362,0.10211212571487611,-1.703276595940951
18,12,OMR leftward,0,MON,778,192,35,0.33835549584130964,0.14398501916120915,-0.027795538534999286,-0.4622419131924263
18,12,OMR leftward,1,Cb,1910,192,35,0.3135882533989638,0.36679387064594904,-0.6411029528458895,1.050886307835816
18,12,OMR leftward,2,MOS1,1293,192,35,0.3268779428407556,0.3849897853681511,-0.31201241773631827,1.1744574850584268
18,12,OMR leftward,3,MOS2,520,192,35,0.332275068527016,0.3570616075385942,-0.1783642246822624,0.9847930540710783
18,12,OMR leftward,4,MOS3,1090,192,35,0.3262150758253545,0.3648555730348991,-0.3284268916606565,1.0377230389778365
18,12,OMR leftward,5,MOS4,852,192,35,0.29930487576036174,0.385985891594094,-0.9948000359002147,1.1812221913596908
18,12,OMR leftward,6,MOS5,1066,192,35,0.40234424630250704,0.23059812171481694,1.5567480448573494,0.12596061516921425
18,12,OMR leftward,7,IPN,92,192,35,0.31361360893926,0.27890410149021416,-0.6404750775023296,0.4540137457136225
18,12,OMR leftward,8,IO,14,192,35,0.34379243491238,0.017882777285289742,0.1068385472420597,-1.318621090437328
18,12,OMR leftward,9,Hc,68,192,35,0.2917306211892613,0.2584729314515655,-1.1823601365915886,0.3152626154596106
18,12,OMR leftward,10,Ra,316,192,35,0.31135434035242593,-0.1511370988895002,-0.6964209979434337,-2.466460338521643
18,12,OMR leftward,11,T,921,192,35,0.35785716835515324,0.3245792057038354,0.4551213777121503,0.7642002069941779
18,12,OMR leftward,12,aRF,468,192,35,0.32684646094834074,0.3564532844872354,-0.3127919989948908,0.9806618412831698
18,12,OMR leftward,13,imRF,567,192,35,0.31684025642312225,0.3629850737349734,-0.5605741022594489,1.0250201985867535
18,12,OMR leftward,14,pRF,842,192,35,0.3198851718673144,0.37258716123426955,-0.48517332955655473,1.0902294103355183
18,12,OMR leftward,16,Hb,254,192,35,0.417634844723431,0.24131960606434996,1.9353867811895487,0.19877181828114332
18,12,OMR leftward,17,Hi,414,192,35,0.308045858649324,0.37054613877875425,-0.778348421367652,1.0763685217011003
18,12,OMR leftward,18,HR,84,192,35,0.32572934532722836,0.19960171065133242,-0.34045496125908414,-0.08454064641986016
18,12,OMR leftward,19,OG,37,192,35,0.2992031383582724,0.091944126599198,-0.9973193435364757,-0.8156593948514572
18,12,OMR leftward,20,OB,33,192,35,0.3985853944390402,0.11756990258904716,1.4636681744387117,-0.6416309189735839
18,12,OMR leftward,21,OE,2,192,35,0.3807197385485892,-0.00867883882439848,1.0212636861454727,-1.4990049964799492
18,12,OMR leftward,22,P,785,192,35,0.35360594997516415,0.2412527446423511,0.34984911099245275,0.19831775236836485
18,12,OMR leftward,24,PT,313,192,35,0.31422793160214235,0.3756636201940664,-0.6252626999111618,1.111122103071393
18,12,OMR leftward,25,PO,463,192,35,0.35283803301922967,0.2345310738360384,0.33083330155197893,0.15266988101263465
18,12,OMR leftward,26,PrT,303,192,35,0.3109820190010162,0.3785625095347417,-0.7056407342890282,1.1308088939766194
18,12,OMR leftward,28,SP,564,192,35,0.3307775005252499,0.3432663156954002,-0.2154482707183093,0.8911071647262058
18,12,OMR leftward,29,TeO,6511,192,35,0.35048456240135395,0.32150188520749867,0.2725546707085972,0.7433016634348585
18,12,OMR leftward,30,Th,792,192,35,0.3151757829962462,0.3910261200478374,-0.6017912016601135,1.215451136318419
18,12,OMR leftward,31,TL,93,192,35,0.38314272507960245,0.1888180568661057,1.0812637288512805,-0.15777405146410334
18,12,OMR leftward,32,TS,232,192,35,0.40951128071537746,0.025580276620472197,1.7342242154188063,-1.2663462216527348
18,12,OMR leftward,33,TG,18,192,35,0.3605512880733665,0.09146094827703612,0.5218354498204079,-0.8189407310738752
18,12,OMR leftward,34,VR,71,192,35,0.2994767379842301,0.03031569557981712,-0.9905442380905162,-1.234187283540405
18,12,OMR leftward,35,NX,729,192,35,0.35041575933994445,0.0705506645484871,0.27085091108384446,-0.9609455940249424
18,12,OMR leftward,36,rMON,881,192,35,0.34986168441298143,0.13242361446269757,0.25713043890850124,-0.5407571409648945
18,12,OMR leftward,37,rCb,1991,192,35,0.4111321251789445,0.2142541935699604,1.7743609375130993,0.014966555670936231
18,12,OMR leftward,38,rMOS1,1356,192,35,0.3141202919018936,0.3888054149271038,-0.6279281652487112,1.2003699958414031
18,12,OMR leftward,39,rMOS2,421,192,35,0.32864196392308415,0.33933405995362914,-0.26833023505848197,0.8644026280997438
18,12,OMR leftward,40,rMOS3,1156,192,35,0.29569741039551434,0.3122835117729683,-1.0841311457434266,0.6806983112663283
18,12,OMR leftward,41,rMOS4,975,192,35,0.3190006314572182,0.3235726518665085,-0.5070770676506301,0.7573645494020561
18,12,OMR leftward,42,rMOS5,1240,192,35,0.35588786047713955,0.12644711570297004,0.4063557096948816,-0.5813444375467961
18,12,OMR leftward,43,rIPN,111,192,35,0.326014165237937,0.3433771746564988,-0.3334020096280084,0.8918600245047753
18,12,OMR leftward,44,rIO,38,192,35,0.34826764995745174,-0.08454863426045035,0.2176576089186808,-2.014248120049447
18,12,OMR leftward,45,rHc,75,192,35,0.23426308998105735,0.19901837191350835,-2.605419770871797,-0.08850218699932429
18,12,OMR leftward,46,rRa,192,192,35,0.3155346206993558,-0.24188475264514453,-0.5929053588229992,-3.08274122222419
18,12,OMR leftward,47,rT,979,192,35,0.3104337987667308,0.39123718374520067,-0.7192162276103045,1.2168845014418725
18,12,OMR leftward,48,raRF,507,192,35,0.3258937313805928,0.1339784740305953,-0.3363842947094104,-0.5301978571831056
18,12,OMR leftward,49,rimRF,522,192,35,0.348385983910335,0.2193741778559521,0.22058789438897292,0.04973713441020043
18,12,OMR leftward,50,rpRF,834,192,35,0.3147789122231274,0.15124659651786224,-0.6116188515587104,-0.41292745573567663
18,12,OMR leftward,52,rHb,229,192,35,0.31675185249248844,0.32390100353889345,-0.5627632351933293,0.7595944346987876
18,12,OMR leftward,53,rHi,511,192,35,0.3129762012056617,0.35986235689767526,-0.6562591071481384,1.0038133616890752
18,12,OMR leftward,54,rHR,80,192,35,0.36633215631273636,0.17302893333682304,0.6649862006806664,-0.26500034987305554
18,12,OMR leftward,55,rOG,16,192,35,0.2490509514807911,0.023483852099987122,-2.2392302315760273,-1.2805833539931382
18,12,OMR leftward,56,rOB,19,192,35,0.41706957726451954,0.03361234785672932,1.9213891500674694,-1.211799225068435
18,12,OMR leftward,57,rOE,0,192,35,,,,
18,12,OMR leftward,58,rP,892,192,35,0.341193012752731,0.3059240038260945,0.04246945620788864,0.6375099420334877
18,12,OMR leftward,60,rPT,335,192,35,0.3991449980105827,-0.03508707717166792,1.4775255515892285,-1.678347291207546
18,12,OMR leftward,61,rPO,477,192,35,0.3701443357410166,0.24177297194928793,0.759386613382657,0.2018506937853244
18,12,OMR leftward,62,rPrT,414,192,35,0.3819050649497651,0.1649707198972383,1.0506157414625674,-0.31972488206849137
18,12,OMR leftward,64,rSP,564,192,35,0.3303508410026815,0.3362363668832963,-0.2260135748367107,0.8433657313446554
18,12,OMR leftward,65,rTeO,5927,192,35,0.4530660864099171,0.1918920604193467,2.812765168191958,-0.13689803376124013
18,12,OMR leftward,66,rTh,1070,192,35,0.39537558053938904,0.25282222742033944,1.3841840466519069,0.2768878395862569
18,12,OMR leftward,67,rTL,69,192,35,0.37515765725719963,0.25958845367872235,0.8835307228190146,0.3228382936781704
18,12,OMR leftward,68,rTS,217,192,35,0.36595081264684853,0.17481561103268428,0.6555430461496792,-0.252866754526757
18,12,OMR leftward,69,rTG,17,192,35,0.3321770675178348,0.008625774165772359,-0.18079100859575925,-1.3814867825718595
18,12,OMR leftward,70,rVR,65,192,35,0.26996698025017124,0.058754088061418144,-1.7212898289630947,-1.0410579085723957
18,12,OMR leftward,71,rNX,710,192,35,0.3095517365580752,0.20032076214734534,-0.7410585983833606,-0.07965746021006881
