Subject,RegionID,node,exclusion_band_sd,OO,retained_edge_fraction
12,0,MON,0.0,0.4284907552284197,1.0
12,1,Cb,0.0,0.2720361951601293,1.0
12,2,MOS1,0.0,0.0,1.0
12,3,MOS2,0.0,0.0,1.0
12,4,MOS3,0.0,0.2869358225076327,1.0
12,5,MOS4,0.0,0.2950883524539421,1.0
12,6,MOS5,0.0,0.2723005503968249,1.0
12,7,IPN,0.0,0.0,1.0
12,8,IO,0.0,,1.0
12,9,Hc,0.0,,1.0
12,10,Ra,0.0,0.0,1.0
12,11,T,0.0,0.29207823341537964,1.0
12,12,aRF,0.0,0.0,1.0
12,13,imRF,0.0,0.0,1.0
12,14,pRF,0.0,0.0,1.0
12,15,GG,0.0,,1.0
12,16,Hb,0.0,0.7852192650398928,1.0
12,17,Hi,0.0,0.0,1.0
12,18,HR,0.0,,1.0
12,19,OG,0.0,,1.0
12,20,OB,0.0,0.0,1.0
12,21,OE,0.0,1.0,1.0
12,22,P,0.0,0.657549714572486,1.0
12,23,Pi,0.0,,1.0
12,24,PT,0.0,0.503537323470074,1.0
12,25,PO,0.0,0.5205579663158595,1.0
12,26,PrT,0.0,0.0,1.0
12,27,R,0.0,,1.0
12,28,SP,0.0,0.6148472811943569,1.0
12,29,TeO,0.0,0.2026496302639649,1.0
12,30,Th,0.0,0.0,1.0
12,31,TL,0.0,0.0,1.0
12,32,TS,0.0,0.4603836530442035,1.0
12,33,TG,0.0,,1.0
12,34,VR,0.0,0.6372898624554254,1.0
12,35,NX,0.0,0.0,1.0
12,36,rMON,0.0,0.4270286218622905,1.0
12,37,rCb,0.0,0.34938949911433426,1.0
12,38,rMOS1,0.0,0.20551918592559737,1.0
12,39,rMOS2,0.0,0.0,1.0
12,40,rMOS3,0.0,0.2166919059935584,1.0
12,41,rMOS4,0.0,0.2655427587838075,1.0
12,42,rMOS5,0.0,0.19248652305174063,1.0
12,43,rIPN,0.0,,1.0
12,44,rIO,0.0,,1.0
12,45,rHc,0.0,,1.0
12,46,rRa,0.0,0.0,1.0
12,47,rT,0.0,0.08063582798627829,1.0
12,48,raRF,0.0,0.0,1.0
12,49,rimRF,0.0,0.0,1.0
12,50,rpRF,0.0,0.0,1.0
12,51,rGG,0.0,,1.0
12,52,rHb,0.0,0.40889927947263527,1.0
12,53,rHi,0.0,0.0,1.0
12,54,rHR,0.0,,1.0
12,55,rOG,0.0,,1.0
12,56,rOB,0.0,,1.0
12,57,rOE,0.0,,1.0
12,58,rP,0.0,0.6146742509729867,1.0
12,59,rPi,0.0,,1.0
12,60,rPT,0.0,0.0,1.0
12,61,rPO,0.0,0.5279752845232957,1.0
12,62,rPrT,0.0,0.0,1.0
12,63,rR,0.0,,1.0
12,64,rSP,0.0,0.7437077385424493,1.0
12,65,rTeO,0.0,0.1565836547003754,1.0
12,66,rTh,0.0,0.44234392185475174,1.0
12,67,rTL,0.0,0.38519924098671726,1.0
12,68,rTS,0.0,,1.0
12,69,rTG,0.0,,1.0
12,70,rVR,0.0,0.5649801587301587,1.0
12,71,rNX,0.0,0.0,1.0
12,0,MON,0.025,0.4642177969142447,0.9417765087498656
12,1,Cb,0.025,0.31831306969391016,0.9417765087498656
12,2,MOS1,0.025,0.0,0.9417765087498656
12,3,MOS2,0.025,0.0,0.9417765087498656
12,4,MOS3,0.025,0.29129963654224833,0.9417765087498656
12,5,MOS4,0.025,0.3049095002777859,0.9417765087498656
12,6,MOS5,0.025,0.328637017360951,0.9417765087498656
12,7,IPN,0.025,,0.9417765087498656
12,8,IO,0.025,,0.9417765087498656
12,9,Hc,0.025,,0.9417765087498656
12,10,Ra,0.025,0.0,0.9417765087498656
12,11,T,0.025,0.3027698549729247,0.9417765087498656
12,12,aRF,0.025,0.0,0.9417765087498656
12,13,imRF,0.025,0.0,0.9417765087498656
12,14,pRF,0.025,0.0,0.9417765087498656
12,15,GG,0.025,,0.9417765087498656
12,16,Hb,0.025,0.7839257359228045,0.9417765087498656
12,17,Hi,0.025,,0.9417765087498656
12,18,HR,0.025,,0.9417765087498656
12,19,OG,0.025,,0.9417765087498656
12,20,OB,0.025,,0.9417765087498656
12,21,OE,0.025,,0.9417765087498656
12,22,P,0.025,0.6098264071541294,0.9417765087498656
12,23,Pi,0.025,,0.9417765087498656
12,24,PT,0.025,0.5089915630227653,0.9417765087498656
12,25,PO,0.025,0.5175757985351389,0.9417765087498656
12,26,PrT,0.025,0.0,0.9417765087498656
12,27,R,0.025,,0.9417765087498656
12,28,SP,0.025,0.5366761227572486,0.9417765087498656
12,29,TeO,0.025,0.2115260123415471,0.9417765087498656
12,30,Th,0.025,0.0,0.9417765087498656
12,31,TL,0.025,,0.9417765087498656
12,32,TS,0.025,,0.9417765087498656
12,33,TG,0.025,,0.9417765087498656
12,34,VR,0.025,,0.9417765087498656
12,35,NX,0.025,0.0,0.9417765087498656
12,36,rMON,0.025,0.4405074411729119,0.9417765087498656
12,37,rCb,0.025,0.3561599463353672,0.9417765087498656
12,38,rMOS1,0.025,0.20710916082586128,0.9417765087498656
12,39,rMOS2,0.025,0.0,0.9417765087498656
12,40,rMOS3,0.025,0.21892545154721682,0.9417765087498656
12,41,rMOS4,0.025,0.26979333262662064,0.9417765087498656
12,42,rMOS5,0.025,0.27764523009073494,0.9417765087498656
12,43,rIPN,0.025,,0.9417765087498656
12,44,rIO,0.025,,0.9417765087498656
12,45,rHc,0.025,,0.9417765087498656
12,46,rRa,0.025,0.0,0.9417765087498656
12,47,rT,0.025,0.08260049016395592,0.9417765087498656
12,48,raRF,0.025,0.0,0.9417765087498656
12,49,rimRF,0.025,0.0,0.9417765087498656
12,50,rpRF,0.025,0.0,0.9417765087498656
12,51,rGG,0.025,,0.9417765087498656
12,52,rHb,0.025,0.4083389803483876,0.9417765087498656
12,53,rHi,0.025,,0.9417765087498656
12,54,rHR,0.025,,0.9417765087498656
12,55,rOG,0.025,,0.9417765087498656
12,56,rOB,0.025,,0.9417765087498656
12,57,rOE,0.025,,0.9417765087498656
12,58,rP,0.025,0.6045991657550878,0.9417765087498656
12,59,rPi,0.025,,0.9417765087498656
12,60,rPT,0.025,0.0,0.9417765087498656
12,61,rPO,0.025,0.5295500374488679,0.9417765087498656
12,62,rPrT,0.025,0.0,0.9417765087498656
12,63,rR,0.025,,0.9417765087498656
12,64,rSP,0.025,,0.9417765087498656
12,65,rTeO,0.025,0.1639317784862317,0.9417765087498656
12,66,rTh,0.025,0.45664966208356267,0.9417765087498656
12,67,rTL,0.025,,0.9417765087498656
12,68,rTS,0.025,,0.9417765087498656
12,69,rTG,0.025,,0.9417765087498656
12,70,rVR,0.025,,0.9417765087498656
12,71,rNX,0.025,0.0,0.9417765087498656
12,0,MON,0.05,0.4807479949771891,0.8367690488027606
12,1,Cb,0.05,0.3317606938987323,0.8367690488027606
12,2,MOS1,0.05,0.0,0.8367690488027606
12,3,MOS2,0.05,0.0,0.8367690488027606
12,4,MOS3,0.05,0.3060073752812116,0.8367690488027606
12,5,MOS4,0.05,0.31740555846837126,0.8367690488027606
12,6,MOS5,0.05,0.3468386962663404,0.8367690488027606
12,7,IPN,0.05,,0.8367690488027606
12,8,IO,0.05,,0.8367690488027606
12,9,Hc,0.05,,0.8367690488027606
12,10,Ra,0.05,0.0,0.8367690488027606
12,11,T,0.05,0.30829073603517204,0.8367690488027606
12,12,aRF,0.05,0.0,0.8367690488027606
12,13,imRF,0.05,0.0,0.8367690488027606
12,14,pRF,0.05,0.0,0.8367690488027606
12,15,GG,0.05,,0.8367690488027606
12,16,Hb,0.05,,0.8367690488027606
12,17,Hi,0.05,,0.8367690488027606
12,18,HR,0.05,,0.8367690488027606
12,19,OG,0.05,,0.8367690488027606
12,20,OB,0.05,,0.8367690488027606
12,21,OE,0.05,,0.8367690488027606
12,22,P,0.05,0.6200547846782523,0.8367690488027606
12,23,Pi,0.05,,0.8367690488027606
12,24,PT,0.05,0.5274829036596183,0.8367690488027606
12,25,PO,0.05,0.5262558600873565,0.8367690488027606
12,26,PrT,0.05,0.0,0.8367690488027606
12,27,R,0.05,,0.8367690488027606
12,28,SP,0.05,0.5252488584038671,0.8367690488027606
12,29,TeO,0.05,0.21402693438859732,0.8367690488027606
12,30,Th,0.05,0.0,0.8367690488027606
12,31,TL,0.05,,0.8367690488027606
12,32,TS,0.05,,0.8367690488027606
12,33,TG,0.05,,0.8367690488027606
12,34,VR,0.05,,0.8367690488027606
12,35,NX,0.05,0.0,0.8367690488027606
12,36,rMON,0.05,0.4478156804094494,0.8367690488027606
12,37,rCb,0.05,0.3713764813126709,0.8367690488027606
12,38,rMOS1,0.05,0.2215490100894535,0.8367690488027606
12,39,rMOS2,0.05,0.0,0.8367690488027606
12,40,rMOS3,0.05,0.23449044826842125,0.8367690488027606
12,41,rMOS4,0.05,0.28192985446075786,0.8367690488027606
12,42,rMOS5,0.05,0.29065494803205427,0.8367690488027606
12,43,rIPN,0.05,,0.8367690488027606
12,44,rIO,0.05,,0.8367690488027606
12,45,rHc,0.05,,0.8367690488027606
12,46,rRa,0.05,0.0,0.8367690488027606
12,47,rT,0.05,0.07342585776612744,0.8367690488027606
12,48,raRF,0.05,0.0,0.8367690488027606
12,49,rimRF,0.05,0.0,0.8367690488027606
12,50,rpRF,0.05,0.0,0.8367690488027606
12,51,rGG,0.05,,0.8367690488027606
12,52,rHb,0.05,0.36158297554601454,0.8367690488027606
12,53,rHi,0.05,,0.8367690488027606
12,54,rHR,0.05,,0.8367690488027606
12,55,rOG,0.05,,0.8367690488027606
12,56,rOB,0.05,,0.8367690488027606
12,57,rOE,0.05,,0.8367690488027606
12,58,rP,0.05,0.6048141891891892,0.8367690488027606
12,59,rPi,0.05,,0.8367690488027606
12,60,rPT,0.05,0.0,0.8367690488027606
12,61,rPO,0.05,0.5269203332245155,0.8367690488027606
12,62,rPrT,0.05,,0.8367690488027606
12,63,rR,0.05,,0.8367690488027606
12,64,rSP,0.05,,0.8367690488027606
12,65,rTeO,0.05,0.17068113746456445,0.8367690488027606
12,66,rTh,0.05,0.4526523428016509,0.8367690488027606
12,67,rTL,0.05,,0.8367690488027606
12,68,rTS,0.05,,0.8367690488027606
12,69,rTG,0.05,,0.8367690488027606
12,70,rVR,0.05,,0.8367690488027606
12,71,rNX,0.05,0.0,0.8367690488027606
12,0,MON,0.1,0.4715814568842431,0.7829051258531472
12,1,Cb,0.1,0.3271489942953665,0.7829051258531472
12,2,MOS1,0.1,0.0,0.7829051258531472
12,3,MOS2,0.1,0.0,0.7829051258531472
12,4,MOS3,0.1,0.29938417632163633,0.7829051258531472
12,5,MOS4,0.1,0.30981223437970845,0.7829051258531472
12,6,MOS5,0.1,0.33595230107756907,0.7829051258531472
12,7,IPN,0.1,,0.7829051258531472
12,8,IO,0.1,,0.7829051258531472
12,9,Hc,0.1,,0.7829051258531472
12,10,Ra,0.1,0.0,0.7829051258531472
12,11,T,0.1,0.29905412506568574,0.7829051258531472
12,12,aRF,0.1,0.0,0.7829051258531472
12,13,imRF,0.1,0.0,0.7829051258531472
12,14,pRF,0.1,0.0,0.7829051258531472
12,15,GG,0.1,,0.7829051258531472
12,16,Hb,0.1,,0.7829051258531472
12,17,Hi,0.1,,0.7829051258531472
12,18,HR,0.1,,0.7829051258531472
12,19,OG,0.1,,0.7829051258531472
12,20,OB,0.1,,0.7829051258531472
12,21,OE,0.1,,0.7829051258531472
12,22,P,0.1,,0.7829051258531472
12,23,Pi,0.1,,0.7829051258531472
12,24,PT,0.1,0.5224591301665639,0.7829051258531472
12,25,PO,0.1,0.4867898646625257,0.7829051258531472
12,26,PrT,0.1,0.0,0.7829051258531472
12,27,R,0.1,,0.7829051258531472
12,28,SP,0.1,0.3015676451549351,0.7829051258531472
12,29,TeO,0.1,0.18055556827474922,0.7829051258531472
12,30,Th,0.1,0.0,0.7829051258531472
12,31,TL,0.1,,0.7829051258531472
12,32,TS,0.1,,0.7829051258531472
12,33,TG,0.1,,0.7829051258531472
12,34,VR,0.1,,0.7829051258531472
12,35,NX,0.1,0.0,0.7829051258531472
12,36,rMON,0.1,0.43979725924535384,0.7829051258531472
12,37,rCb,0.1,0.43771323218649894,0.7829051258531472
12,38,rMOS1,0.1,0.2152744526855247,0.7829051258531472
12,39,rMOS2,0.1,0.0,0.7829051258531472
12,40,rMOS3,0.1,0.21922755728401533,0.7829051258531472
12,41,rMOS4,0.1,0.2607417827403007,0.7829051258531472
12,42,rMOS5,0.1,0.2749605772288773,0.7829051258531472
12,43,rIPN,0.1,,0.7829051258531472
12,44,rIO,0.1,,0.7829051258531472
12,45,rHc,0.1,,0.7829051258531472
12,46,rRa,0.1,0.0,0.7829051258531472
12,47,rT,0.1,0.07188944907395313,0.7829051258531472
12,48,raRF,0.1,0.0,0.7829051258531472
12,49,rimRF,0.1,0.0,0.7829051258531472
12,50,rpRF,0.1,0.0,0.7829051258531472
12,51,rGG,0.1,,0.7829051258531472
12,52,rHb,0.1,,0.7829051258531472
12,53,rHi,0.1,,0.7829051258531472
12,54,rHR,0.1,,0.7829051258531472
12,55,rOG,0.1,,0.7829051258531472
12,56,rOB,0.1,,0.7829051258531472
12,57,rOE,0.1,,0.7829051258531472
12,58,rP,0.1,0.47779643936849175,0.7829051258531472
12,59,rPi,0.1,,0.7829051258531472
12,60,rPT,0.1,0.0,0.7829051258531472
12,61,rPO,0.1,0.5016800902888217,0.7829051258531472
12,62,rPrT,0.1,,0.7829051258531472
12,63,rR,0.1,,0.7829051258531472
12,64,rSP,0.1,,0.7829051258531472
12,65,rTeO,0.1,0.15943885267472285,0.7829051258531472
12,66,rTh,0.1,0.5099571869655545,0.7829051258531472
12,67,rTL,0.1,,0.7829051258531472
12,68,rTS,0.1,,0.7829051258531472
12,69,rTG,0.1,,0.7829051258531472
12,70,rVR,0.1,,0.7829051258531472
12,71,rNX,0.1,0.0,0.7829051258531472
12,0,MON,0.15,0.4759658103788974,0.7529751945419023
12,1,Cb,0.15,0.3145988805970149,0.7529751945419023
12,2,MOS1,0.15,0.0,0.7529751945419023
12,3,MOS2,0.15,0.0,0.7529751945419023
12,4,MOS3,0.15,0.287653681755317,0.7529751945419023
12,5,MOS4,0.15,0.315968527090038,0.7529751945419023
12,6,MOS5,0.15,0.3454444000795227,0.7529751945419023
12,7,IPN,0.15,,0.7529751945419023
12,8,IO,0.15,,0.7529751945419023
12,9,Hc,0.15,,0.7529751945419023
12,10,Ra,0.15,0.0,0.7529751945419023
12,11,T,0.15,0.2966954896490869,0.7529751945419023
12,12,aRF,0.15,0.0,0.7529751945419023
12,13,imRF,0.15,0.0,0.7529751945419023
12,14,pRF,0.15,0.0,0.7529751945419023
12,15,GG,0.15,,0.7529751945419023
12,16,Hb,0.15,,0.7529751945419023
12,17,Hi,0.15,,0.7529751945419023
12,18,HR,0.15,,0.7529751945419023
12,19,OG,0.15,,0.7529751945419023
12,20,OB,0.15,,0.7529751945419023
12,21,OE,0.15,,0.7529751945419023
12,22,P,0.15,,0.7529751945419023
12,23,Pi,0.15,,0.7529751945419023
12,24,PT,0.15,0.5289238455833561,0.7529751945419023
12,25,PO,0.15,0.48550759725356135,0.7529751945419023
12,26,PrT,0.15,0.0,0.7529751945419023
12,27,R,0.15,,0.7529751945419023
12,28,SP,0.15,0.27927509293680297,0.7529751945419023
12,29,TeO,0.15,0.1967092410950054,0.7529751945419023
12,30,Th,0.15,0.0,0.7529751945419023
12,31,TL,0.15,,0.7529751945419023
12,32,TS,0.15,,0.7529751945419023
12,33,TG,0.15,,0.7529751945419023
12,34,VR,0.15,,0.7529751945419023
12,35,NX,0.15,0.0,0.7529751945419023
12,36,rMON,0.15,0.44974701046005905,0.7529751945419023
12,37,rCb,0.15,0.4348523907493245,0.7529751945419023
12,38,rMOS1,0.15,0.2150696701330346,0.7529751945419023
12,39,rMOS2,0.15,0.0,0.7529751945419023
12,40,rMOS3,0.15,0.217249165385308,0.7529751945419023
12,41,rMOS4,0.15,0.2608189138255953,0.7529751945419023
12,42,rMOS5,0.15,0.2807673755384238,0.7529751945419023
12,43,rIPN,0.15,,0.7529751945419023
12,44,rIO,0.15,,0.7529751945419023
12,45,rHc,0.15,,0.7529751945419023
12,46,rRa,0.15,0.0,0.7529751945419023
12,47,rT,0.15,0.0,0.7529751945419023
12,48,raRF,0.15,0.0,0.7529751945419023
12,49,rimRF,0.15,0.0,0.7529751945419023
12,50,rpRF,0.15,0.0,0.7529751945419023
12,51,rGG,0.15,,0.7529751945419023
12,52,rHb,0.15,,0.7529751945419023
12,53,rHi,0.15,,0.7529751945419023
12,54,rHR,0.15,,0.7529751945419023
12,55,rOG,0.15,,0.7529751945419023
12,56,rOB,0.15,,0.7529751945419023
12,57,rOE,0.15,,0.7529751945419023
12,58,rP,0.15,0.464644841360944,0.7529751945419023
12,59,rPi,0.15,,0.7529751945419023
12,60,rPT,0.15,0.0,0.7529751945419023
12,61,rPO,0.15,0.49817895335020923,0.7529751945419023
12,62,rPrT,0.15,,0.7529751945419023
12,63,rR,0.15,,0.7529751945419023
12,64,rSP,0.15,,0.7529751945419023
12,65,rTeO,0.15,0.16290088241170547,0.7529751945419023
12,66,rTh,0.15,0.5082086618724998,0.7529751945419023
12,67,rTL,0.15,,0.7529751945419023
12,68,rTS,0.15,,0.7529751945419023
12,69,rTG,0.15,,0.7529751945419023
12,70,rVR,0.15,,0.7529751945419023
12,71,rNX,0.15,0.0,0.7529751945419023
12,0,MON,0.25,0.48999889368292954,0.6660094093589914
12,1,Cb,0.25,0.30748130645321536,0.6660094093589914
12,2,MOS1,0.25,0.0,0.6660094093589914
12,3,MOS2,0.25,0.0,0.6660094093589914
12,4,MOS3,0.25,0.280973139062949,0.6660094093589914
12,5,MOS4,0.25,0.3112604824468134,0.6660094093589914
12,6,MOS5,0.25,0.3519672235010876,0.6660094093589914
12,7,IPN,0.25,,0.6660094093589914
12,8,IO,0.25,,0.6660094093589914
12,9,Hc,0.25,,0.6660094093589914
12,10,Ra,0.25,0.0,0.6660094093589914
12,11,T,0.25,0.24176282678140687,0.6660094093589914
12,12,aRF,0.25,0.0,0.6660094093589914
12,13,imRF,0.25,0.0,0.6660094093589914
12,14,pRF,0.25,0.0,0.6660094093589914
12,15,GG,0.25,,0.6660094093589914
12,16,Hb,0.25,,0.6660094093589914
12,17,Hi,0.25,,0.6660094093589914
12,18,HR,0.25,,0.6660094093589914
12,19,OG,0.25,,0.6660094093589914
12,20,OB,0.25,,0.6660094093589914
12,21,OE,0.25,,0.6660094093589914
12,22,P,0.25,,0.6660094093589914
12,23,Pi,0.25,,0.6660094093589914
12,24,PT,0.25,0.5022345341023449,0.6660094093589914
12,25,PO,0.25,0.4353968578720105,0.6660094093589914
12,26,PrT,0.25,0.0,0.6660094093589914
12,27,R,0.25,,0.6660094093589914
12,28,SP,0.25,,0.6660094093589914
12,29,TeO,0.25,0.19460400997679145,0.6660094093589914
12,30,Th,0.25,0.0,0.6660094093589914
12,31,TL,0.25,,0.6660094093589914
12,32,TS,0.25,,0.6660094093589914
12,33,TG,0.25,,0.6660094093589914
12,34,VR,0.25,,0.6660094093589914
12,35,NX,0.25,0.0,0.6660094093589914
12,36,rMON,0.25,0.45529768757235406,0.6660094093589914
12,37,rCb,0.25,0.4403242625480631,0.6660094093589914
12,38,rMOS1,0.25,0.19928884068466168,0.6660094093589914
12,39,rMOS2,0.25,0.0,0.6660094093589914
12,40,rMOS3,0.25,0.20772838361298673,0.6660094093589914
12,41,rMOS4,0.25,0.26435106102315514,0.6660094093589914
12,42,rMOS5,0.25,0.3279293042638572,0.6660094093589914
12,43,rIPN,0.25,,0.6660094093589914
12,44,rIO,0.25,,0.6660094093589914
12,45,rHc,0.25,,0.6660094093589914
12,46,rRa,0.25,0.0,0.6660094093589914
12,47,rT,0.25,0.0,0.6660094093589914
12,48,raRF,0.25,0.0,0.6660094093589914
12,49,rimRF,0.25,0.0,0.6660094093589914
12,50,rpRF,0.25,0.0,0.6660094093589914
12,51,rGG,0.25,,0.6660094093589914
12,52,rHb,0.25,,0.6660094093589914
12,53,rHi,0.25,,0.6660094093589914
12,54,rHR,0.25,,0.6660094093589914
12,55,rOG,0.25,,0.6660094093589914
12,56,rOB,0.25,,0.6660094093589914
12,57,rOE,0.25,,0.6660094093589914
12,58,rP,0.25,0.4079664678049784,0.6660094093589914
12,59,rPi,0.25,,0.6660094093589914
12,60,rPT,0.25,,0.6660094093589914
12,61,rPO,0.25,0.456407091561939,0.6660094093589914
12,62,rPrT,0.25,,0.6660094093589914
12,63,rR,0.25,,0.6660094093589914
12,64,rSP,0.25,,0.6660094093589914
12,65,rTeO,0.25,0.17695290008939907,0.6660094093589914
12,66,rTh,0.25,,0.6660094093589914
12,67,rTL,0.25,,0.6660094093589914
12,68,rTS,0.25,,0.6660094093589914
12,69,rTG,0.25,,0.6660094093589914
12,70,rVR,0.25,,0.6660094093589914
12,71,rNX,0.25,0.0,0.6660094093589914
12,0,MON,0.35,0.534824100519559,0.5797331438224393
12,1,Cb,0.35,0.29069063282776847,0.5797331438224393
12,2,MOS1,0.35,0.0,0.5797331438224393
12,3,MOS2,0.35,0.0,0.5797331438224393
12,4,MOS3,0.35,0.27296720320211726,0.5797331438224393
12,5,MOS4,0.35,0.32638079406428333,0.5797331438224393
12,6,MOS5,0.35,0.39008330596555824,0.5797331438224393
12,7,IPN,0.35,,0.5797331438224393
12,8,IO,0.35,,0.5797331438224393
12,9,Hc,0.35,,0.5797331438224393
12,10,Ra,0.35,0.0,0.5797331438224393
12,11,T,0.35,0.23171372160582873,0.5797331438224393
12,12,aRF,0.35,0.0,0.5797331438224393
12,13,imRF,0.35,0.0,0.5797331438224393
12,14,pRF,0.35,0.0,0.5797331438224393
12,15,GG,0.35,,0.5797331438224393
12,16,Hb,0.35,,0.5797331438224393
12,17,Hi,0.35,,0.5797331438224393
12,18,HR,0.35,,0.5797331438224393
12,19,OG,0.35,,0.5797331438224393
12,20,OB,0.35,,0.5797331438224393
12,21,OE,0.35,,0.5797331438224393
12,22,P,0.35,,0.5797331438224393
12,23,Pi,0.35,,0.5797331438224393
12,24,PT,0.35,0.4919572888501902,0.5797331438224393
12,25,PO,0.35,,0.5797331438224393
12,26,PrT,0.35,0.0,0.5797331438224393
12,27,R,0.35,,0.5797331438224393
12,28,SP,0.35,,0.5797331438224393
12,29,TeO,0.35,0.20504521551020635,0.5797331438224393
12,30,Th,0.35,0.0,0.5797331438224393
12,31,TL,0.35,,0.5797331438224393
12,32,TS,0.35,,0.5797331438224393
12,33,TG,0.35,,0.5797331438224393
12,34,VR,0.35,,0.5797331438224393
12,35,NX,0.35,0.0,0.5797331438224393
12,36,rMON,0.35,0.5147989772205751,0.5797331438224393
12,37,rCb,0.35,0.36576361432130955,0.5797331438224393
12,38,rMOS1,0.35,0.19605714568877794,0.5797331438224393
12,39,rMOS2,0.35,0.0,0.5797331438224393
12,40,rMOS3,0.35,0.20181687553020647,0.5797331438224393
12,41,rMOS4,0.35,0.3006265105474341,0.5797331438224393
12,42,rMOS5,0.35,0.3508991907863421,0.5797331438224393
12,43,rIPN,0.35,,0.5797331438224393
12,44,rIO,0.35,,0.5797331438224393
12,45,rHc,0.35,,0.5797331438224393
12,46,rRa,0.35,0.0,0.5797331438224393
12,47,rT,0.35,0.0,0.5797331438224393
12,48,raRF,0.35,0.0,0.5797331438224393
12,49,rimRF,0.35,0.0,0.5797331438224393
12,50,rpRF,0.35,0.0,0.5797331438224393
12,51,rGG,0.35,,0.5797331438224393
12,52,rHb,0.35,,0.5797331438224393
12,53,rHi,0.35,,0.5797331438224393
12,54,rHR,0.35,,0.5797331438224393
12,55,rOG,0.35,,0.5797331438224393
12,56,rOB,0.35,,0.5797331438224393
12,57,rOE,0.35,,0.5797331438224393
12,58,rP,0.35,,0.5797331438224393
12,59,rPi,0.35,,0.5797331438224393
12,60,rPT,0.35,,0.5797331438224393
12,61,rPO,0.35,0.4286472461375162,0.5797331438224393
12,62,rPrT,0.35,,0.5797331438224393
12,63,rR,0.35,,0.5797331438224393
12,64,rSP,0.35,,0.5797331438224393
12,65,rTeO,0.35,0.20472910571398356,0.5797331438224393
12,66,rTh,0.35,,0.5797331438224393
12,67,rTL,0.35,,0.5797331438224393
12,68,rTS,0.35,,0.5797331438224393
12,69,rTG,0.35,,0.5797331438224393
12,70,rVR,0.35,,0.5797331438224393
12,71,rNX,0.35,0.0,0.5797331438224393
12,0,MON,0.5,0.6105132291998725,0.42615278446981736
12,1,Cb,0.5,0.2542785549795583,0.42615278446981736
12,2,MOS1,0.5,0.0,0.42615278446981736
12,3,MOS2,0.5,0.0,0.42615278446981736
12,4,MOS3,0.5,0.24638619900465286,0.42615278446981736
12,5,MOS4,0.5,0.30543872862208155,0.42615278446981736
12,6,MOS5,0.5,0.4010465661525892,0.42615278446981736
12,7,IPN,0.5,,0.42615278446981736
12,8,IO,0.5,,0.42615278446981736
12,9,Hc,0.5,,0.42615278446981736
12,10,Ra,0.5,0.0,0.42615278446981736
12,11,T,0.5,0.20740422256356555,0.42615278446981736
12,12,aRF,0.5,0.0,0.42615278446981736
12,13,imRF,0.5,0.0,0.42615278446981736
12,14,pRF,0.5,0.0,0.42615278446981736
12,15,GG,0.5,,0.42615278446981736
12,16,Hb,0.5,,0.42615278446981736
12,17,Hi,0.5,,0.42615278446981736
12,18,HR,0.5,,0.42615278446981736
12,19,OG,0.5,,0.42615278446981736
12,20,OB,0.5,,0.42615278446981736
12,21,OE,0.5,,0.42615278446981736
12,22,P,0.5,,0.42615278446981736
12,23,Pi,0.5,,0.42615278446981736
12,24,PT,0.5,,0.42615278446981736
12,25,PO,0.5,,0.42615278446981736
12,26,PrT,0.5,0.0,0.42615278446981736
12,27,R,0.5,,0.42615278446981736
12,28,SP,0.5,,0.42615278446981736
12,29,TeO,0.5,0.192635465132375,0.42615278446981736
12,30,Th,0.5,,0.42615278446981736
12,31,TL,0.5,,0.42615278446981736
12,32,TS,0.5,,0.42615278446981736
12,33,TG,0.5,,0.42615278446981736
12,34,VR,0.5,,0.42615278446981736
12,35,NX,0.5,0.0,0.42615278446981736
12,36,rMON,0.5,,0.42615278446981736
12,37,rCb,0.5,0.3107496134955056,0.42615278446981736
12,38,rMOS1,0.5,0.1422859704674067,0.42615278446981736
12,39,rMOS2,0.5,0.0,0.42615278446981736
12,40,rMOS3,0.5,0.15337724734470468,0.42615278446981736
12,41,rMOS4,0.5,0.2768520777932342,0.42615278446981736
12,42,rMOS5,0.5,0.351045126515315,0.42615278446981736
12,43,rIPN,0.5,,0.42615278446981736
12,44,rIO,0.5,,0.42615278446981736
12,45,rHc,0.5,,0.42615278446981736
12,46,rRa,0.5,0.0,0.42615278446981736
12,47,rT,0.5,0.0,0.42615278446981736
12,48,raRF,0.5,0.0,0.42615278446981736
12,49,rimRF,0.5,0.0,0.42615278446981736
12,50,rpRF,0.5,0.0,0.42615278446981736
12,51,rGG,0.5,,0.42615278446981736
12,52,rHb,0.5,,0.42615278446981736
12,53,rHi,0.5,,0.42615278446981736
12,54,rHR,0.5,,0.42615278446981736
12,55,rOG,0.5,,0.42615278446981736
12,56,rOB,0.5,,0.42615278446981736
12,57,rOE,0.5,,0.42615278446981736
12,58,rP,0.5,,0.42615278446981736
12,59,rPi,0.5,,0.42615278446981736
12,60,rPT,0.5,,0.42615278446981736
12,61,rPO,0.5,,0.42615278446981736
12,62,rPrT,0.5,,0.42615278446981736
12,63,rR,0.5,,0.42615278446981736
12,64,rSP,0.5,,0.42615278446981736
12,65,rTeO,0.5,0.25352127390065476,0.42615278446981736
12,66,rTh,0.5,,0.42615278446981736
12,67,rTL,0.5,,0.42615278446981736
12,68,rTS,0.5,,0.42615278446981736
12,69,rTG,0.5,,0.42615278446981736
12,70,rVR,0.5,,0.42615278446981736
12,71,rNX,0.5,0.0,0.42615278446981736
13,0,MON,0.0,0.5132848431754522,1.0
13,1,Cb,0.0,0.0,1.0
13,2,MOS1,0.0,0.0,1.0
13,3,MOS2,0.0,0.0,1.0
13,4,MOS3,0.0,0.1093984346695386,1.0
13,5,MOS4,0.0,0.339171844739324,1.0
13,6,MOS5,0.0,0.4173904304056148,1.0
13,7,IPN,0.0,0.0,1.0
13,8,IO,0.0,,1.0
13,9,Hc,0.0,,1.0
13,10,Ra,0.0,0.0,1.0
13,11,T,0.0,0.28256189338416055,1.0
13,12,aRF,0.0,0.0,1.0
13,13,imRF,0.0,0.0,1.0
13,14,pRF,0.0,0.0,1.0
13,15,GG,0.0,,1.0
13,16,Hb,0.0,0.0,1.0
13,17,Hi,0.0,0.0,1.0
13,18,HR,0.0,0.0,1.0
13,19,OG,0.0,,1.0
13,20,OB,0.0,,1.0
13,21,OE,0.0,0.2222222222222222,1.0
13,22,P,0.0,0.03428818591117315,1.0
13,23,Pi,0.0,,1.0
13,24,PT,0.0,0.29380841121495327,1.0
13,25,PO,0.0,0.39051997555794804,1.0
13,26,PrT,0.0,0.0,1.0
13,27,R,0.0,,1.0
13,28,SP,0.0,0.5351908949031251,1.0
13,29,TeO,0.0,0.2459114516629772,1.0
13,30,Th,0.0,0.2280519794499849,1.0
13,31,TL,0.0,0.0,1.0
13,32,TS,0.0,0.29705882352941176,1.0
13,33,TG,0.0,,1.0
13,34,VR,0.0,0.5821223537854323,1.0
13,35,NX,0.0,0.0,1.0
13,36,rMON,0.0,0.3663824190742862,1.0
13,37,rCb,0.0,0.1459240869186865,1.0
13,38,rMOS1,0.0,0.10618710170516128,1.0
13,39,rMOS2,0.0,0.382496189166078,1.0
13,40,rMOS3,0.0,0.05110429762230117,1.0
13,41,rMOS4,0.0,0.3255527020798026,1.0
13,42,rMOS5,0.0,0.40168779933941184,1.0
13,43,rIPN,0.0,0.0,1.0
13,44,rIO,0.0,,1.0
13,45,rHc,0.0,0.0,1.0
13,46,rRa,0.0,0.0,1.0
13,47,rT,0.0,0.08776015190479039,1.0
13,48,raRF,0.0,0.0,1.0
13,49,rimRF,0.0,0.0,1.0
13,50,rpRF,0.0,0.18901385094830522,1.0
13,51,rGG,0.0,,1.0
13,52,rHb,0.0,0.0,1.0
13,53,rHi,0.0,0.0,1.0
13,54,rHR,0.0,1.0,1.0
13,55,rOG,0.0,,1.0
13,56,rOB,0.0,,1.0
13,57,rOE,0.0,,1.0
13,58,rP,0.0,0.5874043077721551,1.0
13,59,rPi,0.0,,1.0
13,60,rPT,0.0,0.0,1.0
13,61,rPO,0.0,0.37628194092619466,1.0
13,62,rPrT,0.0,0.4490328364384475,1.0
13,63,rR,0.0,,1.0
13,64,rSP,0.0,0.6016475433951162,1.0
13,65,rTeO,0.0,0.2989853962974133,1.0
13,66,rTh,0.0,0.23617676156974826,1.0
13,67,rTL,0.0,0.0,1.0
13,68,rTS,0.0,0.6890130353817505,1.0
13,69,rTG,0.0,,1.0
13,70,rVR,0.0,0.5762291451350953,1.0
13,71,rNX,0.0,0.0,1.0
13,0,MON,0.025,0.5154061624649859,0.9742818988839109
13,1,Cb,0.025,0.0,0.9742818988839109
13,2,MOS1,0.025,0.0,0.9742818988839109
13,3,MOS2,0.025,0.0,0.9742818988839109
13,4,MOS3,0.025,0.11004397684924448,0.9742818988839109
13,5,MOS4,0.025,0.343619558442733,0.9742818988839109
13,6,MOS5,0.025,0.42818669911455753,0.9742818988839109
13,7,IPN,0.025,0.0,0.9742818988839109
13,8,IO,0.025,,0.9742818988839109
13,9,Hc,0.025,,0.9742818988839109
13,10,Ra,0.025,0.0,0.9742818988839109
13,11,T,0.025,0.2884995791695327,0.9742818988839109
13,12,aRF,0.025,0.0,0.9742818988839109
13,13,imRF,0.025,0.0,0.9742818988839109
13,14,pRF,0.025,0.0,0.9742818988839109
13,15,GG,0.025,,0.9742818988839109
13,16,Hb,0.025,0.0,0.9742818988839109
13,17,Hi,0.025,0.0,0.9742818988839109
13,18,HR,0.025,,0.9742818988839109
13,19,OG,0.025,,0.9742818988839109
13,20,OB,0.025,,0.9742818988839109
13,21,OE,0.025,,0.9742818988839109
13,22,P,0.025,0.0,0.9742818988839109
13,23,Pi,0.025,,0.9742818988839109
13,24,PT,0.025,0.29758282623394183,0.9742818988839109
13,25,PO,0.025,0.3958868515073671,0.9742818988839109
13,26,PrT,0.025,0.0,0.9742818988839109
13,27,R,0.025,,0.9742818988839109
13,28,SP,0.025,0.5727925609199219,0.9742818988839109
13,29,TeO,0.025,0.25890957700326,0.9742818988839109
13,30,Th,0.025,0.23873609112466812,0.9742818988839109
13,31,TL,0.025,,0.9742818988839109
13,32,TS,0.025,,0.9742818988839109
13,33,TG,0.025,,0.9742818988839109
13,34,VR,0.025,0.5827103957617797,0.9742818988839109
13,35,NX,0.025,0.0,0.9742818988839109
13,36,rMON,0.025,0.3694229370749027,0.9742818988839109
13,37,rCb,0.025,0.15027966240188093,0.9742818988839109
13,38,rMOS1,0.025,0.10638556161646076,0.9742818988839109
13,39,rMOS2,0.025,0.3834561244393644,0.9742818988839109
13,40,rMOS3,0.025,0.05128339179853118,0.9742818988839109
13,41,rMOS4,0.025,0.3293691655144282,0.9742818988839109
13,42,rMOS5,0.025,0.41221311381956244,0.9742818988839109
13,43,rIPN,0.025,,0.9742818988839109
13,44,rIO,0.025,,0.9742818988839109
13,45,rHc,0.025,,0.9742818988839109
13,46,rRa,0.025,0.0,0.9742818988839109
13,47,rT,0.025,0.0889638572484506,0.9742818988839109
13,48,raRF,0.025,0.0,0.9742818988839109
13,49,rimRF,0.025,0.0,0.9742818988839109
13,50,rpRF,0.025,0.19044214600625634,0.9742818988839109
13,51,rGG,0.025,,0.9742818988839109
13,52,rHb,0.025,0.0,0.9742818988839109
13,53,rHi,0.025,0.0,0.9742818988839109
13,54,rHR,0.025,,0.9742818988839109
13,55,rOG,0.025,,0.9742818988839109
13,56,rOB,0.025,,0.9742818988839109
13,57,rOE,0.025,,0.9742818988839109
13,58,rP,0.025,0.7205184631846723,0.9742818988839109
13,59,rPi,0.025,,0.9742818988839109
13,60,rPT,0.025,0.0,0.9742818988839109
13,61,rPO,0.025,0.3838338225333032,0.9742818988839109
13,62,rPrT,0.025,0.4582760767179921,0.9742818988839109
13,63,rR,0.025,,0.9742818988839109
13,64,rSP,0.025,,0.9742818988839109
13,65,rTeO,0.025,0.3166108510611308,0.9742818988839109
13,66,rTh,0.025,0.23997826895239746,0.9742818988839109
13,67,rTL,0.025,,0.9742818988839109
13,68,rTS,0.025,,0.9742818988839109
13,69,rTG,0.025,,0.9742818988839109
13,70,rVR,0.025,0.5836922708782005,0.9742818988839109
13,71,rNX,0.025,0.0,0.9742818988839109
13,0,MON,0.05,0.5151086887268388,0.9541419270089955
13,1,Cb,0.05,0.0,0.9541419270089955
13,2,MOS1,0.05,0.0,0.9541419270089955
13,3,MOS2,0.05,0.0,0.9541419270089955
13,4,MOS3,0.05,0.1097197651978128,0.9541419270089955
13,5,MOS4,0.05,0.34688287629300407,0.9541419270089955
13,6,MOS5,0.05,0.4301795686409475,0.9541419270089955
13,7,IPN,0.05,0.0,0.9541419270089955
13,8,IO,0.05,,0.9541419270089955
13,9,Hc,0.05,,0.9541419270089955
13,10,Ra,0.05,0.0,0.9541419270089955
13,11,T,0.05,0.2893860546296237,0.9541419270089955
13,12,aRF,0.05,0.0,0.9541419270089955
13,13,imRF,0.05,0.0,0.9541419270089955
13,14,pRF,0.05,0.0,0.9541419270089955
13,15,GG,0.05,,0.9541419270089955
13,16,Hb,0.05,,0.9541419270089955
13,17,Hi,0.05,0.0,0.9541419270089955
13,18,HR,0.05,,0.9541419270089955
13,19,OG,0.05,,0.9541419270089955
13,20,OB,0.05,,0.9541419270089955
13,21,OE,0.05,,0.9541419270089955
13,22,P,0.05,0.0,0.9541419270089955
13,23,Pi,0.05,,0.9541419270089955
13,24,PT,0.05,0.28072561226654025,0.9541419270089955
13,25,PO,0.05,0.3967339819256274,0.9541419270089955
13,26,PrT,0.05,,0.9541419270089955
13,27,R,0.05,,0.9541419270089955
13,28,SP,0.05,0.582923520434119,0.9541419270089955
13,29,TeO,0.05,0.25763893441104463,0.9541419270089955
13,30,Th,0.05,0.24153205290409296,0.9541419270089955
13,31,TL,0.05,,0.9541419270089955
13,32,TS,0.05,,0.9541419270089955
13,33,TG,0.05,,0.9541419270089955
13,34,VR,0.05,0.5827103957617797,0.9541419270089955
13,35,NX,0.05,0.0,0.9541419270089955
13,36,rMON,0.05,0.3714939363296686,0.9541419270089955
13,37,rCb,0.05,0.1512194863142704,0.9541419270089955
13,38,rMOS1,0.05,0.10656057665057135,0.9541419270089955
13,39,rMOS2,0.05,0.38368612923176376,0.9541419270089955
13,40,rMOS3,0.05,0.05131096483856473,0.9541419270089955
13,41,rMOS4,0.05,0.3295951565041699,0.9541419270089955
13,42,rMOS5,0.05,0.41442616775633906,0.9541419270089955
13,43,rIPN,0.05,,0.9541419270089955
13,44,rIO,0.05,,0.9541419270089955
13,45,rHc,0.05,,0.9541419270089955
13,46,rRa,0.05,0.0,0.9541419270089955
13,47,rT,0.05,0.09086228189374494,0.9541419270089955
13,48,raRF,0.05,0.0,0.9541419270089955
13,49,rimRF,0.05,0.0,0.9541419270089955
13,50,rpRF,0.05,0.19068508811722043,0.9541419270089955
13,51,rGG,0.05,,0.9541419270089955
13,52,rHb,0.05,0.0,0.9541419270089955
13,53,rHi,0.05,0.0,0.9541419270089955
13,54,rHR,0.05,,0.9541419270089955
13,55,rOG,0.05,,0.9541419270089955
13,56,rOB,0.05,,0.9541419270089955
13,57,rOE,0.05,,0.9541419270089955
13,58,rP,0.05,0.7529946214669895,0.9541419270089955
13,59,rPi,0.05,,0.9541419270089955
13,60,rPT,0.05,0.0,0.9541419270089955
13,61,rPO,0.05,0.38629688352870845,0.9541419270089955
13,62,rPrT,0.05,0.4875794952136911,0.9541419270089955
13,63,rR,0.05,,0.9541419270089955
13,64,rSP,0.05,,0.9541419270089955
13,65,rTeO,0.05,0.3201877282056256,0.9541419270089955
13,66,rTh,0.05,0.24096159708271878,0.9541419270089955
13,67,rTL,0.05,,0.9541419270089955
13,68,rTS,0.05,,0.9541419270089955
13,69,rTG,0.05,,0.9541419270089955
13,70,rVR,0.05,0.5876403984822602,0.9541419270089955
13,71,rNX,0.05,0.0,0.9541419270089955
13,0,MON,0.1,0.5522216263586779,0.7459045600096955
13,1,Cb,0.1,0.0,0.7459045600096955
13,2,MOS1,0.1,0.0,0.7459045600096955
13,3,MOS2,0.1,0.0,0.7459045600096955
13,4,MOS3,0.1,0.11400337376022254,0.7459045600096955
13,5,MOS4,0.1,0.3420394789704399,0.7459045600096955
13,6,MOS5,0.1,0.43588703661286354,0.7459045600096955
13,7,IPN,0.1,,0.7459045600096955
13,8,IO,0.1,,0.7459045600096955
13,9,Hc,0.1,,0.7459045600096955
13,10,Ra,0.1,0.0,0.7459045600096955
13,11,T,0.1,0.2845584477335659,0.7459045600096955
13,12,aRF,0.1,0.0,0.7459045600096955
13,13,imRF,0.1,0.0,0.7459045600096955
13,14,pRF,0.1,0.0,0.7459045600096955
13,15,GG,0.1,,0.7459045600096955
13,16,Hb,0.1,,0.7459045600096955
13,17,Hi,0.1,,0.7459045600096955
13,18,HR,0.1,,0.7459045600096955
13,19,OG,0.1,,0.7459045600096955
13,20,OB,0.1,,0.7459045600096955
13,21,OE,0.1,,0.7459045600096955
13,22,P,0.1,,0.7459045600096955
13,23,Pi,0.1,,0.7459045600096955
13,24,PT,0.1,0.316570895634646,0.7459045600096955
13,25,PO,0.1,0.40827482916783675,0.7459045600096955
13,26,PrT,0.1,,0.7459045600096955
13,27,R,0.1,,0.7459045600096955
13,28,SP,0.1,,0.7459045600096955
13,29,TeO,0.1,0.2645644637538497,0.7459045600096955
13,30,Th,0.1,0.2206263983881031,0.7459045600096955
13,31,TL,0.1,,0.7459045600096955
13,32,TS,0.1,,0.7459045600096955
13,33,TG,0.1,,0.7459045600096955
13,34,VR,0.1,0.6449389523434423,0.7459045600096955
13,35,NX,0.1,0.0,0.7459045600096955
13,36,rMON,0.1,0.553568759127445,0.7459045600096955
13,37,rCb,0.1,0.18270747310779917,0.7459045600096955
13,38,rMOS1,0.1,0.10601403010956097,0.7459045600096955
13,39,rMOS2,0.1,,0.7459045600096955
13,40,rMOS3,0.1,0.047996619679557415,0.7459045600096955
13,41,rMOS4,0.1,0.32402526311303137,0.7459045600096955
13,42,rMOS5,0.1,0.40904520330701133,0.7459045600096955
13,43,rIPN,0.1,,0.7459045600096955
13,44,rIO,0.1,,0.7459045600096955
13,45,rHc,0.1,,0.7459045600096955
13,46,rRa,0.1,0.0,0.7459045600096955
13,47,rT,0.1,0.0924721110448778,0.7459045600096955
13,48,raRF,0.1,0.0,0.7459045600096955
13,49,rimRF,0.1,0.0,0.7459045600096955
13,50,rpRF,0.1,0.183519529684762,0.7459045600096955
13,51,rGG,0.1,,0.7459045600096955
13,52,rHb,0.1,,0.7459045600096955
13,53,rHi,0.1,0.0,0.7459045600096955
13,54,rHR,0.1,,0.7459045600096955
13,55,rOG,0.1,,0.7459045600096955
13,56,rOB,0.1,,0.7459045600096955
13,57,rOE,0.1,,0.7459045600096955
13,58,rP,0.1,0.7001362862010222,0.7459045600096955
13,59,rPi,0.1,,0.7459045600096955
13,60,rPT,0.1,,0.7459045600096955
13,61,rPO,0.1,0.3706308610400682,0.7459045600096955
13,62,rPrT,0.1,,0.7459045600096955
13,63,rR,0.1,,0.7459045600096955
13,64,rSP,0.1,,0.7459045600096955
13,65,rTeO,0.1,0.33822553573519654,0.7459045600096955
13,66,rTh,0.1,0.24381985873962833,0.7459045600096955
13,67,rTL,0.1,,0.7459045600096955
13,68,rTS,0.1,,0.7459045600096955
13,69,rTG,0.1,,0.7459045600096955
13,70,rVR,0.1,0.624803004392583,0.7459045600096955
13,71,rNX,0.1,0.0,0.7459045600096955
13,0,MON,0.15,0.5544917257683215,0.7350892856248566
13,1,Cb,0.15,0.0,0.7350892856248566
13,2,MOS1,0.15,0.0,0.7350892856248566
13,3,MOS2,0.15,0.0,0.7350892856248566
13,4,MOS3,0.15,0.11496718410193578,0.7350892856248566
13,5,MOS4,0.15,0.34506238305288545,0.7350892856248566
13,6,MOS5,0.15,0.440900395357735,0.7350892856248566
13,7,IPN,0.15,,0.7350892856248566
13,8,IO,0.15,,0.7350892856248566
13,9,Hc,0.15,,0.7350892856248566
13,10,Ra,0.15,0.0,0.7350892856248566
13,11,T,0.15,0.28916484504596685,0.7350892856248566
13,12,aRF,0.15,0.0,0.7350892856248566
13,13,imRF,0.15,0.0,0.7350892856248566
13,14,pRF,0.15,0.0,0.7350892856248566
13,15,GG,0.15,,0.7350892856248566
13,16,Hb,0.15,,0.7350892856248566
13,17,Hi,0.15,,0.7350892856248566
13,18,HR,0.15,,0.7350892856248566
13,19,OG,0.15,,0.7350892856248566
13,20,OB,0.15,,0.7350892856248566
13,21,OE,0.15,,0.7350892856248566
13,22,P,0.15,,0.7350892856248566
13,23,Pi,0.15,,0.7350892856248566
13,24,PT,0.15,0.32173128117254673,0.7350892856248566
13,25,PO,0.15,0.4086348606518658,0.7350892856248566
13,26,PrT,0.15,,0.7350892856248566
13,27,R,0.15,,0.7350892856248566
13,28,SP,0.15,,0.7350892856248566
13,29,TeO,0.15,0.2669245635297586,0.7350892856248566
13,30,Th,0.15,0.2239870983949982,0.7350892856248566
13,31,TL,0.15,,0.7350892856248566
13,32,TS,0.15,,0.7350892856248566
13,33,TG,0.15,,0.7350892856248566
13,34,VR,0.15,0.6471692520501927,0.7350892856248566
13,35,NX,0.15,0.0,0.7350892856248566
13,36,rMON,0.15,0.5556068510225751,0.7350892856248566
13,37,rCb,0.15,0.1842321575354705,0.7350892856248566
13,38,rMOS1,0.15,0.1062006502554575,0.7350892856248566
13,39,rMOS2,0.15,,0.7350892856248566
13,40,rMOS3,0.15,0.04807272126010291,0.7350892856248566
13,41,rMOS4,0.15,0.32600871021775546,0.7350892856248566
13,42,rMOS5,0.15,0.4118003444614361,0.7350892856248566
13,43,rIPN,0.15,,0.7350892856248566
13,44,rIO,0.15,,0.7350892856248566
13,45,rHc,0.15,,0.7350892856248566
13,46,rRa,0.15,0.0,0.7350892856248566
13,47,rT,0.15,0.09310184707460531,0.7350892856248566
13,48,raRF,0.15,0.0,0.7350892856248566
13,49,rimRF,0.15,0.0,0.7350892856248566
13,50,rpRF,0.15,0.18518747623731902,0.7350892856248566
13,51,rGG,0.15,,0.7350892856248566
13,52,rHb,0.15,,0.7350892856248566
13,53,rHi,0.15,,0.7350892856248566
13,54,rHR,0.15,,0.7350892856248566
13,55,rOG,0.15,,0.7350892856248566
13,56,rOB,0.15,,0.7350892856248566
13,57,rOE,0.15,,0.7350892856248566
13,58,rP,0.15,,0.7350892856248566
13,59,rPi,0.15,,0.7350892856248566
13,60,rPT,0.15,,0.7350892856248566
13,61,rPO,0.15,0.36992192265462975,0.7350892856248566
13,62,rPrT,0.15,,0.7350892856248566
13,63,rR,0.15,,0.7350892856248566
13,64,rSP,0.15,,0.7350892856248566
13,65,rTeO,0.15,0.3404298972402413,0.7350892856248566
13,66,rTh,0.15,0.2372176531912429,0.7350892856248566
13,67,rTL,0.15,,0.7350892856248566
13,68,rTS,0.15,,0.7350892856248566
13,69,rTG,0.15,,0.7350892856248566
13,70,rVR,0.15,0.6271794008751262,0.7350892856248566
13,71,rNX,0.15,0.0,0.7350892856248566
13,0,MON,0.25,0.5598498473948115,0.6860312706268148
13,1,Cb,0.25,,0.6860312706268148
13,2,MOS1,0.25,0.0,0.6860312706268148
13,3,MOS2,0.25,0.0,0.6860312706268148
13,4,MOS3,0.25,0.11242936040951658,0.6860312706268148
13,5,MOS4,0.25,0.347906237395905,0.6860312706268148
13,6,MOS5,0.25,0.44402425673649737,0.6860312706268148
13,7,IPN,0.25,,0.6860312706268148
13,8,IO,0.25,,0.6860312706268148
13,9,Hc,0.25,,0.6860312706268148
13,10,Ra,0.25,0.0,0.6860312706268148
13,11,T,0.25,0.34914322091184136,0.6860312706268148
13,12,aRF,0.25,0.0,0.6860312706268148
13,13,imRF,0.25,0.0,0.6860312706268148
13,14,pRF,0.25,0.0,0.6860312706268148
13,15,GG,0.25,,0.6860312706268148
13,16,Hb,0.25,,0.6860312706268148
13,17,Hi,0.25,,0.6860312706268148
13,18,HR,0.25,,0.6860312706268148
13,19,OG,0.25,,0.6860312706268148
13,20,OB,0.25,,0.6860312706268148
13,21,OE,0.25,,0.6860312706268148
13,22,P,0.25,,0.6860312706268148
13,23,Pi,0.25,,0.6860312706268148
13,24,PT,0.25,0.311931557940195,0.6860312706268148
13,25,PO,0.25,,0.6860312706268148
13,26,PrT,0.25,,0.6860312706268148
13,27,R,0.25,,0.6860312706268148
13,28,SP,0.25,,0.6860312706268148
13,29,TeO,0.25,0.269691651824155,0.6860312706268148
13,30,Th,0.25,0.22384221413671826,0.6860312706268148
13,31,TL,0.25,,0.6860312706268148
13,32,TS,0.25,,0.6860312706268148
13,33,TG,0.25,,0.6860312706268148
13,34,VR,0.25,,0.6860312706268148
13,35,NX,0.25,0.0,0.6860312706268148
13,36,rMON,0.25,0.532324255858138,0.6860312706268148
13,37,rCb,0.25,0.18634413374759579,0.6860312706268148
13,38,rMOS1,0.25,0.1010864572939928,0.6860312706268148
13,39,rMOS2,0.25,,0.6860312706268148
13,40,rMOS3,0.25,0.04783810398699286,0.6860312706268148
13,41,rMOS4,0.25,0.3231673534640775,0.6860312706268148
13,42,rMOS5,0.25,0.4056430393610343,0.6860312706268148
13,43,rIPN,0.25,,0.6860312706268148
13,44,rIO,0.25,,0.6860312706268148
13,45,rHc,0.25,,0.6860312706268148
13,46,rRa,0.25,0.0,0.6860312706268148
13,47,rT,0.25,0.09426951507918814,0.6860312706268148
13,48,raRF,0.25,0.0,0.6860312706268148
13,49,rimRF,0.25,0.0,0.6860312706268148
13,50,rpRF,0.25,0.17763345340970169,0.6860312706268148
13,51,rGG,0.25,,0.6860312706268148
13,52,rHb,0.25,,0.6860312706268148
13,53,rHi,0.25,,0.6860312706268148
13,54,rHR,0.25,,0.6860312706268148
13,55,rOG,0.25,,0.6860312706268148
13,56,rOB,0.25,,0.6860312706268148
13,57,rOE,0.25,,0.6860312706268148
13,58,rP,0.25,,0.6860312706268148
13,59,rPi,0.25,,0.6860312706268148
13,60,rPT,0.25,,0.6860312706268148
13,61,rPO,0.25,0.3237601339153839,0.6860312706268148
13,62,rPrT,0.25,,0.6860312706268148
13,63,rR,0.25,,0.6860312706268148
13,64,rSP,0.25,,0.6860312706268148
13,65,rTeO,0.25,0.35397076314897297,0.6860312706268148
13,66,rTh,0.25,0.231184214818923,0.6860312706268148
13,67,rTL,0.25,,0.6860312706268148
13,68,rTS,0.25,,0.6860312706268148
13,69,rTG,0.25,,0.6860312706268148
13,70,rVR,0.25,0.5841660582038176,0.6860312706268148
13,71,rNX,0.25,0.0,0.6860312706268148
13,0,MON,0.35,0.5577626994315056,0.6202563334024441
13,1,Cb,0.35,,0.6202563334024441
13,2,MOS1,0.35,0.0,0.6202563334024441
13,3,MOS2,0.35,0.0,0.6202563334024441
13,4,MOS3,0.35,0.11239716353541743,0.6202563334024441
13,5,MOS4,0.35,0.3409897707713973,0.6202563334024441
13,6,MOS5,0.35,0.42745022970903523,0.6202563334024441
13,7,IPN,0.35,,0.6202563334024441
13,8,IO,0.35,,0.6202563334024441
13,9,Hc,0.35,,0.6202563334024441
13,10,Ra,0.35,0.0,0.6202563334024441
13,11,T,0.35,0.34327594167597913,0.6202563334024441
13,12,aRF,0.35,0.0,0.6202563334024441
13,13,imRF,0.35,0.0,0.6202563334024441
13,14,pRF,0.35,0.0,0.6202563334024441
13,15,GG,0.35,,0.6202563334024441
13,16,Hb,0.35,,0.6202563334024441
13,17,Hi,0.35,,0.6202563334024441
13,18,HR,0.35,,0.6202563334024441
13,19,OG,0.35,,0.6202563334024441
13,20,OB,0.35,,0.6202563334024441
13,21,OE,0.35,,0.6202563334024441
13,22,P,0.35,,0.6202563334024441
13,23,Pi,0.35,,0.6202563334024441
13,24,PT,0.35,,0.6202563334024441
13,25,PO,0.35,,0.6202563334024441
13,26,PrT,0.35,,0.6202563334024441
13,27,R,0.35,,0.6202563334024441
13,28,SP,0.35,,0.6202563334024441
13,29,TeO,0.35,0.25689010215280045,0.6202563334024441
13,30,Th,0.35,0.34896765815538533,0.6202563334024441
13,31,TL,0.35,,0.6202563334024441
13,32,TS,0.35,,0.6202563334024441
13,33,TG,0.35,,0.6202563334024441
13,34,VR,0.35,,0.6202563334024441
13,35,NX,0.35,0.0,0.6202563334024441
13,36,rMON,0.35,0.5397794299196181,0.6202563334024441
13,37,rCb,0.35,0.0,0.6202563334024441
13,38,rMOS1,0.35,0.10087852621381925,0.6202563334024441
13,39,rMOS2,0.35,,0.6202563334024441
13,40,rMOS3,0.35,0.048820506179196164,0.6202563334024441
13,41,rMOS4,0.35,0.31508855619964987,0.6202563334024441
13,42,rMOS5,0.35,0.3765572512204748,0.6202563334024441
13,43,rIPN,0.35,,0.6202563334024441
13,44,rIO,0.35,,0.6202563334024441
13,45,rHc,0.35,,0.6202563334024441
13,46,rRa,0.35,0.0,0.6202563334024441
13,47,rT,0.35,0.0,0.6202563334024441
13,48,raRF,0.35,0.0,0.6202563334024441
13,49,rimRF,0.35,0.0,0.6202563334024441
13,50,rpRF,0.35,0.1753984753984754,0.6202563334024441
13,51,rGG,0.35,,0.6202563334024441
13,52,rHb,0.35,,0.6202563334024441
13,53,rHi,0.35,,0.6202563334024441
13,54,rHR,0.35,,0.6202563334024441
13,55,rOG,0.35,,0.6202563334024441
13,56,rOB,0.35,,0.6202563334024441
13,57,rOE,0.35,,0.6202563334024441
13,58,rP,0.35,,0.6202563334024441
13,59,rPi,0.35,,0.6202563334024441
13,60,rPT,0.35,,0.6202563334024441
13,61,rPO,0.35,,0.6202563334024441
13,62,rPrT,0.35,,0.6202563334024441
13,63,rR,0.35,,0.6202563334024441
13,64,rSP,0.35,,0.6202563334024441
13,65,rTeO,0.35,0.33626015720382274,0.6202563334024441
13,66,rTh,0.35,0.28654443876145885,0.6202563334024441
13,67,rTL,0.35,,0.6202563334024441
13,68,rTS,0.35,,0.6202563334024441
13,69,rTG,0.35,,0.6202563334024441
13,70,rVR,0.35,,0.6202563334024441
13,71,rNX,0.35,0.0,0.6202563334024441
13,0,MON,0.5,,0.43530128796460726
13,1,Cb,0.5,,0.43530128796460726
13,2,MOS1,0.5,0.0,0.43530128796460726
13,3,MOS2,0.5,0.0,0.43530128796460726
13,4,MOS3,0.5,0.33359831878536966,0.43530128796460726
13,5,MOS4,0.5,0.35746020775886994,0.43530128796460726
13,6,MOS5,0.5,0.4571552784744239,0.43530128796460726
13,7,IPN,0.5,,0.43530128796460726
13,8,IO,0.5,,0.43530128796460726
13,9,Hc,0.5,,0.43530128796460726
13,10,Ra,0.5,0.0,0.43530128796460726
13,11,T,0.5,0.3606882502223951,0.43530128796460726
13,12,aRF,0.5,,0.43530128796460726
13,13,imRF,0.5,0.0,0.43530128796460726
13,14,pRF,0.5,0.0,0.43530128796460726
13,15,GG,0.5,,0.43530128796460726
13,16,Hb,0.5,,0.43530128796460726
13,17,Hi,0.5,,0.43530128796460726
13,18,HR,0.5,,0.43530128796460726
13,19,OG,0.5,,0.43530128796460726
13,20,OB,0.5,,0.43530128796460726
13,21,OE,0.5,,0.43530128796460726
13,22,P,0.5,,0.43530128796460726
13,23,Pi,0.5,,0.43530128796460726
13,24,PT,0.5,,0.43530128796460726
13,25,PO,0.5,,0.43530128796460726
13,26,PrT,0.5,,0.43530128796460726
13,27,R,0.5,,0.43530128796460726
13,28,SP,0.5,,0.43530128796460726
13,29,TeO,0.5,0.2585637674407721,0.43530128796460726
13,30,Th,0.5,0.40034275768984867,0.43530128796460726
13,31,TL,0.5,,0.43530128796460726
13,32,TS,0.5,,0.43530128796460726
13,33,TG,0.5,,0.43530128796460726
13,34,VR,0.5,,0.43530128796460726
13,35,NX,0.5,,0.43530128796460726
13,36,rMON,0.5,,0.43530128796460726
13,37,rCb,0.5,0.0,0.43530128796460726
13,38,rMOS1,0.5,0.12417338020501437,0.43530128796460726
13,39,rMOS2,0.5,,0.43530128796460726
13,40,rMOS3,0.5,0.10061111874191953,0.43530128796460726
13,41,rMOS4,0.5,0.3502937665194793,0.43530128796460726
13,42,rMOS5,0.5,0.3985058494954648,0.43530128796460726
13,43,rIPN,0.5,,0.43530128796460726
13,44,rIO,0.5,,0.43530128796460726
13,45,rHc,0.5,,0.43530128796460726
13,46,rRa,0.5,,0.43530128796460726
13,47,rT,0.5,0.0,0.43530128796460726
13,48,raRF,0.5,0.0,0.43530128796460726
13,49,rimRF,0.5,0.0,0.43530128796460726
13,50,rpRF,0.5,0.21550537691750743,0.43530128796460726
13,51,rGG,0.5,,0.43530128796460726
13,52,rHb,0.5,,0.43530128796460726
13,53,rHi,0.5,,0.43530128796460726
13,54,rHR,0.5,,0.43530128796460726
13,55,rOG,0.5,,0.43530128796460726
13,56,rOB,0.5,,0.43530128796460726
13,57,rOE,0.5,,0.43530128796460726
13,58,rP,0.5,,0.43530128796460726
13,59,rPi,0.5,,0.43530128796460726
13,60,rPT,0.5,,0.43530128796460726
13,61,rPO,0.5,,0.43530128796460726
13,62,rPrT,0.5,,0.43530128796460726
13,63,rR,0.5,,0.43530128796460726
13,64,rSP,0.5,,0.43530128796460726
13,65,rTeO,0.5,0.37042392154300446,0.43530128796460726
13,66,rTh,0.5,0.35699632908659035,0.43530128796460726
13,67,rTL,0.5,,0.43530128796460726
13,68,rTS,0.5,,0.43530128796460726
13,69,rTG,0.5,,0.43530128796460726
13,70,rVR,0.5,,0.43530128796460726
13,71,rNX,0.5,,0.43530128796460726
14,0,MON,0.0,0.6483024070776124,1.0
14,1,Cb,0.0,0.43081295772226963,1.0
14,2,MOS1,0.0,0.3475244264351681,1.0
14,3,MOS2,0.0,0.0,1.0
14,4,MOS3,0.0,0.29897336305868283,1.0
14,5,MOS4,0.0,0.4579648055093993,1.0
14,6,MOS5,0.0,0.6095110796765706,1.0
14,7,IPN,0.0,0.0,1.0
14,8,IO,0.0,,1.0
14,9,Hc,0.0,0.0,1.0
14,10,Ra,0.0,0.0,1.0
14,11,T,0.0,0.2515596927425359,1.0
14,12,aRF,0.0,0.0,1.0
14,13,imRF,0.0,0.0,1.0
14,14,pRF,0.0,0.0,1.0
14,15,GG,0.0,,1.0
14,16,Hb,0.0,0.6875,1.0
14,17,Hi,0.0,0.0,1.0
14,18,HR,0.0,0.0,1.0
14,19,OG,0.0,,1.0
14,20,OB,0.0,0.0,1.0
14,21,OE,0.0,0.9601990049751243,1.0
14,22,P,0.0,0.0,1.0
14,23,Pi,0.0,,1.0
14,24,PT,0.0,0.0,1.0
14,25,PO,0.0,0.5606046607489322,1.0
14,26,PrT,0.0,0.5297510079258421,1.0
14,27,R,0.0,,1.0
14,28,SP,0.0,0.558682535746756,1.0
14,29,TeO,0.0,0.33963956789954486,1.0
14,30,Th,0.0,0.23125944137631568,1.0
14,31,TL,0.0,0.34895383019194187,1.0
14,32,TS,0.0,0.3769935075744964,1.0
14,33,TG,0.0,,1.0
14,34,VR,0.0,0.8464052287581699,1.0
14,35,NX,0.0,0.0,1.0
14,36,rMON,0.0,0.6872550037320995,1.0
14,37,rCb,0.0,0.4709688432921269,1.0
14,38,rMOS1,0.0,0.38643441271579776,1.0
14,39,rMOS2,0.0,0.0,1.0
14,40,rMOS3,0.0,0.3117605540830109,1.0
14,41,rMOS4,0.0,0.37643582881367976,1.0
14,42,rMOS5,0.0,0.5278743234787191,1.0
14,43,rIPN,0.0,0.0,1.0
14,44,rIO,0.0,0.0,1.0
14,45,rHc,0.0,0.0,1.0
14,46,rRa,0.0,0.0,1.0
14,47,rT,0.0,0.1492811855620435,1.0
14,48,raRF,0.0,0.38108975583661303,1.0
14,49,rimRF,0.0,0.0,1.0
14,50,rpRF,0.0,0.0,1.0
14,51,rGG,0.0,,1.0
14,52,rHb,0.0,0.5160344153304653,1.0
14,53,rHi,0.0,0.0,1.0
14,54,rHR,0.0,0.0,1.0
14,55,rOG,0.0,,1.0
14,56,rOB,0.0,,1.0
14,57,rOE,0.0,1.0,1.0
14,58,rP,0.0,0.39459803564932705,1.0
14,59,rPi,0.0,,1.0
14,60,rPT,0.0,0.0,1.0
14,61,rPO,0.0,0.48886500686608153,1.0
14,62,rPrT,0.0,0.5045148119005592,1.0
14,63,rR,0.0,,1.0
14,64,rSP,0.0,0.5439323820542487,1.0
14,65,rTeO,0.0,0.38350769534409934,1.0
14,66,rTh,0.0,0.4009450345609368,1.0
14,67,rTL,0.0,0.4471129279509453,1.0
14,68,rTS,0.0,0.5341673675357443,1.0
14,69,rTG,0.0,,1.0
14,70,rVR,0.0,0.6830732292917167,1.0
14,71,rNX,0.0,0.0,1.0
14,0,MON,0.025,0.6126359255863185,0.9095298460719056
14,1,Cb,0.025,0.40979484986327647,0.9095298460719056
14,2,MOS1,0.025,0.34617647863116285,0.9095298460719056
14,3,MOS2,0.025,0.0,0.9095298460719056
14,4,MOS3,0.025,0.29068273990778004,0.9095298460719056
14,5,MOS4,0.025,0.43101807384796215,0.9095298460719056
14,6,MOS5,0.025,0.5867617472897135,0.9095298460719056
14,7,IPN,0.025,0.0,0.9095298460719056
14,8,IO,0.025,,0.9095298460719056
14,9,Hc,0.025,,0.9095298460719056
14,10,Ra,0.025,0.0,0.9095298460719056
14,11,T,0.025,0.24727105757610757,0.9095298460719056
14,12,aRF,0.025,0.0,0.9095298460719056
14,13,imRF,0.025,0.0,0.9095298460719056
14,14,pRF,0.025,0.0,0.9095298460719056
14,15,GG,0.025,,0.9095298460719056
14,16,Hb,0.025,0.6881906409147689,0.9095298460719056
14,17,Hi,0.025,,0.9095298460719056
14,18,HR,0.025,0.0,0.9095298460719056
14,19,OG,0.025,,0.9095298460719056
14,20,OB,0.025,,0.9095298460719056
14,21,OE,0.025,,0.9095298460719056
14,22,P,0.025,,0.9095298460719056
14,23,Pi,0.025,,0.9095298460719056
14,24,PT,0.025,0.0,0.9095298460719056
14,25,PO,0.025,0.5549616217280063,0.9095298460719056
14,26,PrT,0.025,0.5283553532732768,0.9095298460719056
14,27,R,0.025,,0.9095298460719056
14,28,SP,0.025,0.6516000628502593,0.9095298460719056
14,29,TeO,0.025,0.33653693642348853,0.9095298460719056
14,30,Th,0.025,0.0,0.9095298460719056
14,31,TL,0.025,,0.9095298460719056
14,32,TS,0.025,,0.9095298460719056
14,33,TG,0.025,,0.9095298460719056
14,34,VR,0.025,,0.9095298460719056
14,35,NX,0.025,0.0,0.9095298460719056
14,36,rMON,0.025,0.6844740758440317,0.9095298460719056
14,37,rCb,0.025,0.5860877126243139,0.9095298460719056
14,38,rMOS1,0.025,0.3802244947784586,0.9095298460719056
14,39,rMOS2,0.025,0.0,0.9095298460719056
14,40,rMOS3,0.025,0.2965000674478943,0.9095298460719056
14,41,rMOS4,0.025,0.0,0.9095298460719056
14,42,rMOS5,0.025,0.4988758649291686,0.9095298460719056
14,43,rIPN,0.025,0.0,0.9095298460719056
14,44,rIO,0.025,,0.9095298460719056
14,45,rHc,0.025,,0.9095298460719056
14,46,rRa,0.025,0.0,0.9095298460719056
14,47,rT,0.025,0.14126156268451093,0.9095298460719056
14,48,raRF,0.025,0.3621756578137838,0.9095298460719056
14,49,rimRF,0.025,0.0,0.9095298460719056
14,50,rpRF,0.025,0.0,0.9095298460719056
14,51,rGG,0.025,,0.9095298460719056
14,52,rHb,0.025,0.5101294522050757,0.9095298460719056
14,53,rHi,0.025,0.0,0.9095298460719056
14,54,rHR,0.025,0.0,0.9095298460719056
14,55,rOG,0.025,,0.9095298460719056
14,56,rOB,0.025,,0.9095298460719056
14,57,rOE,0.025,,0.9095298460719056
14,58,rP,0.025,0.4121409128148207,0.9095298460719056
14,59,rPi,0.025,,0.9095298460719056
14,60,rPT,0.025,0.0,0.9095298460719056
14,61,rPO,0.025,0.4880861491030983,0.9095298460719056
14,62,rPrT,0.025,0.5207841045963167,0.9095298460719056
14,63,rR,0.025,,0.9095298460719056
14,64,rSP,0.025,,0.9095298460719056
14,65,rTeO,0.025,0.37432671641747517,0.9095298460719056
14,66,rTh,0.025,0.36829531794458226,0.9095298460719056
14,67,rTL,0.025,0.5087226789653098,0.9095298460719056
14,68,rTS,0.025,0.5171135818617834,0.9095298460719056
14,69,rTG,0.025,,0.9095298460719056
14,70,rVR,0.025,,0.9095298460719056
14,71,rNX,0.025,0.0,0.9095298460719056
14,0,MON,0.05,0.599671422516315,0.7993970730699884
14,1,Cb,0.05,0.39220125604770384,0.7993970730699884
14,2,MOS1,0.05,0.36164978554107385,0.7993970730699884
14,3,MOS2,0.05,0.0,0.7993970730699884
14,4,MOS3,0.05,0.29399315575837837,0.7993970730699884
14,5,MOS4,0.05,0.45030270673207684,0.7993970730699884
14,6,MOS5,0.05,0.6034150187768121,0.7993970730699884
14,7,IPN,0.05,0.0,0.7993970730699884
14,8,IO,0.05,,0.7993970730699884
14,9,Hc,0.05,,0.7993970730699884
14,10,Ra,0.05,0.0,0.7993970730699884
14,11,T,0.05,0.24808079509291378,0.7993970730699884
14,12,aRF,0.05,,0.7993970730699884
14,13,imRF,0.05,0.0,0.7993970730699884
14,14,pRF,0.05,0.0,0.7993970730699884
14,15,GG,0.05,,0.7993970730699884
14,16,Hb,0.05,0.6670599702457293,0.7993970730699884
14,17,Hi,0.05,,0.7993970730699884
14,18,HR,0.05,0.0,0.7993970730699884
14,19,OG,0.05,,0.7993970730699884
14,20,OB,0.05,,0.7993970730699884
14,21,OE,0.05,,0.7993970730699884
14,22,P,0.05,,0.7993970730699884
14,23,Pi,0.05,,0.7993970730699884
14,24,PT,0.05,,0.7993970730699884
14,25,PO,0.05,0.6055657652927278,0.7993970730699884
14,26,PrT,0.05,0.5202275168244186,0.7993970730699884
14,27,R,0.05,,0.7993970730699884
14,28,SP,0.05,,0.7993970730699884
14,29,TeO,0.05,0.34154154324078867,0.7993970730699884
14,30,Th,0.05,0.0,0.7993970730699884
14,31,TL,0.05,,0.7993970730699884
14,32,TS,0.05,,0.7993970730699884
14,33,TG,0.05,,0.7993970730699884
14,34,VR,0.05,,0.7993970730699884
14,35,NX,0.05,0.0,0.7993970730699884
14,36,rMON,0.05,0.6509145753619525,0.7993970730699884
14,37,rCb,0.05,0.6500074091037679,0.7993970730699884
14,38,rMOS1,0.05,0.39912512247972903,0.7993970730699884
14,39,rMOS2,0.05,0.0,0.7993970730699884
14,40,rMOS3,0.05,0.301483089132864,0.7993970730699884
14,41,rMOS4,0.05,,0.7993970730699884
14,42,rMOS5,0.05,0.5044801462198597,0.7993970730699884
14,43,rIPN,0.05,0.0,0.7993970730699884
14,44,rIO,0.05,,0.7993970730699884
14,45,rHc,0.05,,0.7993970730699884
14,46,rRa,0.05,0.0,0.7993970730699884
14,47,rT,0.05,0.14568146376962263,0.7993970730699884
14,48,raRF,0.05,0.370054925215899,0.7993970730699884
14,49,rimRF,0.05,0.0,0.7993970730699884
14,50,rpRF,0.05,0.0,0.7993970730699884
14,51,rGG,0.05,,0.7993970730699884
14,52,rHb,0.05,,0.7993970730699884
14,53,rHi,0.05,0.0,0.7993970730699884
14,54,rHR,0.05,0.0,0.7993970730699884
14,55,rOG,0.05,,0.7993970730699884
14,56,rOB,0.05,,0.7993970730699884
14,57,rOE,0.05,,0.7993970730699884
14,58,rP,0.05,0.40244678789891775,0.7993970730699884
14,59,rPi,0.05,,0.7993970730699884
14,60,rPT,0.05,,0.7993970730699884
14,61,rPO,0.05,0.5266079033693987,0.7993970730699884
14,62,rPrT,0.05,0.5431398094211254,0.7993970730699884
14,63,rR,0.05,,0.7993970730699884
14,64,rSP,0.05,,0.7993970730699884
14,65,rTeO,0.05,0.38716647270127386,0.7993970730699884
14,66,rTh,0.05,0.38835788240754043,0.7993970730699884
14,67,rTL,0.05,,0.7993970730699884
14,68,rTS,0.05,,0.7993970730699884
14,69,rTG,0.05,,0.7993970730699884
14,70,rVR,0.05,,0.7993970730699884
14,71,rNX,0.05,0.0,0.7993970730699884
14,0,MON,0.1,0.5590264740160629,0.7018686998381778
14,1,Cb,0.1,0.380387018668996,0.7018686998381778
14,2,MOS1,0.1,0.3294654446760807,0.7018686998381778
14,3,MOS2,0.1,0.0,0.7018686998381778
14,4,MOS3,0.1,0.28947814785324655,0.7018686998381778
14,5,MOS4,0.1,0.531298924138622,0.7018686998381778
14,6,MOS5,0.1,0.6004509128775413,0.7018686998381778
14,7,IPN,0.1,0.0,0.7018686998381778
14,8,IO,0.1,,0.7018686998381778
14,9,Hc,0.1,,0.7018686998381778
14,10,Ra,0.1,0.0,0.7018686998381778
14,11,T,0.1,0.20347687681829232,0.7018686998381778
14,12,aRF,0.1,,0.7018686998381778
14,13,imRF,0.1,0.0,0.7018686998381778
14,14,pRF,0.1,0.0,0.7018686998381778
14,15,GG,0.1,,0.7018686998381778
14,16,Hb,0.1,,0.7018686998381778
14,17,Hi,0.1,,0.7018686998381778
14,18,HR,0.1,,0.7018686998381778
14,19,OG,0.1,,0.7018686998381778
14,20,OB,0.1,,0.7018686998381778
14,21,OE,0.1,,0.7018686998381778
14,22,P,0.1,,0.7018686998381778
14,23,Pi,0.1,,0.7018686998381778
14,24,PT,0.1,,0.7018686998381778
14,25,PO,0.1,0.6261014383043149,0.7018686998381778
14,26,PrT,0.1,0.5293492240418417,0.7018686998381778
14,27,R,0.1,,0.7018686998381778
14,28,SP,0.1,,0.7018686998381778
14,29,TeO,0.1,0.33778126108120304,0.7018686998381778
14,30,Th,0.1,0.0,0.7018686998381778
14,31,TL,0.1,,0.7018686998381778
14,32,TS,0.1,,0.7018686998381778
14,33,TG,0.1,,0.7018686998381778
14,34,VR,0.1,,0.7018686998381778
14,35,NX,0.1,0.0,0.7018686998381778
14,36,rMON,0.1,0.6655224368194961,0.7018686998381778
14,37,rCb,0.1,0.6255142144943494,0.7018686998381778
14,38,rMOS1,0.1,0.3765744952120878,0.7018686998381778
14,39,rMOS2,0.1,0.0,0.7018686998381778
14,40,rMOS3,0.1,0.29751774271342935,0.7018686998381778
14,41,rMOS4,0.1,,0.7018686998381778
14,42,rMOS5,0.1,0.5357537045299767,0.7018686998381778
14,43,rIPN,0.1,0.0,0.7018686998381778
14,44,rIO,0.1,,0.7018686998381778
14,45,rHc,0.1,,0.7018686998381778
14,46,rRa,0.1,0.0,0.7018686998381778
14,47,rT,0.1,0.14114245316987065,0.7018686998381778
14,48,raRF,0.1,0.3630506711424063,0.7018686998381778
14,49,rimRF,0.1,0.0,0.7018686998381778
14,50,rpRF,0.1,0.0,0.7018686998381778
14,51,rGG,0.1,,0.7018686998381778
14,52,rHb,0.1,,0.7018686998381778
14,53,rHi,0.1,,0.7018686998381778
14,54,rHR,0.1,0.0,0.7018686998381778
14,55,rOG,0.1,,0.7018686998381778
14,56,rOB,0.1,,0.7018686998381778
14,57,rOE,0.1,,0.7018686998381778
14,58,rP,0.1,0.434941677785908,0.7018686998381778
14,59,rPi,0.1,,0.7018686998381778
14,60,rPT,0.1,,0.7018686998381778
14,61,rPO,0.1,0.527583171660559,0.7018686998381778
14,62,rPrT,0.1,0.5387327344730996,0.7018686998381778
14,63,rR,0.1,,0.7018686998381778
14,64,rSP,0.1,,0.7018686998381778
14,65,rTeO,0.1,0.37646463431923777,0.7018686998381778
14,66,rTh,0.1,0.4854053896746406,0.7018686998381778
14,67,rTL,0.1,,0.7018686998381778
14,68,rTS,0.1,,0.7018686998381778
14,69,rTG,0.1,,0.7018686998381778
14,70,rVR,0.1,,0.7018686998381778
14,71,rNX,0.1,0.0,0.7018686998381778
14,0,MON,0.15,0.5113143984618921,0.5658116992960531
14,1,Cb,0.15,0.4135958597610802,0.5658116992960531
14,2,MOS1,0.15,0.3062330997878992,0.5658116992960531
14,3,MOS2,0.15,0.0,0.5658116992960531
14,4,MOS3,0.15,0.27894527162089805,0.5658116992960531
14,5,MOS4,0.15,0.4998092588021453,0.5658116992960531
14,6,MOS5,0.15,0.5660347564472296,0.5658116992960531
14,7,IPN,0.15,0.0,0.5658116992960531
14,8,IO,0.15,,0.5658116992960531
14,9,Hc,0.15,,0.5658116992960531
14,10,Ra,0.15,0.0,0.5658116992960531
14,11,T,0.15,0.19620235293336014,0.5658116992960531
14,12,aRF,0.15,,0.5658116992960531
14,13,imRF,0.15,0.0,0.5658116992960531
14,14,pRF,0.15,0.0,0.5658116992960531
14,15,GG,0.15,,0.5658116992960531
14,16,Hb,0.15,,0.5658116992960531
14,17,Hi,0.15,,0.5658116992960531
14,18,HR,0.15,,0.5658116992960531
14,19,OG,0.15,,0.5658116992960531
14,20,OB,0.15,,0.5658116992960531
14,21,OE,0.15,,0.5658116992960531
14,22,P,0.15,,0.5658116992960531
14,23,Pi,0.15,,0.5658116992960531
14,24,PT,0.15,,0.5658116992960531
14,25,PO,0.15,,0.5658116992960531
14,26,PrT,0.15,0.5920644795445912,0.5658116992960531
14,27,R,0.15,,0.5658116992960531
14,28,SP,0.15,,0.5658116992960531
14,29,TeO,0.15,0.4005352994349617,0.5658116992960531
14,30,Th,0.15,0.0,0.5658116992960531
14,31,TL,0.15,,0.5658116992960531
14,32,TS,0.15,,0.5658116992960531
14,33,TG,0.15,,0.5658116992960531
14,34,VR,0.15,,0.5658116992960531
14,35,NX,0.15,0.0,0.5658116992960531
14,36,rMON,0.15,0.7362198158274067,0.5658116992960531
14,37,rCb,0.15,0.6157132322401824,0.5658116992960531
14,38,rMOS1,0.15,0.32509110233829336,0.5658116992960531
14,39,rMOS2,0.15,0.0,0.5658116992960531
14,40,rMOS3,0.15,0.2600809048164968,0.5658116992960531
14,41,rMOS4,0.15,,0.5658116992960531
14,42,rMOS5,0.15,0.600806710363478,0.5658116992960531
14,43,rIPN,0.15,0.0,0.5658116992960531
14,44,rIO,0.15,,0.5658116992960531
14,45,rHc,0.15,,0.5658116992960531
14,46,rRa,0.15,0.0,0.5658116992960531
14,47,rT,0.15,0.12322395168119318,0.5658116992960531
14,48,raRF,0.15,,0.5658116992960531
14,49,rimRF,0.15,0.0,0.5658116992960531
14,50,rpRF,0.15,0.0,0.5658116992960531
14,51,rGG,0.15,,0.5658116992960531
14,52,rHb,0.15,,0.5658116992960531
14,53,rHi,0.15,,0.5658116992960531
14,54,rHR,0.15,,0.5658116992960531
14,55,rOG,0.15,,0.5658116992960531
14,56,rOB,0.15,,0.5658116992960531
14,57,rOE,0.15,,0.5658116992960531
14,58,rP,0.15,,0.5658116992960531
14,59,rPi,0.15,,0.5658116992960531
14,60,rPT,0.15,,0.5658116992960531
14,61,rPO,0.15,0.4329223519096937,0.5658116992960531
14,62,rPrT,0.15,,0.5658116992960531
14,63,rR,0.15,,0.5658116992960531
14,64,rSP,0.15,,0.5658116992960531
14,65,rTeO,0.15,0.38573343541083827,0.5658116992960531
14,66,rTh,0.15,0.466777263599057,0.5658116992960531
14,67,rTL,0.15,,0.5658116992960531
14,68,rTS,0.15,,0.5658116992960531
14,69,rTG,0.15,,0.5658116992960531
14,70,rVR,0.15,,0.5658116992960531
14,71,rNX,0.15,0.0,0.5658116992960531
14,0,MON,0.25,0.5517742324254249,0.4322077791500734
14,1,Cb,0.25,0.48629010037394216,0.4322077791500734
14,2,MOS1,0.25,0.3269249094371543,0.4322077791500734
14,3,MOS2,0.25,0.0,0.4322077791500734
14,4,MOS3,0.25,0.31788212386729575,0.4322077791500734
14,5,MOS4,0.25,0.5353044722449709,0.4322077791500734
14,6,MOS5,0.25,0.6382822321181258,0.4322077791500734
14,7,IPN,0.25,0.0,0.4322077791500734
14,8,IO,0.25,,0.4322077791500734
14,9,Hc,0.25,,0.4322077791500734
14,10,Ra,0.25,0.0,0.4322077791500734
14,11,T,0.25,0.18683201595429846,0.4322077791500734
14,12,aRF,0.25,,0.4322077791500734
14,13,imRF,0.25,0.0,0.4322077791500734
14,14,pRF,0.25,0.0,0.4322077791500734
14,15,GG,0.25,,0.4322077791500734
14,16,Hb,0.25,,0.4322077791500734
14,17,Hi,0.25,,0.4322077791500734
14,18,HR,0.25,,0.4322077791500734
14,19,OG,0.25,,0.4322077791500734
14,20,OB,0.25,,0.4322077791500734
14,21,OE,0.25,,0.4322077791500734
14,22,P,0.25,,0.4322077791500734
14,23,Pi,0.25,,0.4322077791500734
14,24,PT,0.25,,0.4322077791500734
14,25,PO,0.25,,0.4322077791500734
14,26,PrT,0.25,,0.4322077791500734
14,27,R,0.25,,0.4322077791500734
14,28,SP,0.25,,0.4322077791500734
14,29,TeO,0.25,0.47076559599482476,0.4322077791500734
14,30,Th,0.25,0.0,0.4322077791500734
14,31,TL,0.25,,0.4322077791500734
14,32,TS,0.25,,0.4322077791500734
14,33,TG,0.25,,0.4322077791500734
14,34,VR,0.25,,0.4322077791500734
14,35,NX,0.25,0.0,0.4322077791500734
14,36,rMON,0.25,0.8868264823025476,0.4322077791500734
14,37,rCb,0.25,0.643204948908239,0.4322077791500734
14,38,rMOS1,0.25,0.341809460257243,0.4322077791500734
14,39,rMOS2,0.25,0.0,0.4322077791500734
14,40,rMOS3,0.25,0.2777061252817246,0.4322077791500734
14,41,rMOS4,0.25,,0.4322077791500734
14,42,rMOS5,0.25,,0.4322077791500734
14,43,rIPN,0.25,0.0,0.4322077791500734
14,44,rIO,0.25,,0.4322077791500734
14,45,rHc,0.25,,0.4322077791500734
14,46,rRa,0.25,0.0,0.4322077791500734
14,47,rT,0.25,0.16657931007706792,0.4322077791500734
14,48,raRF,0.25,,0.4322077791500734
14,49,rimRF,0.25,0.0,0.4322077791500734
14,50,rpRF,0.25,0.0,0.4322077791500734
14,51,rGG,0.25,,0.4322077791500734
14,52,rHb,0.25,,0.4322077791500734
14,53,rHi,0.25,,0.4322077791500734
14,54,rHR,0.25,,0.4322077791500734
14,55,rOG,0.25,,0.4322077791500734
14,56,rOB,0.25,,0.4322077791500734
14,57,rOE,0.25,,0.4322077791500734
14,58,rP,0.25,,0.4322077791500734
14,59,rPi,0.25,,0.4322077791500734
14,60,rPT,0.25,,0.4322077791500734
14,61,rPO,0.25,,0.4322077791500734
14,62,rPrT,0.25,,0.4322077791500734
14,63,rR,0.25,,0.4322077791500734
14,64,rSP,0.25,,0.4322077791500734
14,65,rTeO,0.25,0.35460392019140013,0.4322077791500734
14,66,rTh,0.25,0.4974481204176274,0.4322077791500734
14,67,rTL,0.25,,0.4322077791500734
14,68,rTS,0.25,,0.4322077791500734
14,69,rTG,0.25,,0.4322077791500734
14,70,rVR,0.25,,0.4322077791500734
14,71,rNX,0.25,0.0,0.4322077791500734
14,0,MON,0.35,0.5502337662337662,0.37162649644765644
14,1,Cb,0.35,0.4881168595298635,0.37162649644765644
14,2,MOS1,0.35,0.3180249941337209,0.37162649644765644
14,3,MOS2,0.35,0.0,0.37162649644765644
14,4,MOS3,0.35,0.3169071460902572,0.37162649644765644
14,5,MOS4,0.35,,0.37162649644765644
14,6,MOS5,0.35,0.6372420101766623,0.37162649644765644
14,7,IPN,0.35,0.0,0.37162649644765644
14,8,IO,0.35,,0.37162649644765644
14,9,Hc,0.35,,0.37162649644765644
14,10,Ra,0.35,0.0,0.37162649644765644
14,11,T,0.35,0.17622277287517707,0.37162649644765644
14,12,aRF,0.35,,0.37162649644765644
14,13,imRF,0.35,0.0,0.37162649644765644
14,14,pRF,0.35,0.0,0.37162649644765644
14,15,GG,0.35,,0.37162649644765644
14,16,Hb,0.35,,0.37162649644765644
14,17,Hi,0.35,,0.37162649644765644
14,18,HR,0.35,,0.37162649644765644
14,19,OG,0.35,,0.37162649644765644
14,20,OB,0.35,,0.37162649644765644
14,21,OE,0.35,,0.37162649644765644
14,22,P,0.35,,0.37162649644765644
14,23,Pi,0.35,,0.37162649644765644
14,24,PT,0.35,,0.37162649644765644
14,25,PO,0.35,,0.37162649644765644
14,26,PrT,0.35,,0.37162649644765644
14,27,R,0.35,,0.37162649644765644
14,28,SP,0.35,,0.37162649644765644
14,29,TeO,0.35,0.5389737304137543,0.37162649644765644
14,30,Th,0.35,0.0,0.37162649644765644
14,31,TL,0.35,,0.37162649644765644
14,32,TS,0.35,,0.37162649644765644
14,33,TG,0.35,,0.37162649644765644
14,34,VR,0.35,,0.37162649644765644
14,35,NX,0.35,,0.37162649644765644
14,36,rMON,0.35,,0.37162649644765644
14,37,rCb,0.35,0.4985344581069488,0.37162649644765644
14,38,rMOS1,0.35,0.33923484556344774,0.37162649644765644
14,39,rMOS2,0.35,0.0,0.37162649644765644
14,40,rMOS3,0.35,0.27680132784018496,0.37162649644765644
14,41,rMOS4,0.35,,0.37162649644765644
14,42,rMOS5,0.35,,0.37162649644765644
14,43,rIPN,0.35,0.0,0.37162649644765644
14,44,rIO,0.35,,0.37162649644765644
14,45,rHc,0.35,,0.37162649644765644
14,46,rRa,0.35,0.0,0.37162649644765644
14,47,rT,0.35,0.15196700888869305,0.37162649644765644
14,48,raRF,0.35,,0.37162649644765644
14,49,rimRF,0.35,0.0,0.37162649644765644
14,50,rpRF,0.35,0.0,0.37162649644765644
14,51,rGG,0.35,,0.37162649644765644
14,52,rHb,0.35,,0.37162649644765644
14,53,rHi,0.35,,0.37162649644765644
14,54,rHR,0.35,,0.37162649644765644
14,55,rOG,0.35,,0.37162649644765644
14,56,rOB,0.35,,0.37162649644765644
14,57,rOE,0.35,,0.37162649644765644
14,58,rP,0.35,,0.37162649644765644
14,59,rPi,0.35,,0.37162649644765644
14,60,rPT,0.35,,0.37162649644765644
14,61,rPO,0.35,,0.37162649644765644
14,62,rPrT,0.35,,0.37162649644765644
14,63,rR,0.35,,0.37162649644765644
14,64,rSP,0.35,,0.37162649644765644
14,65,rTeO,0.35,0.3896538471393067,0.37162649644765644
14,66,rTh,0.35,,0.37162649644765644
14,67,rTL,0.35,,0.37162649644765644
14,68,rTS,0.35,,0.37162649644765644
14,69,rTG,0.35,,0.37162649644765644
14,70,rVR,0.35,,0.37162649644765644
14,71,rNX,0.35,,0.37162649644765644
14,0,MON,0.5,0.4535667072074454,0.2933923284596457
14,1,Cb,0.5,0.355293215791491,0.2933923284596457
14,2,MOS1,0.5,0.3388739657012341,0.2933923284596457
14,3,MOS2,0.5,0.0,0.2933923284596457
14,4,MOS3,0.5,0.30054460765108454,0.2933923284596457
14,5,MOS4,0.5,,0.2933923284596457
14,6,MOS5,0.5,,0.2933923284596457
14,7,IPN,0.5,0.0,0.2933923284596457
14,8,IO,0.5,,0.2933923284596457
14,9,Hc,0.5,,0.2933923284596457
14,10,Ra,0.5,0.0,0.2933923284596457
14,11,T,0.5,0.15182786891579672,0.2933923284596457
14,12,aRF,0.5,,0.2933923284596457
14,13,imRF,0.5,0.0,0.2933923284596457
14,14,pRF,0.5,0.0,0.2933923284596457
14,15,GG,0.5,,0.2933923284596457
14,16,Hb,0.5,,0.2933923284596457
14,17,Hi,0.5,,0.2933923284596457
14,18,HR,0.5,,0.2933923284596457
14,19,OG,0.5,,0.2933923284596457
14,20,OB,0.5,,0.2933923284596457
14,21,OE,0.5,,0.2933923284596457
14,22,P,0.5,,0.2933923284596457
14,23,Pi,0.5,,0.2933923284596457
14,24,PT,0.5,,0.2933923284596457
14,25,PO,0.5,,0.2933923284596457
14,26,PrT,0.5,,0.2933923284596457
14,27,R,0.5,,0.2933923284596457
14,28,SP,0.5,,0.2933923284596457
14,29,TeO,0.5,,0.2933923284596457
14,30,Th,0.5,,0.2933923284596457
14,31,TL,0.5,,0.2933923284596457
14,32,TS,0.5,,0.2933923284596457
14,33,TG,0.5,,0.2933923284596457
14,34,VR,0.5,,0.2933923284596457
14,35,NX,0.5,,0.2933923284596457
14,36,rMON,0.5,,0.2933923284596457
14,37,rCb,0.5,,0.2933923284596457
14,38,rMOS1,0.5,0.3355007247109583,0.2933923284596457
14,39,rMOS2,0.5,0.0,0.2933923284596457
14,40,rMOS3,0.5,0.253443862527041,0.2933923284596457
14,41,rMOS4,0.5,,0.2933923284596457
14,42,rMOS5,0.5,,0.2933923284596457
14,43,rIPN,0.5,0.0,0.2933923284596457
14,44,rIO,0.5,,0.2933923284596457
14,45,rHc,0.5,,0.2933923284596457
14,46,rRa,0.5,,0.2933923284596457
14,47,rT,0.5,0.14119031992582637,0.2933923284596457
14,48,raRF,0.5,,0.2933923284596457
14,49,rimRF,0.5,0.0,0.2933923284596457
14,50,rpRF,0.5,0.0,0.2933923284596457
14,51,rGG,0.5,,0.2933923284596457
14,52,rHb,0.5,,0.2933923284596457
14,53,rHi,0.5,,0.2933923284596457
14,54,rHR,0.5,,0.2933923284596457
14,55,rOG,0.5,,0.2933923284596457
14,56,rOB,0.5,,0.2933923284596457
14,57,rOE,0.5,,0.2933923284596457
14,58,rP,0.5,,0.2933923284596457
14,59,rPi,0.5,,0.2933923284596457
14,60,rPT,0.5,,0.2933923284596457
14,61,rPO,0.5,,0.2933923284596457
14,62,rPrT,0.5,,0.2933923284596457
14,63,rR,0.5,,0.2933923284596457
14,64,rSP,0.5,,0.2933923284596457
14,65,rTeO,0.5,0.44154312849042243,0.2933923284596457
14,66,rTh,0.5,,0.2933923284596457
14,67,rTL,0.5,,0.2933923284596457
14,68,rTS,0.5,,0.2933923284596457
14,69,rTG,0.5,,0.2933923284596457
14,70,rVR,0.5,,0.2933923284596457
14,71,rNX,0.5,,0.2933923284596457
15,0,MON,0.0,0.5960543399094335,1.0
15,1,Cb,0.0,0.35423844095163454,1.0
15,2,MOS1,0.0,0.3546934528818642,1.0
15,3,MOS2,0.0,0.0,1.0
15,4,MOS3,0.0,0.37520425395262424,1.0
15,5,MOS4,0.0,0.43751676052561006,1.0
15,6,MOS5,0.0,0.47055856709296,1.0
15,7,IPN,0.0,0.0,1.0
15,8,IO,0.0,,1.0
15,9,Hc,0.0,,1.0
15,10,Ra,0.0,0.0,1.0
15,11,T,0.0,0.35067654743612187,1.0
15,12,aRF,0.0,0.0,1.0
15,13,imRF,0.0,0.0,1.0
15,14,pRF,0.0,0.0,1.0
15,15,GG,0.0,,1.0
15,16,Hb,0.0,0.859504132231405,1.0
15,17,Hi,0.0,0.0,1.0
15,18,HR,0.0,0.0,1.0
15,19,OG,0.0,,1.0
15,20,OB,0.0,,1.0
15,21,OE,0.0,,1.0
15,22,P,0.0,0.0,1.0
15,23,Pi,0.0,,1.0
15,24,PT,0.0,0.498430441773218,1.0
15,25,PO,0.0,0.5473376769265333,1.0
15,26,PrT,0.0,0.0,1.0
15,27,R,0.0,,1.0
15,28,SP,0.0,0.5795125428864234,1.0
15,29,TeO,0.0,0.3039368282518096,1.0
15,30,Th,0.0,0.36704948138951404,1.0
15,31,TL,0.0,0.5095862764883956,1.0
15,32,TS,0.0,0.52,1.0
15,33,TG,0.0,,1.0
15,34,VR,0.0,0.6898037172138266,1.0
15,35,NX,0.0,0.0,1.0
15,36,rMON,0.0,0.6630916719696617,1.0
15,37,rCb,0.0,0.1930338261327209,1.0
15,38,rMOS1,0.0,0.3574118822306519,1.0
15,39,rMOS2,0.0,0.0,1.0
15,40,rMOS3,0.0,0.37288402421886396,1.0
15,41,rMOS4,0.0,0.4859534035418015,1.0
15,42,rMOS5,0.0,0.3578652621225222,1.0
15,43,rIPN,0.0,0.0,1.0
15,44,rIO,0.0,,1.0
15,45,rHc,0.0,1.0,1.0
15,46,rRa,0.0,0.0,1.0
15,47,rT,0.0,0.3740246207892347,1.0
15,48,raRF,0.0,0.0,1.0
15,49,rimRF,0.0,0.0,1.0
15,50,rpRF,0.0,0.0,1.0
15,51,rGG,0.0,,1.0
15,52,rHb,0.0,0.0,1.0
15,53,rHi,0.0,0.0,1.0
15,54,rHR,0.0,0.0,1.0
15,55,rOG,0.0,,1.0
15,56,rOB,0.0,,1.0
15,57,rOE,0.0,,1.0
15,58,rP,0.0,0.66868015705225,1.0
15,59,rPi,0.0,,1.0
15,60,rPT,0.0,0.0,1.0
15,61,rPO,0.0,0.5043754365910967,1.0
15,62,rPrT,0.0,0.6040392317278513,1.0
15,63,rR,0.0,,1.0
15,64,rSP,0.0,0.6844570854943952,1.0
15,65,rTeO,0.0,0.3339039378876649,1.0
15,66,rTh,0.0,0.5143617906473623,1.0
15,67,rTL,0.0,0.5821596244131455,1.0
15,68,rTS,0.0,0.0,1.0
15,69,rTG,0.0,,1.0
15,70,rVR,0.0,0.4775358962482631,1.0
15,71,rNX,0.0,0.563394182305832,1.0
15,0,MON,0.025,0.5993869589448263,0.906121896105533
15,1,Cb,0.025,0.3786467712889118,0.906121896105533
15,2,MOS1,0.025,0.3557745784564047,0.906121896105533
15,3,MOS2,0.025,0.0,0.906121896105533
15,4,MOS3,0.025,0.3705536900556743,0.906121896105533
15,5,MOS4,0.025,0.42540694784191174,0.906121896105533
15,6,MOS5,0.025,0.45154218111825734,0.906121896105533
15,7,IPN,0.025,0.0,0.906121896105533
15,8,IO,0.025,,0.906121896105533
15,9,Hc,0.025,,0.906121896105533
15,10,Ra,0.025,0.0,0.906121896105533
15,11,T,0.025,0.3460223528119508,0.906121896105533
15,12,aRF,0.025,0.0,0.906121896105533
15,13,imRF,0.025,0.0,0.906121896105533
15,14,pRF,0.025,0.0,0.906121896105533
15,15,GG,0.025,,0.906121896105533
15,16,Hb,0.025,,0.906121896105533
15,17,Hi,0.025,0.0,0.906121896105533
15,18,HR,0.025,,0.906121896105533
15,19,OG,0.025,,0.906121896105533
15,20,OB,0.025,,0.906121896105533
15,21,OE,0.025,,0.906121896105533
15,22,P,0.025,,0.906121896105533
15,23,Pi,0.025,,0.906121896105533
15,24,PT,0.025,,0.906121896105533
15,25,PO,0.025,0.528173719376392,0.906121896105533
15,26,PrT,0.025,0.0,0.906121896105533
15,27,R,0.025,,0.906121896105533
15,28,SP,0.025,,0.906121896105533
15,29,TeO,0.025,0.32161751428816543,0.906121896105533
15,30,Th,0.025,0.0,0.906121896105533
15,31,TL,0.025,,0.906121896105533
15,32,TS,0.025,,0.906121896105533
15,33,TG,0.025,,0.906121896105533
15,34,VR,0.025,0.707718338253294,0.906121896105533
15,35,NX,0.025,0.0,0.906121896105533
15,36,rMON,0.025,0.6542664951056241,0.906121896105533
15,37,rCb,0.025,,0.906121896105533
15,38,rMOS1,0.025,0.35559476628758313,0.906121896105533
15,39,rMOS2,0.025,0.0,0.906121896105533
15,40,rMOS3,0.025,0.3670933631841995,0.906121896105533
15,41,rMOS4,0.025,0.4782083366541803,0.906121896105533
15,42,rMOS5,0.025,0.35307810365778275,0.906121896105533
15,43,rIPN,0.025,0.0,0.906121896105533
15,44,rIO,0.025,,0.906121896105533
15,45,rHc,0.025,,0.906121896105533
15,46,rRa,0.025,0.0,0.906121896105533
15,47,rT,0.025,0.355319449015091,0.906121896105533
15,48,raRF,0.025,0.0,0.906121896105533
15,49,rimRF,0.025,0.0,0.906121896105533
15,50,rpRF,0.025,0.0,0.906121896105533
15,51,rGG,0.025,,0.906121896105533
15,52,rHb,0.025,,0.906121896105533
15,53,rHi,0.025,0.0,0.906121896105533
15,54,rHR,0.025,0.0,0.906121896105533
15,55,rOG,0.025,,0.906121896105533
15,56,rOB,0.025,,0.906121896105533
15,57,rOE,0.025,,0.906121896105533
15,58,rP,0.025,0.6539855072463768,0.906121896105533
15,59,rPi,0.025,,0.906121896105533
15,60,rPT,0.025,0.0,0.906121896105533
15,61,rPO,0.025,0.48596715037474086,0.906121896105533
15,62,rPrT,0.025,0.6418571012208681,0.906121896105533
15,63,rR,0.025,,0.906121896105533
15,64,rSP,0.025,,0.906121896105533
15,65,rTeO,0.025,0.32105191361656055,0.906121896105533
15,66,rTh,0.025,0.4817761929832958,0.906121896105533
15,67,rTL,0.025,,0.906121896105533
15,68,rTS,0.025,,0.906121896105533
15,69,rTG,0.025,,0.906121896105533
15,70,rVR,0.025,,0.906121896105533
15,71,rNX,0.025,0.5662500512232103,0.906121896105533
15,0,MON,0.05,0.5881593066728636,0.8795741255472622
15,1,Cb,0.05,0.3769340417260594,0.8795741255472622
15,2,MOS1,0.05,0.35462094889478846,0.8795741255472622
15,3,MOS2,0.05,0.0,0.8795741255472622
15,4,MOS3,0.05,0.367658058882626,0.8795741255472622
15,5,MOS4,0.05,0.4206795485590759,0.8795741255472622
15,6,MOS5,0.05,0.43904925317743,0.8795741255472622
15,7,IPN,0.05,0.0,0.8795741255472622
15,8,IO,0.05,,0.8795741255472622
15,9,Hc,0.05,,0.8795741255472622
15,10,Ra,0.05,0.0,0.8795741255472622
15,11,T,0.05,0.34383097193891615,0.8795741255472622
15,12,aRF,0.05,0.0,0.8795741255472622
15,13,imRF,0.05,0.0,0.8795741255472622
15,14,pRF,0.05,0.0,0.8795741255472622
15,15,GG,0.05,,0.8795741255472622
15,16,Hb,0.05,,0.8795741255472622
15,17,Hi,0.05,0.0,0.8795741255472622
15,18,HR,0.05,,0.8795741255472622
15,19,OG,0.05,,0.8795741255472622
15,20,OB,0.05,,0.8795741255472622
15,21,OE,0.05,,0.8795741255472622
15,22,P,0.05,,0.8795741255472622
15,23,Pi,0.05,,0.8795741255472622
15,24,PT,0.05,,0.8795741255472622
15,25,PO,0.05,0.46167896544166,0.8795741255472622
15,26,PrT,0.05,0.0,0.8795741255472622
15,27,R,0.05,,0.8795741255472622
15,28,SP,0.05,,0.8795741255472622
15,29,TeO,0.05,0.32059750131268594,0.8795741255472622
15,30,Th,0.05,0.0,0.8795741255472622
15,31,TL,0.05,,0.8795741255472622
15,32,TS,0.05,,0.8795741255472622
15,33,TG,0.05,,0.8795741255472622
15,34,VR,0.05,0.7042905011655012,0.8795741255472622
15,35,NX,0.05,0.0,0.8795741255472622
15,36,rMON,0.05,0.6537242168549354,0.8795741255472622
15,37,rCb,0.05,,0.8795741255472622
15,38,rMOS1,0.05,0.35482766218640815,0.8795741255472622
15,39,rMOS2,0.05,0.0,0.8795741255472622
15,40,rMOS3,0.05,0.36369987163170975,0.8795741255472622
15,41,rMOS4,0.05,0.4412646335779498,0.8795741255472622
15,42,rMOS5,0.05,0.3553103966401665,0.8795741255472622
15,43,rIPN,0.05,0.0,0.8795741255472622
15,44,rIO,0.05,,0.8795741255472622
15,45,rHc,0.05,,0.8795741255472622
15,46,rRa,0.05,0.0,0.8795741255472622
15,47,rT,0.05,0.3528119909381075,0.8795741255472622
15,48,raRF,0.05,0.0,0.8795741255472622
15,49,rimRF,0.05,0.0,0.8795741255472622
15,50,rpRF,0.05,0.0,0.8795741255472622
15,51,rGG,0.05,,0.8795741255472622
15,52,rHb,0.05,,0.8795741255472622
15,53,rHi,0.05,0.0,0.8795741255472622
15,54,rHR,0.05,,0.8795741255472622
15,55,rOG,0.05,,0.8795741255472622
15,56,rOB,0.05,,0.8795741255472622
15,57,rOE,0.05,,0.8795741255472622
15,58,rP,0.05,,0.8795741255472622
15,59,rPi,0.05,,0.8795741255472622
15,60,rPT,0.05,0.0,0.8795741255472622
15,61,rPO,0.05,0.43387776606954687,0.8795741255472622
15,62,rPrT,0.05,0.6420236832420496,0.8795741255472622
15,63,rR,0.05,,0.8795741255472622
15,64,rSP,0.05,,0.8795741255472622
15,65,rTeO,0.05,0.3218674428060864,0.8795741255472622
15,66,rTh,0.05,0.5370473445041662,0.8795741255472622
15,67,rTL,0.05,,0.8795741255472622
15,68,rTS,0.05,,0.8795741255472622
15,69,rTG,0.05,,0.8795741255472622
15,70,rVR,0.05,,0.8795741255472622
15,71,rNX,0.05,0.561849012237328,0.8795741255472622
15,0,MON,0.1,0.6515978360016356,0.7833480808300101
15,1,Cb,0.1,0.38510031208203294,0.7833480808300101
15,2,MOS1,0.1,0.3707843631778058,0.7833480808300101
15,3,MOS2,0.1,0.0,0.7833480808300101
15,4,MOS3,0.1,0.36964434800711693,0.7833480808300101
15,5,MOS4,0.1,0.4147165425417846,0.7833480808300101
15,6,MOS5,0.1,0.45803656701976914,0.7833480808300101
15,7,IPN,0.1,,0.7833480808300101
15,8,IO,0.1,,0.7833480808300101
15,9,Hc,0.1,,0.7833480808300101
15,10,Ra,0.1,0.0,0.7833480808300101
15,11,T,0.1,0.34384833172060353,0.7833480808300101
15,12,aRF,0.1,0.0,0.7833480808300101
15,13,imRF,0.1,0.0,0.7833480808300101
15,14,pRF,0.1,0.0,0.7833480808300101
15,15,GG,0.1,,0.7833480808300101
15,16,Hb,0.1,,0.7833480808300101
15,17,Hi,0.1,,0.7833480808300101
15,18,HR,0.1,,0.7833480808300101
15,19,OG,0.1,,0.7833480808300101
15,20,OB,0.1,,0.7833480808300101
15,21,OE,0.1,,0.7833480808300101
15,22,P,0.1,,0.7833480808300101
15,23,Pi,0.1,,0.7833480808300101
15,24,PT,0.1,,0.7833480808300101
15,25,PO,0.1,0.49156375363800836,0.7833480808300101
15,26,PrT,0.1,0.0,0.7833480808300101
15,27,R,0.1,,0.7833480808300101
15,28,SP,0.1,,0.7833480808300101
15,29,TeO,0.1,0.3264015308474134,0.7833480808300101
15,30,Th,0.1,0.0,0.7833480808300101
15,31,TL,0.1,,0.7833480808300101
15,32,TS,0.1,,0.7833480808300101
15,33,TG,0.1,,0.7833480808300101
15,34,VR,0.1,0.7286009984171435,0.7833480808300101
15,35,NX,0.1,0.0,0.7833480808300101
15,36,rMON,0.1,0.6504598746118516,0.7833480808300101
15,37,rCb,0.1,,0.7833480808300101
15,38,rMOS1,0.1,0.36641404980836867,0.7833480808300101
15,39,rMOS2,0.1,0.0,0.7833480808300101
15,40,rMOS3,0.1,0.37253702443996106,0.7833480808300101
15,41,rMOS4,0.1,0.46151754147402774,0.7833480808300101
15,42,rMOS5,0.1,0.5952726947540214,0.7833480808300101
15,43,rIPN,0.1,,0.7833480808300101
15,44,rIO,0.1,,0.7833480808300101
15,45,rHc,0.1,,0.7833480808300101
15,46,rRa,0.1,0.0,0.7833480808300101
15,47,rT,0.1,0.3598391323696659,0.7833480808300101
15,48,raRF,0.1,0.0,0.7833480808300101
15,49,rimRF,0.1,0.0,0.7833480808300101
15,50,rpRF,0.1,0.0,0.7833480808300101
15,51,rGG,0.1,,0.7833480808300101
15,52,rHb,0.1,,0.7833480808300101
15,53,rHi,0.1,0.0,0.7833480808300101
15,54,rHR,0.1,,0.7833480808300101
15,55,rOG,0.1,,0.7833480808300101
15,56,rOB,0.1,,0.7833480808300101
15,57,rOE,0.1,,0.7833480808300101
15,58,rP,0.1,,0.7833480808300101
15,59,rPi,0.1,,0.7833480808300101
15,60,rPT,0.1,,0.7833480808300101
15,61,rPO,0.1,0.45644200626959247,0.7833480808300101
15,62,rPrT,0.1,0.6687952073005073,0.7833480808300101
15,63,rR,0.1,,0.7833480808300101
15,64,rSP,0.1,,0.7833480808300101
15,65,rTeO,0.1,0.3812886627925767,0.7833480808300101
15,66,rTh,0.1,0.5843344947735192,0.7833480808300101
15,67,rTL,0.1,,0.7833480808300101
15,68,rTS,0.1,,0.7833480808300101
15,69,rTG,0.1,,0.7833480808300101
15,70,rVR,0.1,,0.7833480808300101
15,71,rNX,0.1,0.7687569988801791,0.7833480808300101
15,0,MON,0.15,0.6436883133721213,0.7522434010600606
15,1,Cb,0.15,0.38290417209908734,0.7522434010600606
15,2,MOS1,0.15,0.3722345498404002,0.7522434010600606
15,3,MOS2,0.15,0.0,0.7522434010600606
15,4,MOS3,0.15,0.3685721961396888,0.7522434010600606
15,5,MOS4,0.15,0.41207048080427,0.7522434010600606
15,6,MOS5,0.15,0.44325824565933003,0.7522434010600606
15,7,IPN,0.15,,0.7522434010600606
15,8,IO,0.15,,0.7522434010600606
15,9,Hc,0.15,,0.7522434010600606
15,10,Ra,0.15,0.0,0.7522434010600606
15,11,T,0.15,0.34480614775134283,0.7522434010600606
15,12,aRF,0.15,0.0,0.7522434010600606
15,13,imRF,0.15,0.0,0.7522434010600606
15,14,pRF,0.15,0.0,0.7522434010600606
15,15,GG,0.15,,0.7522434010600606
15,16,Hb,0.15,,0.7522434010600606
15,17,Hi,0.15,,0.7522434010600606
15,18,HR,0.15,,0.7522434010600606
15,19,OG,0.15,,0.7522434010600606
15,20,OB,0.15,,0.7522434010600606
15,21,OE,0.15,,0.7522434010600606
15,22,P,0.15,,0.7522434010600606
15,23,Pi,0.15,,0.7522434010600606
15,24,PT,0.15,,0.7522434010600606
15,25,PO,0.15,0.5243940890841444,0.7522434010600606
15,26,PrT,0.15,0.0,0.7522434010600606
15,27,R,0.15,,0.7522434010600606
15,28,SP,0.15,,0.7522434010600606
15,29,TeO,0.15,0.32839259397286263,0.7522434010600606
15,30,Th,0.15,,0.7522434010600606
15,31,TL,0.15,,0.7522434010600606
15,32,TS,0.15,,0.7522434010600606
15,33,TG,0.15,,0.7522434010600606
15,34,VR,0.15,0.7231629062305941,0.7522434010600606
15,35,NX,0.15,0.0,0.7522434010600606
15,36,rMON,0.15,0.6523804555302551,0.7522434010600606
15,37,rCb,0.15,,0.7522434010600606
15,38,rMOS1,0.15,0.3649519208311924,0.7522434010600606
15,39,rMOS2,0.15,0.0,0.7522434010600606
15,40,rMOS3,0.15,0.3604339814983329,0.7522434010600606
15,41,rMOS4,0.15,0.449315489924627,0.7522434010600606
15,42,rMOS5,0.15,0.5182125479377302,0.7522434010600606
15,43,rIPN,0.15,,0.7522434010600606
15,44,rIO,0.15,,0.7522434010600606
15,45,rHc,0.15,,0.7522434010600606
15,46,rRa,0.15,0.0,0.7522434010600606
15,47,rT,0.15,0.356354880879332,0.7522434010600606
15,48,raRF,0.15,0.0,0.7522434010600606
15,49,rimRF,0.15,0.0,0.7522434010600606
15,50,rpRF,0.15,0.0,0.7522434010600606
15,51,rGG,0.15,,0.7522434010600606
15,52,rHb,0.15,,0.7522434010600606
15,53,rHi,0.15,0.0,0.7522434010600606
15,54,rHR,0.15,,0.7522434010600606
15,55,rOG,0.15,,0.7522434010600606
15,56,rOB,0.15,,0.7522434010600606
15,57,rOE,0.15,,0.7522434010600606
15,58,rP,0.15,,0.7522434010600606
15,59,rPi,0.15,,0.7522434010600606
15,60,rPT,0.15,,0.7522434010600606
15,61,rPO,0.15,0.47046451049233906,0.7522434010600606
15,62,rPrT,0.15,,0.7522434010600606
15,63,rR,0.15,,0.7522434010600606
15,64,rSP,0.15,,0.7522434010600606
15,65,rTeO,0.15,0.3779756818928689,0.7522434010600606
15,66,rTh,0.15,0.5863756474953972,0.7522434010600606
15,67,rTL,0.15,,0.7522434010600606
15,68,rTS,0.15,,0.7522434010600606
15,69,rTG,0.15,,0.7522434010600606
15,70,rVR,0.15,,0.7522434010600606
15,71,rNX,0.15,0.7699176470588235,0.7522434010600606
15,0,MON,0.25,0.6433178203671809,0.6503210387397819
15,1,Cb,0.25,0.38107869980010045,0.6503210387397819
15,2,MOS1,0.25,0.2501071845983074,0.6503210387397819
15,3,MOS2,0.25,0.0,0.6503210387397819
15,4,MOS3,0.25,0.3405720708012715,0.6503210387397819
15,5,MOS4,0.25,0.3954478164322724,0.6503210387397819
15,6,MOS5,0.25,0.4307881543746907,0.6503210387397819
15,7,IPN,0.25,,0.6503210387397819
15,8,IO,0.25,,0.6503210387397819
15,9,Hc,0.25,,0.6503210387397819
15,10,Ra,0.25,0.0,0.6503210387397819
15,11,T,0.25,0.33016417251214636,0.6503210387397819
15,12,aRF,0.25,0.0,0.6503210387397819
15,13,imRF,0.25,0.0,0.6503210387397819
15,14,pRF,0.25,0.0,0.6503210387397819
15,15,GG,0.25,,0.6503210387397819
15,16,Hb,0.25,,0.6503210387397819
15,17,Hi,0.25,,0.6503210387397819
15,18,HR,0.25,,0.6503210387397819
15,19,OG,0.25,,0.6503210387397819
15,20,OB,0.25,,0.6503210387397819
15,21,OE,0.25,,0.6503210387397819
15,22,P,0.25,,0.6503210387397819
15,23,Pi,0.25,,0.6503210387397819
15,24,PT,0.25,,0.6503210387397819
15,25,PO,0.25,,0.6503210387397819
15,26,PrT,0.25,0.0,0.6503210387397819
15,27,R,0.25,,0.6503210387397819
15,28,SP,0.25,,0.6503210387397819
15,29,TeO,0.25,0.3306119031170843,0.6503210387397819
15,30,Th,0.25,,0.6503210387397819
15,31,TL,0.25,,0.6503210387397819
15,32,TS,0.25,,0.6503210387397819
15,33,TG,0.25,,0.6503210387397819
15,34,VR,0.25,,0.6503210387397819
15,35,NX,0.25,0.0,0.6503210387397819
15,36,rMON,0.25,0.6437462764136952,0.6503210387397819
15,37,rCb,0.25,,0.6503210387397819
15,38,rMOS1,0.25,0.3303977636864034,0.6503210387397819
15,39,rMOS2,0.25,0.0,0.6503210387397819
15,40,rMOS3,0.25,0.34039104600830866,0.6503210387397819
15,41,rMOS4,0.25,0.4425271284674815,0.6503210387397819
15,42,rMOS5,0.25,,0.6503210387397819
15,43,rIPN,0.25,,0.6503210387397819
15,44,rIO,0.25,,0.6503210387397819
15,45,rHc,0.25,,0.6503210387397819
15,46,rRa,0.25,0.0,0.6503210387397819
15,47,rT,0.25,0.34047219533931644,0.6503210387397819
15,48,raRF,0.25,0.0,0.6503210387397819
15,49,rimRF,0.25,0.0,0.6503210387397819
15,50,rpRF,0.25,0.0,0.6503210387397819
15,51,rGG,0.25,,0.6503210387397819
15,52,rHb,0.25,,0.6503210387397819
15,53,rHi,0.25,,0.6503210387397819
15,54,rHR,0.25,,0.6503210387397819
15,55,rOG,0.25,,0.6503210387397819
15,56,rOB,0.25,,0.6503210387397819
15,57,rOE,0.25,,0.6503210387397819
15,58,rP,0.25,,0.6503210387397819
15,59,rPi,0.25,,0.6503210387397819
15,60,rPT,0.25,,0.6503210387397819
15,61,rPO,0.25,0.4584719343771226,0.6503210387397819
15,62,rPrT,0.25,,0.6503210387397819
15,63,rR,0.25,,0.6503210387397819
15,64,rSP,0.25,,0.6503210387397819
15,65,rTeO,0.25,0.4430285809529101,0.6503210387397819
15,66,rTh,0.25,0.6088466028962947,0.6503210387397819
15,67,rTL,0.25,,0.6503210387397819
15,68,rTS,0.25,,0.6503210387397819
15,69,rTG,0.25,,0.6503210387397819
15,70,rVR,0.25,,0.6503210387397819
15,71,rNX,0.25,,0.6503210387397819
15,0,MON,0.35,0.6054380866486287,0.49073298076623584
15,1,Cb,0.35,0.0,0.49073298076623584
15,2,MOS1,0.35,0.27835823149754824,0.49073298076623584
15,3,MOS2,0.35,0.0,0.49073298076623584
15,4,MOS3,0.35,0.3307172634394036,0.49073298076623584
15,5,MOS4,0.35,0.37500113091127324,0.49073298076623584
15,6,MOS5,0.35,0.36107336204721413,0.49073298076623584
15,7,IPN,0.35,,0.49073298076623584
15,8,IO,0.35,,0.49073298076623584
15,9,Hc,0.35,,0.49073298076623584
15,10,Ra,0.35,0.0,0.49073298076623584
15,11,T,0.35,0.29483815931368607,0.49073298076623584
15,12,aRF,0.35,0.0,0.49073298076623584
15,13,imRF,0.35,0.0,0.49073298076623584
15,14,pRF,0.35,0.0,0.49073298076623584
15,15,GG,0.35,,0.49073298076623584
15,16,Hb,0.35,,0.49073298076623584
15,17,Hi,0.35,,0.49073298076623584
15,18,HR,0.35,,0.49073298076623584
15,19,OG,0.35,,0.49073298076623584
15,20,OB,0.35,,0.49073298076623584
15,21,OE,0.35,,0.49073298076623584
15,22,P,0.35,,0.49073298076623584
15,23,Pi,0.35,,0.49073298076623584
15,24,PT,0.35,,0.49073298076623584
15,25,PO,0.35,,0.49073298076623584
15,26,PrT,0.35,0.0,0.49073298076623584
15,27,R,0.35,,0.49073298076623584
15,28,SP,0.35,,0.49073298076623584
15,29,TeO,0.35,0.23851727500524608,0.49073298076623584
15,30,Th,0.35,,0.49073298076623584
15,31,TL,0.35,,0.49073298076623584
15,32,TS,0.35,,0.49073298076623584
15,33,TG,0.35,,0.49073298076623584
15,34,VR,0.35,,0.49073298076623584
15,35,NX,0.35,0.0,0.49073298076623584
15,36,rMON,0.35,,0.49073298076623584
15,37,rCb,0.35,,0.49073298076623584
15,38,rMOS1,0.35,0.3474691912530711,0.49073298076623584
15,39,rMOS2,0.35,0.0,0.49073298076623584
15,40,rMOS3,0.35,0.32869537397882553,0.49073298076623584
15,41,rMOS4,0.35,0.40600133183557885,0.49073298076623584
15,42,rMOS5,0.35,,0.49073298076623584
15,43,rIPN,0.35,,0.49073298076623584
15,44,rIO,0.35,,0.49073298076623584
15,45,rHc,0.35,,0.49073298076623584
15,46,rRa,0.35,0.0,0.49073298076623584
15,47,rT,0.35,0.3176339962438135,0.49073298076623584
15,48,raRF,0.35,0.0,0.49073298076623584
15,49,rimRF,0.35,,0.49073298076623584
15,50,rpRF,0.35,0.0,0.49073298076623584
15,51,rGG,0.35,,0.49073298076623584
15,52,rHb,0.35,,0.49073298076623584
15,53,rHi,0.35,,0.49073298076623584
15,54,rHR,0.35,,0.49073298076623584
15,55,rOG,0.35,,0.49073298076623584
15,56,rOB,0.35,,0.49073298076623584
15,57,rOE,0.35,,0.49073298076623584
15,58,rP,0.35,,0.49073298076623584
15,59,rPi,0.35,,0.49073298076623584
15,60,rPT,0.35,,0.49073298076623584
15,61,rPO,0.35,0.47798083265432817,0.49073298076623584
15,62,rPrT,0.35,,0.49073298076623584
15,63,rR,0.35,,0.49073298076623584
15,64,rSP,0.35,,0.49073298076623584
15,65,rTeO,0.35,0.47291609835937803,0.49073298076623584
15,66,rTh,0.35,,0.49073298076623584
15,67,rTL,0.35,,0.49073298076623584
15,68,rTS,0.35,,0.49073298076623584
15,69,rTG,0.35,,0.49073298076623584
15,70,rVR,0.35,,0.49073298076623584
15,71,rNX,0.35,,0.49073298076623584
15,0,MON,0.5,0.5747204871135373,0.4392636137365197
15,1,Cb,0.5,0.0,0.4392636137365197
15,2,MOS1,0.5,0.27266011749301555,0.4392636137365197
15,3,MOS2,0.5,0.0,0.4392636137365197
15,4,MOS3,0.5,0.32249557259410155,0.4392636137365197
15,5,MOS4,0.5,0.3677139482578813,0.4392636137365197
15,6,MOS5,0.5,0.3429404725569137,0.4392636137365197
15,7,IPN,0.5,,0.4392636137365197
15,8,IO,0.5,,0.4392636137365197
15,9,Hc,0.5,,0.4392636137365197
15,10,Ra,0.5,0.0,0.4392636137365197
15,11,T,0.5,0.2876862796530977,0.4392636137365197
15,12,aRF,0.5,0.0,0.4392636137365197
15,13,imRF,0.5,0.0,0.4392636137365197
15,14,pRF,0.5,0.0,0.4392636137365197
15,15,GG,0.5,,0.4392636137365197
15,16,Hb,0.5,,0.4392636137365197
15,17,Hi,0.5,,0.4392636137365197
15,18,HR,0.5,,0.4392636137365197
15,19,OG,0.5,,0.4392636137365197
15,20,OB,0.5,,0.4392636137365197
15,21,OE,0.5,,0.4392636137365197
15,22,P,0.5,,0.4392636137365197
15,23,Pi,0.5,,0.4392636137365197
15,24,PT,0.5,,0.4392636137365197
15,25,PO,0.5,,0.4392636137365197
15,26,PrT,0.5,,0.4392636137365197
15,27,R,0.5,,0.4392636137365197
15,28,SP,0.5,,0.4392636137365197
15,29,TeO,0.5,0.0,0.4392636137365197
15,30,Th,0.5,,0.4392636137365197
15,31,TL,0.5,,0.4392636137365197
15,32,TS,0.5,,0.4392636137365197
15,33,TG,0.5,,0.4392636137365197
15,34,VR,0.5,,0.4392636137365197
15,35,NX,0.5,0.0,0.4392636137365197
15,36,rMON,0.5,,0.4392636137365197
15,37,rCb,0.5,,0.4392636137365197
15,38,rMOS1,0.5,0.3422986588603717,0.4392636137365197
15,39,rMOS2,0.5,0.0,0.4392636137365197
15,40,rMOS3,0.5,0.3251129646051791,0.4392636137365197
15,41,rMOS4,0.5,,0.4392636137365197
15,42,rMOS5,0.5,,0.4392636137365197
15,43,rIPN,0.5,,0.4392636137365197
15,44,rIO,0.5,,0.4392636137365197
15,45,rHc,0.5,,0.4392636137365197
15,46,rRa,0.5,0.0,0.4392636137365197
15,47,rT,0.5,0.29567522462534346,0.4392636137365197
15,48,raRF,0.5,0.0,0.4392636137365197
15,49,rimRF,0.5,,0.4392636137365197
15,50,rpRF,0.5,0.0,0.4392636137365197
15,51,rGG,0.5,,0.4392636137365197
15,52,rHb,0.5,,0.4392636137365197
15,53,rHi,0.5,,0.4392636137365197
15,54,rHR,0.5,,0.4392636137365197
15,55,rOG,0.5,,0.4392636137365197
15,56,rOB,0.5,,0.4392636137365197
15,57,rOE,0.5,,0.4392636137365197
15,58,rP,0.5,,0.4392636137365197
15,59,rPi,0.5,,0.4392636137365197
15,60,rPT,0.5,,0.4392636137365197
15,61,rPO,0.5,,0.4392636137365197
15,62,rPrT,0.5,,0.4392636137365197
15,63,rR,0.5,,0.4392636137365197
15,64,rSP,0.5,,0.4392636137365197
15,65,rTeO,0.5,0.49726500280585206,0.4392636137365197
15,66,rTh,0.5,,0.4392636137365197
15,67,rTL,0.5,,0.4392636137365197
15,68,rTS,0.5,,0.4392636137365197
15,69,rTG,0.5,,0.4392636137365197
15,70,rVR,0.5,,0.4392636137365197
15,71,rNX,0.5,,0.4392636137365197
16,0,MON,0.0,0.4784430918660856,1.0
16,1,Cb,0.0,0.4396839691633614,1.0
16,2,MOS1,0.0,0.23129275093203122,1.0
16,3,MOS2,0.0,0.0,1.0
16,4,MOS3,0.0,0.2937529310038135,1.0
16,5,MOS4,0.0,0.2903816738373982,1.0
16,6,MOS5,0.0,0.34396624384761865,1.0
16,7,IPN,0.0,0.0,1.0
16,8,IO,0.0,,1.0
16,9,Hc,0.0,0.5161290322580645,1.0
16,10,Ra,0.0,0.0,1.0
16,11,T,0.0,0.2962193346579843,1.0
16,12,aRF,0.0,0.0,1.0
16,13,imRF,0.0,0.0,1.0
16,14,pRF,0.0,0.0,1.0
16,15,GG,0.0,,1.0
16,16,Hb,0.0,0.0,1.0
16,17,Hi,0.0,0.0,1.0
16,18,HR,0.0,0.3342089900758903,1.0
16,19,OG,0.0,1.0,1.0
16,20,OB,0.0,,1.0
16,21,OE,0.0,,1.0
16,22,P,0.0,0.6201121532929313,1.0
16,23,Pi,0.0,,1.0
16,24,PT,0.0,0.0,1.0
16,25,PO,0.0,0.49548010642157453,1.0
16,26,PrT,0.0,0.0,1.0
16,27,R,0.0,,1.0
16,28,SP,0.0,0.6438573497965097,1.0
16,29,TeO,0.0,0.16686604202134456,1.0
16,30,Th,0.0,0.0,1.0
16,31,TL,0.0,0.9018058690744921,1.0
16,32,TS,0.0,0.0,1.0
16,33,TG,0.0,0.9467680608365019,1.0
16,34,VR,0.0,0.9611650485436893,1.0
16,35,NX,0.0,0.0,1.0
16,36,rMON,0.0,0.5063524549966325,1.0
16,37,rCb,0.0,0.49899251277918,1.0
16,38,rMOS1,0.0,0.15042076269896826,1.0
16,39,rMOS2,0.0,0.0,1.0
16,40,rMOS3,0.0,0.31742210141336086,1.0
16,41,rMOS4,0.0,0.25852367692609163,1.0
16,42,rMOS5,0.0,0.23249921495488693,1.0
16,43,rIPN,0.0,0.0,1.0
16,44,rIO,0.0,,1.0
16,45,rHc,0.0,,1.0
16,46,rRa,0.0,0.0,1.0
16,47,rT,0.0,0.06727861844107878,1.0
16,48,raRF,0.0,0.0,1.0
16,49,rimRF,0.0,0.0,1.0
16,50,rpRF,0.0,0.0,1.0
16,51,rGG,0.0,,1.0
16,52,rHb,0.0,0.4521896571234582,1.0
16,53,rHi,0.0,0.0,1.0
16,54,rHR,0.0,0.0,1.0
16,55,rOG,0.0,,1.0
16,56,rOB,0.0,,1.0
16,57,rOE,0.0,,1.0
16,58,rP,0.0,0.636543131425459,1.0
16,59,rPi,0.0,,1.0
16,60,rPT,0.0,0.0,1.0
16,61,rPO,0.0,0.48303535728565716,1.0
16,62,rPrT,0.0,0.0,1.0
16,63,rR,0.0,,1.0
16,64,rSP,0.0,0.6169779914925098,1.0
16,65,rTeO,0.0,0.04102531186627091,1.0
16,66,rTh,0.0,0.3610771436866043,1.0
16,67,rTL,0.0,0.0,1.0
16,68,rTS,0.0,0.0,1.0
16,69,rTG,0.0,,1.0
16,70,rVR,0.0,0.0,1.0
16,71,rNX,0.0,0.0,1.0
16,0,MON,0.025,0.4922045717977464,0.9574581693715851
16,1,Cb,0.025,0.44046363426869695,0.9574581693715851
16,2,MOS1,0.025,0.2301731521562999,0.9574581693715851
16,3,MOS2,0.025,0.0,0.9574581693715851
16,4,MOS3,0.025,0.29539814729979313,0.9574581693715851
16,5,MOS4,0.025,0.29948298025624964,0.9574581693715851
16,6,MOS5,0.025,0.35938257945310753,0.9574581693715851
16,7,IPN,0.025,0.0,0.9574581693715851
16,8,IO,0.025,,0.9574581693715851
16,9,Hc,0.025,,0.9574581693715851
16,10,Ra,0.025,0.0,0.9574581693715851
16,11,T,0.025,0.27752556378121945,0.9574581693715851
16,12,aRF,0.025,0.0,0.9574581693715851
16,13,imRF,0.025,0.0,0.9574581693715851
16,14,pRF,0.025,0.0,0.9574581693715851
16,15,GG,0.025,,0.9574581693715851
16,16,Hb,0.025,,0.9574581693715851
16,17,Hi,0.025,,0.9574581693715851
16,18,HR,0.025,,0.9574581693715851
16,19,OG,0.025,,0.9574581693715851
16,20,OB,0.025,,0.9574581693715851
16,21,OE,0.025,,0.9574581693715851
16,22,P,0.025,0.6349580569110148,0.9574581693715851
16,23,Pi,0.025,,0.9574581693715851
16,24,PT,0.025,0.0,0.9574581693715851
16,25,PO,0.025,0.4931182310469314,0.9574581693715851
16,26,PrT,0.025,0.0,0.9574581693715851
16,27,R,0.025,,0.9574581693715851
16,28,SP,0.025,0.7007923432964619,0.9574581693715851
16,29,TeO,0.025,0.15180534554016953,0.9574581693715851
16,30,Th,0.025,0.0,0.9574581693715851
16,31,TL,0.025,,0.9574581693715851
16,32,TS,0.025,0.0,0.9574581693715851
16,33,TG,0.025,,0.9574581693715851
16,34,VR,0.025,,0.9574581693715851
16,35,NX,0.025,0.0,0.9574581693715851
16,36,rMON,0.025,0.5072903902606734,0.9574581693715851
16,37,rCb,0.025,0.5075997946001459,0.9574581693715851
16,38,rMOS1,0.025,0.15106108923290962,0.9574581693715851
16,39,rMOS2,0.025,0.0,0.9574581693715851
16,40,rMOS3,0.025,0.3193465651381243,0.9574581693715851
16,41,rMOS4,0.025,0.26266273478209873,0.9574581693715851
16,42,rMOS5,0.025,0.238937405314542,0.9574581693715851
16,43,rIPN,0.025,0.0,0.9574581693715851
16,44,rIO,0.025,,0.9574581693715851
16,45,rHc,0.025,,0.9574581693715851
16,46,rRa,0.025,0.0,0.9574581693715851
16,47,rT,0.025,0.0656805228633219,0.9574581693715851
16,48,raRF,0.025,0.0,0.9574581693715851
16,49,rimRF,0.025,0.0,0.9574581693715851
16,50,rpRF,0.025,0.0,0.9574581693715851
16,51,rGG,0.025,,0.9574581693715851
16,52,rHb,0.025,,0.9574581693715851
16,53,rHi,0.025,0.0,0.9574581693715851
16,54,rHR,0.025,,0.9574581693715851
16,55,rOG,0.025,,0.9574581693715851
16,56,rOB,0.025,,0.9574581693715851
16,57,rOE,0.025,,0.9574581693715851
16,58,rP,0.025,0.6571524419222275,0.9574581693715851
16,59,rPi,0.025,,0.9574581693715851
16,60,rPT,0.025,0.0,0.9574581693715851
16,61,rPO,0.025,0.4826240205074427,0.9574581693715851
16,62,rPrT,0.025,0.0,0.9574581693715851
16,63,rR,0.025,,0.9574581693715851
16,64,rSP,0.025,,0.9574581693715851
16,65,rTeO,0.025,0.04649880206137362,0.9574581693715851
16,66,rTh,0.025,0.3761611177019966,0.9574581693715851
16,67,rTL,0.025,,0.9574581693715851
16,68,rTS,0.025,,0.9574581693715851
16,69,rTG,0.025,,0.9574581693715851
16,70,rVR,0.025,,0.9574581693715851
16,71,rNX,0.025,0.0,0.9574581693715851
16,0,MON,0.05,0.4997764417012412,0.8964696389684141
16,1,Cb,0.05,0.43379769780941274,0.8964696389684141
16,2,MOS1,0.05,0.22879744112419628,0.8964696389684141
16,3,MOS2,0.05,0.0,0.8964696389684141
16,4,MOS3,0.05,0.2967175574299193,0.8964696389684141
16,5,MOS4,0.05,0.291045992927909,0.8964696389684141
16,6,MOS5,0.05,0.35334185251788164,0.8964696389684141
16,7,IPN,0.05,0.0,0.8964696389684141
16,8,IO,0.05,,0.8964696389684141
16,9,Hc,0.05,,0.8964696389684141
16,10,Ra,0.05,0.0,0.8964696389684141
16,11,T,0.05,0.25999118183194153,0.8964696389684141
16,12,aRF,0.05,0.0,0.8964696389684141
16,13,imRF,0.05,0.0,0.8964696389684141
16,14,pRF,0.05,0.0,0.8964696389684141
16,15,GG,0.05,,0.8964696389684141
16,16,Hb,0.05,,0.8964696389684141
16,17,Hi,0.05,,0.8964696389684141
16,18,HR,0.05,,0.8964696389684141
16,19,OG,0.05,,0.8964696389684141
16,20,OB,0.05,,0.8964696389684141
16,21,OE,0.05,,0.8964696389684141
16,22,P,0.05,0.6349538055433348,0.8964696389684141
16,23,Pi,0.05,,0.8964696389684141
16,24,PT,0.05,0.0,0.8964696389684141
16,25,PO,0.05,0.49122152268449404,0.8964696389684141
16,26,PrT,0.05,0.0,0.8964696389684141
16,27,R,0.05,,0.8964696389684141
16,28,SP,0.05,0.7007923432964619,0.8964696389684141
16,29,TeO,0.05,0.1575682807641919,0.8964696389684141
16,30,Th,0.05,0.0,0.8964696389684141
16,31,TL,0.05,,0.8964696389684141
16,32,TS,0.05,,0.8964696389684141
16,33,TG,0.05,,0.8964696389684141
16,34,VR,0.05,,0.8964696389684141
16,35,NX,0.05,0.0,0.8964696389684141
16,36,rMON,0.05,0.5034574967160819,0.8964696389684141
16,37,rCb,0.05,0.5404553282878531,0.8964696389684141
16,38,rMOS1,0.05,0.14910227200108508,0.8964696389684141
16,39,rMOS2,0.05,0.0,0.8964696389684141
16,40,rMOS3,0.05,0.3183605997555164,0.8964696389684141
16,41,rMOS4,0.05,0.2544971565917891,0.8964696389684141
16,42,rMOS5,0.05,0.21009157733358982,0.8964696389684141
16,43,rIPN,0.05,0.0,0.8964696389684141
16,44,rIO,0.05,,0.8964696389684141
16,45,rHc,0.05,,0.8964696389684141
16,46,rRa,0.05,0.0,0.8964696389684141
16,47,rT,0.05,0.05934882181089453,0.8964696389684141
16,48,raRF,0.05,0.0,0.8964696389684141
16,49,rimRF,0.05,0.0,0.8964696389684141
16,50,rpRF,0.05,0.0,0.8964696389684141
16,51,rGG,0.05,,0.8964696389684141
16,52,rHb,0.05,,0.8964696389684141
16,53,rHi,0.05,0.0,0.8964696389684141
16,54,rHR,0.05,,0.8964696389684141
16,55,rOG,0.05,,0.8964696389684141
16,56,rOB,0.05,,0.8964696389684141
16,57,rOE,0.05,,0.8964696389684141
16,58,rP,0.05,0.6633053696014463,0.8964696389684141
16,59,rPi,0.05,,0.8964696389684141
16,60,rPT,0.05,0.0,0.8964696389684141
16,61,rPO,0.05,0.48066961280693027,0.8964696389684141
16,62,rPrT,0.05,0.0,0.8964696389684141
16,63,rR,0.05,,0.8964696389684141
16,64,rSP,0.05,,0.8964696389684141
16,65,rTeO,0.05,0.05018081583752216,0.8964696389684141
16,66,rTh,0.05,0.3732681076351746,0.8964696389684141
16,67,rTL,0.05,,0.8964696389684141
16,68,rTS,0.05,,0.8964696389684141
16,69,rTG,0.05,,0.8964696389684141
16,70,rVR,0.05,,0.8964696389684141
16,71,rNX,0.05,0.0,0.8964696389684141
16,0,MON,0.1,0.4961590956369965,0.8262287741371419
16,1,Cb,0.1,0.42177917004774396,0.8262287741371419
16,2,MOS1,0.1,0.0,0.8262287741371419
16,3,MOS2,0.1,0.0,0.8262287741371419
16,4,MOS3,0.1,0.27792244326788523,0.8262287741371419
16,5,MOS4,0.1,0.2902087136019785,0.8262287741371419
16,6,MOS5,0.1,0.38700204542016614,0.8262287741371419
16,7,IPN,0.1,0.0,0.8262287741371419
16,8,IO,0.1,,0.8262287741371419
16,9,Hc,0.1,,0.8262287741371419
16,10,Ra,0.1,0.0,0.8262287741371419
16,11,T,0.1,0.2505644325085874,0.8262287741371419
16,12,aRF,0.1,0.0,0.8262287741371419
16,13,imRF,0.1,0.0,0.8262287741371419
16,14,pRF,0.1,0.0,0.8262287741371419
16,15,GG,0.1,,0.8262287741371419
16,16,Hb,0.1,,0.8262287741371419
16,17,Hi,0.1,,0.8262287741371419
16,18,HR,0.1,,0.8262287741371419
16,19,OG,0.1,,0.8262287741371419
16,20,OB,0.1,,0.8262287741371419
16,21,OE,0.1,,0.8262287741371419
16,22,P,0.1,0.5795893796337368,0.8262287741371419
16,23,Pi,0.1,,0.8262287741371419
16,24,PT,0.1,0.0,0.8262287741371419
16,25,PO,0.1,0.4900879243916093,0.8262287741371419
16,26,PrT,0.1,0.0,0.8262287741371419
16,27,R,0.1,,0.8262287741371419
16,28,SP,0.1,,0.8262287741371419
16,29,TeO,0.1,0.1393702886782849,0.8262287741371419
16,30,Th,0.1,0.0,0.8262287741371419
16,31,TL,0.1,,0.8262287741371419
16,32,TS,0.1,,0.8262287741371419
16,33,TG,0.1,,0.8262287741371419
16,34,VR,0.1,,0.8262287741371419
16,35,NX,0.1,0.0,0.8262287741371419
16,36,rMON,0.1,0.48966904281897194,0.8262287741371419
16,37,rCb,0.1,0.5350233285558077,0.8262287741371419
16,38,rMOS1,0.1,0.13877249712920922,0.8262287741371419
16,39,rMOS2,0.1,0.0,0.8262287741371419
16,40,rMOS3,0.1,0.2722140779034586,0.8262287741371419
16,41,rMOS4,0.1,0.24939564364619723,0.8262287741371419
16,42,rMOS5,0.1,0.2088804210081667,0.8262287741371419
16,43,rIPN,0.1,0.0,0.8262287741371419
16,44,rIO,0.1,,0.8262287741371419
16,45,rHc,0.1,,0.8262287741371419
16,46,rRa,0.1,0.0,0.8262287741371419
16,47,rT,0.1,0.057847447695352376,0.8262287741371419
16,48,raRF,0.1,0.0,0.8262287741371419
16,49,rimRF,0.1,0.0,0.8262287741371419
16,50,rpRF,0.1,0.0,0.8262287741371419
16,51,rGG,0.1,,0.8262287741371419
16,52,rHb,0.1,,0.8262287741371419
16,53,rHi,0.1,,0.8262287741371419
16,54,rHR,0.1,,0.8262287741371419
16,55,rOG,0.1,,0.8262287741371419
16,56,rOB,0.1,,0.8262287741371419
16,57,rOE,0.1,,0.8262287741371419
16,58,rP,0.1,0.6565534330250382,0.8262287741371419
16,59,rPi,0.1,,0.8262287741371419
16,60,rPT,0.1,0.0,0.8262287741371419
16,61,rPO,0.1,0.465021576612168,0.8262287741371419
16,62,rPrT,0.1,0.0,0.8262287741371419
16,63,rR,0.1,,0.8262287741371419
16,64,rSP,0.1,,0.8262287741371419
16,65,rTeO,0.1,0.04450668340889746,0.8262287741371419
16,66,rTh,0.1,0.3526769430296808,0.8262287741371419
16,67,rTL,0.1,,0.8262287741371419
16,68,rTS,0.1,,0.8262287741371419
16,69,rTG,0.1,,0.8262287741371419
16,70,rVR,0.1,,0.8262287741371419
16,71,rNX,0.1,0.0,0.8262287741371419
16,0,MON,0.15,0.4868377909972364,0.7681427285262479
16,1,Cb,0.15,0.4051241188490531,0.7681427285262479
16,2,MOS1,0.15,0.0,0.7681427285262479
16,3,MOS2,0.15,0.0,0.7681427285262479
16,4,MOS3,0.15,0.27158063254631665,0.7681427285262479
16,5,MOS4,0.15,0.27716578761576477,0.7681427285262479
16,6,MOS5,0.15,0.36924112493603634,0.7681427285262479
16,7,IPN,0.15,0.0,0.7681427285262479
16,8,IO,0.15,,0.7681427285262479
16,9,Hc,0.15,,0.7681427285262479
16,10,Ra,0.15,0.0,0.7681427285262479
16,11,T,0.15,0.23865192001710508,0.7681427285262479
16,12,aRF,0.15,0.0,0.7681427285262479
16,13,imRF,0.15,0.0,0.7681427285262479
16,14,pRF,0.15,0.0,0.7681427285262479
16,15,GG,0.15,,0.7681427285262479
16,16,Hb,0.15,,0.7681427285262479
16,17,Hi,0.15,,0.7681427285262479
16,18,HR,0.15,,0.7681427285262479
16,19,OG,0.15,,0.7681427285262479
16,20,OB,0.15,,0.7681427285262479
16,21,OE,0.15,,0.7681427285262479
16,22,P,0.15,,0.7681427285262479
16,23,Pi,0.15,,0.7681427285262479
16,24,PT,0.15,0.0,0.7681427285262479
16,25,PO,0.15,0.43020709619952496,0.7681427285262479
16,26,PrT,0.15,0.0,0.7681427285262479
16,27,R,0.15,,0.7681427285262479
16,28,SP,0.15,,0.7681427285262479
16,29,TeO,0.15,0.11438008637030914,0.7681427285262479
16,30,Th,0.15,0.0,0.7681427285262479
16,31,TL,0.15,,0.7681427285262479
16,32,TS,0.15,,0.7681427285262479
16,33,TG,0.15,,0.7681427285262479
16,34,VR,0.15,,0.7681427285262479
16,35,NX,0.15,0.0,0.7681427285262479
16,36,rMON,0.15,0.4774525757339337,0.7681427285262479
16,37,rCb,0.15,0.5207366582749314,0.7681427285262479
16,38,rMOS1,0.15,0.13142767011521447,0.7681427285262479
16,39,rMOS2,0.15,0.0,0.7681427285262479
16,40,rMOS3,0.15,0.2613142965016344,0.7681427285262479
16,41,rMOS4,0.15,0.24354336561957193,0.7681427285262479
16,42,rMOS5,0.15,0.1995323305273165,0.7681427285262479
16,43,rIPN,0.15,0.0,0.7681427285262479
16,44,rIO,0.15,,0.7681427285262479
16,45,rHc,0.15,,0.7681427285262479
16,46,rRa,0.15,0.0,0.7681427285262479
16,47,rT,0.15,0.05539287457296243,0.7681427285262479
16,48,raRF,0.15,0.0,0.7681427285262479
16,49,rimRF,0.15,0.0,0.7681427285262479
16,50,rpRF,0.15,0.0,0.7681427285262479
16,51,rGG,0.15,,0.7681427285262479
16,52,rHb,0.15,,0.7681427285262479
16,53,rHi,0.15,,0.7681427285262479
16,54,rHR,0.15,,0.7681427285262479
16,55,rOG,0.15,,0.7681427285262479
16,56,rOB,0.15,,0.7681427285262479
16,57,rOE,0.15,,0.7681427285262479
16,58,rP,0.15,0.35853870372380847,0.7681427285262479
16,59,rPi,0.15,,0.7681427285262479
16,60,rPT,0.15,0.0,0.7681427285262479
16,61,rPO,0.15,0.4388965694627528,0.7681427285262479
16,62,rPrT,0.15,,0.7681427285262479
16,63,rR,0.15,,0.7681427285262479
16,64,rSP,0.15,,0.7681427285262479
16,65,rTeO,0.15,0.0,0.7681427285262479
16,66,rTh,0.15,0.3586703031740385,0.7681427285262479
16,67,rTL,0.15,,0.7681427285262479
16,68,rTS,0.15,,0.7681427285262479
16,69,rTG,0.15,,0.7681427285262479
16,70,rVR,0.15,,0.7681427285262479
16,71,rNX,0.15,0.0,0.7681427285262479
16,0,MON,0.25,0.5268417462482947,0.6390109932390169
16,1,Cb,0.25,0.44221988718359406,0.6390109932390169
16,2,MOS1,0.25,0.0,0.6390109932390169
16,3,MOS2,0.25,0.0,0.6390109932390169
16,4,MOS3,0.25,0.2858838174488186,0.6390109932390169
16,5,MOS4,0.25,0.33759677090760926,0.6390109932390169
16,6,MOS5,0.25,0.4215177159030373,0.6390109932390169
16,7,IPN,0.25,,0.6390109932390169
16,8,IO,0.25,,0.6390109932390169
16,9,Hc,0.25,,0.6390109932390169
16,10,Ra,0.25,0.0,0.6390109932390169
16,11,T,0.25,0.2545613717953123,0.6390109932390169
16,12,aRF,0.25,0.0,0.6390109932390169
16,13,imRF,0.25,0.0,0.6390109932390169
16,14,pRF,0.25,0.0,0.6390109932390169
16,15,GG,0.25,,0.6390109932390169
16,16,Hb,0.25,,0.6390109932390169
16,17,Hi,0.25,,0.6390109932390169
16,18,HR,0.25,,0.6390109932390169
16,19,OG,0.25,,0.6390109932390169
16,20,OB,0.25,,0.6390109932390169
16,21,OE,0.25,,0.6390109932390169
16,22,P,0.25,,0.6390109932390169
16,23,Pi,0.25,,0.6390109932390169
16,24,PT,0.25,0.0,0.6390109932390169
16,25,PO,0.25,,0.6390109932390169
16,26,PrT,0.25,0.0,0.6390109932390169
16,27,R,0.25,,0.6390109932390169
16,28,SP,0.25,,0.6390109932390169
16,29,TeO,0.25,0.1269101296464799,0.6390109932390169
16,30,Th,0.25,0.0,0.6390109932390169
16,31,TL,0.25,,0.6390109932390169
16,32,TS,0.25,,0.6390109932390169
16,33,TG,0.25,,0.6390109932390169
16,34,VR,0.25,,0.6390109932390169
16,35,NX,0.25,,0.6390109932390169
16,36,rMON,0.25,0.5008578823392561,0.6390109932390169
16,37,rCb,0.25,0.5696892289128789,0.6390109932390169
16,38,rMOS1,0.25,0.1491763844233683,0.6390109932390169
16,39,rMOS2,0.25,0.0,0.6390109932390169
16,40,rMOS3,0.25,0.2856389378627853,0.6390109932390169
16,41,rMOS4,0.25,0.2613852687069849,0.6390109932390169
16,42,rMOS5,0.25,0.21143162305385535,0.6390109932390169
16,43,rIPN,0.25,,0.6390109932390169
16,44,rIO,0.25,,0.6390109932390169
16,45,rHc,0.25,,0.6390109932390169
16,46,rRa,0.25,0.0,0.6390109932390169
16,47,rT,0.25,0.202847146987586,0.6390109932390169
16,48,raRF,0.25,0.0,0.6390109932390169
16,49,rimRF,0.25,0.0,0.6390109932390169
16,50,rpRF,0.25,0.0,0.6390109932390169
16,51,rGG,0.25,,0.6390109932390169
16,52,rHb,0.25,,0.6390109932390169
16,53,rHi,0.25,,0.6390109932390169
16,54,rHR,0.25,,0.6390109932390169
16,55,rOG,0.25,,0.6390109932390169
16,56,rOB,0.25,,0.6390109932390169
16,57,rOE,0.25,,0.6390109932390169
16,58,rP,0.25,,0.6390109932390169
16,59,rPi,0.25,,0.6390109932390169
16,60,rPT,0.25,0.0,0.6390109932390169
16,61,rPO,0.25,0.4274931748835715,0.6390109932390169
16,62,rPrT,0.25,,0.6390109932390169
16,63,rR,0.25,,0.6390109932390169
16,64,rSP,0.25,,0.6390109932390169
16,65,rTeO,0.25,0.0,0.6390109932390169
16,66,rTh,0.25,0.3941008144397975,0.6390109932390169
16,67,rTL,0.25,,0.6390109932390169
16,68,rTS,0.25,,0.6390109932390169
16,69,rTG,0.25,,0.6390109932390169
16,70,rVR,0.25,,0.6390109932390169
16,71,rNX,0.25,0.0,0.6390109932390169
16,0,MON,0.35,0.5306186578601773,0.5379598181192587
16,1,Cb,0.35,0.45631103482128976,0.5379598181192587
16,2,MOS1,0.35,0.0,0.5379598181192587
16,3,MOS2,0.35,0.0,0.5379598181192587
16,4,MOS3,0.35,0.2777806098607465,0.5379598181192587
16,5,MOS4,0.35,0.3430157681553994,0.5379598181192587
16,6,MOS5,0.35,0.42478271235667686,0.5379598181192587
16,7,IPN,0.35,,0.5379598181192587
16,8,IO,0.35,,0.5379598181192587
16,9,Hc,0.35,,0.5379598181192587
16,10,Ra,0.35,0.0,0.5379598181192587
16,11,T,0.35,0.21462408883549525,0.5379598181192587
16,12,aRF,0.35,0.0,0.5379598181192587
16,13,imRF,0.35,0.0,0.5379598181192587
16,14,pRF,0.35,0.0,0.5379598181192587
16,15,GG,0.35,,0.5379598181192587
16,16,Hb,0.35,,0.5379598181192587
16,17,Hi,0.35,,0.5379598181192587
16,18,HR,0.35,,0.5379598181192587
16,19,OG,0.35,,0.5379598181192587
16,20,OB,0.35,,0.5379598181192587
16,21,OE,0.35,,0.5379598181192587
16,22,P,0.35,,0.5379598181192587
16,23,Pi,0.35,,0.5379598181192587
16,24,PT,0.35,0.0,0.5379598181192587
16,25,PO,0.35,,0.5379598181192587
16,26,PrT,0.35,0.0,0.5379598181192587
16,27,R,0.35,,0.5379598181192587
16,28,SP,0.35,,0.5379598181192587
16,29,TeO,0.35,0.07140483358833885,0.5379598181192587
16,30,Th,0.35,0.0,0.5379598181192587
16,31,TL,0.35,,0.5379598181192587
16,32,TS,0.35,,0.5379598181192587
16,33,TG,0.35,,0.5379598181192587
16,34,VR,0.35,,0.5379598181192587
16,35,NX,0.35,,0.5379598181192587
16,36,rMON,0.35,0.5102003707092748,0.5379598181192587
16,37,rCb,0.35,0.5968572862541333,0.5379598181192587
16,38,rMOS1,0.35,0.0,0.5379598181192587
16,39,rMOS2,0.35,0.0,0.5379598181192587
16,40,rMOS3,0.35,0.29049474674857034,0.5379598181192587
16,41,rMOS4,0.35,0.26245011764461995,0.5379598181192587
16,42,rMOS5,0.35,0.21596469542654584,0.5379598181192587
16,43,rIPN,0.35,,0.5379598181192587
16,44,rIO,0.35,,0.5379598181192587
16,45,rHc,0.35,,0.5379598181192587
16,46,rRa,0.35,0.0,0.5379598181192587
16,47,rT,0.35,0.14805075676502064,0.5379598181192587
16,48,raRF,0.35,0.0,0.5379598181192587
16,49,rimRF,0.35,0.0,0.5379598181192587
16,50,rpRF,0.35,0.0,0.5379598181192587
16,51,rGG,0.35,,0.5379598181192587
16,52,rHb,0.35,,0.5379598181192587
16,53,rHi,0.35,,0.5379598181192587
16,54,rHR,0.35,,0.5379598181192587
16,55,rOG,0.35,,0.5379598181192587
16,56,rOB,0.35,,0.5379598181192587
16,57,rOE,0.35,,0.5379598181192587
16,58,rP,0.35,,0.5379598181192587
16,59,rPi,0.35,,0.5379598181192587
16,60,rPT,0.35,0.0,0.5379598181192587
16,61,rPO,0.35,,0.5379598181192587
16,62,rPrT,0.35,,0.5379598181192587
16,63,rR,0.35,,0.5379598181192587
16,64,rSP,0.35,,0.5379598181192587
16,65,rTeO,0.35,0.0,0.5379598181192587
16,66,rTh,0.35,0.3912121715996009,0.5379598181192587
16,67,rTL,0.35,,0.5379598181192587
16,68,rTS,0.35,,0.5379598181192587
16,69,rTG,0.35,,0.5379598181192587
16,70,rVR,0.35,,0.5379598181192587
16,71,rNX,0.35,0.0,0.5379598181192587
16,0,MON,0.5,0.5096231703519153,0.4162635152788104
16,1,Cb,0.5,0.4663424044657883,0.4162635152788104
16,2,MOS1,0.5,0.0,0.4162635152788104
16,3,MOS2,0.5,0.0,0.4162635152788104
16,4,MOS3,0.5,0.3036102094283972,0.4162635152788104
16,5,MOS4,0.5,0.35604576930316756,0.4162635152788104
16,6,MOS5,0.5,0.4336143696814649,0.4162635152788104
16,7,IPN,0.5,,0.4162635152788104
16,8,IO,0.5,,0.4162635152788104
16,9,Hc,0.5,,0.4162635152788104
16,10,Ra,0.5,0.0,0.4162635152788104
16,11,T,0.5,0.22699409400887588,0.4162635152788104
16,12,aRF,0.5,0.0,0.4162635152788104
16,13,imRF,0.5,0.0,0.4162635152788104
16,14,pRF,0.5,0.0,0.4162635152788104
16,15,GG,0.5,,0.4162635152788104
16,16,Hb,0.5,,0.4162635152788104
16,17,Hi,0.5,,0.4162635152788104
16,18,HR,0.5,,0.4162635152788104
16,19,OG,0.5,,0.4162635152788104
16,20,OB,0.5,,0.4162635152788104
16,21,OE,0.5,,0.4162635152788104
16,22,P,0.5,,0.4162635152788104
16,23,Pi,0.5,,0.4162635152788104
16,24,PT,0.5,,0.4162635152788104
16,25,PO,0.5,,0.4162635152788104
16,26,PrT,0.5,0.0,0.4162635152788104
16,27,R,0.5,,0.4162635152788104
16,28,SP,0.5,,0.4162635152788104
16,29,TeO,0.5,0.1397611253416145,0.4162635152788104
16,30,Th,0.5,0.0,0.4162635152788104
16,31,TL,0.5,,0.4162635152788104
16,32,TS,0.5,,0.4162635152788104
16,33,TG,0.5,,0.4162635152788104
16,34,VR,0.5,,0.4162635152788104
16,35,NX,0.5,,0.4162635152788104
16,36,rMON,0.5,0.614505120108656,0.4162635152788104
16,37,rCb,0.5,0.617210889090023,0.4162635152788104
16,38,rMOS1,0.5,0.0,0.4162635152788104
16,39,rMOS2,0.5,0.0,0.4162635152788104
16,40,rMOS3,0.5,0.3003059657134125,0.4162635152788104
16,41,rMOS4,0.5,0.2817023943721263,0.4162635152788104
16,42,rMOS5,0.5,0.2414660139208046,0.4162635152788104
16,43,rIPN,0.5,,0.4162635152788104
16,44,rIO,0.5,,0.4162635152788104
16,45,rHc,0.5,,0.4162635152788104
16,46,rRa,0.5,0.0,0.4162635152788104
16,47,rT,0.5,0.15963094034378159,0.4162635152788104
16,48,raRF,0.5,0.0,0.4162635152788104
16,49,rimRF,0.5,0.0,0.4162635152788104
16,50,rpRF,0.5,0.0,0.4162635152788104
16,51,rGG,0.5,,0.4162635152788104
16,52,rHb,0.5,,0.4162635152788104
16,53,rHi,0.5,,0.4162635152788104
16,54,rHR,0.5,,0.4162635152788104
16,55,rOG,0.5,,0.4162635152788104
16,56,rOB,0.5,,0.4162635152788104
16,57,rOE,0.5,,0.4162635152788104
16,58,rP,0.5,,0.4162635152788104
16,59,rPi,0.5,,0.4162635152788104
16,60,rPT,0.5,,0.4162635152788104
16,61,rPO,0.5,,0.4162635152788104
16,62,rPrT,0.5,,0.4162635152788104
16,63,rR,0.5,,0.4162635152788104
16,64,rSP,0.5,,0.4162635152788104
16,65,rTeO,0.5,0.0,0.4162635152788104
16,66,rTh,0.5,,0.4162635152788104
16,67,rTL,0.5,,0.4162635152788104
16,68,rTS,0.5,,0.4162635152788104
16,69,rTG,0.5,,0.4162635152788104
16,70,rVR,0.5,,0.4162635152788104
16,71,rNX,0.5,0.0,0.4162635152788104
17,0,MON,0.0,0.4375058845683081,1.0
17,1,Cb,0.0,0.37040749085542696,1.0
17,2,MOS1,0.0,0.36889288034925005,1.0
17,3,MOS2,0.0,0.4220511410503162,1.0
17,4,MOS3,0.0,0.35970404568230085,1.0
17,5,MOS4,0.0,0.35118681340852004,1.0
17,6,MOS5,0.0,0.4300288210805618,1.0
17,7,IPN,0.0,0.0,1.0
17,8,IO,0.0,,1.0
17,9,Hc,0.0,,1.0
17,10,Ra,0.0,0.0,1.0
17,11,T,0.0,0.0,1.0
17,12,aRF,0.0,0.0,1.0
17,13,imRF,0.0,0.0,1.0
17,14,pRF,0.0,0.0,1.0
17,15,GG,0.0,,1.0
17,16,Hb,0.0,0.0,1.0
17,17,Hi,0.0,0.0,1.0
17,18,HR,0.0,0.0,1.0
17,19,OG,0.0,,1.0
17,20,OB,0.0,0.0,1.0
17,21,OE,0.0,0.9090909090909091,1.0
17,22,P,0.0,0.0,1.0
17,23,Pi,0.0,,1.0
17,24,PT,0.0,0.0,1.0
17,25,PO,0.0,0.46956576192946986,1.0
17,26,PrT,0.0,0.0,1.0
17,27,R,0.0,,1.0
17,28,SP,0.0,0.5572300730051659,1.0
17,29,TeO,0.0,0.34363352626806065,1.0
17,30,Th,0.0,0.5873515203845885,1.0
17,31,TL,0.0,0.0,1.0
17,32,TS,0.0,0.2884864165588616,1.0
17,33,TG,0.0,,1.0
17,34,VR,0.0,,1.0
17,35,NX,0.0,0.48519142788345776,1.0
17,36,rMON,0.0,0.5294704783354235,1.0
17,37,rCb,0.0,0.29610618625488516,1.0
17,38,rMOS1,0.0,0.17770955707574915,1.0
17,39,rMOS2,0.0,0.0,1.0
17,40,rMOS3,0.0,0.3064955752700174,1.0
17,41,rMOS4,0.0,0.32828260974085294,1.0
17,42,rMOS5,0.0,0.3504990814451929,1.0
17,43,rIPN,0.0,0.0,1.0
17,44,rIO,0.0,,1.0
17,45,rHc,0.0,,1.0
17,46,rRa,0.0,0.0,1.0
17,47,rT,0.0,0.18528365778406994,1.0
17,48,raRF,0.0,0.0,1.0
17,49,rimRF,0.0,0.0,1.0
17,50,rpRF,0.0,0.0,1.0
17,51,rGG,0.0,,1.0
17,52,rHb,0.0,0.0,1.0
17,53,rHi,0.0,0.0,1.0
17,54,rHR,0.0,0.5152783591460862,1.0
17,55,rOG,0.0,,1.0
17,56,rOB,0.0,,1.0
17,57,rOE,0.0,1.0,1.0
17,58,rP,0.0,0.6244843234323433,1.0
17,59,rPi,0.0,,1.0
17,60,rPT,0.0,0.0,1.0
17,61,rPO,0.0,0.48334397498844095,1.0
17,62,rPrT,0.0,0.3791186059211942,1.0
17,63,rR,0.0,,1.0
17,64,rSP,0.0,0.7613304437953453,1.0
17,65,rTeO,0.0,0.11182532652292353,1.0
17,66,rTh,0.0,0.49930240151987415,1.0
17,67,rTL,0.0,0.0,1.0
17,68,rTS,0.0,0.0,1.0
17,69,rTG,0.0,,1.0
17,70,rVR,0.0,0.0,1.0
17,71,rNX,0.0,0.0,1.0
17,0,MON,0.025,0.44175378509208485,0.976409969587719
17,1,Cb,0.025,0.37522293252982614,0.976409969587719
17,2,MOS1,0.025,0.36937150529516805,0.976409969587719
17,3,MOS2,0.025,0.43578966329915786,0.976409969587719
17,4,MOS3,0.025,0.35768730376738755,0.976409969587719
17,5,MOS4,0.025,0.35431279718197034,0.976409969587719
17,6,MOS5,0.025,0.4429901637258566,0.976409969587719
17,7,IPN,0.025,0.0,0.976409969587719
17,8,IO,0.025,,0.976409969587719
17,9,Hc,0.025,,0.976409969587719
17,10,Ra,0.025,0.0,0.976409969587719
17,11,T,0.025,0.0,0.976409969587719
17,12,aRF,0.025,0.0,0.976409969587719
17,13,imRF,0.025,0.0,0.976409969587719
17,14,pRF,0.025,0.0,0.976409969587719
17,15,GG,0.025,,0.976409969587719
17,16,Hb,0.025,,0.976409969587719
17,17,Hi,0.025,0.0,0.976409969587719
17,18,HR,0.025,,0.976409969587719
17,19,OG,0.025,,0.976409969587719
17,20,OB,0.025,,0.976409969587719
17,21,OE,0.025,,0.976409969587719
17,22,P,0.025,0.0,0.976409969587719
17,23,Pi,0.025,,0.976409969587719
17,24,PT,0.025,0.0,0.976409969587719
17,25,PO,0.025,0.46490759920760555,0.976409969587719
17,26,PrT,0.025,0.0,0.976409969587719
17,27,R,0.025,,0.976409969587719
17,28,SP,0.025,0.55796853625171,0.976409969587719
17,29,TeO,0.025,0.3476381102429784,0.976409969587719
17,30,Th,0.025,0.5746434354305439,0.976409969587719
17,31,TL,0.025,,0.976409969587719
17,32,TS,0.025,,0.976409969587719
17,33,TG,0.025,,0.976409969587719
17,34,VR,0.025,,0.976409969587719
17,35,NX,0.025,0.498666888851858,0.976409969587719
17,36,rMON,0.025,0.5197219442835326,0.976409969587719
17,37,rCb,0.025,0.3227333528403628,0.976409969587719
17,38,rMOS1,0.025,0.17867342107369566,0.976409969587719
17,39,rMOS2,0.025,0.0,0.976409969587719
17,40,rMOS3,0.025,0.3072552495983157,0.976409969587719
17,41,rMOS4,0.025,0.33061348205625607,0.976409969587719
17,42,rMOS5,0.025,0.3510381787883208,0.976409969587719
17,43,rIPN,0.025,0.0,0.976409969587719
17,44,rIO,0.025,,0.976409969587719
17,45,rHc,0.025,,0.976409969587719
17,46,rRa,0.025,0.0,0.976409969587719
17,47,rT,0.025,0.18432361092780783,0.976409969587719
17,48,raRF,0.025,0.0,0.976409969587719
17,49,rimRF,0.025,0.0,0.976409969587719
17,50,rpRF,0.025,0.0,0.976409969587719
17,51,rGG,0.025,,0.976409969587719
17,52,rHb,0.025,0.0,0.976409969587719
17,53,rHi,0.025,0.0,0.976409969587719
17,54,rHR,0.025,,0.976409969587719
17,55,rOG,0.025,,0.976409969587719
17,56,rOB,0.025,,0.976409969587719
17,57,rOE,0.025,,0.976409969587719
17,58,rP,0.025,0.6346704871060171,0.976409969587719
17,59,rPi,0.025,,0.976409969587719
17,60,rPT,0.025,0.0,0.976409969587719
17,61,rPO,0.025,0.48409850679741473,0.976409969587719
17,62,rPrT,0.025,0.38486298830429067,0.976409969587719
17,63,rR,0.025,,0.976409969587719
17,64,rSP,0.025,0.7755467082107207,0.976409969587719
17,65,rTeO,0.025,0.09867290545545364,0.976409969587719
17,66,rTh,0.025,0.5277920552169763,0.976409969587719
17,67,rTL,0.025,,0.976409969587719
17,68,rTS,0.025,,0.976409969587719
17,69,rTG,0.025,,0.976409969587719
17,70,rVR,0.025,0.0,0.976409969587719
17,71,rNX,0.025,0.0,0.976409969587719
17,0,MON,0.05,0.4588517299881754,0.9267098455636662
17,1,Cb,0.05,0.3811496311776194,0.9267098455636662
17,2,MOS1,0.05,0.3787792107731904,0.9267098455636662
17,3,MOS2,0.05,0.45595724614900973,0.9267098455636662
17,4,MOS3,0.05,0.3747793042969892,0.9267098455636662
17,5,MOS4,0.05,0.37524882608624516,0.9267098455636662
17,6,MOS5,0.05,0.45286880213492253,0.9267098455636662
17,7,IPN,0.05,0.0,0.9267098455636662
17,8,IO,0.05,,0.9267098455636662
17,9,Hc,0.05,,0.9267098455636662
17,10,Ra,0.05,0.0,0.9267098455636662
17,11,T,0.05,0.0,0.9267098455636662
17,12,aRF,0.05,0.0,0.9267098455636662
17,13,imRF,0.05,0.0,0.9267098455636662
17,14,pRF,0.05,0.0,0.9267098455636662
17,15,GG,0.05,,0.9267098455636662
17,16,Hb,0.05,,0.9267098455636662
17,17,Hi,0.05,0.0,0.9267098455636662
17,18,HR,0.05,,0.9267098455636662
17,19,OG,0.05,,0.9267098455636662
17,20,OB,0.05,,0.9267098455636662
17,21,OE,0.05,,0.9267098455636662
17,22,P,0.05,,0.9267098455636662
17,23,Pi,0.05,,0.9267098455636662
17,24,PT,0.05,0.0,0.9267098455636662
17,25,PO,0.05,0.44379430517603263,0.9267098455636662
17,26,PrT,0.05,0.0,0.9267098455636662
17,27,R,0.05,,0.9267098455636662
17,28,SP,0.05,0.6054857419043016,0.9267098455636662
17,29,TeO,0.05,0.3615693471240129,0.9267098455636662
17,30,Th,0.05,0.5808463815040599,0.9267098455636662
17,31,TL,0.05,,0.9267098455636662
17,32,TS,0.05,,0.9267098455636662
17,33,TG,0.05,,0.9267098455636662
17,34,VR,0.05,,0.9267098455636662
17,35,NX,0.05,0.5409924975142366,0.9267098455636662
17,36,rMON,0.05,0.53125,0.9267098455636662
17,37,rCb,0.05,0.32435246854847233,0.9267098455636662
17,38,rMOS1,0.05,0.18199719367774897,0.9267098455636662
17,39,rMOS2,0.05,0.0,0.9267098455636662
17,40,rMOS3,0.05,0.3096297249009515,0.9267098455636662
17,41,rMOS4,0.05,0.33818420059957516,0.9267098455636662
17,42,rMOS5,0.05,0.3687746051709343,0.9267098455636662
17,43,rIPN,0.05,0.0,0.9267098455636662
17,44,rIO,0.05,,0.9267098455636662
17,45,rHc,0.05,,0.9267098455636662
17,46,rRa,0.05,0.0,0.9267098455636662
17,47,rT,0.05,0.18869690600052483,0.9267098455636662
17,48,raRF,0.05,0.0,0.9267098455636662
17,49,rimRF,0.05,0.0,0.9267098455636662
17,50,rpRF,0.05,0.0,0.9267098455636662
17,51,rGG,0.05,,0.9267098455636662
17,52,rHb,0.05,,0.9267098455636662
17,53,rHi,0.05,0.0,0.9267098455636662
17,54,rHR,0.05,,0.9267098455636662
17,55,rOG,0.05,,0.9267098455636662
17,56,rOB,0.05,,0.9267098455636662
17,57,rOE,0.05,,0.9267098455636662
17,58,rP,0.05,,0.9267098455636662
17,59,rPi,0.05,,0.9267098455636662
17,60,rPT,0.05,0.0,0.9267098455636662
17,61,rPO,0.05,0.47898679378359316,0.9267098455636662
17,62,rPrT,0.05,0.40893199705971994,0.9267098455636662
17,63,rR,0.05,,0.9267098455636662
17,64,rSP,0.05,0.7907183725365543,0.9267098455636662
17,65,rTeO,0.05,0.09745078206698835,0.9267098455636662
17,66,rTh,0.05,0.534970297029703,0.9267098455636662
17,67,rTL,0.05,,0.9267098455636662
17,68,rTS,0.05,,0.9267098455636662
17,69,rTG,0.05,,0.9267098455636662
17,70,rVR,0.05,,0.9267098455636662
17,71,rNX,0.05,0.0,0.9267098455636662
17,0,MON,0.1,0.45204333967037835,0.7552515404051232
17,1,Cb,0.1,0.38025220080894606,0.7552515404051232
17,2,MOS1,0.1,0.3403293735745568,0.7552515404051232
17,3,MOS2,0.1,0.4339820084450156,0.7552515404051232
17,4,MOS3,0.1,0.3640440107951007,0.7552515404051232
17,5,MOS4,0.1,0.3854363044309388,0.7552515404051232
17,6,MOS5,0.1,0.445664755942845,0.7552515404051232
17,7,IPN,0.1,,0.7552515404051232
17,8,IO,0.1,,0.7552515404051232
17,9,Hc,0.1,,0.7552515404051232
17,10,Ra,0.1,0.0,0.7552515404051232
17,11,T,0.1,0.0,0.7552515404051232
17,12,aRF,0.1,0.0,0.7552515404051232
17,13,imRF,0.1,0.0,0.7552515404051232
17,14,pRF,0.1,0.0,0.7552515404051232
17,15,GG,0.1,,0.7552515404051232
17,16,Hb,0.1,,0.7552515404051232
17,17,Hi,0.1,,0.7552515404051232
17,18,HR,0.1,,0.7552515404051232
17,19,OG,0.1,,0.7552515404051232
17,20,OB,0.1,,0.7552515404051232
17,21,OE,0.1,,0.7552515404051232
17,22,P,0.1,,0.7552515404051232
17,23,Pi,0.1,,0.7552515404051232
17,24,PT,0.1,0.0,0.7552515404051232
17,25,PO,0.1,0.41309388397935076,0.7552515404051232
17,26,PrT,0.1,0.0,0.7552515404051232
17,27,R,0.1,,0.7552515404051232
17,28,SP,0.1,0.5138185716838406,0.7552515404051232
17,29,TeO,0.1,0.2756937292677792,0.7552515404051232
17,30,Th,0.1,0.5327599276577711,0.7552515404051232
17,31,TL,0.1,,0.7552515404051232
17,32,TS,0.1,,0.7552515404051232
17,33,TG,0.1,,0.7552515404051232
17,34,VR,0.1,,0.7552515404051232
17,35,NX,0.1,,0.7552515404051232
17,36,rMON,0.1,0.5305644196250499,0.7552515404051232
17,37,rCb,0.1,0.3339975005305478,0.7552515404051232
17,38,rMOS1,0.1,0.16739368802440885,0.7552515404051232
17,39,rMOS2,0.1,0.0,0.7552515404051232
17,40,rMOS3,0.1,0.30168656188232046,0.7552515404051232
17,41,rMOS4,0.1,0.34136144899549326,0.7552515404051232
17,42,rMOS5,0.1,0.343427589861407,0.7552515404051232
17,43,rIPN,0.1,0.0,0.7552515404051232
17,44,rIO,0.1,,0.7552515404051232
17,45,rHc,0.1,,0.7552515404051232
17,46,rRa,0.1,0.0,0.7552515404051232
17,47,rT,0.1,0.18716229106437932,0.7552515404051232
17,48,raRF,0.1,0.0,0.7552515404051232
17,49,rimRF,0.1,0.0,0.7552515404051232
17,50,rpRF,0.1,0.0,0.7552515404051232
17,51,rGG,0.1,,0.7552515404051232
17,52,rHb,0.1,,0.7552515404051232
17,53,rHi,0.1,,0.7552515404051232
17,54,rHR,0.1,,0.7552515404051232
17,55,rOG,0.1,,0.7552515404051232
17,56,rOB,0.1,,0.7552515404051232
17,57,rOE,0.1,,0.7552515404051232
17,58,rP,0.1,,0.7552515404051232
17,59,rPi,0.1,,0.7552515404051232
17,60,rPT,0.1,0.0,0.7552515404051232
17,61,rPO,0.1,0.47433536577048463,0.7552515404051232
17,62,rPrT,0.1,,0.7552515404051232
17,63,rR,0.1,,0.7552515404051232
17,64,rSP,0.1,,0.7552515404051232
17,65,rTeO,0.1,0.13020295150286873,0.7552515404051232
17,66,rTh,0.1,,0.7552515404051232
17,67,rTL,0.1,,0.7552515404051232
17,68,rTS,0.1,,0.7552515404051232
17,69,rTG,0.1,,0.7552515404051232
17,70,rVR,0.1,,0.7552515404051232
17,71,rNX,0.1,0.0,0.7552515404051232
17,0,MON,0.15,0.45300510806076905,0.7028159191138877
17,1,Cb,0.15,0.3781799067366142,0.7028159191138877
17,2,MOS1,0.15,0.3415339878040179,0.7028159191138877
17,3,MOS2,0.15,0.40889737774063906,0.7028159191138877
17,4,MOS3,0.15,0.38218669045965414,0.7028159191138877
17,5,MOS4,0.15,0.3984608400210884,0.7028159191138877
17,6,MOS5,0.15,0.44634555475676974,0.7028159191138877
17,7,IPN,0.15,,0.7028159191138877
17,8,IO,0.15,,0.7028159191138877
17,9,Hc,0.15,,0.7028159191138877
17,10,Ra,0.15,0.0,0.7028159191138877
17,11,T,0.15,0.0,0.7028159191138877
17,12,aRF,0.15,0.0,0.7028159191138877
17,13,imRF,0.15,0.0,0.7028159191138877
17,14,pRF,0.15,0.0,0.7028159191138877
17,15,GG,0.15,,0.7028159191138877
17,16,Hb,0.15,,0.7028159191138877
17,17,Hi,0.15,,0.7028159191138877
17,18,HR,0.15,,0.7028159191138877
17,19,OG,0.15,,0.7028159191138877
17,20,OB,0.15,,0.7028159191138877
17,21,OE,0.15,,0.7028159191138877
17,22,P,0.15,,0.7028159191138877
17,23,Pi,0.15,,0.7028159191138877
17,24,PT,0.15,0.0,0.7028159191138877
17,25,PO,0.15,0.41309388397935076,0.7028159191138877
17,26,PrT,0.15,0.0,0.7028159191138877
17,27,R,0.15,,0.7028159191138877
17,28,SP,0.15,0.5138185716838406,0.7028159191138877
17,29,TeO,0.15,0.2799989193364726,0.7028159191138877
17,30,Th,0.15,0.5432171699331279,0.7028159191138877
17,31,TL,0.15,,0.7028159191138877
17,32,TS,0.15,,0.7028159191138877
17,33,TG,0.15,,0.7028159191138877
17,34,VR,0.15,,0.7028159191138877
17,35,NX,0.15,,0.7028159191138877
17,36,rMON,0.15,0.5060500841750841,0.7028159191138877
17,37,rCb,0.15,0.0,0.7028159191138877
17,38,rMOS1,0.15,0.16790924167681168,0.7028159191138877
17,39,rMOS2,0.15,0.0,0.7028159191138877
17,40,rMOS3,0.15,0.3004488356503745,0.7028159191138877
17,41,rMOS4,0.15,0.34259636346213734,0.7028159191138877
17,42,rMOS5,0.15,0.3474316055109439,0.7028159191138877
17,43,rIPN,0.15,0.0,0.7028159191138877
17,44,rIO,0.15,,0.7028159191138877
17,45,rHc,0.15,,0.7028159191138877
17,46,rRa,0.15,0.0,0.7028159191138877
17,47,rT,0.15,0.18657846234860453,0.7028159191138877
17,48,raRF,0.15,0.0,0.7028159191138877
17,49,rimRF,0.15,0.0,0.7028159191138877
17,50,rpRF,0.15,0.0,0.7028159191138877
17,51,rGG,0.15,,0.7028159191138877
17,52,rHb,0.15,,0.7028159191138877
17,53,rHi,0.15,,0.7028159191138877
17,54,rHR,0.15,,0.7028159191138877
17,55,rOG,0.15,,0.7028159191138877
17,56,rOB,0.15,,0.7028159191138877
17,57,rOE,0.15,,0.7028159191138877
17,58,rP,0.15,,0.7028159191138877
17,59,rPi,0.15,,0.7028159191138877
17,60,rPT,0.15,0.0,0.7028159191138877
17,61,rPO,0.15,0.47433536577048463,0.7028159191138877
17,62,rPrT,0.15,,0.7028159191138877
17,63,rR,0.15,,0.7028159191138877
17,64,rSP,0.15,,0.7028159191138877
17,65,rTeO,0.15,0.16893395224865035,0.7028159191138877
17,66,rTh,0.15,,0.7028159191138877
17,67,rTL,0.15,,0.7028159191138877
17,68,rTS,0.15,,0.7028159191138877
17,69,rTG,0.15,,0.7028159191138877
17,70,rVR,0.15,,0.7028159191138877
17,71,rNX,0.15,0.0,0.7028159191138877
17,0,MON,0.25,0.4067782277386802,0.5309140671643022
17,1,Cb,0.25,0.0,0.5309140671643022
17,2,MOS1,0.25,0.3080075035862728,0.5309140671643022
17,3,MOS2,0.25,0.3857471264367816,0.5309140671643022
17,4,MOS3,0.25,0.37179282461373375,0.5309140671643022
17,5,MOS4,0.25,0.3672553497271132,0.5309140671643022
17,6,MOS5,0.25,0.4131405024712637,0.5309140671643022
17,7,IPN,0.25,,0.5309140671643022
17,8,IO,0.25,,0.5309140671643022
17,9,Hc,0.25,,0.5309140671643022
17,10,Ra,0.25,0.0,0.5309140671643022
17,11,T,0.25,0.0,0.5309140671643022
17,12,aRF,0.25,,0.5309140671643022
17,13,imRF,0.25,0.0,0.5309140671643022
17,14,pRF,0.25,0.0,0.5309140671643022
17,15,GG,0.25,,0.5309140671643022
17,16,Hb,0.25,,0.5309140671643022
17,17,Hi,0.25,,0.5309140671643022
17,18,HR,0.25,,0.5309140671643022
17,19,OG,0.25,,0.5309140671643022
17,20,OB,0.25,,0.5309140671643022
17,21,OE,0.25,,0.5309140671643022
17,22,P,0.25,,0.5309140671643022
17,23,Pi,0.25,,0.5309140671643022
17,24,PT,0.25,,0.5309140671643022
17,25,PO,0.25,0.3768365410680401,0.5309140671643022
17,26,PrT,0.25,,0.5309140671643022
17,27,R,0.25,,0.5309140671643022
17,28,SP,0.25,,0.5309140671643022
17,29,TeO,0.25,0.2811246489564488,0.5309140671643022
17,30,Th,0.25,,0.5309140671643022
17,31,TL,0.25,,0.5309140671643022
17,32,TS,0.25,,0.5309140671643022
17,33,TG,0.25,,0.5309140671643022
17,34,VR,0.25,,0.5309140671643022
17,35,NX,0.25,,0.5309140671643022
17,36,rMON,0.25,,0.5309140671643022
17,37,rCb,0.25,0.0,0.5309140671643022
17,38,rMOS1,0.25,0.16491400241960727,0.5309140671643022
17,39,rMOS2,0.25,0.0,0.5309140671643022
17,40,rMOS3,0.25,0.3002161612643939,0.5309140671643022
17,41,rMOS4,0.25,0.33685897715603885,0.5309140671643022
17,42,rMOS5,0.25,0.32225399274825134,0.5309140671643022
17,43,rIPN,0.25,0.0,0.5309140671643022
17,44,rIO,0.25,,0.5309140671643022
17,45,rHc,0.25,,0.5309140671643022
17,46,rRa,0.25,0.0,0.5309140671643022
17,47,rT,0.25,0.1752215996605424,0.5309140671643022
17,48,raRF,0.25,0.0,0.5309140671643022
17,49,rimRF,0.25,0.0,0.5309140671643022
17,50,rpRF,0.25,0.0,0.5309140671643022
17,51,rGG,0.25,,0.5309140671643022
17,52,rHb,0.25,,0.5309140671643022
17,53,rHi,0.25,,0.5309140671643022
17,54,rHR,0.25,,0.5309140671643022
17,55,rOG,0.25,,0.5309140671643022
17,56,rOB,0.25,,0.5309140671643022
17,57,rOE,0.25,,0.5309140671643022
17,58,rP,0.25,,0.5309140671643022
17,59,rPi,0.25,,0.5309140671643022
17,60,rPT,0.25,,0.5309140671643022
17,61,rPO,0.25,0.4448305084745763,0.5309140671643022
17,62,rPrT,0.25,,0.5309140671643022
17,63,rR,0.25,,0.5309140671643022
17,64,rSP,0.25,,0.5309140671643022
17,65,rTeO,0.25,0.1306483344411779,0.5309140671643022
17,66,rTh,0.25,,0.5309140671643022
17,67,rTL,0.25,,0.5309140671643022
17,68,rTS,0.25,,0.5309140671643022
17,69,rTG,0.25,,0.5309140671643022
17,70,rVR,0.25,,0.5309140671643022
17,71,rNX,0.25,0.0,0.5309140671643022
17,0,MON,0.35,0.38885662291400475,0.5007848397088074
17,1,Cb,0.35,0.0,0.5007848397088074
17,2,MOS1,0.35,0.30817432645400555,0.5007848397088074
17,3,MOS2,0.35,,0.5007848397088074
17,4,MOS3,0.35,0.364269219634694,0.5007848397088074
17,5,MOS4,0.35,0.35006982411624576,0.5007848397088074
17,6,MOS5,0.35,0.40293378528432,0.5007848397088074
17,7,IPN,0.35,,0.5007848397088074
17,8,IO,0.35,,0.5007848397088074
17,9,Hc,0.35,,0.5007848397088074
17,10,Ra,0.35,0.0,0.5007848397088074
17,11,T,0.35,0.0,0.5007848397088074
17,12,aRF,0.35,,0.5007848397088074
17,13,imRF,0.35,0.0,0.5007848397088074
17,14,pRF,0.35,0.0,0.5007848397088074
17,15,GG,0.35,,0.5007848397088074
17,16,Hb,0.35,,0.5007848397088074
17,17,Hi,0.35,,0.5007848397088074
17,18,HR,0.35,,0.5007848397088074
17,19,OG,0.35,,0.5007848397088074
17,20,OB,0.35,,0.5007848397088074
17,21,OE,0.35,,0.5007848397088074
17,22,P,0.35,,0.5007848397088074
17,23,Pi,0.35,,0.5007848397088074
17,24,PT,0.35,,0.5007848397088074
17,25,PO,0.35,,0.5007848397088074
17,26,PrT,0.35,,0.5007848397088074
17,27,R,0.35,,0.5007848397088074
17,28,SP,0.35,,0.5007848397088074
17,29,TeO,0.35,0.2837242331847914,0.5007848397088074
17,30,Th,0.35,,0.5007848397088074
17,31,TL,0.35,,0.5007848397088074
17,32,TS,0.35,,0.5007848397088074
17,33,TG,0.35,,0.5007848397088074
17,34,VR,0.35,,0.5007848397088074
17,35,NX,0.35,,0.5007848397088074
17,36,rMON,0.35,,0.5007848397088074
17,37,rCb,0.35,0.0,0.5007848397088074
17,38,rMOS1,0.35,0.1656466223914191,0.5007848397088074
17,39,rMOS2,0.35,0.0,0.5007848397088074
17,40,rMOS3,0.35,0.285457537252034,0.5007848397088074
17,41,rMOS4,0.35,0.3199359761682397,0.5007848397088074
17,42,rMOS5,0.35,0.3161900789823528,0.5007848397088074
17,43,rIPN,0.35,,0.5007848397088074
17,44,rIO,0.35,,0.5007848397088074
17,45,rHc,0.35,,0.5007848397088074
17,46,rRa,0.35,0.0,0.5007848397088074
17,47,rT,0.35,0.17433212959527852,0.5007848397088074
17,48,raRF,0.35,0.0,0.5007848397088074
17,49,rimRF,0.35,0.0,0.5007848397088074
17,50,rpRF,0.35,0.0,0.5007848397088074
17,51,rGG,0.35,,0.5007848397088074
17,52,rHb,0.35,,0.5007848397088074
17,53,rHi,0.35,,0.5007848397088074
17,54,rHR,0.35,,0.5007848397088074
17,55,rOG,0.35,,0.5007848397088074
17,56,rOB,0.35,,0.5007848397088074
17,57,rOE,0.35,,0.5007848397088074
17,58,rP,0.35,,0.5007848397088074
17,59,rPi,0.35,,0.5007848397088074
17,60,rPT,0.35,,0.5007848397088074
17,61,rPO,0.35,0.41898835452040184,0.5007848397088074
17,62,rPrT,0.35,,0.5007848397088074
17,63,rR,0.35,,0.5007848397088074
17,64,rSP,0.35,,0.5007848397088074
17,65,rTeO,0.35,0.1269033916425923,0.5007848397088074
17,66,rTh,0.35,,0.5007848397088074
17,67,rTL,0.35,,0.5007848397088074
17,68,rTS,0.35,,0.5007848397088074
17,69,rTG,0.35,,0.5007848397088074
17,70,rVR,0.35,,0.5007848397088074
17,71,rNX,0.35,0.0,0.5007848397088074
17,0,MON,0.5,0.31020837441661736,0.27391379998482684
17,1,Cb,0.5,0.0,0.27391379998482684
17,2,MOS1,0.5,0.28328296918805723,0.27391379998482684
17,3,MOS2,0.5,,0.27391379998482684
17,4,MOS3,0.5,,0.27391379998482684
17,5,MOS4,0.5,0.2989277307994072,0.27391379998482684
17,6,MOS5,0.5,0.39919241398712496,0.27391379998482684
17,7,IPN,0.5,,0.27391379998482684
17,8,IO,0.5,,0.27391379998482684
17,9,Hc,0.5,,0.27391379998482684
17,10,Ra,0.5,0.0,0.27391379998482684
17,11,T,0.5,0.0,0.27391379998482684
17,12,aRF,0.5,,0.27391379998482684
17,13,imRF,0.5,0.0,0.27391379998482684
17,14,pRF,0.5,,0.27391379998482684
17,15,GG,0.5,,0.27391379998482684
17,16,Hb,0.5,,0.27391379998482684
17,17,Hi,0.5,,0.27391379998482684
17,18,HR,0.5,,0.27391379998482684
17,19,OG,0.5,,0.27391379998482684
17,20,OB,0.5,,0.27391379998482684
17,21,OE,0.5,,0.27391379998482684
17,22,P,0.5,,0.27391379998482684
17,23,Pi,0.5,,0.27391379998482684
17,24,PT,0.5,,0.27391379998482684
17,25,PO,0.5,,0.27391379998482684
17,26,PrT,0.5,,0.27391379998482684
17,27,R,0.5,,0.27391379998482684
17,28,SP,0.5,,0.27391379998482684
17,29,TeO,0.5,0.279534604061315,0.27391379998482684
17,30,Th,0.5,,0.27391379998482684
17,31,TL,0.5,,0.27391379998482684
17,32,TS,0.5,,0.27391379998482684
17,33,TG,0.5,,0.27391379998482684
17,34,VR,0.5,,0.27391379998482684
17,35,NX,0.5,,0.27391379998482684
17,36,rMON,0.5,,0.27391379998482684
17,37,rCb,0.5,0.0,0.27391379998482684
17,38,rMOS1,0.5,0.14230738000388773,0.27391379998482684
17,39,rMOS2,0.5,0.0,0.27391379998482684
17,40,rMOS3,0.5,0.24449607403068377,0.27391379998482684
17,41,rMOS4,0.5,0.3168084633577245,0.27391379998482684
17,42,rMOS5,0.5,0.2941639823892648,0.27391379998482684
17,43,rIPN,0.5,,0.27391379998482684
17,44,rIO,0.5,,0.27391379998482684
17,45,rHc,0.5,,0.27391379998482684
17,46,rRa,0.5,0.0,0.27391379998482684
17,47,rT,0.5,,0.27391379998482684
17,48,raRF,0.5,0.0,0.27391379998482684
17,49,rimRF,0.5,,0.27391379998482684
17,50,rpRF,0.5,0.0,0.27391379998482684
17,51,rGG,0.5,,0.27391379998482684
17,52,rHb,0.5,,0.27391379998482684
17,53,rHi,0.5,,0.27391379998482684
17,54,rHR,0.5,,0.27391379998482684
17,55,rOG,0.5,,0.27391379998482684
17,56,rOB,0.5,,0.27391379998482684
17,57,rOE,0.5,,0.27391379998482684
17,58,rP,0.5,,0.27391379998482684
17,59,rPi,0.5,,0.27391379998482684
17,60,rPT,0.5,,0.27391379998482684
17,61,rPO,0.5,0.4932648374801733,0.27391379998482684
17,62,rPrT,0.5,,0.27391379998482684
17,63,rR,0.5,,0.27391379998482684
17,64,rSP,0.5,,0.27391379998482684
17,65,rTeO,0.5,0.0,0.27391379998482684
17,66,rTh,0.5,,0.27391379998482684
17,67,rTL,0.5,,0.27391379998482684
17,68,rTS,0.5,,0.27391379998482684
17,69,rTG,0.5,,0.27391379998482684
17,70,rVR,0.5,,0.27391379998482684
17,71,rNX,0.5,0.0,0.27391379998482684
18,0,MON,0.0,0.7606826941740843,1.0
18,1,Cb,0.0,0.575938566552901,1.0
18,2,MOS1,0.0,0.401910210125816,1.0
18,3,MOS2,0.0,0.0,1.0
18,4,MOS3,0.0,0.5206045888148697,1.0
18,5,MOS4,0.0,0.5755151400929766,1.0
18,6,MOS5,0.0,0.5692446389631605,1.0
18,7,IPN,0.0,0.0,1.0
18,8,IO,0.0,,1.0
18,9,Hc,0.0,0.8656716417910447,1.0
18,10,Ra,0.0,0.0,1.0
18,11,T,0.0,0.44033311630159105,1.0
18,12,aRF,0.0,0.0,1.0
18,13,imRF,0.0,0.47921174703379454,1.0
18,14,pRF,0.0,0.0,1.0
18,15,GG,0.0,,1.0
18,16,Hb,0.0,0.0,1.0
18,17,Hi,0.0,0.0,1.0
18,18,HR,0.0,0.7483530961791831,1.0
18,19,OG,0.0,0.35714285714285715,1.0
18,20,OB,0.0,,1.0
18,21,OE,0.0,,1.0
18,22,P,0.0,0.6835700961400488,1.0
18,23,Pi,0.0,,1.0
18,24,PT,0.0,0.0,1.0
18,25,PO,0.0,0.627645138812484,1.0
18,26,PrT,0.0,0.0,1.0
18,27,R,0.0,,1.0
18,28,SP,0.0,0.6603646185010128,1.0
18,29,TeO,0.0,0.4369373553366978,1.0
18,30,Th,0.0,0.0,1.0
18,31,TL,0.0,0.8737233054781801,1.0
18,32,TS,0.0,0.5699467775144711,1.0
18,33,TG,0.0,1.0,1.0
18,34,VR,0.0,0.8524051879822689,1.0
18,35,NX,0.0,0.9620622795337211,1.0
18,36,rMON,0.0,0.6259438332676599,1.0
18,37,rCb,0.0,0.2444217249002516,1.0
18,38,rMOS1,0.0,0.39443915650236977,1.0
18,39,rMOS2,0.0,0.725506815921095,1.0
18,40,rMOS3,0.0,0.44711025880651933,1.0
18,41,rMOS4,0.0,0.5162729142567597,1.0
18,42,rMOS5,0.0,0.5955709397002714,1.0
18,43,rIPN,0.0,0.0,1.0
18,44,rIO,0.0,,1.0
18,45,rHc,0.0,1.0,1.0
18,46,rRa,0.0,0.0,1.0
18,47,rT,0.0,0.4855489642390678,1.0
18,48,raRF,0.0,0.0,1.0
18,49,rimRF,0.0,0.0,1.0
18,50,rpRF,0.0,0.0,1.0
18,51,rGG,0.0,,1.0
18,52,rHb,0.0,0.6843657817109144,1.0
18,53,rHi,0.0,0.0,1.0
18,54,rHR,0.0,0.0,1.0
18,55,rOG,0.0,,1.0
18,56,rOB,0.0,1.0,1.0
18,57,rOE,0.0,,1.0
18,58,rP,0.0,0.6968358517370529,1.0
18,59,rPi,0.0,,1.0
18,60,rPT,0.0,0.0,1.0
18,61,rPO,0.0,0.5794502138057422,1.0
18,62,rPrT,0.0,0.0,1.0
18,63,rR,0.0,,1.0
18,64,rSP,0.0,0.6674685912857524,1.0
18,65,rTeO,0.0,0.5270554906914635,1.0
18,66,rTh,0.0,0.26713404676253905,1.0
18,67,rTL,0.0,0.6465968586387435,1.0
18,68,rTS,0.0,0.1447072072072072,1.0
18,69,rTG,0.0,1.0,1.0
18,70,rVR,0.0,1.0,1.0
18,71,rNX,0.0,0.7174447418966392,1.0
18,0,MON,0.025,0.7584445851076074,0.940744963397952
18,1,Cb,0.025,0.5662006853261364,0.940744963397952
18,2,MOS1,0.025,0.3986810921357617,0.940744963397952
18,3,MOS2,0.025,0.0,0.940744963397952
18,4,MOS3,0.025,0.5108331761803344,0.940744963397952
18,5,MOS4,0.025,0.5682291666666667,0.940744963397952
18,6,MOS5,0.025,0.5501389579377175,0.940744963397952
18,7,IPN,0.025,0.0,0.940744963397952
18,8,IO,0.025,,0.940744963397952
18,9,Hc,0.025,,0.940744963397952
18,10,Ra,0.025,0.0,0.940744963397952
18,11,T,0.025,0.41131762850255127,0.940744963397952
18,12,aRF,0.025,0.0,0.940744963397952
18,13,imRF,0.025,0.47667604040135114,0.940744963397952
18,14,pRF,0.025,0.0,0.940744963397952
18,15,GG,0.025,,0.940744963397952
18,16,Hb,0.025,,0.940744963397952
18,17,Hi,0.025,0.0,0.940744963397952
18,18,HR,0.025,,0.940744963397952
18,19,OG,0.025,,0.940744963397952
18,20,OB,0.025,,0.940744963397952
18,21,OE,0.025,,0.940744963397952
18,22,P,0.025,0.705922226186229,0.940744963397952
18,23,Pi,0.025,,0.940744963397952
18,24,PT,0.025,0.0,0.940744963397952
18,25,PO,0.025,0.6277170831285677,0.940744963397952
18,26,PrT,0.025,0.0,0.940744963397952
18,27,R,0.025,,0.940744963397952
18,28,SP,0.025,,0.940744963397952
18,29,TeO,0.025,0.4168099830337293,0.940744963397952
18,30,Th,0.025,0.0,0.940744963397952
18,31,TL,0.025,,0.940744963397952
18,32,TS,0.025,,0.940744963397952
18,33,TG,0.025,,0.940744963397952
18,34,VR,0.025,,0.940744963397952
18,35,NX,0.025,0.9617378192441806,0.940744963397952
18,36,rMON,0.025,0.620787066211782,0.940744963397952
18,37,rCb,0.025,0.23004671817105715,0.940744963397952
18,38,rMOS1,0.025,0.38848161257423963,0.940744963397952
18,39,rMOS2,0.025,0.7222597936970094,0.940744963397952
18,40,rMOS3,0.025,0.4374793681708646,0.940744963397952
18,41,rMOS4,0.025,0.5011888990794524,0.940744963397952
18,42,rMOS5,0.025,0.5980680953432997,0.940744963397952
18,43,rIPN,0.025,0.0,0.940744963397952
18,44,rIO,0.025,,0.940744963397952
18,45,rHc,0.025,,0.940744963397952
18,46,rRa,0.025,0.0,0.940744963397952
18,47,rT,0.025,0.5167159634278826,0.940744963397952
18,48,raRF,0.025,0.0,0.940744963397952
18,49,rimRF,0.025,0.0,0.940744963397952
18,50,rpRF,0.025,0.0,0.940744963397952
18,51,rGG,0.025,,0.940744963397952
18,52,rHb,0.025,,0.940744963397952
18,53,rHi,0.025,0.0,0.940744963397952
18,54,rHR,0.025,,0.940744963397952
18,55,rOG,0.025,,0.940744963397952
18,56,rOB,0.025,,0.940744963397952
18,57,rOE,0.025,,0.940744963397952
18,58,rP,0.025,0.6967768566612775,0.940744963397952
18,59,rPi,0.025,,0.940744963397952
18,60,rPT,0.025,0.0,0.940744963397952
18,61,rPO,0.025,0.5725173727863707,0.940744963397952
18,62,rPrT,0.025,0.0,0.940744963397952
18,63,rR,0.025,,0.940744963397952
18,64,rSP,0.025,,0.940744963397952
18,65,rTeO,0.025,0.5290098582324965,0.940744963397952
18,66,rTh,0.025,0.2716398367566707,0.940744963397952
18,67,rTL,0.025,,0.940744963397952
18,68,rTS,0.025,,0.940744963397952
18,69,rTG,0.025,,0.940744963397952
18,70,rVR,0.025,,0.940744963397952
18,71,rNX,0.025,0.708298872421853,0.940744963397952
18,0,MON,0.05,0.7551646247513052,0.9104838160208537
18,1,Cb,0.05,0.747945293956177,0.9104838160208537
18,2,MOS1,0.05,0.40062802419772814,0.9104838160208537
18,3,MOS2,0.05,0.0,0.9104838160208537
18,4,MOS3,0.05,0.5184345784936663,0.9104838160208537
18,5,MOS4,0.05,0.5693918768743135,0.9104838160208537
18,6,MOS5,0.05,0.5476035638987495,0.9104838160208537
18,7,IPN,0.05,,0.9104838160208537
18,8,IO,0.05,,0.9104838160208537
18,9,Hc,0.05,,0.9104838160208537
18,10,Ra,0.05,0.0,0.9104838160208537
18,11,T,0.05,0.41387468691908197,0.9104838160208537
18,12,aRF,0.05,0.0,0.9104838160208537
18,13,imRF,0.05,0.47811339257527824,0.9104838160208537
18,14,pRF,0.05,0.0,0.9104838160208537
18,15,GG,0.05,,0.9104838160208537
18,16,Hb,0.05,,0.9104838160208537
18,17,Hi,0.05,,0.9104838160208537
18,18,HR,0.05,,0.9104838160208537
18,19,OG,0.05,,0.9104838160208537
18,20,OB,0.05,,0.9104838160208537
18,21,OE,0.05,,0.9104838160208537
18,22,P,0.05,,0.9104838160208537
18,23,Pi,0.05,,0.9104838160208537
18,24,PT,0.05,0.0,0.9104838160208537
18,25,PO,0.05,0.6469585216908558,0.9104838160208537
18,26,PrT,0.05,0.0,0.9104838160208537
18,27,R,0.05,,0.9104838160208537
18,28,SP,0.05,,0.9104838160208537
18,29,TeO,0.05,0.4168221574344023,0.9104838160208537
18,30,Th,0.05,0.0,0.9104838160208537
18,31,TL,0.05,,0.9104838160208537
18,32,TS,0.05,,0.9104838160208537
18,33,TG,0.05,,0.9104838160208537
18,34,VR,0.05,,0.9104838160208537
18,35,NX,0.05,0.9624407610874024,0.9104838160208537
18,36,rMON,0.05,0.6085228413294714,0.9104838160208537
18,37,rCb,0.05,0.2408665725379456,0.9104838160208537
18,38,rMOS1,0.05,0.3919526845498151,0.9104838160208537
18,39,rMOS2,0.05,0.7287583846080857,0.9104838160208537
18,40,rMOS3,0.05,0.43810454670288074,0.9104838160208537
18,41,rMOS4,0.05,0.49716824129938375,0.9104838160208537
18,42,rMOS5,0.05,0.6002784601958302,0.9104838160208537
18,43,rIPN,0.05,,0.9104838160208537
18,44,rIO,0.05,,0.9104838160208537
18,45,rHc,0.05,,0.9104838160208537
18,46,rRa,0.05,0.0,0.9104838160208537
18,47,rT,0.05,0.5235342658750126,0.9104838160208537
18,48,raRF,0.05,0.0,0.9104838160208537
18,49,rimRF,0.05,0.0,0.9104838160208537
18,50,rpRF,0.05,0.0,0.9104838160208537
18,51,rGG,0.05,,0.9104838160208537
18,52,rHb,0.05,,0.9104838160208537
18,53,rHi,0.05,0.0,0.9104838160208537
18,54,rHR,0.05,,0.9104838160208537
18,55,rOG,0.05,,0.9104838160208537
18,56,rOB,0.05,,0.9104838160208537
18,57,rOE,0.05,,0.9104838160208537
18,58,rP,0.05,0.6714892982325303,0.9104838160208537
18,59,rPi,0.05,,0.9104838160208537
18,60,rPT,0.05,0.0,0.9104838160208537
18,61,rPO,0.05,0.5827165535194733,0.9104838160208537
18,62,rPrT,0.05,0.0,0.9104838160208537
18,63,rR,0.05,,0.9104838160208537
18,64,rSP,0.05,,0.9104838160208537
18,65,rTeO,0.05,0.5375959871648287,0.9104838160208537
18,66,rTh,0.05,0.27967111573277187,0.9104838160208537
18,67,rTL,0.05,,0.9104838160208537
18,68,rTS,0.05,,0.9104838160208537
18,69,rTG,0.05,,0.9104838160208537
18,70,rVR,0.05,,0.9104838160208537
18,71,rNX,0.05,0.7207986282535183,0.9104838160208537
18,0,MON,0.1,0.7715681807469323,0.8527290212996177
18,1,Cb,0.1,0.7498879133957758,0.8527290212996177
18,2,MOS1,0.1,0.4090370147114854,0.8527290212996177
18,3,MOS2,0.1,0.0,0.8527290212996177
18,4,MOS3,0.1,0.5216381021622065,0.8527290212996177
18,5,MOS4,0.1,0.571712564854945,0.8527290212996177
18,6,MOS5,0.1,0.5520773287677125,0.8527290212996177
18,7,IPN,0.1,,0.8527290212996177
18,8,IO,0.1,,0.8527290212996177
18,9,Hc,0.1,,0.8527290212996177
18,10,Ra,0.1,0.0,0.8527290212996177
18,11,T,0.1,0.40937146965184346,0.8527290212996177
18,12,aRF,0.1,0.0,0.8527290212996177
18,13,imRF,0.1,0.4872898197591028,0.8527290212996177
18,14,pRF,0.1,0.0,0.8527290212996177
18,15,GG,0.1,,0.8527290212996177
18,16,Hb,0.1,,0.8527290212996177
18,17,Hi,0.1,,0.8527290212996177
18,18,HR,0.1,,0.8527290212996177
18,19,OG,0.1,,0.8527290212996177
18,20,OB,0.1,,0.8527290212996177
18,21,OE,0.1,,0.8527290212996177
18,22,P,0.1,,0.8527290212996177
18,23,Pi,0.1,,0.8527290212996177
18,24,PT,0.1,0.0,0.8527290212996177
18,25,PO,0.1,0.6535400469245987,0.8527290212996177
18,26,PrT,0.1,,0.8527290212996177
18,27,R,0.1,,0.8527290212996177
18,28,SP,0.1,,0.8527290212996177
18,29,TeO,0.1,0.42485405359584727,0.8527290212996177
18,30,Th,0.1,,0.8527290212996177
18,31,TL,0.1,,0.8527290212996177
18,32,TS,0.1,,0.8527290212996177
18,33,TG,0.1,,0.8527290212996177
18,34,VR,0.1,,0.8527290212996177
18,35,NX,0.1,,0.8527290212996177
18,36,rMON,0.1,0.627645597439205,0.8527290212996177
18,37,rCb,0.1,0.2999972421654517,0.8527290212996177
18,38,rMOS1,0.1,0.3933697969624698,0.8527290212996177
18,39,rMOS2,0.1,,0.8527290212996177
18,40,rMOS3,0.1,0.4394491731712667,0.8527290212996177
18,41,rMOS4,0.1,0.502580774455009,0.8527290212996177
18,42,rMOS5,0.1,0.6108865577276945,0.8527290212996177
18,43,rIPN,0.1,,0.8527290212996177
18,44,rIO,0.1,,0.8527290212996177
18,45,rHc,0.1,,0.8527290212996177
18,46,rRa,0.1,0.0,0.8527290212996177
18,47,rT,0.1,0.5252729096110216,0.8527290212996177
18,48,raRF,0.1,0.0,0.8527290212996177
18,49,rimRF,0.1,0.0,0.8527290212996177
18,50,rpRF,0.1,0.0,0.8527290212996177
18,51,rGG,0.1,,0.8527290212996177
18,52,rHb,0.1,,0.8527290212996177
18,53,rHi,0.1,0.0,0.8527290212996177
18,54,rHR,0.1,,0.8527290212996177
18,55,rOG,0.1,,0.8527290212996177
18,56,rOB,0.1,,0.8527290212996177
18,57,rOE,0.1,,0.8527290212996177
18,58,rP,0.1,,0.8527290212996177
18,59,rPi,0.1,,0.8527290212996177
18,60,rPT,0.1,0.0,0.8527290212996177
18,61,rPO,0.1,0.5899350126215157,0.8527290212996177
18,62,rPrT,0.1,0.0,0.8527290212996177
18,63,rR,0.1,,0.8527290212996177
18,64,rSP,0.1,,0.8527290212996177
18,65,rTeO,0.1,0.5445263896303556,0.8527290212996177
18,66,rTh,0.1,0.29090781485770434,0.8527290212996177
18,67,rTL,0.1,,0.8527290212996177
18,68,rTS,0.1,,0.8527290212996177
18,69,rTG,0.1,,0.8527290212996177
18,70,rVR,0.1,,0.8527290212996177
18,71,rNX,0.1,0.7739355670410734,0.8527290212996177
18,0,MON,0.15,0.7308639232890913,0.6953831328447037
18,1,Cb,0.15,0.7331118108592405,0.6953831328447037
18,2,MOS1,0.15,0.3715117449503584,0.6953831328447037
18,3,MOS2,0.15,0.0,0.6953831328447037
18,4,MOS3,0.15,0.4668554700688351,0.6953831328447037
18,5,MOS4,0.15,0.5309920477852542,0.6953831328447037
18,6,MOS5,0.15,0.4991678851777744,0.6953831328447037
18,7,IPN,0.15,,0.6953831328447037
18,8,IO,0.15,,0.6953831328447037
18,9,Hc,0.15,,0.6953831328447037
18,10,Ra,0.15,0.0,0.6953831328447037
18,11,T,0.15,0.36938053242904645,0.6953831328447037
18,12,aRF,0.15,0.0,0.6953831328447037
18,13,imRF,0.15,,0.6953831328447037
18,14,pRF,0.15,0.0,0.6953831328447037
18,15,GG,0.15,,0.6953831328447037
18,16,Hb,0.15,,0.6953831328447037
18,17,Hi,0.15,,0.6953831328447037
18,18,HR,0.15,,0.6953831328447037
18,19,OG,0.15,,0.6953831328447037
18,20,OB,0.15,,0.6953831328447037
18,21,OE,0.15,,0.6953831328447037
18,22,P,0.15,,0.6953831328447037
18,23,Pi,0.15,,0.6953831328447037
18,24,PT,0.15,0.0,0.6953831328447037
18,25,PO,0.15,,0.6953831328447037
18,26,PrT,0.15,,0.6953831328447037
18,27,R,0.15,,0.6953831328447037
18,28,SP,0.15,,0.6953831328447037
18,29,TeO,0.15,0.3791982454318937,0.6953831328447037
18,30,Th,0.15,,0.6953831328447037
18,31,TL,0.15,,0.6953831328447037
18,32,TS,0.15,,0.6953831328447037
18,33,TG,0.15,,0.6953831328447037
18,34,VR,0.15,,0.6953831328447037
18,35,NX,0.15,,0.6953831328447037
18,36,rMON,0.15,0.5949773291239557,0.6953831328447037
18,37,rCb,0.15,0.0,0.6953831328447037
18,38,rMOS1,0.15,0.3560362752911243,0.6953831328447037
18,39,rMOS2,0.15,,0.6953831328447037
18,40,rMOS3,0.15,0.3848444462709964,0.6953831328447037
18,41,rMOS4,0.15,,0.6953831328447037
18,42,rMOS5,0.15,0.5786088180858191,0.6953831328447037
18,43,rIPN,0.15,,0.6953831328447037
18,44,rIO,0.15,,0.6953831328447037
18,45,rHc,0.15,,0.6953831328447037
18,46,rRa,0.15,0.0,0.6953831328447037
18,47,rT,0.15,0.482327895302976,0.6953831328447037
18,48,raRF,0.15,0.0,0.6953831328447037
18,49,rimRF,0.15,0.0,0.6953831328447037
18,50,rpRF,0.15,0.0,0.6953831328447037
18,51,rGG,0.15,,0.6953831328447037
18,52,rHb,0.15,,0.6953831328447037
18,53,rHi,0.15,0.0,0.6953831328447037
18,54,rHR,0.15,,0.6953831328447037
18,55,rOG,0.15,,0.6953831328447037
18,56,rOB,0.15,,0.6953831328447037
18,57,rOE,0.15,,0.6953831328447037
18,58,rP,0.15,,0.6953831328447037
18,59,rPi,0.15,,0.6953831328447037
18,60,rPT,0.15,0.0,0.6953831328447037
18,61,rPO,0.15,0.4979781043495414,0.6953831328447037
18,62,rPrT,0.15,0.0,0.6953831328447037
18,63,rR,0.15,,0.6953831328447037
18,64,rSP,0.15,,0.6953831328447037
18,65,rTeO,0.15,0.47761354579725307,0.6953831328447037
18,66,rTh,0.15,0.0,0.6953831328447037
18,67,rTL,0.15,,0.6953831328447037
18,68,rTS,0.15,,0.6953831328447037
18,69,rTG,0.15,,0.6953831328447037
18,70,rVR,0.15,,0.6953831328447037
18,71,rNX,0.15,0.7625218650666767,0.6953831328447037
18,0,MON,0.25,0.7253577106518283,0.5672750888763316
18,1,Cb,0.25,0.7375468993075679,0.5672750888763316
18,2,MOS1,0.25,0.364252052494907,0.5672750888763316
18,3,MOS2,0.25,0.0,0.5672750888763316
18,4,MOS3,0.25,0.4465599344586868,0.5672750888763316
18,5,MOS4,0.25,0.5225161539313949,0.5672750888763316
18,6,MOS5,0.25,0.48972072207758677,0.5672750888763316
18,7,IPN,0.25,,0.5672750888763316
18,8,IO,0.25,,0.5672750888763316
18,9,Hc,0.25,,0.5672750888763316
18,10,Ra,0.25,0.0,0.5672750888763316
18,11,T,0.25,0.268702056339844,0.5672750888763316
18,12,aRF,0.25,0.0,0.5672750888763316
18,13,imRF,0.25,,0.5672750888763316
18,14,pRF,0.25,0.0,0.5672750888763316
18,15,GG,0.25,,0.5672750888763316
18,16,Hb,0.25,,0.5672750888763316
18,17,Hi,0.25,,0.5672750888763316
18,18,HR,0.25,,0.5672750888763316
18,19,OG,0.25,,0.5672750888763316
18,20,OB,0.25,,0.5672750888763316
18,21,OE,0.25,,0.5672750888763316
18,22,P,0.25,,0.5672750888763316
18,23,Pi,0.25,,0.5672750888763316
18,24,PT,0.25,0.0,0.5672750888763316
18,25,PO,0.25,,0.5672750888763316
18,26,PrT,0.25,,0.5672750888763316
18,27,R,0.25,,0.5672750888763316
18,28,SP,0.25,,0.5672750888763316
18,29,TeO,0.25,0.37751545507874196,0.5672750888763316
18,30,Th,0.25,,0.5672750888763316
18,31,TL,0.25,,0.5672750888763316
18,32,TS,0.25,,0.5672750888763316
18,33,TG,0.25,,0.5672750888763316
18,34,VR,0.25,,0.5672750888763316
18,35,NX,0.25,,0.5672750888763316
18,36,rMON,0.25,0.5782975127981199,0.5672750888763316
18,37,rCb,0.25,0.0,0.5672750888763316
18,38,rMOS1,0.25,0.33623901282109137,0.5672750888763316
18,39,rMOS2,0.25,,0.5672750888763316
18,40,rMOS3,0.25,0.35714010227219833,0.5672750888763316
18,41,rMOS4,0.25,,0.5672750888763316
18,42,rMOS5,0.25,0.564164037037277,0.5672750888763316
18,43,rIPN,0.25,,0.5672750888763316
18,44,rIO,0.25,,0.5672750888763316
18,45,rHc,0.25,,0.5672750888763316
18,46,rRa,0.25,0.0,0.5672750888763316
18,47,rT,0.25,0.4779554653951522,0.5672750888763316
18,48,raRF,0.25,0.0,0.5672750888763316
18,49,rimRF,0.25,0.0,0.5672750888763316
18,50,rpRF,0.25,0.0,0.5672750888763316
18,51,rGG,0.25,,0.5672750888763316
18,52,rHb,0.25,,0.5672750888763316
18,53,rHi,0.25,0.0,0.5672750888763316
18,54,rHR,0.25,,0.5672750888763316
18,55,rOG,0.25,,0.5672750888763316
18,56,rOB,0.25,,0.5672750888763316
18,57,rOE,0.25,,0.5672750888763316
18,58,rP,0.25,,0.5672750888763316
18,59,rPi,0.25,,0.5672750888763316
18,60,rPT,0.25,0.0,0.5672750888763316
18,61,rPO,0.25,,0.5672750888763316
18,62,rPrT,0.25,0.0,0.5672750888763316
18,63,rR,0.25,,0.5672750888763316
18,64,rSP,0.25,,0.5672750888763316
18,65,rTeO,0.25,0.5483754124045127,0.5672750888763316
18,66,rTh,0.25,0.0,0.5672750888763316
18,67,rTL,0.25,,0.5672750888763316
18,68,rTS,0.25,,0.5672750888763316
18,69,rTG,0.25,,0.5672750888763316
18,70,rVR,0.25,,0.5672750888763316
18,71,rNX,0.25,0.9483206223443914,0.5672750888763316
18,0,MON,0.35,,0.41156146948839745
18,1,Cb,0.35,,0.41156146948839745
18,2,MOS1,0.35,0.3900075980439907,0.41156146948839745
18,3,MOS2,0.35,0.0,0.41156146948839745
18,4,MOS3,0.35,0.4604223112400263,0.41156146948839745
18,5,MOS4,0.35,0.5110878605438859,0.41156146948839745
18,6,MOS5,0.35,0.5514579189067272,0.41156146948839745
18,7,IPN,0.35,,0.41156146948839745
18,8,IO,0.35,,0.41156146948839745
18,9,Hc,0.35,,0.41156146948839745
18,10,Ra,0.35,0.0,0.41156146948839745
18,11,T,0.35,0.22394155824128376,0.41156146948839745
18,12,aRF,0.35,0.0,0.41156146948839745
18,13,imRF,0.35,,0.41156146948839745
18,14,pRF,0.35,0.0,0.41156146948839745
18,15,GG,0.35,,0.41156146948839745
18,16,Hb,0.35,,0.41156146948839745
18,17,Hi,0.35,,0.41156146948839745
18,18,HR,0.35,,0.41156146948839745
18,19,OG,0.35,,0.41156146948839745
18,20,OB,0.35,,0.41156146948839745
18,21,OE,0.35,,0.41156146948839745
18,22,P,0.35,,0.41156146948839745
18,23,Pi,0.35,,0.41156146948839745
18,24,PT,0.35,,0.41156146948839745
18,25,PO,0.35,,0.41156146948839745
18,26,PrT,0.35,,0.41156146948839745
18,27,R,0.35,,0.41156146948839745
18,28,SP,0.35,,0.41156146948839745
18,29,TeO,0.35,0.45609031455135557,0.41156146948839745
18,30,Th,0.35,,0.41156146948839745
18,31,TL,0.35,,0.41156146948839745
18,32,TS,0.35,,0.41156146948839745
18,33,TG,0.35,,0.41156146948839745
18,34,VR,0.35,,0.41156146948839745
18,35,NX,0.35,,0.41156146948839745
18,36,rMON,0.35,0.710586102441711,0.41156146948839745
18,37,rCb,0.35,0.0,0.41156146948839745
18,38,rMOS1,0.35,0.3575238424601961,0.41156146948839745
18,39,rMOS2,0.35,,0.41156146948839745
18,40,rMOS3,0.35,0.36129205089240296,0.41156146948839745
18,41,rMOS4,0.35,,0.41156146948839745
18,42,rMOS5,0.35,,0.41156146948839745
18,43,rIPN,0.35,,0.41156146948839745
18,44,rIO,0.35,,0.41156146948839745
18,45,rHc,0.35,,0.41156146948839745
18,46,rRa,0.35,0.0,0.41156146948839745
18,47,rT,0.35,0.49083208511957027,0.41156146948839745
18,48,raRF,0.35,0.0,0.41156146948839745
18,49,rimRF,0.35,0.0,0.41156146948839745
18,50,rpRF,0.35,0.0,0.41156146948839745
18,51,rGG,0.35,,0.41156146948839745
18,52,rHb,0.35,,0.41156146948839745
18,53,rHi,0.35,,0.41156146948839745
18,54,rHR,0.35,,0.41156146948839745
18,55,rOG,0.35,,0.41156146948839745
18,56,rOB,0.35,,0.41156146948839745
18,57,rOE,0.35,,0.41156146948839745
18,58,rP,0.35,,0.41156146948839745
18,59,rPi,0.35,,0.41156146948839745
18,60,rPT,0.35,,0.41156146948839745
18,61,rPO,0.35,,0.41156146948839745
18,62,rPrT,0.35,,0.41156146948839745
18,63,rR,0.35,,0.41156146948839745
18,64,rSP,0.35,,0.41156146948839745
18,65,rTeO,0.35,0.6288213368414458,0.41156146948839745
18,66,rTh,0.35,,0.41156146948839745
18,67,rTL,0.35,,0.41156146948839745
18,68,rTS,0.35,,0.41156146948839745
18,69,rTG,0.35,,0.41156146948839745
18,70,rVR,0.35,,0.41156146948839745
18,71,rNX,0.35,,0.41156146948839745
18,0,MON,0.5,,0.39233805302864555
18,1,Cb,0.5,,0.39233805302864555
18,2,MOS1,0.5,0.3901841289119261,0.39233805302864555
18,3,MOS2,0.5,,0.39233805302864555
18,4,MOS3,0.5,0.460460413494765,0.39233805302864555
18,5,MOS4,0.5,0.5117432010699955,0.39233805302864555
18,6,MOS5,0.5,0.5484900010533127,0.39233805302864555
18,7,IPN,0.5,,0.39233805302864555
18,8,IO,0.5,,0.39233805302864555
18,9,Hc,0.5,,0.39233805302864555
18,10,Ra,0.5,0.0,0.39233805302864555
18,11,T,0.5,0.23064346824460524,0.39233805302864555
18,12,aRF,0.5,0.0,0.39233805302864555
18,13,imRF,0.5,,0.39233805302864555
18,14,pRF,0.5,0.0,0.39233805302864555
18,15,GG,0.5,,0.39233805302864555
18,16,Hb,0.5,,0.39233805302864555
18,17,Hi,0.5,,0.39233805302864555
18,18,HR,0.5,,0.39233805302864555
18,19,OG,0.5,,0.39233805302864555
18,20,OB,0.5,,0.39233805302864555
18,21,OE,0.5,,0.39233805302864555
18,22,P,0.5,,0.39233805302864555
18,23,Pi,0.5,,0.39233805302864555
18,24,PT,0.5,,0.39233805302864555
18,25,PO,0.5,,0.39233805302864555
18,26,PrT,0.5,,0.39233805302864555
18,27,R,0.5,,0.39233805302864555
18,28,SP,0.5,,0.39233805302864555
18,29,TeO,0.5,0.422039073043879,0.39233805302864555
18,30,Th,0.5,,0.39233805302864555
18,31,TL,0.5,,0.39233805302864555
18,32,TS,0.5,,0.39233805302864555
18,33,TG,0.5,,0.39233805302864555
18,34,VR,0.5,,0.39233805302864555
18,35,NX,0.5,,0.39233805302864555
18,36,rMON,0.5,0.7032277169084986,0.39233805302864555
18,37,rCb,0.5,0.0,0.39233805302864555
18,38,rMOS1,0.5,0.3581598874058042,0.39233805302864555
18,39,rMOS2,0.5,,0.39233805302864555
18,40,rMOS3,0.5,0.35394654962398053,0.39233805302864555
18,41,rMOS4,0.5,,0.39233805302864555
18,42,rMOS5,0.5,,0.39233805302864555
18,43,rIPN,0.5,,0.39233805302864555
18,44,rIO,0.5,,0.39233805302864555
18,45,rHc,0.5,,0.39233805302864555
18,46,rRa,0.5,0.0,0.39233805302864555
18,47,rT,0.5,0.4950970242361498,0.39233805302864555
18,48,raRF,0.5,0.0,0.39233805302864555
18,49,rimRF,0.5,0.0,0.39233805302864555
18,50,rpRF,0.5,0.0,0.39233805302864555
18,51,rGG,0.5,,0.39233805302864555
18,52,rHb,0.5,,0.39233805302864555
18,53,rHi,0.5,,0.39233805302864555
18,54,rHR,0.5,,0.39233805302864555
18,55,rOG,0.5,,0.39233805302864555
18,56,rOB,0.5,,0.39233805302864555
18,57,rOE,0.5,,0.39233805302864555
18,58,rP,0.5,,0.39233805302864555
18,59,rPi,0.5,,0.39233805302864555
18,60,rPT,0.5,,0.39233805302864555
18,61,rPO,0.5,,0.39233805302864555
18,62,rPrT,0.5,,0.39233805302864555
18,63,rR,0.5,,0.39233805302864555
18,64,rSP,0.5,,0.39233805302864555
18,65,rTeO,0.5,0.621469063228262,0.39233805302864555
18,66,rTh,0.5,,0.39233805302864555
18,67,rTL,0.5,,0.39233805302864555
18,68,rTS,0.5,,0.39233805302864555
18,69,rTG,0.5,,0.39233805302864555
18,70,rVR,0.5,,0.39233805302864555
18,71,rNX,0.5,,0.39233805302864555
