Subject,RegionID,node,temperature_sd,soft_OO
12,0,MON,0.025,0.4664142234003801
12,1,Cb,0.025,0.3071262429661084
12,2,MOS1,0.025,0.03238922828604901
12,3,MOS2,0.025,2.1566094479341504e-18
12,4,MOS3,0.025,0.3014802253649912
12,5,MOS4,0.025,0.3159911277761449
12,6,MOS5,0.025,0.3270594630051886
12,7,IPN,0.025,0.10623801036147601
12,8,IO,0.025,
12,9,Hc,0.025,
12,10,Ra,0.025,2.2036398324531202e-13
12,11,T,0.025,0.3112057580953433
12,12,aRF,0.025,8.911359230767444e-16
12,13,imRF,0.025,1.3865370544951332e-18
12,14,pRF,0.025,9.619425282555311e-13
12,15,GG,0.025,
12,16,Hb,0.025,0.6634300120050655
12,17,Hi,0.025,0.2018269521651323
12,18,HR,0.025,
12,19,OG,0.025,
12,20,OB,0.025,0.3706178424430617
12,21,OE,0.025,0.4998944668723893
12,22,P,0.025,0.542577267813387
12,23,Pi,0.025,
12,24,PT,0.025,0.5122067169175037
12,25,PO,0.025,0.5157869159407432
12,26,PrT,0.025,6.98989242788804e-13
12,27,R,0.025,
12,28,SP,0.025,0.5129166206819596
12,29,TeO,0.025,0.2101490966234218
12,30,Th,0.025,0.04442680225561573
12,31,TL,0.025,0.3218231134648873
12,32,TS,0.025,0.32031469146263863
12,33,TG,0.025,
12,34,VR,0.025,0.3885184742061108
12,35,NX,0.025,2.396362508025303e-18
12,36,rMON,0.025,0.442116978471013
12,37,rCb,0.025,0.3616324941865164
12,38,rMOS1,0.025,0.21272128441218113
12,39,rMOS2,0.025,2.497795808946629e-18
12,40,rMOS3,0.025,0.22543983040008733
12,41,rMOS4,0.025,0.2775046038289365
12,42,rMOS5,0.025,0.2562485407516499
12,43,rIPN,0.025,
12,44,rIO,0.025,
12,45,rHc,0.025,
12,46,rRa,0.025,2.14212648069616e-11
12,47,rT,0.025,0.08026750415721566
12,48,raRF,0.025,6.874455568808666e-17
12,49,rimRF,0.025,4.209477651641265e-11
12,50,rpRF,0.025,1.7792218381094745e-18
12,51,rGG,0.025,
12,52,rHb,0.025,0.38559592000693405
12,53,rHi,0.025,0.09137049335966774
12,54,rHR,0.025,
12,55,rOG,0.025,
12,56,rOB,0.025,
12,57,rOE,0.025,
12,58,rP,0.025,0.5614585002869619
12,59,rPi,0.025,
12,60,rPT,0.025,0.00046704518314167996
12,61,rPO,0.025,0.5256575669609768
12,62,rPrT,0.025,0.10981861042427453
12,63,rR,0.025,
12,64,rSP,0.025,0.4152796708457115
12,65,rTeO,0.025,0.17022985175476463
12,66,rTh,0.025,0.4410862959741345
12,67,rTL,0.025,0.2154806128052544
12,68,rTS,0.025,
12,69,rTG,0.025,
12,70,rVR,0.025,0.40260666419692703
12,71,rNX,0.025,2.9374564614748946e-18
12,0,MON,0.05,0.4731138486073937
12,1,Cb,0.05,0.3147301165993403
12,2,MOS1,0.05,0.05277031154199034
12,3,MOS2,0.05,2.2083511615699656e-18
12,4,MOS3,0.05,0.3075817576195164
12,5,MOS4,0.05,0.3238640009330892
12,6,MOS5,0.05,0.3382452631656207
12,7,IPN,0.05,0.12326500992850259
12,8,IO,0.05,
12,9,Hc,0.05,
12,10,Ra,0.05,3.4369022419783666e-07
12,11,T,0.05,0.31250333698736554
12,12,aRF,0.05,1.71978838567136e-08
12,13,imRF,0.05,5.954370123844892e-13
12,14,pRF,0.05,6.027004296914605e-07
12,15,GG,0.05,
12,16,Hb,0.05,0.5161184625935088
12,17,Hi,0.05,0.22531137224055128
12,18,HR,0.05,
12,19,OG,0.05,
12,20,OB,0.05,0.36927404490610577
12,21,OE,0.05,0.49282638322033845
12,22,P,0.05,0.47801276460803194
12,23,Pi,0.05,
12,24,PT,0.05,0.5163051512111257
12,25,PO,0.05,0.5046100538120009
12,26,PrT,0.05,6.023049013140382e-07
12,27,R,0.05,
12,28,SP,0.05,0.46542878831102663
12,29,TeO,0.05,0.20881590653529655
12,30,Th,0.05,0.09203372614525288
12,31,TL,0.05,0.33666978039060746
12,32,TS,0.05,0.29023986820217396
12,33,TG,0.05,
12,34,VR,0.05,0.37568408679052884
12,35,NX,0.05,6.248699759782466e-17
12,36,rMON,0.05,0.44658462759177
12,37,rCb,0.05,0.370170868624486
12,38,rMOS1,0.05,0.21612683046444212
12,39,rMOS2,0.05,2.5281379719540504e-18
12,40,rMOS3,0.05,0.22680999019908007
12,41,rMOS4,0.05,0.2798195411748871
12,42,rMOS5,0.05,0.26258702222461683
12,43,rIPN,0.05,
12,44,rIO,0.05,
12,45,rHc,0.05,
12,46,rRa,0.05,3.2929260274731775e-06
12,47,rT,0.05,0.07295501084107768
12,48,raRF,0.05,4.599627981246665e-09
12,49,rimRF,0.05,3.6257376942649413e-06
12,50,rpRF,0.05,3.820636682363372e-11
12,51,rGG,0.05,
12,52,rHb,0.05,0.3153963154166067
12,53,rHi,0.05,0.1186677573236012
12,54,rHR,0.05,
12,55,rOG,0.05,
12,56,rOB,0.05,
12,57,rOE,0.05,
12,58,rP,0.05,0.5010242961646816
12,59,rPi,0.05,
12,60,rPT,0.05,0.014107209409117525
12,61,rPO,0.05,0.5147958215499592
12,62,rPrT,0.05,0.17676320893773295
12,63,rR,0.05,
12,64,rSP,0.05,0.34075084423855445
12,65,rTeO,0.05,0.1750197244567344
12,66,rTh,0.05,0.4020019046577257
12,67,rTL,0.05,0.21308918686399408
12,68,rTS,0.05,
12,69,rTG,0.05,
12,70,rVR,0.05,0.3585090217890279
12,71,rNX,0.05,2.9597812881388653e-18
12,0,MON,0.1,0.4840647707374748
12,1,Cb,0.1,0.31036914996111237
12,2,MOS1,0.1,0.06425172034534424
12,3,MOS2,0.1,3.4312015690274375e-14
12,4,MOS3,0.1,0.3090778651289902
12,5,MOS4,0.1,0.33515093361249604
12,6,MOS5,0.1,0.3564168068859896
12,7,IPN,0.1,0.15444578576492513
12,8,IO,0.1,
12,9,Hc,0.1,
12,10,Ra,0.1,0.0004282369421462571
12,11,T,0.1,0.29858063434062326
12,12,aRF,0.1,7.754668513463433e-05
12,13,imRF,0.1,4.5075243330282346e-07
12,14,pRF,0.1,0.0004771691937777431
12,15,GG,0.1,
12,16,Hb,0.1,0.4055324256184928
12,17,Hi,0.1,0.23751652224182185
12,18,HR,0.1,
12,19,OG,0.1,
12,20,OB,0.1,0.3470932437857684
12,21,OE,0.1,0.4461696447582296
12,22,P,0.1,0.3806455262184808
12,23,Pi,0.1,
12,24,PT,0.1,0.5002111988866937
12,25,PO,0.1,0.4645584353222224
12,26,PrT,0.1,0.0005619858869893318
12,27,R,0.1,
12,28,SP,0.1,0.3843799322545835
12,29,TeO,0.1,0.20839474120945273
12,30,Th,0.1,0.1273519599999864
12,31,TL,0.1,0.34180491063301
12,32,TS,0.1,0.27272873307381335
12,33,TG,0.1,
12,34,VR,0.1,0.3688140874583502
12,35,NX,0.1,6.136693107829757e-09
12,36,rMON,0.1,0.4407697051393886
12,37,rCb,0.1,0.37000311159981125
12,38,rMOS1,0.1,0.21594495047654655
12,39,rMOS2,0.1,3.654756005684008e-16
12,40,rMOS3,0.1,0.22593055139119717
12,41,rMOS4,0.1,0.285892500110649
12,42,rMOS5,0.1,0.2768266684148955
12,43,rIPN,0.1,
12,44,rIO,0.1,
12,45,rHc,0.1,
12,46,rRa,0.1,0.0012671288869247018
12,47,rT,0.1,0.061199813510882974
12,48,raRF,0.1,3.744526236420758e-05
12,49,rimRF,0.1,0.0010544612531309752
12,50,rpRF,0.1,4.069752641984163e-06
12,51,rGG,0.1,
12,52,rHb,0.1,0.24566529958969177
12,53,rHi,0.1,0.14417407709809338
12,54,rHR,0.1,
12,55,rOG,0.1,
12,56,rOB,0.1,
12,57,rOE,0.1,
12,58,rP,0.1,0.4304846595523356
12,59,rPi,0.1,
12,60,rPT,0.1,0.06918638011649351
12,61,rPO,0.1,0.4897679699380863
12,62,rPrT,0.1,0.21678587384688758
12,63,rR,0.1,
12,64,rSP,0.1,0.29187938034651534
12,65,rTeO,0.1,0.18654250171568912
12,66,rTh,0.1,0.34450360523273416
12,67,rTL,0.1,0.20896354687897117
12,68,rTS,0.1,
12,69,rTG,0.1,
12,70,rVR,0.1,0.3328999043181399
12,71,rNX,0.1,7.131898152776539e-15
12,0,MON,0.2,0.4938979902899937
12,1,Cb,0.2,0.29235237610792153
12,2,MOS1,0.2,0.07061416577547769
12,3,MOS2,0.2,1.3508597060207586e-07
12,4,MOS3,0.2,0.29619282039542766
12,5,MOS4,0.2,0.35003811162645837
12,6,MOS5,0.2,0.37903437041117755
12,7,IPN,0.2,0.18765317493114578
12,8,IO,0.2,
12,9,Hc,0.2,
12,10,Ra,0.2,0.01456375895429919
12,11,T,0.2,0.2726398836858327
12,12,aRF,0.2,0.00531556382224161
12,13,imRF,0.2,0.00039346708347409715
12,14,pRF,0.2,0.012811309996373593
12,15,GG,0.2,
12,16,Hb,0.2,0.3366526283170258
12,17,Hi,0.2,0.2437249951049882
12,18,HR,0.2,
12,19,OG,0.2,
12,20,OB,0.2,0.310116456099128
12,21,OE,0.2,0.3710995860572851
12,22,P,0.2,0.3034042452655522
12,23,Pi,0.2,
12,24,PT,0.2,0.42493566887056905
12,25,PO,0.2,0.3831133329809892
12,26,PrT,0.2,0.016719699335140392
12,27,R,0.2,
12,28,SP,0.2,0.30078780946734984
12,29,TeO,0.2,0.21064312012879458
12,30,Th,0.2,0.16042670990369548
12,31,TL,0.2,0.3314390035801378
12,32,TS,0.2,0.25794479887906
12,33,TG,0.2,
12,34,VR,0.2,0.3608887618480214
12,35,NX,0.2,6.118750363207912e-05
12,36,rMON,0.2,0.39846357971856294
12,37,rCb,0.2,0.3492808479768118
12,38,rMOS1,0.2,0.21613296671753185
12,39,rMOS2,0.2,1.4748966459616539e-08
12,40,rMOS3,0.2,0.22984229679745896
12,41,rMOS4,0.2,0.3025299656550134
12,42,rMOS5,0.2,0.29567280308820637
12,43,rIPN,0.2,
12,44,rIO,0.2,
12,45,rHc,0.2,
12,46,rRa,0.2,0.023188261075812597
12,47,rT,0.2,0.05626602510672562
12,48,raRF,0.2,0.003454306438551979
12,49,rimRF,0.2,0.017243900980892075
12,50,rpRF,0.2,0.0013224365161161966
12,51,rGG,0.2,
12,52,rHb,0.2,0.21082578954150782
12,53,rHi,0.2,0.16629426180592405
12,54,rHR,0.2,
12,55,rOG,0.2,
12,56,rOB,0.2,
12,57,rOE,0.2,
12,58,rP,0.2,0.35135922345631393
12,59,rPi,0.2,
12,60,rPT,0.2,0.13743563394808817
12,61,rPO,0.2,0.4302644555978279
12,62,rPrT,0.2,0.23973033859829118
12,63,rR,0.2,
12,64,rSP,0.2,0.2646843126384575
12,65,rTeO,0.2,0.20450640616156332
12,66,rTh,0.2,0.2976091543503542
12,67,rTL,0.2,0.2039905040099484
12,68,rTS,0.2,
12,69,rTG,0.2,
12,70,rVR,0.2,0.31092343157427854
12,71,rNX,0.2,6.984943557979258e-08
12,0,MON,0.35,0.4692745720735945
12,1,Cb,0.35,0.26634584425672336
12,2,MOS1,0.35,0.0765284823785727
12,3,MOS2,0.35,8.932440737491502e-05
12,4,MOS3,0.35,0.2717874966693863
12,5,MOS4,0.35,0.35518307838113866
12,6,MOS5,0.35,0.37757958138774844
12,7,IPN,0.35,0.21204370790652646
12,8,IO,0.35,
12,9,Hc,0.35,
12,10,Ra,0.35,0.060691384236589124
12,11,T,0.35,0.25313289364454206
12,12,aRF,0.35,0.031409042570705835
12,13,imRF,0.35,0.007123044040811651
12,14,pRF,0.35,0.04715996106972
12,15,GG,0.35,
12,16,Hb,0.35,0.30059873746517646
12,17,Hi,0.35,0.2464063194268462
12,18,HR,0.35,
12,19,OG,0.35,
12,20,OB,0.35,0.2864318514674801
12,21,OE,0.35,0.3233135434344372
12,22,P,0.35,0.2692149794926109
12,23,Pi,0.35,
12,24,PT,0.35,0.34565198620003557
12,25,PO,0.35,0.32638868649507274
12,26,PrT,0.35,0.06513680253313676
12,27,R,0.35,
12,28,SP,0.35,0.26017540274561946
12,29,TeO,0.35,0.21263679948281136
12,30,Th,0.35,0.18507707040788965
12,31,TL,0.35,0.3126801806928408
12,32,TS,0.35,0.24733417431254312
12,33,TG,0.35,
12,34,VR,0.35,0.34181823441601156
12,35,NX,0.35,0.0030934037180760997
12,36,rMON,0.35,0.35263768011703595
12,37,rCb,0.35,0.3245166696128771
12,38,rMOS1,0.35,0.22393482176387347
12,39,rMOS2,0.35,2.6150623479397466e-05
12,40,rMOS3,0.35,0.24213607324511216
12,41,rMOS4,0.35,0.3200689908997535
12,42,rMOS5,0.35,0.29581147767690325
12,43,rIPN,0.35,
12,44,rIO,0.35,
12,45,rHc,0.35,
12,46,rRa,0.35,0.07320159306623987
12,47,rT,0.35,0.07367486401363538
12,48,raRF,0.35,0.02386244411500897
12,49,rimRF,0.35,0.053942510757556295
12,50,rpRF,0.35,0.01529341914393525
12,51,rGG,0.35,
12,52,rHb,0.35,0.20317515710903122
12,53,rHi,0.35,0.18812673416550676
12,54,rHR,0.35,
12,55,rOG,0.35,
12,56,rOB,0.35,
12,57,rOE,0.35,
12,58,rP,0.35,0.30428436528993386
12,59,rPi,0.35,
12,60,rPT,0.35,0.1788221207950008
12,61,rPO,0.35,0.3724891165466274
12,62,rPrT,0.35,0.25325151675740437
12,63,rR,0.35,
12,64,rSP,0.35,0.2553355250348986
12,65,rTeO,0.35,0.21238004402670743
12,66,rTh,0.35,0.27616741764211244
12,67,rTL,0.35,0.1997502339776206
12,68,rTS,0.35,
12,69,rTG,0.35,
12,70,rVR,0.35,0.2913987607183967
12,71,rNX,0.35,6.700430407412414e-05
12,0,MON,0.5,0.43238306505397917
12,1,Cb,0.5,0.24991702016974235
12,2,MOS1,0.5,0.08267634489153444
12,3,MOS2,0.5,0.001184781500081648
12,4,MOS3,0.5,0.25464801831788075
12,5,MOS4,0.5,0.34602306523806764
12,6,MOS5,0.5,0.3602867549380205
12,7,IPN,0.5,0.2234187057805519
12,8,IO,0.5,
12,9,Hc,0.5,
12,10,Ra,0.5,0.10191946770707543
12,11,T,0.5,0.24347481690075237
12,12,aRF,0.5,0.06124513934182035
12,13,imRF,0.5,0.0221329042380113
12,14,pRF,0.5,0.07499158952963758
12,15,GG,0.5,
12,16,Hb,0.5,0.2849918108610293
12,17,Hi,0.5,0.24748221566025563
12,18,HR,0.5,
12,19,OG,0.5,
12,20,OB,0.5,0.2758981658742519
12,21,OE,0.5,0.30209711163314407
12,22,P,0.5,0.25773209725597884
12,23,Pi,0.5,
12,24,PT,0.5,0.3044172935593071
12,25,PO,0.5,0.3033940046768557
12,26,PrT,0.5,0.10516767557226364
12,27,R,0.5,
12,28,SP,0.5,0.24580733348525718
12,29,TeO,0.5,0.2119582032801945
12,30,Th,0.5,0.19689217414724336
12,31,TL,0.5,0.29973410757042135
12,32,TS,0.5,0.24229531923021588
12,33,TG,0.5,
12,34,VR,0.5,0.32258841230397467
12,35,NX,0.5,0.014381483748803233
12,36,rMON,0.5,0.3262136337076432
12,37,rCb,0.5,0.3078730326464496
12,38,rMOS1,0.5,0.2345777647785385
12,39,rMOS2,0.5,0.0005116918476053847
12,40,rMOS3,0.5,0.25407424957146685
12,41,rMOS4,0.5,0.3303920157779963
12,42,rMOS5,0.5,0.28688064686903986
12,43,rIPN,0.5,
12,44,rIO,0.5,
12,45,rHc,0.5,
12,46,rRa,0.5,0.11144434204620975
12,47,rT,0.5,0.09598738540473475
12,48,raRF,0.5,0.05014286458681266
12,49,rimRF,0.5,0.08358350508459533
12,50,rpRF,0.5,0.03908208203871085
12,51,rGG,0.5,
12,52,rHb,0.5,0.20324805748009894
12,53,rHi,0.5,0.20254877122861822
12,54,rHR,0.5,
12,55,rOG,0.5,
12,56,rOB,0.5,
12,57,rOE,0.5,
12,58,rP,0.5,0.2851728484517086
12,59,rPi,0.5,
12,60,rPT,0.5,0.19735549218139203
12,61,rPO,0.5,0.3439993606268119
12,62,rPrT,0.5,0.25977477773589935
12,63,rR,0.5,
12,64,rSP,0.5,0.2526666644457769
12,65,rTeO,0.5,0.2123507076751656
12,66,rTh,0.5,0.2684766346210925
12,67,rTL,0.5,0.19797755928094635
12,68,rTS,0.5,
12,69,rTG,0.5,
12,70,rVR,0.5,0.2789640743636444
12,71,rNX,0.5,0.0010228580877417852
12,0,MON,1.0,0.3541313261229895
12,1,Cb,1.0,0.2326476655566421
12,2,MOS1,1.0,0.11228978481820105
12,3,MOS2,1.0,0.022923485950028553
12,4,MOS3,1.0,0.23568407288882598
12,5,MOS4,1.0,0.30931650412574957
12,6,MOS5,1.0,0.3152857452234879
12,7,IPN,1.0,0.23686314269824996
12,8,IO,1.0,
12,9,Hc,1.0,
12,10,Ra,1.0,0.17342826696933722
12,11,T,1.0,0.23623756404100657
12,12,aRF,1.0,0.12554233723695077
12,13,imRF,1.0,0.07810741437163515
12,14,pRF,1.0,0.12571136388199405
12,15,GG,1.0,
12,16,Hb,1.0,0.26743270070803826
12,17,Hi,1.0,0.24873982780203482
12,18,HR,1.0,
12,19,OG,1.0,
12,20,OB,1.0,0.26309791806756816
12,21,OE,1.0,0.2763376617699001
12,22,P,1.0,0.2496500663509911
12,23,Pi,1.0,
12,24,PT,1.0,0.25916447064361203
12,25,PO,1.0,0.2813928734991172
12,26,PrT,1.0,0.16880169751202567
12,27,R,1.0,
12,28,SP,1.0,0.23616994330038882
12,29,TeO,1.0,0.21264566377798727
12,30,Th,1.0,0.21431035521548716
12,31,TL,1.0,0.2783607469930846
12,32,TS,1.0,0.2386822049690015
12,33,TG,1.0,
12,34,VR,1.0,0.28761864440215473
12,35,NX,1.0,0.07623772609427855
12,36,rMON,1.0,0.2882725136838252
12,37,rCb,1.0,0.2831273247709748
12,38,rMOS1,1.0,0.2659180457741407
12,39,rMOS2,1.0,0.015609773695732186
12,40,rMOS3,1.0,0.28312180748951044
12,41,rMOS4,1.0,0.34046869757743176
12,42,rMOS5,1.0,0.2661015843154532
12,43,rIPN,1.0,
12,44,rIO,1.0,
12,45,rHc,1.0,
12,46,rRa,1.0,0.1758884482723601
12,47,rT,1.0,0.1448194342596822
12,48,raRF,1.0,0.11441897666878993
12,49,rimRF,1.0,0.1410639237526256
12,50,rpRF,1.0,0.10731539049978754
12,51,rGG,1.0,
12,52,rHb,1.0,0.21230687150632535
12,53,rHi,1.0,0.22445520453523282
12,54,rHR,1.0,
12,55,rOG,1.0,
12,56,rOB,1.0,
12,57,rOE,1.0,
12,58,rP,1.0,0.26640609582183306
12,59,rPi,1.0,
12,60,rPT,1.0,0.22057632442390815
12,61,rPO,1.0,0.3096812215114292
12,62,rPrT,1.0,0.2663024356778273
12,63,rR,1.0,
12,64,rSP,1.0,0.2506501897119615
12,65,rTeO,1.0,0.21309753313199856
12,66,rTh,1.0,0.2623815261967819
12,67,rTL,1.0,0.20381543234228836
12,68,rTS,1.0,
12,69,rTG,1.0,
12,70,rVR,1.0,0.2614274256643848
12,71,rNX,1.0,0.022962507381289816
13,0,MON,0.025,0.5184760308073523
13,1,Cb,0.025,0.017125397718313968
13,2,MOS1,0.025,0.005887099059302318
13,3,MOS2,0.025,4.3192392477793856e-10
13,4,MOS3,0.025,0.11121457454815437
13,5,MOS4,0.025,0.346767367984617
13,6,MOS5,0.025,0.42802463599649987
13,7,IPN,0.025,0.05745766349606023
13,8,IO,0.025,
13,9,Hc,0.025,
13,10,Ra,0.025,4.344231000930436e-17
13,11,T,0.025,0.28931934156009725
13,12,aRF,0.025,1.1563689119268613e-07
13,13,imRF,0.025,1.1906976781011364e-18
13,14,pRF,0.025,2.6130989605613613e-15
13,15,GG,0.025,
13,16,Hb,0.025,0.11517333580504352
13,17,Hi,0.025,0.006699939761078114
13,18,HR,0.025,0.4270711818190886
13,19,OG,0.025,
13,20,OB,0.025,
13,21,OE,0.025,0.12087675588587854
13,22,P,0.025,0.05259306288607071
13,23,Pi,0.025,
13,24,PT,0.025,0.29939422245617536
13,25,PO,0.025,0.39989994046521277
13,26,PrT,0.025,0.08951566071286574
13,27,R,0.025,
13,28,SP,0.025,0.5376606395982764
13,29,TeO,0.025,0.25593929171677793
13,30,Th,0.025,0.23734658495322103
13,31,TL,0.025,0.19407316306286715
13,32,TS,0.025,0.15762530692183158
13,33,TG,0.025,
13,34,VR,0.025,0.5912791496427975
13,35,NX,0.025,1.1484370338790135e-07
13,36,rMON,0.025,0.3708402273847475
13,37,rCb,0.025,0.16304095450140846
13,38,rMOS1,0.025,0.10742776109583786
13,39,rMOS2,0.025,0.37170510585424404
13,40,rMOS3,0.025,0.05126283512726508
13,41,rMOS4,0.025,0.3314345893096678
13,42,rMOS5,0.025,0.4129539247881097
13,43,rIPN,0.025,0.1155163159059445
13,44,rIO,0.025,
13,45,rHc,0.025,0.011032093227466283
13,46,rRa,0.025,1.3407374830134794e-09
13,47,rT,0.025,0.08852450401633973
13,48,raRF,0.025,2.4165760576628064e-14
13,49,rimRF,0.025,1.3095005566822659e-18
13,50,rpRF,0.025,0.19307660171401214
13,51,rGG,0.025,
13,52,rHb,0.025,0.06270709081619603
13,53,rHi,0.025,0.007080964161979297
13,54,rHR,0.025,0.5009007836591278
13,55,rOG,0.025,
13,56,rOB,0.025,
13,57,rOE,0.025,
13,58,rP,0.025,0.6070583258940027
13,59,rPi,0.025,
13,60,rPT,0.025,0.008549745290443536
13,61,rPO,0.025,0.38747425706667227
13,62,rPrT,0.025,0.4470758177546192
13,63,rR,0.025,
13,64,rSP,0.025,0.4093342509035142
13,65,rTeO,0.025,0.31352083248961565
13,66,rTh,0.025,0.24525521046537682
13,67,rTL,0.025,0.16317705087316942
13,68,rTS,0.025,0.39406705701940126
13,69,rTG,0.025,
13,70,rVR,0.025,0.5821550129374521
13,71,rNX,0.025,2.301106628593143e-09
13,0,MON,0.05,0.5270523226105185
13,1,Cb,0.05,0.0608109725772611
13,2,MOS1,0.05,0.03783244953123013
13,3,MOS2,0.05,1.3523672474774616e-05
13,4,MOS3,0.05,0.11381002881227381
13,5,MOS4,0.05,0.3522426874258275
13,6,MOS5,0.05,0.43069633917977534
13,7,IPN,0.05,0.14300298665100186
13,8,IO,0.05,
13,9,Hc,0.05,
13,10,Ra,0.05,3.0590806022203694e-09
13,11,T,0.05,0.29162554461811374
13,12,aRF,0.05,0.00024941905675413255
13,13,imRF,0.05,1.2403315086966889e-18
13,14,pRF,0.05,1.1164466875109478e-08
13,15,GG,0.05,
13,16,Hb,0.05,0.20264941745441964
13,17,Hi,0.05,0.04249416432248802
13,18,HR,0.05,0.4633394814661949
13,19,OG,0.05,
13,20,OB,0.05,
13,21,OE,0.05,0.1556958596811744
13,22,P,0.05,0.12744943255986577
13,23,Pi,0.05,
13,24,PT,0.05,0.3110120582565427
13,25,PO,0.05,0.4022381093694437
13,26,PrT,0.05,0.17619262777267325
13,27,R,0.05,
13,28,SP,0.05,0.46475172795221603
13,29,TeO,0.05,0.26056492503387385
13,30,Th,0.05,0.24298554619340665
13,31,TL,0.05,0.22863723281587076
13,32,TS,0.05,0.15755625198032236
13,33,TG,0.05,
13,34,VR,0.05,0.596955514066616
13,35,NX,0.05,0.0002543681689303106
13,36,rMON,0.05,0.3839016718200552
13,37,rCb,0.05,0.19214616809966795
13,38,rMOS1,0.05,0.11187999646160576
13,39,rMOS2,0.05,0.33034230130404385
13,40,rMOS3,0.05,0.051451575789461614
13,41,rMOS4,0.05,0.33599394313001013
13,42,rMOS5,0.05,0.41547446579340674
13,43,rIPN,0.05,0.15855521047116572
13,44,rIO,0.05,
13,45,rHc,0.05,0.06524570454529093
13,46,rRa,0.05,1.6061351141900578e-05
13,47,rT,0.05,0.08874013276162027
13,48,raRF,0.05,9.923326532903174e-08
13,49,rimRF,0.05,1.332355804372311e-18
13,50,rpRF,0.05,0.1996075827399982
13,51,rGG,0.05,
13,52,rHb,0.05,0.17217297770316456
13,53,rHi,0.05,0.053031142101147684
13,54,rHR,0.05,0.4910403910247071
13,55,rOG,0.05,
13,56,rOB,0.05,
13,57,rOE,0.05,
13,58,rP,0.05,0.560595231677977
13,59,rPi,0.05,
13,60,rPT,0.05,0.052426522713627736
13,61,rPO,0.05,0.3874644196176425
13,62,rPrT,0.05,0.40003013381913116
13,63,rR,0.05,
13,64,rSP,0.05,0.36239649992263895
13,65,rTeO,0.05,0.3186372352653879
13,66,rTh,0.05,0.2512373783517219
13,67,rTL,0.05,0.1728986077649142
13,68,rTS,0.05,0.384597362828145
13,69,rTG,0.05,
13,70,rVR,0.05,0.5845322506986239
13,71,rNX,0.05,3.582015598302735e-05
13,0,MON,0.1,0.5269443815574503
13,1,Cb,0.1,0.12043434739269193
13,2,MOS1,0.1,0.08517164367237554
13,3,MOS2,0.1,0.002429808337093307
13,4,MOS3,0.1,0.12315119558265827
13,5,MOS4,0.1,0.3592769864435807
13,6,MOS5,0.1,0.43358456426936237
13,7,IPN,0.1,0.21248320130756973
13,8,IO,0.1,
13,9,Hc,0.1,
13,10,Ra,0.1,2.7171989728177894e-05
13,11,T,0.1,0.3010753719346439
13,12,aRF,0.1,0.011403786069862778
13,13,imRF,0.1,1.318724360235724e-18
13,14,pRF,0.1,2.6160150587662654e-05
13,15,GG,0.1,
13,16,Hb,0.1,0.2404039949839294
13,17,Hi,0.1,0.10010405571659257
13,18,HR,0.1,0.48153210329422497
13,19,OG,0.1,
13,20,OB,0.1,
13,21,OE,0.1,0.1956402649905886
13,22,P,0.1,0.1987899149515484
13,23,Pi,0.1,
13,24,PT,0.1,0.3163710504941092
13,25,PO,0.1,0.3718977169783663
13,26,PrT,0.1,0.23194608067305858
13,27,R,0.1,
13,28,SP,0.1,0.3809149319304966
13,29,TeO,0.1,0.2638118925041763
13,30,Th,0.1,0.25645539978709514
13,31,TL,0.1,0.24097871388089093
13,32,TS,0.1,0.15732979811574116
13,33,TG,0.1,
13,34,VR,0.1,0.5523442690553697
13,35,NX,0.1,0.011744666559826289
13,36,rMON,0.1,0.39780371582560903
13,37,rCb,0.1,0.21272370540286792
13,38,rMOS1,0.1,0.12060483956783018
13,39,rMOS2,0.1,0.28280986368675176
13,40,rMOS3,0.1,0.05356168077406746
13,41,rMOS4,0.1,0.3434656339396823
13,42,rMOS5,0.1,0.41443170691017805
13,43,rIPN,0.1,0.195189232769396
13,44,rIO,0.1,
13,45,rHc,0.1,0.13965070126884746
13,46,rRa,0.1,0.0018737238298856282
13,47,rT,0.1,0.08566540611689033
13,48,raRF,0.1,0.0002016262650342906
13,49,rimRF,0.1,3.7162204422038436e-14
13,50,rpRF,0.1,0.21164114366815368
13,51,rGG,0.1,
13,52,rHb,0.1,0.24332902132598783
13,53,rHi,0.1,0.1298291312145587
13,54,rHR,0.1,0.46171363327789405
13,55,rOG,0.1,
13,56,rOB,0.1,
13,57,rOE,0.1,
13,58,rP,0.1,0.46615604972647334
13,59,rPi,0.1,
13,60,rPT,0.1,0.11673899343242813
13,61,rPO,0.1,0.360462231566762
13,62,rPrT,0.1,0.3438347244872701
13,63,rR,0.1,
13,64,rSP,0.1,0.3229780087241174
13,65,rTeO,0.1,0.32345902042928726
13,66,rTh,0.1,0.25784821152153203
13,67,rTL,0.1,0.17285411057546277
13,68,rTS,0.1,0.3784068100806339
13,69,rTG,0.1,
13,70,rVR,0.1,0.5552440436757061
13,71,rNX,0.1,0.004467118478160382
13,0,MON,0.2,0.48486546080686255
13,1,Cb,0.2,0.17109154638346372
13,2,MOS1,0.2,0.125995902771232
13,3,MOS2,0.2,0.03162359912059816
13,4,MOS3,0.2,0.1590815241680386
13,5,MOS4,0.2,0.36711892794098144
13,6,MOS5,0.2,0.4415174417353234
13,7,IPN,0.2,0.2553026359035096
13,8,IO,0.2,
13,9,Hc,0.2,
13,10,Ra,0.2,0.002809054127622615
13,11,T,0.2,0.31245199679010993
13,12,aRF,0.2,0.06932119940721418
13,13,imRF,0.2,4.457311854320085e-10
13,14,pRF,0.2,0.0019414530028244873
13,15,GG,0.2,
13,16,Hb,0.2,0.25167735938894026
13,17,Hi,0.2,0.15151832795972983
13,18,HR,0.2,0.48664466787930566
13,19,OG,0.2,
13,20,OB,0.2,
13,21,OE,0.2,0.22169457121264202
13,22,P,0.2,0.24038238284611954
13,23,Pi,0.2,
13,24,PT,0.2,0.29811297461736136
13,25,PO,0.2,0.32483755890651794
13,26,PrT,0.2,0.2605607801380155
13,27,R,0.2,
13,28,SP,0.2,0.32923637556278923
13,29,TeO,0.2,0.2666788006544231
13,30,Th,0.2,0.2887493298639994
13,31,TL,0.2,0.2459380203147723
13,32,TS,0.2,0.15364515414142318
13,33,TG,0.2,
13,34,VR,0.2,0.456142693846845
13,35,NX,0.2,0.07202478015423021
13,36,rMON,0.2,0.38795772579234095
13,37,rCb,0.2,0.22565739009186217
13,38,rMOS1,0.2,0.14536265958847627
13,39,rMOS2,0.2,0.2593488660709331
13,40,rMOS3,0.2,0.07047671493035831
13,41,rMOS4,0.2,0.3606060565439773
13,42,rMOS5,0.2,0.41261339198704605
13,43,rIPN,0.2,0.22093214267133923
13,44,rIO,0.2,
13,45,rHc,0.2,0.19187829419912691
13,46,rRa,0.2,0.021084408734924575
13,47,rT,0.2,0.09225075218132674
13,48,raRF,0.2,0.009183228707918984
13,49,rimRF,0.2,1.1949713356959552e-07
13,50,rpRF,0.2,0.2396259049130401
13,51,rGG,0.2,
13,52,rHb,0.2,0.27413245234454703
13,53,rHi,0.2,0.18960487442002355
13,54,rHR,0.2,0.4280324159252489
13,55,rOG,0.2,
13,56,rOB,0.2,
13,57,rOE,0.2,
13,58,rP,0.2,0.3934335275244433
13,59,rPi,0.2,
13,60,rPT,0.2,0.1662645806699656
13,61,rPO,0.2,0.31329332569819063
13,62,rPrT,0.2,0.31020901921114197
13,63,rR,0.2,
13,64,rSP,0.2,0.299369474074254
13,65,rTeO,0.2,0.3288162471323334
13,66,rTh,0.2,0.28024102259781397
13,67,rTL,0.2,0.18031365132186658
13,68,rTS,0.2,0.367073081540633
13,69,rTG,0.2,
13,70,rVR,0.2,0.47591314667209067
13,71,rNX,0.2,0.04716637623370071
13,0,MON,0.35,0.42327405265867835
13,1,Cb,0.35,0.20113423351283197
13,2,MOS1,0.35,0.15345801429628939
13,3,MOS2,0.35,0.08763582383682528
13,4,MOS3,0.35,0.20090207662549506
13,5,MOS4,0.35,0.3595311220221621
13,6,MOS5,0.35,0.44233140624970585
13,7,IPN,0.35,0.27530892096134807
13,8,IO,0.35,
13,9,Hc,0.35,
13,10,Ra,0.35,0.02103651414099438
13,11,T,0.35,0.30398691100846725
13,12,aRF,0.35,0.13388476216483514
13,13,imRF,0.35,3.154935174071099e-06
13,14,pRF,0.35,0.015764507748062862
13,15,GG,0.35,
13,16,Hb,0.35,0.25482435915974433
13,17,Hi,0.35,0.18243939954654487
13,18,HR,0.35,0.47664905801917823
13,19,OG,0.35,
13,20,OB,0.35,
13,21,OE,0.35,0.2336721766745475
13,22,P,0.35,0.26040461275456217
13,23,Pi,0.35,
13,24,PT,0.35,0.2776836273623561
13,25,PO,0.35,0.2996001763783155
13,26,PrT,0.35,0.26911398042399676
13,27,R,0.35,
13,28,SP,0.35,0.30739948441346737
13,29,TeO,0.35,0.26737127599304283
13,30,Th,0.35,0.31044725416631885
13,31,TL,0.35,0.24779722492536893
13,32,TS,0.35,0.15620695322538153
13,33,TG,0.35,
13,34,VR,0.35,0.3898772021043426
13,35,NX,0.35,0.14095291669243695
13,36,rMON,0.35,0.3589978307324491
13,37,rCb,0.35,0.23769222025275086
13,38,rMOS1,0.35,0.1835400275606253
13,39,rMOS2,0.35,0.2569446080300144
13,40,rMOS3,0.35,0.10426042028901299
13,41,rMOS4,0.35,0.3774586165685608
13,42,rMOS5,0.35,0.4070439033195962
13,43,rIPN,0.35,0.22986282669721533
13,44,rIO,0.35,
13,45,rHc,0.35,0.216389664569688
13,46,rRa,0.35,0.0592038708102262
13,47,rT,0.35,0.1317780659273216
13,48,raRF,0.35,0.045728417976129254
13,49,rimRF,0.35,7.823462675099064e-05
13,50,rpRF,0.35,0.2788195392081172
13,51,rGG,0.35,
13,52,rHb,0.35,0.28514344990490254
13,53,rHi,0.35,0.21611358268498654
13,54,rHR,0.35,0.3947320353079486
13,55,rOG,0.35,
13,56,rOB,0.35,
13,57,rOE,0.35,
13,58,rP,0.35,0.35552831196590146
13,59,rPi,0.35,
13,60,rPT,0.35,0.19377670242262823
13,61,rPO,0.35,0.2872407488101186
13,62,rPrT,0.35,0.29721314457081127
13,63,rR,0.35,
13,64,rSP,0.35,0.2892889667321158
13,65,rTeO,0.35,0.33236831651727666
13,66,rTh,0.35,0.31313419296967077
13,67,rTL,0.35,0.19634310287542253
13,68,rTS,0.35,0.34549221462464225
13,69,rTG,0.35,
13,70,rVR,0.35,0.4082620540245681
13,71,rNX,0.35,0.1181822367211467
13,0,MON,0.5,0.3839479945647634
13,1,Cb,0.5,0.2143318712061406
13,2,MOS1,0.5,0.16671770829213398
13,3,MOS2,0.5,0.12589603439840275
13,4,MOS3,0.5,0.22128165127754576
13,5,MOS4,0.5,0.3420738277323144
13,6,MOS5,0.5,0.42859792405689084
13,7,IPN,0.5,0.2838559310238924
13,8,IO,0.5,
13,9,Hc,0.5,
13,10,Ra,0.5,0.04546778517460591
13,11,T,0.5,0.2899584379074019
13,12,aRF,0.5,0.1668117586221361
13,13,imRF,0.5,0.00011154792318208764
13,14,pRF,0.5,0.0372047146984072
13,15,GG,0.5,
13,16,Hb,0.5,0.25570304635363794
13,17,Hi,0.5,0.19764896984632976
13,18,HR,0.5,0.4650619822621435
13,19,OG,0.5,
13,20,OB,0.5,
13,21,OE,0.5,0.23854362173710358
13,22,P,0.5,0.26786918482250066
13,23,Pi,0.5,
13,24,PT,0.5,0.2657174527282435
13,25,PO,0.5,0.2887697594112295
13,26,PrT,0.5,0.2694138778569468
13,27,R,0.5,
13,28,SP,0.5,0.29770236999461935
13,29,TeO,0.5,0.2662368934455218
13,30,Th,0.5,0.3120240036521213
13,31,TL,0.5,0.24849240876343062
13,32,TS,0.5,0.16632252253088914
13,33,TG,0.5,
13,34,VR,0.5,0.35824906879845103
13,35,NX,0.5,0.1767805570516611
13,36,rMON,0.5,0.3379239400435926
13,37,rCb,0.5,0.24430175369910118
13,38,rMOS1,0.5,0.20951656117542494
13,39,rMOS2,0.5,0.2569318869564912
13,40,rMOS3,0.5,0.13040391931848797
13,41,rMOS4,0.5,0.3800304831131006
13,42,rMOS5,0.5,0.39461486569600845
13,43,rIPN,0.5,0.23233364637969742
13,44,rIO,0.5,
13,45,rHc,0.5,0.2264052023137414
13,46,rRa,0.5,0.08826723067878438
13,47,rT,0.5,0.16545562799186575
13,48,raRF,0.5,0.08346448589417446
13,49,rimRF,0.5,0.0010643377118378788
13,50,rpRF,0.5,0.30544192288451
13,51,rGG,0.5,
13,52,rHb,0.5,0.2879912088909465
13,53,rHi,0.5,0.22602078544392298
13,54,rHR,0.5,0.3678197046757763
13,55,rOG,0.5,
13,56,rOB,0.5,
13,57,rOE,0.5,
13,58,rP,0.5,0.33611596045054637
13,59,rPi,0.5,
13,60,rPT,0.5,0.20729946073599306
13,61,rPO,0.5,0.27611600865074937
13,62,rPrT,0.5,0.291134089728496
13,63,rR,0.5,
13,64,rSP,0.5,0.2843349304316096
13,65,rTeO,0.5,0.3332464052973206
13,66,rTh,0.5,0.33316926080219833
13,67,rTL,0.5,0.2089335378010816
13,68,rTS,0.5,0.32771739603565986
13,69,rTG,0.5,
13,70,rVR,0.5,0.3715128822117713
13,71,rNX,0.5,0.1624044241030099
13,0,MON,1.0,0.3240043854050684
13,1,Cb,1.0,0.22665368221805224
13,2,MOS1,1.0,0.18299935763117067
13,3,MOS2,1.0,0.18068611863884454
13,4,MOS3,1.0,0.2346673658715861
13,5,MOS4,1.0,0.2975653231484635
13,6,MOS5,1.0,0.371489943344883
13,7,IPN,1.0,0.291876634168328
13,8,IO,1.0,
13,9,Hc,1.0,
13,10,Ra,1.0,0.1035496109340639
13,11,T,1.0,0.25990972995052924
13,12,aRF,1.0,0.2055502918858571
13,13,imRF,1.0,0.007145828835437609
13,14,pRF,1.0,0.0961154500894817
13,15,GG,1.0,
13,16,Hb,1.0,0.25562415823033574
13,17,Hi,1.0,0.2189236868777287
13,18,HR,1.0,0.43236560012767794
13,19,OG,1.0,
13,20,OB,1.0,
13,21,OE,1.0,0.24426207629673613
13,22,P,1.0,0.2715565358400021
13,23,Pi,1.0,
13,24,PT,1.0,0.2481937743830518
13,25,PO,1.0,0.2726113006375773
13,26,PrT,1.0,0.2638307520822343
13,27,R,1.0,
13,28,SP,1.0,0.28224465502343
13,29,TeO,1.0,0.25875223647079576
13,30,Th,1.0,0.2952417953804379
13,31,TL,1.0,0.2492667071319828
13,32,TS,1.0,0.19712262641345224
13,33,TG,1.0,
13,34,VR,1.0,0.313233725052203
13,35,NX,1.0,0.21861660071203087
13,36,rMON,1.0,0.30181529349799613
13,37,rCb,1.0,0.24985092126323047
13,38,rMOS1,1.0,0.24411872172353918
13,39,rMOS2,1.0,0.2523681373071812
13,40,rMOS3,1.0,0.17316399393175455
13,41,rMOS4,1.0,0.3510602287306009
13,42,rMOS5,1.0,0.3484229888929251
13,43,rIPN,1.0,0.23773063896185098
13,44,rIO,1.0,
13,45,rHc,1.0,0.23817964621568746
13,46,rRa,1.0,0.1382983634628441
13,47,rT,1.0,0.2135898248140106
13,48,raRF,1.0,0.15442805499798481
13,49,rimRF,1.0,0.021554304354283682
13,50,rpRF,1.0,0.3350050563325179
13,51,rGG,1.0,
13,52,rHb,1.0,0.28510443581071243
13,53,rHi,1.0,0.2373977201245139
13,54,rHR,1.0,0.3179917089145963
13,55,rOG,1.0,
13,56,rOB,1.0,
13,57,rOE,1.0,
13,58,rP,1.0,0.3052651339748327
13,59,rPi,1.0,
13,60,rPT,1.0,0.22568333863369094
13,61,rPO,1.0,0.2597119263187617
13,62,rPrT,1.0,0.2792747098902949
13,63,rR,1.0,
13,64,rSP,1.0,0.2750030167743326
13,65,rTeO,1.0,0.3256114767291268
13,66,rTh,1.0,0.34511796201986966
13,67,rTL,1.0,0.22951601637607374
13,68,rTS,1.0,0.2956065570604353
13,69,rTG,1.0,
13,70,rVR,1.0,0.31687724322599514
13,71,rNX,1.0,0.21758756516112537
14,0,MON,0.025,0.5921274192900216
14,1,Cb,0.025,0.40871689867988564
14,2,MOS1,0.025,0.3490299960050771
14,3,MOS2,0.025,1.9436121114611747e-14
14,4,MOS3,0.025,0.296669885747155
14,5,MOS4,0.025,0.45341219004484595
14,6,MOS5,0.025,0.5307920800274633
14,7,IPN,0.025,3.352482996755919e-15
14,8,IO,0.025,
14,9,Hc,0.025,0.1118895036780423
14,10,Ra,0.025,2.235868025108175e-18
14,11,T,0.025,0.2494922155272358
14,12,aRF,0.025,0.04805594854047479
14,13,imRF,0.025,1.4440084058701945e-18
14,14,pRF,0.025,2.0455030827862e-18
14,15,GG,0.025,
14,16,Hb,0.025,0.6355622107838627
14,17,Hi,0.025,0.14184162313997242
14,18,HR,0.025,0.018693844552464197
14,19,OG,0.025,
14,20,OB,0.025,0.32754140491927597
14,21,OE,0.025,0.35892444081914765
14,22,P,0.025,0.3099261652215326
14,23,Pi,0.025,
14,24,PT,0.025,0.0697072287425387
14,25,PO,0.025,0.5643156366470272
14,26,PrT,0.025,0.5236798768335797
14,27,R,0.025,
14,28,SP,0.025,0.45901485393882074
14,29,TeO,0.025,0.3262035749610676
14,30,Th,0.025,0.1158425436965302
14,31,TL,0.025,0.24310788162610275
14,32,TS,0.025,0.26801563103803017
14,33,TG,0.025,
14,34,VR,0.025,0.4177730122021104
14,35,NX,0.025,3.4496150571069598e-06
14,36,rMON,0.025,0.6353588513388262
14,37,rCb,0.025,0.5166808504986888
14,38,rMOS1,0.025,0.38693876138870775
14,39,rMOS2,0.025,2.4916037787243503e-18
14,40,rMOS3,0.025,0.306231231724226
14,41,rMOS4,0.025,0.24392629391408718
14,42,rMOS5,0.025,0.4980420741425328
14,43,rIPN,0.025,9.130686145363648e-14
14,44,rIO,0.025,0.05300909335496195
14,45,rHc,0.025,0.3495686236142675
14,46,rRa,0.025,1.6954866816682906e-07
14,47,rT,0.025,0.15039044523610048
14,48,raRF,0.025,0.3727614844360931
14,49,rimRF,0.025,1.9223423018264685e-18
14,50,rpRF,0.025,2.4698371418372637e-18
14,51,rGG,0.025,
14,52,rHb,0.025,0.42611307388267694
14,53,rHi,0.025,0.05181455051414333
14,54,rHR,0.025,0.0070288555602323576
14,55,rOG,0.025,
14,56,rOB,0.025,
14,57,rOE,0.025,0.36160016527930283
14,58,rP,0.025,0.41217489288317954
14,59,rPi,0.025,
14,60,rPT,0.025,0.12776286543442766
14,61,rPO,0.025,0.5035382200962549
14,62,rPrT,0.025,0.5183538846349635
14,63,rR,0.025,
14,64,rSP,0.025,0.4518673433786245
14,65,rTeO,0.025,0.37509004224875153
14,66,rTh,0.025,0.35681378195165725
14,67,rTL,0.025,0.3747866216352064
14,68,rTS,0.025,0.44177860126859625
14,69,rTG,0.025,
14,70,rVR,0.025,0.3246398716566468
14,71,rNX,0.025,8.338477530607185e-07
14,0,MON,0.05,0.5473904402248799
14,1,Cb,0.05,0.40113093399691213
14,2,MOS1,0.05,0.3466231912431261
14,3,MOS2,0.05,9.17570979379996e-08
14,4,MOS3,0.05,0.29946425436763274
14,5,MOS4,0.05,0.46713069523856443
14,6,MOS5,0.05,0.5058626422313414
14,7,IPN,0.05,4.668495053714804e-08
14,8,IO,0.05,
14,9,Hc,0.05,0.15390990342177666
14,10,Ra,0.05,5.2576541246752244e-17
14,11,T,0.05,0.2396500286820018
14,12,aRF,0.05,0.100448280618626
14,13,imRF,0.05,5.71330935416042e-13
14,14,pRF,0.05,2.058321334702481e-18
14,15,GG,0.05,
14,16,Hb,0.05,0.5273294913491632
14,17,Hi,0.05,0.18259502726783422
14,18,HR,0.05,0.08862713942390704
14,19,OG,0.05,
14,20,OB,0.05,0.2924065154105374
14,21,OE,0.05,0.3081166735900408
14,22,P,0.05,0.30846623630580405
14,23,Pi,0.05,
14,24,PT,0.05,0.1501531894844055
14,25,PO,0.05,0.5322776348391735
14,26,PrT,0.05,0.5213843514924854
14,27,R,0.05,
14,28,SP,0.05,0.3843131163386448
14,29,TeO,0.05,0.3244048224302799
14,30,Th,0.05,0.11488546870051772
14,31,TL,0.05,0.2545129781581362
14,32,TS,0.05,0.24245241663072445
14,33,TG,0.05,
14,34,VR,0.05,0.3817456751834696
14,35,NX,0.05,0.0013273703955225312
14,36,rMON,0.05,0.5939024770397052
14,37,rCb,0.05,0.5168430138828307
14,38,rMOS1,0.05,0.38426793559506955
14,39,rMOS2,0.05,7.321079246738234e-10
14,40,rMOS3,0.05,0.3062583699605607
14,41,rMOS4,0.05,0.2388392173091462
14,42,rMOS5,0.05,0.4658880493120193
14,43,rIPN,0.05,2.2711209540332385e-07
14,44,rIO,0.05,0.1105776632700831
14,45,rHc,0.05,0.3278527708168323
14,46,rRa,0.05,0.00027899801682639583
14,47,rT,0.05,0.15296864555456346
14,48,raRF,0.05,0.35145834504145723
14,49,rimRF,0.05,3.238382228315772e-17
14,50,rpRF,0.05,3.209722612592417e-13
14,51,rGG,0.05,
14,52,rHb,0.05,0.3371161594424262
14,53,rHi,0.05,0.14248124332363704
14,54,rHR,0.05,0.054380044132234684
14,55,rOG,0.05,
14,56,rOB,0.05,
14,57,rOE,0.05,0.30888825917584406
14,58,rP,0.05,0.38189426694813705
14,59,rPi,0.05,
14,60,rPT,0.05,0.1900625926794736
14,61,rPO,0.05,0.49347460201420323
14,62,rPrT,0.05,0.48352486473605133
14,63,rR,0.05,
14,64,rSP,0.05,0.3742648022972392
14,65,rTeO,0.05,0.3666599725030682
14,66,rTh,0.05,0.3692548818946244
14,67,rTL,0.05,0.321650388104995
14,68,rTS,0.05,0.35213851528656515
14,69,rTG,0.05,
14,70,rVR,0.05,0.29418802636510905
14,71,rNX,0.05,0.0007130403685904723
14,0,MON,0.1,0.5035008762651602
14,1,Cb,0.1,0.40409756031013916
14,2,MOS1,0.1,0.3434243008813635
14,3,MOS2,0.1,0.00022040048831270702
14,4,MOS3,0.1,0.30781454620102877
14,5,MOS4,0.1,0.4590819543377912
14,6,MOS5,0.1,0.4659217104287379
14,7,IPN,0.1,0.00017327294393044661
14,8,IO,0.1,
14,9,Hc,0.1,0.19222718651187143
14,10,Ra,0.1,5.121461335713346e-09
14,11,T,0.1,0.22936156968972904
14,12,aRF,0.1,0.1349094472785837
14,13,imRF,0.1,4.4137331623088943e-07
14,14,pRF,0.1,2.0448262120272123e-18
14,15,GG,0.1,
14,16,Hb,0.1,0.4320393000121601
14,17,Hi,0.1,0.20348762330579998
14,18,HR,0.1,0.16531442785248207
14,19,OG,0.1,
14,20,OB,0.1,0.27172913982172003
14,21,OE,0.1,0.27957258142349073
14,22,P,0.1,0.2907594970145101
14,23,Pi,0.1,
14,24,PT,0.1,0.20311500436965094
14,25,PO,0.1,0.4391069661538347
14,26,PrT,0.1,0.49345367555318903
14,27,R,0.1,
14,28,SP,0.1,0.326552679895903
14,29,TeO,0.1,0.3257111077568313
14,30,Th,0.1,0.1205321107322109
14,31,TL,0.1,0.26204393342269977
14,32,TS,0.1,0.2261987455803254
14,33,TG,0.1,
14,34,VR,0.1,0.32770085107722335
14,35,NX,0.1,0.024478798709561572
14,36,rMON,0.1,0.5429183369243724
14,37,rCb,0.1,0.49665742786325895
14,38,rMOS1,0.1,0.37712053937378004
14,39,rMOS2,0.1,1.8840578274183315e-05
14,40,rMOS3,0.1,0.306485028213213
14,41,rMOS4,0.1,0.24069272580025428
14,42,rMOS5,0.1,0.40313412983603025
14,43,rIPN,0.1,0.0003509852052453819
14,44,rIO,0.1,0.1503607825435954
14,45,rHc,0.1,0.2878894708749496
14,46,rRa,0.1,0.010737320269361148
14,47,rT,0.1,0.1641033028008135
14,48,raRF,0.1,0.29740757436748516
14,49,rimRF,0.1,3.743475628532532e-09
14,50,rpRF,0.1,1.9688021962227964e-07
14,51,rGG,0.1,
14,52,rHb,0.1,0.2662901148072079
14,53,rHi,0.1,0.20278569568591878
14,54,rHR,0.1,0.13398235623653085
14,55,rOG,0.1,
14,56,rOB,0.1,
14,57,rOE,0.1,0.2798627018445095
14,58,rP,0.1,0.32951561619799985
14,59,rPi,0.1,
14,60,rPT,0.1,0.2240846294195324
14,61,rPO,0.1,0.43667616958399946
14,62,rPrT,0.1,0.40738936989647684
14,63,rR,0.1,
14,64,rSP,0.1,0.3185394960778477
14,65,rTeO,0.1,0.3486690081070541
14,66,rTh,0.1,0.36825061121833896
14,67,rTL,0.1,0.28948532351214806
14,68,rTS,0.1,0.28405445690944703
14,69,rTG,0.1,
14,70,rVR,0.1,0.27588643003292135
14,71,rNX,0.1,0.019188631497124038
14,0,MON,0.2,0.4606147807503736
14,1,Cb,0.2,0.3944006785387277
14,2,MOS1,0.2,0.34563857654098185
14,3,MOS2,0.2,0.010739180170554865
14,4,MOS3,0.2,0.31625666348750203
14,5,MOS4,0.2,0.4046462073668977
14,6,MOS5,0.2,0.41036046437067125
14,7,IPN,0.2,0.010401980371059813
14,8,IO,0.2,
14,9,Hc,0.2,0.2177900025218677
14,10,Ra,0.2,5.085441778716975e-05
14,11,T,0.2,0.22673091168902892
14,12,aRF,0.2,0.15254471284683965
14,13,imRF,0.2,0.00039068647958928143
14,14,pRF,0.2,4.59580459841449e-11
14,15,GG,0.2,
14,16,Hb,0.2,0.38625347684394445
14,17,Hi,0.2,0.21301994754237719
14,18,HR,0.2,0.21008994177954368
14,19,OG,0.2,
14,20,OB,0.2,0.26093301945025366
14,21,OE,0.2,0.26485252027451905
14,22,P,0.2,0.27280337063887855
14,23,Pi,0.2,
14,24,PT,0.2,0.2286659256151026
14,25,PO,0.2,0.3564872408785849
14,26,PrT,0.2,0.4211256754045772
14,27,R,0.2,
14,28,SP,0.2,0.2889282552116472
14,29,TeO,0.2,0.31123004716579333
14,30,Th,0.2,0.15438607044556402
14,31,TL,0.2,0.26050324629239013
14,32,TS,0.2,0.21267108777538055
14,33,TG,0.2,
14,34,VR,0.2,0.2818889286662262
14,35,NX,0.2,0.09012525879648288
14,36,rMON,0.2,0.45338061971400534
14,37,rCb,0.2,0.43563556376052504
14,38,rMOS1,0.2,0.37509083617976013
14,39,rMOS2,0.2,0.0031020261000602625
14,40,rMOS3,0.2,0.3129464096264702
14,41,rMOS4,0.2,0.245973240627411
14,42,rMOS5,0.2,0.3460903845235196
14,43,rIPN,0.2,0.013369615970058599
14,44,rIO,0.2,0.17224012524367627
14,45,rHc,0.2,0.26206909178350213
14,46,rRa,0.2,0.05950077151026033
14,47,rT,0.2,0.18323027627481206
14,48,raRF,0.2,0.25099336088645435
14,49,rimRF,0.2,4.006578003718588e-05
14,50,rpRF,0.2,0.00015029466807079222
14,51,rGG,0.2,
14,52,rHb,0.2,0.22948502913123703
14,53,rHi,0.2,0.22776660850837552
14,54,rHR,0.2,0.19568870692811188
14,55,rOG,0.2,
14,56,rOB,0.2,
14,57,rOE,0.2,0.2649846600301028
14,58,rP,0.2,0.29075190210938523
14,59,rPi,0.2,
14,60,rPT,0.2,0.24026682886106318
14,61,rPO,0.2,0.3664333118657789
14,62,rPrT,0.2,0.3412220330852944
14,63,rR,0.2,
14,64,rSP,0.2,0.2846288940337598
14,65,rTeO,0.2,0.3206502244850389
14,66,rTh,0.2,0.3374593516635409
14,67,rTL,0.2,0.26982059700162425
14,68,rTS,0.2,0.24172569643954292
14,69,rTG,0.2,
14,70,rVR,0.2,0.2704193485347371
14,71,rNX,0.2,0.0862685408859393
14,0,MON,0.35,0.4117906091511582
14,1,Cb,0.35,0.3624235331625792
14,2,MOS1,0.35,0.3474756970717292
14,3,MOS2,0.35,0.051958954321543696
14,4,MOS3,0.35,0.31981040022629914
14,5,MOS4,0.35,0.35245111548770514
14,6,MOS5,0.35,0.35980260709711503
14,7,IPN,0.35,0.05626799430526288
14,8,IO,0.35,
14,9,Hc,0.35,0.23066569644366658
14,10,Ra,0.35,0.0026667338877480484
14,11,T,0.35,0.2318297388222914
14,12,aRF,0.35,0.16227548755388774
14,13,imRF,0.35,0.007158392429267452
14,14,pRF,0.35,9.100193884219307e-07
14,15,GG,0.35,
14,16,Hb,0.35,0.37130908263360674
14,17,Hi,0.35,0.2180830514726975
14,18,HR,0.35,0.23001126504155542
14,19,OG,0.35,
14,20,OB,0.35,0.256256327568608
14,21,OE,0.35,0.2584956827148892
14,22,P,0.35,0.26362400829085797
14,23,Pi,0.35,
14,24,PT,0.35,0.2395249270676211
14,25,PO,0.35,0.31744857385582753
14,26,PrT,0.35,0.36564702138979055
14,27,R,0.35,
14,28,SP,0.35,0.2724489150838733
14,29,TeO,0.35,0.29045554486307595
14,30,Th,0.35,0.1905868802485192
14,31,TL,0.35,0.2578286477450129
14,32,TS,0.35,0.20437129305825058
14,33,TG,0.35,
14,34,VR,0.35,0.2576275095238201
14,35,NX,0.35,0.14188515414674369
14,36,rMON,0.35,0.3819090817399881
14,37,rCb,0.35,0.37647053881842024
14,38,rMOS1,0.35,0.37540173639900026
14,39,rMOS2,0.35,0.026643015831626458
14,40,rMOS3,0.35,0.3221631393888651
14,41,rMOS4,0.35,0.2503048132723356
14,42,rMOS5,0.35,0.31544151551726235
14,43,rIPN,0.35,0.05867993351035217
14,44,rIO,0.35,0.1839095990155578
14,45,rHc,0.35,0.251890333408145
14,46,rRa,0.35,0.11410297340878295
14,47,rT,0.35,0.19914216201642254
14,48,raRF,0.35,0.23040662962830888
14,49,rimRF,0.35,0.0021417924648526546
14,50,rpRF,0.35,0.0025075263139130526
14,51,rGG,0.35,
14,52,rHb,0.35,0.21915568449183223
14,53,rHi,0.35,0.2363895329415085
14,54,rHR,0.35,0.22709065940377732
14,55,rOG,0.35,
14,56,rOB,0.35,
14,57,rOE,0.35,0.2585695046945221
14,58,rP,0.35,0.273546718730321
14,59,rPi,0.35,
14,60,rPT,0.35,0.24729824160466285
14,61,rPO,0.35,0.32703578294891533
14,62,rPrT,0.35,0.30662773653932834
14,63,rR,0.35,
14,64,rSP,0.35,0.2696648564487213
14,65,rTeO,0.35,0.29472722846187727
14,66,rTh,0.35,0.31005627330949537
14,67,rTL,0.35,0.2601563717210783
14,68,rTS,0.35,0.2233924018510503
14,69,rTG,0.35,
14,70,rVR,0.35,0.2714258065510264
14,71,rNX,0.35,0.1489963750247451
14,0,MON,0.5,0.37545882480385856
14,1,Cb,0.5,0.33811026654814275
14,2,MOS1,0.5,0.3463723829079146
14,3,MOS2,0.5,0.09182314695806532
14,4,MOS3,0.5,0.3220856284539594
14,5,MOS4,0.5,0.32614729365743594
14,6,MOS5,0.5,0.3325637753004411
14,7,IPN,0.5,0.10435656281046217
14,8,IO,0.5,
14,9,Hc,0.5,0.2362206414577506
14,10,Ra,0.5,0.012891595549970295
14,11,T,0.5,0.2399236605158129
14,12,aRF,0.5,0.16897619102854
14,13,imRF,0.5,0.022442872961989147
14,14,pRF,0.5,4.81802102367203e-05
14,15,GG,0.5,
14,16,Hb,0.5,0.36315355417696427
14,17,Hi,0.5,0.2213033491282515
14,18,HR,0.5,0.2396805014830556
14,19,OG,0.5,
14,20,OB,0.5,0.2543809758592264
14,21,OE,0.5,0.25594844864229294
14,22,P,0.5,0.2599232298706688
14,23,Pi,0.5,
14,24,PT,0.5,0.24469768774855347
14,25,PO,0.5,0.3014290231621611
14,26,PrT,0.5,0.3398721772349014
14,27,R,0.5,
14,28,SP,0.5,0.26643526913040244
14,29,TeO,0.5,0.2791272399818439
14,30,Th,0.5,0.20996390972762144
14,31,TL,0.5,0.2565045436659995
14,32,TS,0.5,0.20241521571051618
14,33,TG,0.5,
14,34,VR,0.5,0.24749868673864786
14,35,NX,0.5,0.16628776467767356
14,36,rMON,0.5,0.3471236853776301
14,37,rCb,0.5,0.345828166969246
14,38,rMOS1,0.5,0.37002466250681076
14,39,rMOS2,0.5,0.0597891906956998
14,40,rMOS3,0.5,0.32648879455361185
14,41,rMOS4,0.5,0.2527266462468331
14,42,rMOS5,0.5,0.30201188332145584
14,43,rIPN,0.5,0.09999578830441488
14,44,rIO,0.5,0.192402900538306
14,45,rHc,0.5,0.24868315161467394
14,46,rRa,0.5,0.1454406620708188
14,47,rT,0.5,0.21122981016096354
14,48,raRF,0.5,0.22366601154048982
14,49,rimRF,0.5,0.010427805008342072
14,50,rpRF,0.5,0.007462153104900437
14,51,rGG,0.5,
14,52,rHb,0.5,0.21766305644966694
14,53,rHi,0.5,0.23950827906516614
14,54,rHR,0.5,0.2418231345732562
14,55,rOG,0.5,
14,56,rOB,0.5,
14,57,rOE,0.5,0.2559998316026797
14,58,rP,0.5,0.26694360055236
14,59,rPi,0.5,
14,60,rPT,0.5,0.250145014554174
14,61,rPO,0.5,0.30970480199829536
14,62,rPrT,0.5,0.29232590035756045
14,63,rR,0.5,
14,64,rSP,0.5,0.2637460698629382
14,65,rTeO,0.5,0.28080413166893736
14,66,rTh,0.5,0.2963990780995189
14,67,rTL,0.5,0.25637719047441987
14,68,rTS,0.5,0.21798430723333423
14,69,rTG,0.5,
14,70,rVR,0.5,0.2725630109516704
14,71,rNX,0.5,0.1801846654419676
14,0,MON,1.0,0.3153697609470515
14,1,Cb,1.0,0.29759665385190254
14,2,MOS1,1.0,0.32842159759785244
14,3,MOS2,1.0,0.1629351561629355
14,4,MOS3,1.0,0.3174474776565864
14,5,MOS4,1.0,0.29169893080548237
14,6,MOS5,1.0,0.29497941127464516
14,7,IPN,1.0,0.19193325812050993
14,8,IO,1.0,
14,9,Hc,1.0,0.242991843899832
14,10,Ra,1.0,0.07298207034241382
14,11,T,1.0,0.26135187804770016
14,12,aRF,1.0,0.18493364711692278
14,13,imRF,1.0,0.07855519136718467
14,14,pRF,1.0,0.00495957964630691
14,15,GG,1.0,
14,16,Hb,1.0,0.33682371558972496
14,17,Hi,1.0,0.22793312008958286
14,18,HR,1.0,0.25324651751604776
14,19,OG,1.0,
14,20,OB,1.0,0.25219104831375444
14,21,OE,1.0,0.25297474978760326
14,22,P,1.0,0.25555750449649034
14,23,Pi,1.0,
14,24,PT,1.0,0.2502293047346844
14,25,PO,1.0,0.2807338176348148
14,26,PrT,1.0,0.3060193891167944
14,27,R,1.0,
14,28,SP,1.0,0.25985488492232717
14,29,TeO,1.0,0.26371752454300973
14,30,Th,1.0,0.2352368912786219
14,31,TL,1.0,0.25447899228400583
14,32,TS,1.0,0.20590886075097886
14,33,TG,1.0,
14,34,VR,1.0,0.23771069491534552
14,35,NX,1.0,0.19915025118637006
14,36,rMON,1.0,0.30252105743233737
14,37,rCb,1.0,0.3033608306572779
14,38,rMOS1,1.0,0.3357938756137274
14,39,rMOS2,1.0,0.1366618235018146
14,40,rMOS3,1.0,0.3194684990973724
14,41,rMOS4,1.0,0.25546057112158077
14,42,rMOS5,1.0,0.2834925933889547
14,43,rIPN,1.0,0.1690377076398967
14,44,rIO,1.0,0.21273187745729383
14,45,rHc,1.0,0.24702537507875633
14,46,rRa,1.0,0.19097478640967744
14,47,rT,1.0,0.23736157430545032
14,48,raRF,1.0,0.2195510067512938
14,49,rimRF,1.0,0.060325925724470354
14,50,rpRF,1.0,0.026575404706489652
14,51,rGG,1.0,
14,52,rHb,1.0,0.22389441349640946
14,53,rHi,1.0,0.24299560450435653
14,54,rHR,1.0,0.2609755509321327
14,55,rOG,1.0,
14,56,rOB,1.0,
14,57,rOE,1.0,0.25300033620903317
14,58,rP,1.0,0.25929109864497857
14,59,rPi,1.0,
14,60,rPT,1.0,0.25252544034912283
14,61,rPO,1.0,0.2858758472696177
14,62,rPrT,1.0,0.2750003446724334
14,63,rR,1.0,
14,64,rSP,1.0,0.2569065235536085
14,65,rTeO,1.0,0.2630264356897736
14,66,rTh,1.0,0.27657000083076705
14,67,rTL,1.0,0.25149248463187096
14,68,rTS,1.0,0.2172125098276468
14,69,rTG,1.0,
14,70,rVR,1.0,0.2731296911182388
14,71,rNX,1.0,0.2183018207988761
15,0,MON,0.025,0.5960279980175547
15,1,Cb,0.025,0.37536351141419433
15,2,MOS1,0.025,0.3528561939618532
15,3,MOS2,0.025,2.5746697713891742e-18
15,4,MOS3,0.025,0.37320185317788407
15,5,MOS4,0.025,0.42691120335743676
15,6,MOS5,0.025,0.45633115903146515
15,7,IPN,0.025,0.0788602723249315
15,8,IO,0.025,
15,9,Hc,0.025,
15,10,Ra,0.025,2.785811741899538e-18
15,11,T,0.025,0.355443595413374
15,12,aRF,0.025,1.9633268302240447e-18
15,13,imRF,0.025,3.280939936176683e-17
15,14,pRF,0.025,1.817208077109455e-18
15,15,GG,0.025,
15,16,Hb,0.025,0.3867146481923621
15,17,Hi,0.025,0.05267919706677469
15,18,HR,0.025,0.17815386411227202
15,19,OG,0.025,
15,20,OB,0.025,
15,21,OE,0.025,
15,22,P,0.025,0.27597331360238114
15,23,Pi,0.025,
15,24,PT,0.025,0.2648613032265219
15,25,PO,0.025,0.5087427492033437
15,26,PrT,0.025,4.840005810875958e-07
15,27,R,0.025,
15,28,SP,0.025,0.33139313783616714
15,29,TeO,0.025,0.3123767470458902
15,30,Th,0.025,0.18896377959016328
15,31,TL,0.025,0.20597784182585663
15,32,TS,0.025,0.2671296442237408
15,33,TG,0.025,
15,34,VR,0.025,0.700457753377004
15,35,NX,0.025,2.935220274884002e-18
15,36,rMON,0.025,0.6476680890863097
15,37,rCb,0.025,0.37822467038463514
15,38,rMOS1,0.025,0.35486875886980057
15,39,rMOS2,0.025,2.595389490749496e-18
15,40,rMOS3,0.025,0.37287676069666825
15,41,rMOS4,0.025,0.45017940372123927
15,42,rMOS5,0.025,0.35823910109723744
15,43,rIPN,0.025,0.04123976647688438
15,44,rIO,0.025,
15,45,rHc,0.025,0.5020314023013127
15,46,rRa,0.025,1.3598325411200559e-15
15,47,rT,0.025,0.3637566889700531
15,48,raRF,0.025,1.7843312402356908e-18
15,49,rimRF,0.025,2.0226164622001434e-06
15,50,rpRF,0.025,2.622665183393533e-18
15,51,rGG,0.025,
15,52,rHb,0.025,0.49951310502472374
15,53,rHi,0.025,0.0004876305514708929
15,54,rHR,0.025,0.09390691057770756
15,55,rOG,0.025,
15,56,rOB,0.025,
15,57,rOE,0.025,
15,58,rP,0.025,0.4542702393235226
15,59,rPi,0.025,
15,60,rPT,0.025,0.0180296795143299
15,61,rPO,0.025,0.4777984560119616
15,62,rPrT,0.025,0.6153804418313404
15,63,rR,0.025,
15,64,rSP,0.025,0.40876383665293
15,65,rTeO,0.025,0.31974107885333075
15,66,rTh,0.025,0.473724726630352
15,67,rTL,0.025,0.32511578305085226
15,68,rTS,0.025,0.187016986992657
15,69,rTG,0.025,
15,70,rVR,0.025,0.2520213370451782
15,71,rNX,0.025,0.5781143514324021
15,0,MON,0.05,0.6004955557712319
15,1,Cb,0.05,0.37580928394765084
15,2,MOS1,0.05,0.35169774126155784
15,3,MOS2,0.05,1.9757946313292483e-14
15,4,MOS3,0.05,0.37331526194740644
15,5,MOS4,0.05,0.4203945855793031
15,6,MOS5,0.05,0.45393458296446826
15,7,IPN,0.05,0.17930549643213614
15,8,IO,0.05,
15,9,Hc,0.05,
15,10,Ra,0.05,5.913573711097044e-14
15,11,T,0.05,0.35596802414681805
15,12,aRF,0.05,7.708782813521335e-12
15,13,imRF,0.05,3.6490604308293613e-09
15,14,pRF,0.05,1.814115472872431e-18
15,15,GG,0.05,
15,16,Hb,0.05,0.34291526491294394
15,17,Hi,0.05,0.1351591177924958
15,18,HR,0.05,0.18360776610486496
15,19,OG,0.05,
15,20,OB,0.05,
15,21,OE,0.05,
15,22,P,0.05,0.25343416595709833
15,23,Pi,0.05,
15,24,PT,0.05,0.25404326807516586
15,25,PO,0.05,0.48715818001076344
15,26,PrT,0.05,0.0005322293684292498
15,27,R,0.05,
15,28,SP,0.05,0.2798984482145709
15,29,TeO,0.05,0.31441705405957737
15,30,Th,0.05,0.19502764775378076
15,31,TL,0.05,0.20783159241422908
15,32,TS,0.05,0.2545728288446649
15,33,TG,0.05,
15,34,VR,0.05,0.6753730181907251
15,35,NX,0.05,6.039311362754442e-17
15,36,rMON,0.05,0.6419111419706923
15,37,rCb,0.05,0.3673889201795715
15,38,rMOS1,0.05,0.35508828898657996
15,39,rMOS2,0.05,5.318573939444937e-14
15,40,rMOS3,0.05,0.3738303905829808
15,41,rMOS4,0.05,0.431463904952833
15,42,rMOS5,0.05,0.37005969041522163
15,43,rIPN,0.05,0.12041141397983642
15,44,rIO,0.05,
15,45,rHc,0.05,0.4492143072943054
15,46,rRa,0.05,2.9039014902644562e-08
15,47,rT,0.05,0.3656963201614474
15,48,raRF,0.05,1.794822540714795e-18
15,49,rimRF,0.05,0.0009499304692043444
15,50,rpRF,0.05,2.6102867240170012e-18
15,51,rGG,0.05,
15,52,rHb,0.05,0.49871491213809493
15,53,rHi,0.05,0.015402049016399537
15,54,rHR,0.05,0.15550382881657432
15,55,rOG,0.05,
15,56,rOB,0.05,
15,57,rOE,0.05,
15,58,rP,0.05,0.3634740401495793
15,59,rPi,0.05,
15,60,rPT,0.05,0.07973237971886067
15,61,rPO,0.05,0.47164009356743053
15,62,rPrT,0.05,0.5601471168298481
15,63,rR,0.05,
15,64,rSP,0.05,0.33535960829668077
15,65,rTeO,0.05,0.3200364149145393
15,66,rTh,0.05,0.46875954674675324
15,67,rTL,0.05,0.30618966445542983
15,68,rTS,0.05,0.1959632542655367
15,69,rTG,0.05,
15,70,rVR,0.05,0.26533934622554717
15,71,rNX,0.05,0.599121183112344
15,0,MON,0.1,0.5980672946995513
15,1,Cb,0.1,0.36139914941289053
15,2,MOS1,0.1,0.33610347763905074
15,3,MOS2,0.1,1.0580450310148335e-07
15,4,MOS3,0.1,0.3717062469000722
15,5,MOS4,0.1,0.4085792374519024
15,6,MOS5,0.1,0.44322194428902734
15,7,IPN,0.1,0.23727549769913195
15,8,IO,0.1,
15,9,Hc,0.1,
15,10,Ra,0.1,1.960795792010843e-07
15,11,T,0.1,0.35465862641604146
15,12,aRF,0.1,1.8909213512764773e-06
15,13,imRF,0.1,3.8367458519665616e-05
15,14,pRF,0.1,2.1276674003623318e-10
15,15,GG,0.1,
15,16,Hb,0.1,0.3151596189546394
15,17,Hi,0.1,0.19609396218143588
15,18,HR,0.1,0.18290660475491377
15,19,OG,0.1,
15,20,OB,0.1,
15,21,OE,0.1,
15,22,P,0.1,0.24889948251027386
15,23,Pi,0.1,
15,24,PT,0.1,0.24515166774165406
15,25,PO,0.1,0.4274758525085528
15,26,PrT,0.1,0.01701814387535825
15,27,R,0.1,
15,28,SP,0.1,0.2590587450004274
15,29,TeO,0.1,0.3071090717088875
15,30,Th,0.1,0.2111221275098759
15,31,TL,0.1,0.22328694906641586
15,32,TS,0.1,0.2424748943687565
15,33,TG,0.1,
15,34,VR,0.1,0.5771298705897455
15,35,NX,0.1,6.418013972024055e-09
15,36,rMON,0.1,0.6116557315042637
15,37,rCb,0.1,0.35901669258568825
15,38,rMOS1,0.1,0.353124341345426
15,39,rMOS2,0.1,1.8244034259584332e-07
15,40,rMOS3,0.1,0.3737652328999907
15,41,rMOS4,0.1,0.41597733049306224
15,42,rMOS5,0.1,0.34831349778740334
15,43,rIPN,0.1,0.18311063898128535
15,44,rIO,0.1,
15,45,rHc,0.1,0.37265779730268717
15,46,rRa,0.1,0.0001338504059708982
15,47,rT,0.1,0.3668453511256513
15,48,raRF,0.1,3.439753178332119e-12
15,49,rimRF,0.1,0.01955512789710038
15,50,rpRF,0.1,1.1566650863103566e-13
15,51,rGG,0.1,
15,52,rHb,0.1,0.4886282601821275
15,53,rHi,0.1,0.07480859203090405
15,54,rHR,0.1,0.19312806694919588
15,55,rOG,0.1,
15,56,rOB,0.1,
15,57,rOE,0.1,
15,58,rP,0.1,0.31938005024799765
15,59,rPi,0.1,
15,60,rPT,0.1,0.1504444690368435
15,61,rPO,0.1,0.46600934646560727
15,62,rPrT,0.1,0.4683703567720268
15,63,rR,0.1,
15,64,rSP,0.1,0.3065044728584614
15,65,rTeO,0.1,0.32809225824721283
15,66,rTh,0.1,0.4530048291912284
15,67,rTL,0.1,0.28787078303081515
15,68,rTS,0.1,0.19948972636433807
15,69,rTG,0.1,
15,70,rVR,0.1,0.2689920470539708
15,71,rNX,0.1,0.5555062196128943
15,0,MON,0.2,0.5629378234255827
15,1,Cb,0.2,0.31422349484953654
15,2,MOS1,0.2,0.3085572681553032
15,3,MOS2,0.2,0.000234172750816514
15,4,MOS3,0.2,0.3680655076586207
15,5,MOS4,0.2,0.39597503822882735
15,6,MOS5,0.2,0.4147584511239657
15,7,IPN,0.2,0.26026730415584726
15,8,IO,0.2,
15,9,Hc,0.2,
15,10,Ra,0.2,0.0003526986711487042
15,11,T,0.2,0.34558241533753586
15,12,aRF,0.2,0.0009238556025632014
15,13,imRF,0.2,0.003870405610963008
15,14,pRF,0.2,9.355503454637662e-06
15,15,GG,0.2,
15,16,Hb,0.2,0.2961126905825431
15,17,Hi,0.2,0.22078521197784987
15,18,HR,0.2,0.1776325100484538
15,19,OG,0.2,
15,20,OB,0.2,
15,21,OE,0.2,
15,22,P,0.2,0.2489185099592612
15,23,Pi,0.2,
15,24,PT,0.2,0.23545194240646378
15,25,PO,0.2,0.35218329905887696
15,26,PrT,0.2,0.08375750704251694
15,27,R,0.2,
15,28,SP,0.2,0.24700048796125718
15,29,TeO,0.2,0.2789533527355727
15,30,Th,0.2,0.2215883096469619
15,31,TL,0.2,0.241281722152218
15,32,TS,0.2,0.23054638404797018
15,33,TG,0.2,
15,34,VR,0.2,0.4594904521551616
15,35,NX,0.2,6.439714782152894e-05
15,36,rMON,0.2,0.5208410655593602
15,37,rCb,0.2,0.3485707124776203
15,38,rMOS1,0.2,0.35100494790702635
15,39,rMOS2,0.2,0.0003337647191556783
15,40,rMOS3,0.2,0.373197332571947
15,41,rMOS4,0.2,0.3847260687070124
15,42,rMOS5,0.2,0.31368976911706026
15,43,rIPN,0.2,0.21392582346847702
15,44,rIO,0.2,
15,45,rHc,0.2,0.3155765037580069
15,46,rRa,0.2,0.008900748326519204
15,47,rT,0.2,0.3649721287662526
15,48,raRF,0.2,1.2322554507379717e-06
15,49,rimRF,0.2,0.07671169850594403
15,50,rpRF,0.2,2.591615940386252e-07
15,51,rGG,0.2,
15,52,rHb,0.2,0.44076368800347
15,53,rHi,0.2,0.14367543138734726
15,54,rHR,0.2,0.21642123568985697
15,55,rOG,0.2,
15,56,rOB,0.2,
15,57,rOE,0.2,
15,58,rP,0.2,0.2966036510738204
15,59,rPi,0.2,
15,60,rPT,0.2,0.1962540170269122
15,61,rPO,0.2,0.42493527165580186
15,62,rPrT,0.2,0.39506036740450734
15,63,rR,0.2,
15,64,rSP,0.2,0.29227760317664464
15,65,rTeO,0.2,0.33777883347647514
15,66,rTh,0.2,0.40112278095355136
15,67,rTL,0.2,0.2689389332072942
15,68,rTS,0.2,0.19800443145901594
15,69,rTG,0.2,
15,70,rVR,0.2,0.2609474334536949
15,71,rNX,0.2,0.46190334588922155
15,0,MON,0.35,0.4878476191525718
15,1,Cb,0.35,0.2787323236651839
15,2,MOS1,0.35,0.28745330172517136
15,3,MOS2,0.35,0.006100938790253705
15,4,MOS3,0.35,0.3662738469683094
15,5,MOS4,0.35,0.38677773804129645
15,6,MOS5,0.35,0.36742120940001954
15,7,IPN,0.35,0.265590838852926
15,8,IO,0.35,
15,9,Hc,0.35,
15,10,Ra,0.35,0.008564089454030073
15,11,T,0.35,0.32281796207197405
15,12,aRF,0.35,0.012728973270502493
15,13,imRF,0.35,0.026386064192253405
15,14,pRF,0.35,0.0009067390640266953
15,15,GG,0.35,
15,16,Hb,0.35,0.28506031794814946
15,17,Hi,0.35,0.22810491264481475
15,18,HR,0.35,0.17426084325815075
15,19,OG,0.35,
15,20,OB,0.35,
15,21,OE,0.35,
15,22,P,0.35,0.24873557186075976
15,23,Pi,0.35,
15,24,PT,0.35,0.2292282339338112
15,25,PO,0.35,0.30901132881200066
15,26,PrT,0.35,0.14793407605444875
15,27,R,0.35,
15,28,SP,0.35,0.24071260234683667
15,29,TeO,0.35,0.25522689729025777
15,30,Th,0.35,0.22562508245157117
15,31,TL,0.35,0.24886321227511796
15,32,TS,0.35,0.22478201926126246
15,33,TG,0.35,
15,34,VR,0.35,0.38969531156560405
15,35,NX,0.35,0.003208480102569784
15,36,rMON,0.35,0.4350259430805305
15,37,rCb,0.35,0.33853606765180144
15,38,rMOS1,0.35,0.35166061856226116
15,39,rMOS2,0.35,0.00809711040897786
15,40,rMOS3,0.35,0.36619326483128595
15,41,rMOS4,0.35,0.3422815719646065
15,42,rMOS5,0.35,0.29129754210192405
15,43,rIPN,0.35,0.2251327455291885
15,44,rIO,0.35,
15,45,rHc,0.35,0.28807781034146873
15,46,rRa,0.35,0.04997761178666245
15,47,rT,0.35,0.3577901682763748
15,48,raRF,0.35,0.000299112643496527
15,49,rimRF,0.35,0.12550399969087558
15,50,rpRF,0.35,0.00013436911069727214
15,51,rGG,0.35,
15,52,rHb,0.35,0.3808870745063804
15,53,rHi,0.35,0.1810491190694523
15,54,rHR,0.35,0.2295212846139279
15,55,rOG,0.35,
15,56,rOB,0.35,
15,57,rOE,0.35,
15,58,rP,0.35,0.2851083722185468
15,59,rPi,0.35,
15,60,rPT,0.35,0.215439530102466
15,61,rPO,0.35,0.3691834829754919
15,62,rPrT,0.35,0.35445651927993077
15,63,rR,0.35,
15,64,rSP,0.35,0.28432027287870454
15,65,rTeO,0.35,0.33033684482972137
15,66,rTh,0.35,0.35386169823037616
15,67,rTL,0.35,0.2613071789628605
15,68,rTS,0.35,0.1929027009793684
15,69,rTG,0.35,
15,70,rVR,0.35,0.2549701926071649
15,71,rNX,0.35,0.3945448138547225
15,0,MON,0.5,0.4306699775243674
15,1,Cb,0.5,0.26453268129207963
15,2,MOS1,0.5,0.2741001142380022
15,3,MOS2,0.5,0.02166258667945344
15,4,MOS3,0.5,0.3647630433837607
15,5,MOS4,0.5,0.3804333307043368
15,6,MOS5,0.5,0.3339138559305644
15,7,IPN,0.5,0.2648603077790287
15,8,IO,0.5,
15,9,Hc,0.5,
15,10,Ra,0.5,0.029539146229912345
15,11,T,0.5,0.29975353029423535
15,12,aRF,0.5,0.03484055173374731
15,13,imRF,0.5,0.05400444932458003
15,14,pRF,0.5,0.005603780294743912
15,15,GG,0.5,
15,16,Hb,0.5,0.2796197449400506
15,17,Hi,0.5,0.2323492384347572
15,18,HR,0.5,0.17555270922555288
15,19,OG,0.5,
15,20,OB,0.5,
15,21,OE,0.5,
15,22,P,0.5,0.24883688874519846
15,23,Pi,0.5,
15,24,PT,0.5,0.22822699633303356
15,25,PO,0.5,0.2914661474813072
15,26,PrT,0.5,0.17932612040663173
15,27,R,0.5,
15,28,SP,0.5,0.23965806033671097
15,29,TeO,0.5,0.24478964661305233
15,30,Th,0.5,0.22823987815654173
15,31,TL,0.5,0.2496624931938847
15,32,TS,0.5,0.22455245509523983
15,33,TG,0.5,
15,34,VR,0.5,0.35728840556638847
15,35,NX,0.5,0.014768792325820379
15,36,rMON,0.5,0.3901073221884917
15,37,rCb,0.5,0.33011453179417527
15,38,rMOS1,0.5,0.3523802585983214
15,39,rMOS2,0.5,0.027774146208516967
15,40,rMOS3,0.5,0.35289455689649113
15,41,rMOS4,0.5,0.3154136908498606
15,42,rMOS5,0.5,0.28034855501200573
15,43,rIPN,0.5,0.22848618358034775
15,44,rIO,0.5,
15,45,rHc,0.5,0.2767587276546147
15,46,rRa,0.5,0.09342484386610597
15,47,rT,0.5,0.34530419164466253
15,48,raRF,0.5,0.0026811034425142325
15,49,rimRF,0.5,0.1494754156517245
15,50,rpRF,0.5,0.0016162284639421017
15,51,rGG,0.5,
15,52,rHb,0.5,0.3467297278120828
15,53,rHi,0.5,0.19672453097953402
15,54,rHR,0.5,0.23607617769638414
15,55,rOG,0.5,
15,56,rOB,0.5,
15,57,rOE,0.5,
15,58,rP,0.5,0.2793779705734105
15,59,rPi,0.5,
15,60,rPT,0.5,0.2215939685834779
15,61,rPO,0.5,0.33672644803615814
15,62,rPrT,0.5,0.33254754004293047
15,63,rR,0.5,
15,64,rSP,0.5,0.27986835806597654
15,65,rTeO,0.5,0.3139332064902565
15,66,rTh,0.5,0.32743862750933767
15,67,rTL,0.5,0.2604986035024578
15,68,rTS,0.5,0.1884678209064691
15,69,rTG,0.5,
15,70,rVR,0.5,0.2533668794574983
15,71,rNX,0.5,0.3600528108859606
15,0,MON,1.0,0.3417201075969138
15,1,Cb,1.0,0.2473419254220651
15,2,MOS1,1.0,0.24848112404716313
15,3,MOS2,1.0,0.08505022075260688
15,4,MOS3,1.0,0.3459082535029878
15,5,MOS4,1.0,0.35454639159249085
15,6,MOS5,1.0,0.2863919417275821
15,7,IPN,1.0,0.25988082892894965
15,8,IO,1.0,
15,9,Hc,1.0,
15,10,Ra,1.0,0.10806922322134664
15,11,T,1.0,0.25796707327406276
15,12,aRF,1.0,0.10082950866786894
15,13,imRF,1.0,0.11478768732112977
15,14,pRF,1.0,0.04377860644515602
15,15,GG,1.0,
15,16,Hb,1.0,0.2703920332496091
15,17,Hi,1.0,0.24004923022162084
15,18,HR,1.0,0.19075020372795848
15,19,OG,1.0,
15,20,OB,1.0,
15,21,OE,1.0,
15,22,P,1.0,0.24954213510748036
15,23,Pi,1.0,
15,24,PT,1.0,0.23267066519678567
15,25,PO,1.0,0.27119758576656533
15,26,PrT,1.0,0.21652107449463853
15,27,R,1.0,
15,28,SP,1.0,0.24224852092938431
15,29,TeO,1.0,0.23459716258313917
15,30,Th,1.0,0.2347304215378809
15,31,TL,1.0,0.24834189099724238
15,32,TS,1.0,0.22998726948035197
15,33,TG,1.0,
15,34,VR,1.0,0.3126402194486673
15,35,NX,1.0,0.076984645068438
15,36,rMON,1.0,0.32803106907585816
15,37,rCb,1.0,0.305147568776767
15,38,rMOS1,1.0,0.342484157435467
15,39,rMOS2,1.0,0.1015095589430154
15,40,rMOS3,1.0,0.3124551671869389
15,41,rMOS4,1.0,0.2781573421518787
15,42,rMOS5,1.0,0.2654315482875718
15,43,rIPN,1.0,0.23154670029726374
15,44,rIO,1.0,
15,45,rHc,1.0,0.26341484948296423
15,46,rRa,1.0,0.17127440261296936
15,47,rT,1.0,0.30462916608383134
15,48,raRF,1.0,0.0325482274081052
15,49,rimRF,1.0,0.18258620082635044
15,50,rpRF,1.0,0.027418755947367413
15,51,rGG,1.0,
15,52,rHb,1.0,0.3004381051354234
15,53,rHi,1.0,0.21650145443023777
15,54,rHR,1.0,0.24468856158254912
15,55,rOG,1.0,
15,56,rOB,1.0,
15,57,rOE,1.0,
15,58,rP,1.0,0.2686329396794721
15,59,rPi,1.0,
15,60,rPT,1.0,0.22717749261743697
15,61,rPO,1.0,0.29168563389673424
15,62,rPrT,1.0,0.2948497093190205
15,63,rR,1.0,
15,64,rSP,1.0,0.27051400522544744
15,65,rTeO,1.0,0.2753139443506538
15,66,rTh,1.0,0.2878980464928726
15,67,rTL,1.0,0.2597619110407798
15,68,rTS,1.0,0.1879720543493842
15,69,rTG,1.0,
15,70,rVR,1.0,0.2523014934910846
15,71,rNX,1.0,0.30987980492594075
16,0,MON,0.025,0.4939673589179175
16,1,Cb,0.025,0.44023668616122136
16,2,MOS1,0.025,0.21935328929372747
16,3,MOS2,0.025,1.613418186659223e-18
16,4,MOS3,0.025,0.28927564675587397
16,5,MOS4,0.025,0.30162293839080456
16,6,MOS5,0.025,0.3560016767540802
16,7,IPN,0.025,0.00030530206085522876
16,8,IO,0.025,
16,9,Hc,0.025,0.23487006920372774
16,10,Ra,0.025,1.9022533810296904e-18
16,11,T,0.025,0.28393679055586335
16,12,aRF,0.025,4.062158228487079e-15
16,13,imRF,0.025,1.4059701786370599e-11
16,14,pRF,0.025,2.412937175194206e-18
16,15,GG,0.025,
16,16,Hb,0.025,0.37910198382104826
16,17,Hi,0.025,0.25027929421204886
16,18,HR,0.025,0.19921398188447692
16,19,OG,0.025,0.5000543209398232
16,20,OB,0.025,
16,21,OE,0.025,
16,22,P,0.025,0.6074071018082968
16,23,Pi,0.025,
16,24,PT,0.025,1.4059567497340985e-07
16,25,PO,0.025,0.4949188018676589
16,26,PrT,0.025,1.8213767617574602e-14
16,27,R,0.025,
16,28,SP,0.025,0.5980116141880129
16,29,TeO,0.025,0.16141708969487364
16,30,Th,0.025,2.701378438003593e-06
16,31,TL,0.025,0.4567045822551735
16,32,TS,0.025,0.031027925331654643
16,33,TG,0.025,0.5068620549599857
16,34,VR,0.025,0.4833107237746197
16,35,NX,0.025,0.00022042848215542154
16,36,rMON,0.025,0.5052635051635703
16,37,rCb,0.025,0.48397799194354446
16,38,rMOS1,0.025,0.150002369883892
16,39,rMOS2,0.025,1.811850297189655e-18
16,40,rMOS3,0.025,0.3163751028946495
16,41,rMOS4,0.025,0.2622671258439831
16,42,rMOS5,0.025,0.23109948951264644
16,43,rIPN,0.025,9.037589474378679e-06
16,44,rIO,0.025,
16,45,rHc,0.025,
16,46,rRa,0.025,2.1751723428988273e-16
16,47,rT,0.025,0.06673401302943578
16,48,raRF,0.025,1.5302658992692227e-18
16,49,rimRF,0.025,1.622425095637186e-18
16,50,rpRF,0.025,1.5851690745243796e-18
16,51,rGG,0.025,
16,52,rHb,0.025,0.30909708781008627
16,53,rHi,0.025,0.04182553127121751
16,54,rHR,0.025,0.11644563853288464
16,55,rOG,0.025,
16,56,rOB,0.025,
16,57,rOE,0.025,
16,58,rP,0.025,0.6333822894025678
16,59,rPi,0.025,
16,60,rPT,0.025,2.2951918936617245e-07
16,61,rPO,0.025,0.48145016730746787
16,62,rPrT,0.025,0.005399342644026603
16,63,rR,0.025,
16,64,rSP,0.025,0.38661367790657397
16,65,rTeO,0.025,0.0698955906277684
16,66,rTh,0.025,0.3809876569013918
16,67,rTL,0.025,0.22402708277524752
16,68,rTS,0.025,0.49038299921152917
16,69,rTG,0.025,
16,70,rVR,0.025,0.1940736356257354
16,71,rNX,0.025,1.675246984571987e-18
16,0,MON,0.05,0.49596744120415764
16,1,Cb,0.05,0.43743607266734025
16,2,MOS1,0.05,0.18919735955290826
16,3,MOS2,0.05,3.6422987735792115e-16
16,4,MOS3,0.05,0.28158156985386185
16,5,MOS4,0.05,0.3041097698030817
16,6,MOS5,0.05,0.362561328905444
16,7,IPN,0.05,0.007808714138792416
16,8,IO,0.05,
16,9,Hc,0.05,0.2543240442481255
16,10,Ra,0.05,5.108309977376398e-17
16,11,T,0.05,0.28037085317718297
16,12,aRF,0.05,3.3849356377721355e-08
16,13,imRF,0.05,2.1735899981922635e-06
16,14,pRF,0.05,9.134508710856997e-10
16,15,GG,0.05,
16,16,Hb,0.05,0.3743439505275587
16,17,Hi,0.05,0.2730987673364674
16,18,HR,0.05,0.19801393806450773
16,19,OG,0.05,0.499867020351314
16,20,OB,0.05,
16,21,OE,0.05,
16,22,P,0.05,0.5294616679820927
16,23,Pi,0.05,
16,24,PT,0.05,0.0002456837202396076
16,25,PO,0.05,0.47879157538534983
16,26,PrT,0.05,8.467025642640035e-08
16,27,R,0.05,
16,28,SP,0.05,0.47245161904903515
16,29,TeO,0.05,0.15909774483762315
16,30,Th,0.05,0.0008342724177262228
16,31,TL,0.05,0.41357359723044484
16,32,TS,0.05,0.06397421713799428
16,33,TG,0.05,0.4932202422102372
16,34,VR,0.05,0.4841486043219075
16,35,NX,0.05,0.00886689860719693
16,36,rMON,0.05,0.500361930366225
16,37,rCb,0.05,0.4615957465259061
16,38,rMOS1,0.05,0.14922418351852282
16,39,rMOS2,0.05,1.793175947888203e-18
16,40,rMOS3,0.05,0.311014704382279
16,41,rMOS4,0.05,0.26209951654485353
16,42,rMOS5,0.05,0.22616716168310416
16,43,rIPN,0.05,0.0004531264036845787
16,44,rIO,0.05,
16,45,rHc,0.05,
16,46,rRa,0.05,9.888113775985756e-09
16,47,rT,0.05,0.07705267512669195
16,48,raRF,0.05,8.687971351346928e-16
16,49,rimRF,0.05,1.569100422056186e-15
16,50,rpRF,0.05,1.6030431733002954e-18
16,51,rGG,0.05,
16,52,rHb,0.05,0.2710899175643356
16,53,rHi,0.05,0.11975170164956361
16,54,rHR,0.05,0.12878732975489535
16,55,rOG,0.05,
16,56,rOB,0.05,
16,57,rOE,0.05,
16,58,rP,0.05,0.5899605022875963
16,59,rPi,0.05,
16,60,rPT,0.05,0.00029041411005108214
16,61,rPO,0.05,0.4760597885985787
16,62,rPrT,0.05,0.04204911752334557
16,63,rR,0.05,
16,64,rSP,0.05,0.3451079223871707
16,65,rTeO,0.05,0.07402409687327677
16,66,rTh,0.05,0.37070578635821333
16,67,rTL,0.05,0.21101556834957766
16,68,rTS,0.05,0.4951896920415207
16,69,rTG,0.05,
16,70,rVR,0.05,0.22675823202531484
16,71,rNX,0.05,1.6429005969727025e-18
16,0,MON,0.1,0.4987948798786022
16,1,Cb,0.1,0.43859742266109264
16,2,MOS1,0.1,0.16345144284178248
16,3,MOS2,0.1,1.2028557662108515e-08
16,4,MOS3,0.1,0.28216507898792414
16,5,MOS4,0.1,0.3179811689024103
16,6,MOS5,0.1,0.3788022316162463
16,7,IPN,0.1,0.037328405035268526
16,8,IO,0.1,
16,9,Hc,0.1,0.27620307779707237
16,10,Ra,0.1,4.866569827292847e-09
16,11,T,0.1,0.2818772718980007
16,12,aRF,0.1,0.00010173971410360043
16,13,imRF,0.1,0.0008610966574639193
16,14,pRF,0.1,1.8137482483533296e-05
16,15,GG,0.1,
16,16,Hb,0.1,0.3419532075467774
16,17,Hi,0.1,0.28556271867855854
16,18,HR,0.1,0.21543914704338663
16,19,OG,0.1,0.4912206502063965
16,20,OB,0.1,
16,21,OE,0.1,
16,22,P,0.1,0.4067299112211236
16,23,Pi,0.1,
16,24,PT,0.1,0.010378780912575976
16,25,PO,0.1,0.4210053544674178
16,26,PrT,0.1,0.0001852215700353613
16,27,R,0.1,
16,28,SP,0.1,0.3539044038698272
16,29,TeO,0.1,0.1569392940442448
16,30,Th,0.1,0.014601424116097297
16,31,TL,0.1,0.36844587806576795
16,32,TS,0.1,0.08844415838668757
16,33,TG,0.1,0.48704423889297693
16,34,VR,0.1,0.4861730117107875
16,35,NX,0.1,0.050852376749327306
16,36,rMON,0.1,0.49891334379630425
16,37,rCb,0.1,0.441985553738389
16,38,rMOS1,0.1,0.15834944012104502
16,39,rMOS2,0.1,2.7696105662403588e-17
16,40,rMOS3,0.1,0.3145590473624195
16,41,rMOS4,0.1,0.2684765058062492
16,42,rMOS5,0.1,0.22852689884527197
16,43,rIPN,0.1,0.006710375237679288
16,44,rIO,0.1,
16,45,rHc,0.1,
16,46,rRa,0.1,6.793432406709246e-05
16,47,rT,0.1,0.1127684578878133
16,48,raRF,0.1,1.78412235555204e-08
16,49,rimRF,0.1,2.492330549342752e-08
16,50,rpRF,0.1,4.573183582577752e-14
16,51,rGG,0.1,
16,52,rHb,0.1,0.24257885111695213
16,53,rHi,0.1,0.1929564900349917
16,54,rHR,0.1,0.1478917562701894
16,55,rOG,0.1,
16,56,rOB,0.1,
16,57,rOE,0.1,
16,58,rP,0.1,0.4726043955152275
16,59,rPi,0.1,
16,60,rPT,0.1,0.010273136072351221
16,61,rPO,0.1,0.4558649733120239
16,62,rPrT,0.1,0.10446633916827057
16,63,rR,0.1,
16,64,rSP,0.1,0.2953869265269499
16,65,rTeO,0.1,0.08217879219904246
16,66,rTh,0.1,0.3521847191393434
16,67,rTL,0.1,0.19638061590828182
16,68,rTS,0.1,0.4967713703331975
16,69,rTG,0.1,
16,70,rVR,0.1,0.24521873526928
16,71,rNX,0.1,5.121863619732746e-18
16,0,MON,0.2,0.49238732762643034
16,1,Cb,0.2,0.4227423288144389
16,2,MOS1,0.2,0.16052173671761963
16,3,MOS2,0.2,7.261927991559736e-05
16,4,MOS3,0.2,0.29405793121215096
16,5,MOS4,0.2,0.3446997657267183
16,6,MOS5,0.2,0.3995566951274825
16,7,IPN,0.2,0.08780960627046146
16,8,IO,0.2,
16,9,Hc,0.2,0.2767552161988758
16,10,Ra,0.2,4.9341589651085216e-05
16,11,T,0.2,0.2889609997937066
16,12,aRF,0.2,0.005767678524036165
16,13,imRF,0.2,0.017084564089622323
16,14,pRF,0.2,0.0026557581060756117
16,15,GG,0.2,
16,16,Hb,0.2,0.3057265046776112
16,17,Hi,0.2,0.29015381813074564
16,18,HR,0.2,0.2354255757797549
16,19,OG,0.2,0.4410041497669457
16,20,OB,0.2,
16,21,OE,0.2,
16,22,P,0.2,0.3194816395338642
16,23,Pi,0.2,
16,24,PT,0.2,0.06278917750936658
16,25,PO,0.2,0.35121047343327305
16,26,PrT,0.2,0.00881740892838293
16,27,R,0.2,
16,28,SP,0.2,0.2830896388917269
16,29,TeO,0.2,0.1639040827312078
16,30,Th,0.2,0.061312272901481
16,31,TL,0.2,0.33609575604710906
16,32,TS,0.2,0.10813820338228997
16,33,TG,0.2,0.4720019142343099
16,34,VR,0.2,0.4838547362441048
16,35,NX,0.2,0.11013562440380875
16,36,rMON,0.2,0.4998592987410849
16,37,rCb,0.2,0.42139724890496927
16,38,rMOS1,0.2,0.17571253136726736
16,39,rMOS2,0.2,3.5342813525776035e-09
16,40,rMOS3,0.2,0.3291933681542537
16,41,rMOS4,0.2,0.2786730132503393
16,42,rMOS5,0.2,0.2440848302597449
16,43,rIPN,0.2,0.043455556156912344
16,44,rIO,0.2,
16,45,rHc,0.2,
16,46,rRa,0.2,0.005783984709612708
16,47,rT,0.2,0.15451902996751896
16,48,raRF,0.2,8.45440387397025e-05
16,49,rimRF,0.2,0.00010382794913694381
16,50,rpRF,0.2,1.3926487351266075e-07
16,51,rGG,0.2,
16,52,rHb,0.2,0.22909549408245855
16,53,rHi,0.2,0.2463593820177926
16,54,rHR,0.2,0.17391335802105518
16,55,rOG,0.2,
16,56,rOB,0.2,
16,57,rOE,0.2,
16,58,rP,0.2,0.3623152428903445
16,59,rPi,0.2,
16,60,rPT,0.2,0.05712490132076143
16,61,rPO,0.2,0.39802372073882075
16,62,rPrT,0.2,0.15768843383211573
16,63,rR,0.2,
16,64,rSP,0.2,0.2559651783747767
16,65,rTeO,0.2,0.10062268587112153
16,66,rTh,0.2,0.33023854935035757
16,67,rTL,0.2,0.19368223263882328
16,68,rTS,0.2,0.4792768868705412
16,69,rTG,0.2,
16,70,rVR,0.2,0.2563930818799587
16,71,rNX,0.2,1.4460258858810977e-09
16,0,MON,0.35,0.47271337140923164
16,1,Cb,0.35,0.38157694695459204
16,2,MOS1,0.35,0.17091538904838455
16,3,MOS2,0.35,0.003081188990479791
16,4,MOS3,0.35,0.30366326329901205
16,5,MOS4,0.35,0.36110032880713855
16,6,MOS5,0.35,0.40472151166860665
16,7,IPN,0.35,0.13512615322062982
16,8,IO,0.35,
16,9,Hc,0.35,0.26883698825993885
16,10,Ra,0.35,0.002607577688613877
16,11,T,0.35,0.2887736428624024
16,12,aRF,0.35,0.0314117493561814
16,13,imRF,0.35,0.05730480036122221
16,14,pRF,0.35,0.022107453754703184
16,15,GG,0.35,
16,16,Hb,0.35,0.28372822900660516
16,17,Hi,0.35,0.28963955392192725
16,18,HR,0.35,0.24417888734626655
16,19,OG,0.35,0.37970475056125363
16,20,OB,0.35,
16,21,OE,0.35,
16,22,P,0.35,0.28330895267858147
16,23,Pi,0.35,
16,24,PT,0.35,0.12445340812430977
16,25,PO,0.35,0.31235210068554903
16,26,PrT,0.35,0.04397334559195607
16,27,R,0.35,
16,28,SP,0.35,0.2581843992533991
16,29,TeO,0.35,0.17774998153280908
16,30,Th,0.35,0.11547799090511703
16,31,TL,0.35,0.3129833950424624
16,32,TS,0.35,0.1262716056410547
16,33,TG,0.35,0.4453253095452099
16,34,VR,0.35,0.4752463921865237
16,35,NX,0.35,0.14942543309294828
16,36,rMON,0.35,0.4716402764436654
16,37,rCb,0.35,0.389886389530281
16,38,rMOS1,0.35,0.18692938248953936
16,39,rMOS2,0.35,1.0572171354050418e-05
16,40,rMOS3,0.35,0.3424265169130615
16,41,rMOS4,0.35,0.2760796048677696
16,42,rMOS5,0.35,0.2602578961441402
16,43,rIPN,0.35,0.09723146888202672
16,44,rIO,0.35,
16,45,rHc,0.35,
16,46,rRa,0.35,0.037182928594194066
16,47,rT,0.35,0.18039277797647177
16,48,raRF,0.35,0.0032611845452859166
16,49,rimRF,0.35,0.0037432693996197384
16,50,rpRF,0.35,8.543483274173277e-05
16,51,rGG,0.35,
16,52,rHb,0.35,0.23049112737351016
16,53,rHi,0.35,0.2645479537796425
16,54,rHR,0.35,0.19362515123891477
16,55,rOG,0.35,
16,56,rOB,0.35,
16,57,rOE,0.35,
16,58,rP,0.35,0.3110045612379012
16,59,rPi,0.35,
16,60,rPT,0.35,0.11173123919056671
16,61,rPO,0.35,0.3450176714549344
16,62,rPrT,0.35,0.18816083142745707
16,63,rR,0.35,
16,64,rSP,0.35,0.24396523800858885
16,65,rTeO,0.35,0.12290590086409174
16,66,rTh,0.35,0.3064431719044559
16,67,rTL,0.35,0.196088420723272
16,68,rTS,0.35,0.43023087466476323
16,69,rTG,0.35,
16,70,rVR,0.35,0.26019998981573567
16,71,rNX,0.35,6.083740798341479e-06
16,0,MON,0.5,0.4546975339949885
16,1,Cb,0.5,0.35156614039789025
16,2,MOS1,0.5,0.17955425121976723
16,3,MOS2,0.5,0.013547354523178031
16,4,MOS3,0.5,0.30536636435804676
16,5,MOS4,0.5,0.36005010638494983
16,6,MOS5,0.5,0.39365076885572703
16,7,IPN,0.5,0.16249033567086013
16,8,IO,0.5,
16,9,Hc,0.5,0.2639580585101015
16,10,Ra,0.5,0.01257243326977864
16,11,T,0.5,0.28096131135976177
16,12,aRF,0.5,0.05958073437879043
16,13,imRF,0.5,0.08912902487620591
16,14,pRF,0.5,0.04934950508655292
16,15,GG,0.5,
16,16,Hb,0.5,0.273818102713056
16,17,Hi,0.5,0.28550674985514846
16,18,HR,0.5,0.245480241059847
16,19,OG,0.5,0.3454794843008485
16,20,OB,0.5,
16,21,OE,0.5,
16,22,P,0.5,0.27086257857963725
16,23,Pi,0.5,
16,24,PT,0.5,0.158388771004647
16,25,PO,0.5,0.296839443295817
16,26,PrT,0.5,0.07972760695341448
16,27,R,0.5,
16,28,SP,0.5,0.2514791574021014
16,29,TeO,0.5,0.1876168281207472
16,30,Th,0.5,0.148155791157088
16,31,TL,0.5,0.2984982693090669
16,32,TS,0.5,0.13945619716776195
16,33,TG,0.5,0.41936949538625357
16,34,VR,0.5,0.46549523606510995
16,35,NX,0.5,0.16851903903485727
16,36,rMON,0.5,0.4354952905472272
16,37,rCb,0.5,0.36510247256941636
16,38,rMOS1,0.5,0.19256343690214162
16,39,rMOS2,0.5,0.0002591288573893131
16,40,rMOS3,0.5,0.3505773143350023
16,41,rMOS4,0.5,0.2692984429674853
16,42,rMOS5,0.5,0.26577199107026894
16,43,rIPN,0.5,0.1320819208950466
16,44,rIO,0.5,
16,45,rHc,0.5,
16,46,rRa,0.5,0.07434145789149665
16,47,rT,0.5,0.1908603628294684
16,48,raRF,0.5,0.013922227428067918
16,49,rimRF,0.5,0.015417723641542
16,50,rpRF,0.5,0.0011173786618558245
16,51,rGG,0.5,
16,52,rHb,0.5,0.23468118446461464
16,53,rHi,0.5,0.26597250888331264
16,54,rHR,0.5,0.20550704892612762
16,55,rOG,0.5,
16,56,rOB,0.5,
16,57,rOE,0.5,
16,58,rP,0.5,0.2917425645703272
16,59,rPi,0.5,
16,60,rPT,0.5,0.14379769551216467
16,61,rPO,0.5,0.31919839156739005
16,62,rPrT,0.5,0.20214428766588396
16,63,rR,0.5,
16,64,rSP,0.5,0.24282920111502987
16,65,rTeO,0.5,0.13970863898473068
16,66,rTh,0.5,0.29208845826875934
16,67,rTL,0.5,0.20002831266341758
16,68,rTS,0.5,0.3908756637251529
16,69,rTG,0.5,
16,70,rVR,0.5,0.2585739215720626
16,71,rNX,0.5,0.00017210652355390162
16,0,MON,1.0,0.4051080320284839
16,1,Cb,1.0,0.30621414533533503
16,2,MOS1,1.0,0.19924756034722366
16,3,MOS2,1.0,0.06884958912311065
16,4,MOS3,1.0,0.2961265003004823
16,5,MOS4,1.0,0.332240057144836
16,6,MOS5,1.0,0.3475106617263965
16,7,IPN,1.0,0.20221698209031652
16,8,IO,1.0,
16,9,Hc,1.0,0.25728306131926815
16,10,Ra,1.0,0.07130461701624828
16,11,T,1.0,0.26034079511796365
16,12,aRF,1.0,0.12073100017524728
16,13,imRF,1.0,0.14464139139079124
16,14,pRF,1.0,0.11555625542847085
16,15,GG,1.0,
16,16,Hb,1.0,0.26195052129344315
16,17,Hi,1.0,0.2702060162473525
16,18,HR,1.0,0.24395561297030646
16,19,OG,1.0,0.29962020878260065
16,20,OB,1.0,
16,21,OE,1.0,
16,22,P,1.0,0.25957138206307373
16,23,Pi,1.0,
16,24,PT,1.0,0.202311297353738
16,25,PO,1.0,0.2801262433527595
16,26,PrT,1.0,0.14820696378087925
16,27,R,1.0,
16,28,SP,1.0,0.2477714623798733
16,29,TeO,1.0,0.20570768859499156
16,30,Th,1.0,0.19485809339102927
16,31,TL,1.0,0.2762504452866095
16,32,TS,1.0,0.16849707886390342
16,33,TG,1.0,0.3579408885102304
16,34,VR,1.0,0.42271110135434264
16,35,NX,1.0,0.19528889061893684
16,36,rMON,1.0,0.3589916124000034
16,37,rCb,1.0,0.32267194194612636
16,38,rMOS1,1.0,0.20473569589731488
16,39,rMOS2,1.0,0.010670865109227408
16,40,rMOS3,1.0,0.3606475353388048
16,41,rMOS4,1.0,0.25612820819099613
16,42,rMOS5,1.0,0.2639433276624376
16,43,rIPN,1.0,0.18480695674793107
16,44,rIO,1.0,
16,45,rHc,1.0,
16,46,rRa,1.0,0.1524156823263259
16,47,rT,1.0,0.20379913639401845
16,48,raRF,1.0,0.06938098637972386
16,49,rimRF,1.0,0.07266933042354652
16,50,rpRF,1.0,0.021585319187320855
16,51,rGG,1.0,
16,52,rHb,1.0,0.243054359954934
16,53,rHi,1.0,0.26098767323591276
16,54,rHR,1.0,0.22488269367861116
16,55,rOG,1.0,
16,56,rOB,1.0,
16,57,rOE,1.0,
16,58,rP,1.0,0.2709807441181087
16,59,rPi,1.0,
16,60,rPT,1.0,0.19067030899012016
16,61,rPO,1.0,0.2889780853040373
16,62,rPrT,1.0,0.21928180555381152
16,63,rR,1.0,
16,64,rSP,1.0,0.24502964968198318
16,65,rTeO,1.0,0.17276652638295206
16,66,rTh,1.0,0.27210678552655904
16,67,rTL,1.0,0.2144475720923398
16,68,rTS,1.0,0.3272372710272563
16,69,rTG,1.0,
16,70,rVR,1.0,0.25117328374953357
16,71,rNX,1.0,0.008621823491357001
17,0,MON,0.025,0.450874736455224
17,1,Cb,0.025,0.37799160548549066
17,2,MOS1,0.025,0.3732382898182829
17,3,MOS2,0.025,0.4436813035060641
17,4,MOS3,0.025,0.35961489017635756
17,5,MOS4,0.025,0.37057241055728596
17,6,MOS5,0.025,0.44047339506393424
17,7,IPN,0.025,0.024810395296653857
17,8,IO,0.025,
17,9,Hc,0.025,
17,10,Ra,0.025,2.1529042577595353e-18
17,11,T,0.025,2.692324990341552e-09
17,12,aRF,0.025,9.924717857240191e-05
17,13,imRF,0.025,1.765791668844986e-17
17,14,pRF,0.025,9.762614478782216e-08
17,15,GG,0.025,
17,16,Hb,0.025,0.3501859215616392
17,17,Hi,0.025,0.007876799332028716
17,18,HR,0.025,0.09923471762923514
17,19,OG,0.025,
17,20,OB,0.025,0.4992418770228647
17,21,OE,0.025,0.46263139734440134
17,22,P,0.025,0.14769520002971462
17,23,Pi,0.025,
17,24,PT,0.025,0.0008925714099420304
17,25,PO,0.025,0.45999204860472864
17,26,PrT,0.025,0.0010263815785561178
17,27,R,0.025,
17,28,SP,0.025,0.5553760525080285
17,29,TeO,0.025,0.34326814888734763
17,30,Th,0.025,0.5711641324166914
17,31,TL,0.025,0.2912874482014255
17,32,TS,0.025,0.16844025518654507
17,33,TG,0.025,
17,34,VR,0.025,
17,35,NX,0.025,0.46087676518343135
17,36,rMON,0.025,0.5154189781533286
17,37,rCb,0.025,0.3158720105630392
17,38,rMOS1,0.025,0.17890959201568996
17,39,rMOS2,0.025,2.105963900514933e-18
17,40,rMOS3,0.025,0.30951062557151154
17,41,rMOS4,0.025,0.3329182392674934
17,42,rMOS5,0.025,0.3602928840491069
17,43,rIPN,0.025,8.726646989988838e-07
17,44,rIO,0.025,
17,45,rHc,0.025,
17,46,rRa,0.025,1.9198714208487788e-18
17,47,rT,0.025,0.187602975931227
17,48,raRF,0.025,2.4724090549791483e-11
17,49,rimRF,0.025,3.3000573368269025e-09
17,50,rpRF,0.025,1.957017918912412e-18
17,51,rGG,0.025,
17,52,rHb,0.025,0.19334370174822413
17,53,rHi,0.025,0.012545550013444196
17,54,rHR,0.025,0.3263188536962652
17,55,rOG,0.025,
17,56,rOB,0.025,
17,57,rOE,0.025,0.4466894407889228
17,58,rP,0.025,0.510466151908207
17,59,rPi,0.025,
17,60,rPT,0.025,8.912489386414543e-05
17,61,rPO,0.025,0.4845466353201626
17,62,rPrT,0.025,0.35651050322148753
17,63,rR,0.025,
17,64,rSP,0.025,0.6615535118142489
17,65,rTeO,0.025,0.1291042951283555
17,66,rTh,0.025,0.43725832713914764
17,67,rTL,0.025,0.23138609516629902
17,68,rTS,0.025,0.15303613784840733
17,69,rTG,0.025,
17,70,rVR,0.025,0.18429189380314007
17,71,rNX,0.025,2.100620151893347e-18
17,0,MON,0.05,0.45388173782053143
17,1,Cb,0.05,0.37043812335604415
17,2,MOS1,0.05,0.3683308910877447
17,3,MOS2,0.05,0.44403546657541515
17,4,MOS3,0.05,0.33846323049906296
17,5,MOS4,0.05,0.3865578397783054
17,6,MOS5,0.05,0.4434084922468196
17,7,IPN,0.05,0.10574937919770402
17,8,IO,0.05,
17,9,Hc,0.05,
17,10,Ra,0.05,2.115821464523843e-18
17,11,T,0.05,3.123184360336518e-05
17,12,aRF,0.05,0.0071742673942817355
17,13,imRF,0.05,2.4878952774950644e-09
17,14,pRF,0.05,0.00021329278626205418
17,15,GG,0.05,
17,16,Hb,0.05,0.3133503329142994
17,17,Hi,0.05,0.04770633782086201
17,18,HR,0.05,0.13777295207920784
17,19,OG,0.05,
17,20,OB,0.05,0.49234136073451407
17,21,OE,0.05,0.46236600060204397
17,22,P,0.05,0.244234777223119
17,23,Pi,0.05,
17,24,PT,0.05,0.019473188264202586
17,25,PO,0.05,0.4471846150323812
17,26,PrT,0.05,0.02075764127614256
17,27,R,0.05,
17,28,SP,0.05,0.5269459032509805
17,29,TeO,0.05,0.3345588307387718
17,30,Th,0.05,0.535785902471544
17,31,TL,0.05,0.28862712964528076
17,32,TS,0.05,0.1551407134663681
17,33,TG,0.05,
17,34,VR,0.05,
17,35,NX,0.05,0.3952849441844811
17,36,rMON,0.05,0.4788193062030233
17,37,rCb,0.05,0.3035144196285116
17,38,rMOS1,0.05,0.17777644974667542
17,39,rMOS2,0.05,2.115421306098942e-18
17,40,rMOS3,0.05,0.31036837500138736
17,41,rMOS4,0.05,0.33461282142158455
17,42,rMOS5,0.05,0.3614780773745011
17,43,rIPN,0.05,0.0004213869217388171
17,44,rIO,0.05,
17,45,rHc,0.05,
17,46,rRa,0.05,1.8944642468214105e-18
17,47,rT,0.05,0.18796257933855343
17,48,raRF,0.05,3.3109255990747013e-06
17,49,rimRF,0.05,3.392794107849651e-05
17,50,rpRF,0.05,1.9749134308674767e-18
17,51,rGG,0.05,
17,52,rHb,0.05,0.279502999340575
17,53,rHi,0.05,0.06261100030712206
17,54,rHR,0.05,0.2883721003361712
17,55,rOG,0.05,
17,56,rOB,0.05,
17,57,rOE,0.05,0.37151205356869016
17,58,rP,0.05,0.3979188503038711
17,59,rPi,0.05,
17,60,rPT,0.05,0.0072136872565015265
17,61,rPO,0.05,0.48008449696122824
17,62,rPrT,0.05,0.31092348333064823
17,63,rR,0.05,
17,64,rSP,0.05,0.5284848026840583
17,65,rTeO,0.05,0.15124905966314373
17,66,rTh,0.05,0.3658978571703446
17,67,rTL,0.05,0.2252081461362983
17,68,rTS,0.05,0.16965758723588228
17,69,rTG,0.05,
17,70,rVR,0.05,0.24850984402721243
17,71,rNX,0.05,6.781518534900625e-11
17,0,MON,0.1,0.4510688343905322
17,1,Cb,0.1,0.32919254569910883
17,2,MOS1,0.1,0.3593450219201121
17,3,MOS2,0.1,0.4235981681677717
17,4,MOS3,0.1,0.3131577894620514
17,5,MOS4,0.1,0.4017277743394471
17,6,MOS5,0.1,0.44296574724636223
17,7,IPN,0.1,0.19491608103472086
17,8,IO,0.1,
17,9,Hc,0.1,
17,10,Ra,0.1,1.5527406503376647e-16
17,11,T,0.1,0.0033755591343267474
17,12,aRF,0.1,0.05551294981811077
17,13,imRF,0.1,3.0057328741015292e-05
17,14,pRF,0.1,0.0096383218006143
17,15,GG,0.1,
17,16,Hb,0.1,0.28398921691314305
17,17,Hi,0.1,0.10726555645641915
17,18,HR,0.1,0.16221124747359733
17,19,OG,0.1,
17,20,OB,0.1,0.4454655247607686
17,21,OE,0.1,0.4235625608476658
17,22,P,0.1,0.28120537063810735
17,23,Pi,0.1,
17,24,PT,0.1,0.07846666573466228
17,25,PO,0.1,0.42481591658017004
17,26,PrT,0.1,0.08074138096332184
17,27,R,0.1,
17,28,SP,0.1,0.4468028108208341
17,29,TeO,0.1,0.3246794715871999
17,30,Th,0.1,0.4544252467798007
17,31,TL,0.1,0.28506404472433094
17,32,TS,0.1,0.14934813871033925
17,33,TG,0.1,
17,34,VR,0.1,
17,35,NX,0.1,0.33889809575091645
17,36,rMON,0.1,0.41464165470863606
17,37,rCb,0.1,0.2800178318721167
17,38,rMOS1,0.1,0.1767527780812505
17,39,rMOS2,0.1,3.4066781124181534e-16
17,40,rMOS3,0.1,0.30973320567823126
17,41,rMOS4,0.1,0.3355173347114896
17,42,rMOS5,0.1,0.35453835077402956
17,43,rIPN,0.1,0.011188663193757943
17,44,rIO,0.1,
17,45,rHc,0.1,
17,46,rRa,0.1,4.60675809978963e-15
17,47,rT,0.1,0.18598124827077356
17,48,raRF,0.1,0.0012107509358754097
17,49,rimRF,0.1,0.003420279709704575
17,50,rpRF,0.1,1.9749994526681236e-18
17,51,rGG,0.1,
17,52,rHb,0.1,0.32622009564608784
17,53,rHi,0.1,0.12562979297782736
17,54,rHR,0.1,0.2666770956956112
17,55,rOG,0.1,
17,56,rOB,0.1,
17,57,rOE,0.1,0.31482918260841075
17,58,rP,0.1,0.3202663123860371
17,59,rPi,0.1,
17,60,rPT,0.1,0.059320760010820824
17,61,rPO,0.1,0.47322536276731864
17,62,rPrT,0.1,0.27735704332330025
17,63,rR,0.1,
17,64,rSP,0.1,0.4221728757302604
17,65,rTeO,0.1,0.17428401992241419
17,66,rTh,0.1,0.3018059209223768
17,67,rTL,0.1,0.23045246564037908
17,68,rTS,0.1,0.1745915944665901
17,69,rTG,0.1,
17,70,rVR,0.1,0.2632358613906688
17,71,rNX,0.1,5.65505821469629e-06
17,0,MON,0.2,0.4451211888914391
17,1,Cb,0.2,0.276528963786462
17,2,MOS1,0.2,0.35741670780788
17,3,MOS2,0.2,0.36458930876057344
17,4,MOS3,0.2,0.2880992493247384
17,5,MOS4,0.2,0.40743714678602244
17,6,MOS5,0.2,0.4428463723612963
17,7,IPN,0.2,0.24424830107238604
17,8,IO,0.2,
17,9,Hc,0.2,
17,10,Ra,0.2,8.710887275328221e-09
17,11,T,0.2,0.03380417598189075
17,12,aRF,0.2,0.131620884052637
17,13,imRF,0.2,0.0032974733321520055
17,14,pRF,0.2,0.05815771040048304
17,15,GG,0.2,
17,16,Hb,0.2,0.2673152562910468
17,17,Hi,0.2,0.1527416505858209
17,18,HR,0.2,0.17641867177297962
17,19,OG,0.2,
17,20,OB,0.2,0.3704838611288508
17,21,OE,0.2,0.3574328345233378
17,22,P,0.2,0.2779706529888408
17,23,Pi,0.2,
17,24,PT,0.2,0.1390829624297035
17,25,PO,0.2,0.37405151810484427
17,26,PrT,0.2,0.14233814764199038
17,27,R,0.2,
17,28,SP,0.2,0.347397470438391
17,29,TeO,0.2,0.3202934660450802
17,30,Th,0.2,0.37173059087539617
17,31,TL,0.2,0.27762659331259854
17,32,TS,0.2,0.1540744049274323
17,33,TG,0.2,
17,34,VR,0.2,
17,35,NX,0.2,0.3060550863623306
17,36,rMON,0.2,0.34754018715360163
17,37,rCb,0.2,0.2688829944227528
17,38,rMOS1,0.2,0.18380321961557783
17,39,rMOS2,0.2,1.299494339138619e-08
17,40,rMOS3,0.2,0.30940728182141336
17,41,rMOS4,0.2,0.3420429834704268
17,42,rMOS5,0.2,0.34875889638127605
17,43,rIPN,0.2,0.05842571241652589
17,44,rIO,0.2,
17,45,rHc,0.2,
17,46,rRa,0.2,4.6036787408180187e-08
17,47,rT,0.2,0.1880447299573493
17,48,raRF,0.2,0.0224563573123857
17,49,rimRF,0.2,0.03211227984002845
17,50,rpRF,0.2,9.714253157552588e-12
17,51,rGG,0.2,
17,52,rHb,0.2,0.34140790382020075
17,53,rHi,0.2,0.17173587907002802
17,54,rHR,0.2,0.2531105929321596
17,55,rOG,0.2,
17,56,rOB,0.2,
17,57,rOE,0.2,0.2829761666036382
17,58,rP,0.2,0.2799788710330942
17,59,rPi,0.2,
17,60,rPT,0.2,0.14662764394905128
17,61,rPO,0.2,0.449520449906102
17,62,rPrT,0.2,0.260235567855185
17,63,rR,0.2,
17,64,rSP,0.2,0.3479710613862446
17,65,rTeO,0.2,0.19188864086411492
17,66,rTh,0.2,0.2634843354407869
17,67,rTL,0.2,0.23964108604504383
17,68,rTS,0.2,0.17394908055516659
17,69,rTG,0.2,
17,70,rVR,0.2,0.26211831323931845
17,71,rNX,0.2,0.0016360999359963837
17,0,MON,0.35,0.4347504371376616
17,1,Cb,0.35,0.2561949223651157
17,2,MOS1,0.35,0.3668139584897022
17,3,MOS2,0.35,0.3160304291441519
17,4,MOS3,0.35,0.27069796320080386
17,5,MOS4,0.35,0.39246152376494653
17,6,MOS5,0.35,0.43531131141855606
17,7,IPN,0.35,0.25740079403559163
17,8,IO,0.35,
17,9,Hc,0.35,
17,10,Ra,0.35,1.8861883997247545e-05
17,11,T,0.35,0.0845061421825803
17,12,aRF,0.35,0.17755286627544517
17,13,imRF,0.35,0.02371088403916019
17,14,pRF,0.35,0.11562123370963602
17,15,GG,0.35,
17,16,Hb,0.35,0.2599372105636957
17,17,Hi,0.35,0.17696291090890806
17,18,HR,0.35,0.18536485103122027
17,19,OG,0.35,
17,20,OB,0.35,0.3229047796942491
17,21,OE,0.35,0.3150713904079126
17,22,P,0.35,0.269697515336816
17,23,Pi,0.35,
17,24,PT,0.35,0.17179038155731274
17,25,PO,0.35,0.33016015160137163
17,26,PrT,0.35,0.17909897879751885
17,27,R,0.35,
17,28,SP,0.35,0.29160793013947117
17,29,TeO,0.35,0.32530496859420976
17,30,Th,0.35,0.3283585891585298
17,31,TL,0.35,0.2745358466772058
17,32,TS,0.35,0.16529587718174882
17,33,TG,0.35,
17,34,VR,0.35,
17,35,NX,0.35,0.2920576838123688
17,36,rMON,0.35,0.3112254886133799
17,37,rCb,0.35,0.272103421715329
17,38,rMOS1,0.35,0.2065479367793568
17,39,rMOS2,0.35,2.348779756551089e-05
17,40,rMOS3,0.35,0.31821643850221365
17,41,rMOS4,0.35,0.3603823856235223
17,42,rMOS5,0.35,0.35450301500115755
17,43,rIPN,0.35,0.11381858482060021
17,44,rIO,0.35,
17,45,rHc,0.35,
17,46,rRa,0.35,4.847619999446795e-05
17,47,rT,0.35,0.20117390661114362
17,48,raRF,0.35,0.07332662373303929
17,49,rimRF,0.35,0.07794769861520837
17,50,rpRF,0.35,3.7397587338210363e-07
17,51,rGG,0.35,
17,52,rHb,0.35,0.3355426046474406
17,53,rHi,0.35,0.20017576567309583
17,54,rHR,0.35,0.24835308134196943
17,55,rOG,0.35,
17,56,rOB,0.35,
17,57,rOE,0.35,0.2689172229308939
17,58,rP,0.35,0.2680729406767204
17,59,rPi,0.35,
17,60,rPT,0.35,0.2020982907547939
17,61,rPO,0.35,0.40790308819749205
17,62,rPrT,0.35,0.25750950986696486
17,63,rR,0.35,
17,64,rSP,0.35,0.30834012247801984
17,65,rTeO,0.35,0.2098641962817019
17,66,rTh,0.35,0.2509862429546715
17,67,rTL,0.35,0.24412239211319
17,68,rTS,0.35,0.1765231298626021
17,69,rTG,0.35,
17,70,rVR,0.35,0.2619332901893404
17,71,rNX,0.35,0.01841679351374548
17,0,MON,0.5,0.41472844650878854
17,1,Cb,0.5,0.25255523142841374
17,2,MOS1,0.5,0.37052947614773607
17,3,MOS2,0.5,0.29259104686108767
17,4,MOS3,0.5,0.26161622377282384
17,5,MOS4,0.5,0.37023831510637883
17,6,MOS5,0.5,0.4153056127533165
17,7,IPN,0.5,0.2587996917741905
17,8,IO,0.5,
17,9,Hc,0.5,
17,10,Ra,0.5,0.00041123413475869976
17,11,T,0.5,0.11772920963388069
17,12,aRF,0.5,0.19656586891811517
17,13,imRF,0.5,0.04969819308199997
17,14,pRF,0.5,0.14826856179737713
17,15,GG,0.5,
17,16,Hb,0.5,0.256963638157623
17,17,Hi,0.5,0.18861697321790408
17,18,HR,0.5,0.18983814276528807
17,19,OG,0.5,
17,20,OB,0.5,0.3018000590524343
17,21,OE,0.5,0.29624519990951187
17,22,P,0.5,0.26541730227946553
17,23,Pi,0.5,
17,24,PT,0.5,0.18576656196413469
17,25,PO,0.5,0.3076874878584814
17,26,PrT,0.5,0.19686056561114518
17,27,R,0.5,
17,28,SP,0.5,0.26866007668573594
17,29,TeO,0.5,0.3252251802869462
17,30,Th,0.5,0.3088823449583635
17,31,TL,0.5,0.2750867827292826
17,32,TS,0.5,0.1722131261609537
17,33,TG,0.5,
17,34,VR,0.5,
17,35,NX,0.5,0.28432078564796465
17,36,rMON,0.5,0.29508905545949093
17,37,rCb,0.5,0.2748437187830672
17,38,rMOS1,0.5,0.2236932494531144
17,39,rMOS2,0.5,0.000473164008392497
17,40,rMOS3,0.5,0.32521770404445627
17,41,rMOS4,0.5,0.36998971965119964
17,42,rMOS5,0.5,0.3525249582039444
17,43,rIPN,0.5,0.14609525477767038
17,44,rIO,0.5,
17,45,rHc,0.5,
17,46,rRa,0.5,0.0007955329208608532
17,47,rT,0.5,0.21065056831704573
17,48,raRF,0.5,0.11275005161329421
17,49,rimRF,0.5,0.10798873739481786
17,50,rpRF,0.5,2.5636883088388856e-05
17,51,rGG,0.5,
17,52,rHb,0.5,0.32844919686167745
17,53,rHi,0.5,0.2144199123506923
17,54,rHR,0.5,0.24589835545381472
17,55,rOG,0.5,
17,56,rOB,0.5,
17,57,rOE,0.5,0.26325484374935776
17,58,rP,0.5,0.26508127616718297
17,59,rPi,0.5,
17,60,rPT,0.5,0.22442586045384477
17,61,rPO,0.5,0.3768019263387067
17,62,rPrT,0.5,0.2576440451538483
17,63,rR,0.5,
17,64,rSP,0.5,0.2910761160300644
17,65,rTeO,0.5,0.22078508118298534
17,66,rTh,0.5,0.24777290494069312
17,67,rTL,0.5,0.24590048180167948
17,68,rTS,0.5,0.17965502720301188
17,69,rTG,0.5,
17,70,rVR,0.5,0.26113446125329315
17,71,rNX,0.5,0.04661884030131509
17,0,MON,1.0,0.35546998881765773
17,1,Cb,1.0,0.2512279954455279
17,2,MOS1,1.0,0.34632881028685336
17,3,MOS2,1.0,0.2623601310199356
17,4,MOS3,1.0,0.24656232500834008
17,5,MOS4,1.0,0.31910584194198804
17,6,MOS5,1.0,0.35505442245457725
17,7,IPN,1.0,0.2550409856072869
17,8,IO,1.0,
17,9,Hc,1.0,
17,10,Ra,1.0,0.014371538175059236
17,11,T,1.0,0.16465800546556375
17,12,aRF,1.0,0.2173738675748543
17,13,imRF,1.0,0.10718724819301789
17,14,pRF,1.0,0.19010697581767363
17,15,GG,1.0,
17,16,Hb,1.0,0.2534846439555422
17,17,Hi,1.0,0.20548317021879653
17,18,HR,1.0,0.19561855770753359
17,19,OG,1.0,
17,20,OB,1.0,0.2761853021788808
17,21,OE,1.0,0.27338096232130743
17,22,P,1.0,0.2596300597316214
17,23,Pi,1.0,
17,24,PT,1.0,0.20133179619042701
17,25,PO,1.0,0.27710316902718773
17,26,PrT,1.0,0.21818536936055716
17,27,R,1.0,
17,28,SP,1.0,0.24480039080973165
17,29,TeO,1.0,0.3030142882726213
17,30,Th,1.0,0.280075934810385
17,31,TL,1.0,0.2751435278340799
17,32,TS,1.0,0.18330622896478152
17,33,TG,1.0,
17,34,VR,1.0,
17,35,NX,1.0,0.26999827229123796
17,36,rMON,1.0,0.27049500981675106
17,37,rCb,1.0,0.2717943086334858
17,38,rMOS1,1.0,0.23771006635699546
17,39,rMOS2,1.0,0.015111325169417163
17,40,rMOS3,1.0,0.3289476832310134
17,41,rMOS4,1.0,0.35346461501570775
17,42,rMOS5,1.0,0.32039913095041805
17,43,rIPN,1.0,0.19202621187874622
17,44,rIO,1.0,
17,45,rHc,1.0,
17,46,rRa,1.0,0.01977378227416895
17,47,rT,1.0,0.21964076379889733
17,48,raRF,1.0,0.17347113564466768
17,49,rimRF,1.0,0.15257296222739106
17,50,rpRF,1.0,0.0034923995579715767
17,51,rGG,1.0,
17,52,rHb,1.0,0.3138415953578193
17,53,rHi,1.0,0.23081183372926892
17,54,rHR,1.0,0.23847862549348894
17,55,rOG,1.0,
17,56,rOB,1.0,
17,57,rOE,1.0,0.2566320125986219
17,58,rP,1.0,0.26070186589494965
17,59,rPi,1.0,
17,60,rPT,1.0,0.24121045831602764
17,61,rPO,1.0,0.3237530087500615
17,62,rPrT,1.0,0.25549469601385955
17,63,rR,1.0,
17,64,rSP,1.0,0.2702950909709696
17,65,rTeO,1.0,0.23104610772003314
17,66,rTh,1.0,0.2451984921557316
17,67,rTL,1.0,0.2479555881512571
17,68,rTS,1.0,0.18717789668647905
17,69,rTG,1.0,
17,70,rVR,1.0,0.25546570241415484
17,71,rNX,1.0,0.12211746614504668
18,0,MON,0.025,0.7467503557266131
18,1,Cb,0.025,0.5137168060626615
18,2,MOS1,0.025,0.39942612546711
18,3,MOS2,0.025,2.476526652692803e-07
18,4,MOS3,0.025,0.5149025659140777
18,5,MOS4,0.025,0.5691605727366198
18,6,MOS5,0.025,0.5490471319754842
18,7,IPN,0.025,0.16299691947348183
18,8,IO,0.025,
18,9,Hc,0.025,0.398267280925849
18,10,Ra,0.025,2.6619230688536834e-18
18,11,T,0.025,0.4235255819535504
18,12,aRF,0.025,2.3869827110546856e-18
18,13,imRF,0.025,0.4770006982099081
18,14,pRF,0.025,2.430701298595831e-18
18,15,GG,0.025,
18,16,Hb,0.025,0.3308558033437019
18,17,Hi,0.025,0.12609192070159939
18,18,HR,0.025,0.38090425517194926
18,19,OG,0.025,0.1579246424891258
18,20,OB,0.025,
18,21,OE,0.025,
18,22,P,0.025,0.590690644398443
18,23,Pi,0.025,
18,24,PT,0.025,1.605845698799492e-05
18,25,PO,0.025,0.6223468517912729
18,26,PrT,0.025,0.05751274327151032
18,27,R,0.025,
18,28,SP,0.025,0.4889901711785536
18,29,TeO,0.025,0.4077136987106889
18,30,Th,0.025,0.036050350952693
18,31,TL,0.025,0.4525865409862223
18,32,TS,0.025,0.29251489413067916
18,33,TG,0.025,0.4606602817143429
18,34,VR,0.025,0.41759158575057137
18,35,NX,0.025,0.9015614173682719
18,36,rMON,0.025,0.6149711318390872
18,37,rCb,0.025,0.2432934369978218
18,38,rMOS1,0.025,0.3895820392722285
18,39,rMOS2,0.025,0.7001218490177589
18,40,rMOS3,0.025,0.4405747324638026
18,41,rMOS4,0.025,0.4548159017297615
18,42,rMOS5,0.025,0.579312241247449
18,43,rIPN,0.025,0.09655311014324164
18,44,rIO,0.025,
18,45,rHc,0.025,0.48008512304506235
18,46,rRa,0.025,2.745803985697584e-18
18,47,rT,0.025,0.4962515789190094
18,48,raRF,0.025,6.512025076633922e-11
18,49,rimRF,0.025,1.3226642994663906e-14
18,50,rpRF,0.025,5.285189182976127e-17
18,51,rGG,0.025,
18,52,rHb,0.025,0.3432009411697624
18,53,rHi,0.025,1.2362784595381872e-06
18,54,rHR,0.025,0.33895611253597097
18,55,rOG,0.025,
18,56,rOB,0.025,0.3573138792940809
18,57,rOE,0.025,
18,58,rP,0.025,0.6290786793222272
18,59,rPi,0.025,
18,60,rPT,0.025,9.737357963716591e-07
18,61,rPO,0.025,0.5757580873540387
18,62,rPrT,0.025,9.762332757074468e-06
18,63,rR,0.025,
18,64,rSP,0.025,0.4802589579660728
18,65,rTeO,0.025,0.5253519148497507
18,66,rTh,0.025,0.279428345335789
18,67,rTL,0.025,0.3283157848165764
18,68,rTS,0.025,0.05540084470463583
18,69,rTG,0.025,0.26406992502669224
18,70,rVR,0.025,0.4363973084558197
18,71,rNX,0.025,0.708533665240957
18,0,MON,0.05,0.7329599572342137
18,1,Cb,0.05,0.5027353897833635
18,2,MOS1,0.05,0.3967642147574933
18,3,MOS2,0.05,0.0004428481379755724
18,4,MOS3,0.05,0.5101258153087278
18,5,MOS4,0.05,0.5636921484515293
18,6,MOS5,0.05,0.5412029412035828
18,7,IPN,0.05,0.25591195873635886
18,8,IO,0.05,
18,9,Hc,0.05,0.37603204952751296
18,10,Ra,0.05,3.130063898852567e-14
18,11,T,0.05,0.4111757546968812
18,12,aRF,0.05,5.0847713392816094e-11
18,13,imRF,0.05,0.45110363706788975
18,14,pRF,0.05,2.4098290022669626e-18
18,15,GG,0.05,
18,16,Hb,0.05,0.32139455254845306
18,17,Hi,0.05,0.2005726420306355
18,18,HR,0.05,0.37680880343235806
18,19,OG,0.05,0.19917903364823203
18,20,OB,0.05,
18,21,OE,0.05,
18,22,P,0.05,0.4757046038189574
18,23,Pi,0.05,
18,24,PT,0.05,0.0032829683363935127
18,25,PO,0.05,0.56500071256166
18,26,PrT,0.05,0.15229085570880124
18,27,R,0.05,
18,28,SP,0.05,0.40839127517210533
18,29,TeO,0.05,0.39890263806619713
18,30,Th,0.05,0.1222242665768966
18,31,TL,0.05,0.431676318085937
18,32,TS,0.05,0.2825824887995665
18,33,TG,0.05,0.4588009224509175
18,34,VR,0.05,0.4019358222387573
18,35,NX,0.05,0.7599401695833083
18,36,rMON,0.05,0.6081968568248586
18,37,rCb,0.05,0.2369722361682554
18,38,rMOS1,0.05,0.3857204113242095
18,39,rMOS2,0.05,0.6114567575079269
18,40,rMOS3,0.05,0.4356556485639103
18,41,rMOS4,0.05,0.427373619534015
18,42,rMOS5,0.05,0.5590914826875837
18,43,rIPN,0.05,0.19285608096443466
18,44,rIO,0.05,
18,45,rHc,0.05,0.430959211332152
18,46,rRa,0.05,1.75304051511291e-14
18,47,rT,0.05,0.49477211861501125
18,48,raRF,0.05,7.01106704281507e-06
18,49,rimRF,0.05,8.06821262424551e-08
18,50,rpRF,0.05,5.373505859905325e-09
18,51,rGG,0.05,
18,52,rHb,0.05,0.3148101805777215
18,53,rHi,0.05,0.0008192517808894373
18,54,rHR,0.05,0.38095433434549897
18,55,rOG,0.05,
18,56,rOB,0.05,0.3117849683766095
18,57,rOE,0.05,
18,58,rP,0.05,0.5126860428828481
18,59,rPi,0.05,
18,60,rPT,0.05,0.0007268770312639879
18,61,rPO,0.05,0.5555207108114133
18,62,rPrT,0.05,0.0025934579553335167
18,63,rR,0.05,
18,64,rSP,0.05,0.3911399154796877
18,65,rTeO,0.05,0.5130816450849478
18,66,rTh,0.05,0.2675272298311798
18,67,rTL,0.05,0.3223551384919145
18,68,rTS,0.05,0.06298640202155814
18,69,rTG,0.05,0.2570434370833722
18,70,rVR,0.05,0.3732501185682369
18,71,rNX,0.05,0.7123643558054823
18,0,MON,0.1,0.6718490981922604
18,1,Cb,0.1,0.4699611206564224
18,2,MOS1,0.1,0.38729455917550026
18,3,MOS2,0.1,0.017912791011373812
18,4,MOS3,0.1,0.49562782161635865
18,5,MOS4,0.1,0.549502329990523
18,6,MOS5,0.1,0.5278817130878125
18,7,IPN,0.1,0.30089093728555294
18,8,IO,0.1,
18,9,Hc,0.1,0.35518443546835365
18,10,Ra,0.1,1.3681442612998034e-07
18,11,T,0.1,0.3797986639070469
18,12,aRF,0.1,5.249071098002074e-06
18,13,imRF,0.1,0.3815979105532227
18,14,pRF,0.1,2.37221127533473e-18
18,15,GG,0.1,
18,16,Hb,0.1,0.29367577617782276
18,17,Hi,0.1,0.23979134461669943
18,18,HR,0.1,0.3624175927703234
18,19,OG,0.1,0.22389429075507056
18,20,OB,0.1,
18,21,OE,0.1,
18,22,P,0.1,0.3798848985239495
18,23,Pi,0.1,
18,24,PT,0.1,0.04298186151677339
18,25,PO,0.1,0.45728963576177567
18,26,PrT,0.1,0.2245737446334936
18,27,R,0.1,
18,28,SP,0.1,0.34420058920724045
18,29,TeO,0.1,0.3813090476364689
18,30,Th,0.1,0.19400102257857893
18,31,TL,0.1,0.4109695355262815
18,32,TS,0.1,0.2688785774829329
18,33,TG,0.1,0.4441507956021963
18,34,VR,0.1,0.3772192437523801
18,35,NX,0.1,0.6088471465295789
18,36,rMON,0.1,0.5967625179308353
18,37,rCb,0.1,0.20801198307744787
18,38,rMOS1,0.1,0.37551035278918404
18,39,rMOS2,0.1,0.4923548104605439
18,40,rMOS3,0.1,0.42447260359980504
18,41,rMOS4,0.1,0.3657117403005315
18,42,rMOS5,0.1,0.5122661298204486
18,43,rIPN,0.1,0.2480291528434466
18,44,rIO,0.1,
18,45,rHc,0.1,0.3935179458483524
18,46,rRa,0.1,1.0388258888862742e-07
18,47,rT,0.1,0.485849544482325
18,48,raRF,0.1,0.0022563575965073228
18,49,rimRF,0.1,0.00019566597046896957
18,50,rpRF,0.1,5.3467962109953875e-05
18,51,rGG,0.1,
18,52,rHb,0.1,0.287679105358138
18,53,rHi,0.1,0.02016650057651579
18,54,rHR,0.1,0.39418184416590907
18,55,rOG,0.1,
18,56,rOB,0.1,0.2840703976308605
18,57,rOE,0.1,
18,58,rP,0.1,0.40107511910950244
18,59,rPi,0.1,
18,60,rPT,0.1,0.019132788957045205
18,61,rPO,0.1,0.4797122119740305
18,62,rPrT,0.1,0.03931118454585024
18,63,rR,0.1,
18,64,rSP,0.1,0.3308245807035446
18,65,rTeO,0.1,0.4797141671558185
18,66,rTh,0.1,0.24612418614092113
18,67,rTL,0.1,0.3109026762245629
18,68,rTS,0.1,0.09831025500345336
18,69,rTG,0.1,0.25352278038041137
18,70,rVR,0.1,0.3290350189817027
18,71,rNX,0.1,0.691855113294612
18,0,MON,0.2,0.5496429727237837
18,1,Cb,0.2,0.4128591059237765
18,2,MOS1,0.2,0.3783604728511959
18,3,MOS2,0.2,0.0979738270765181
18,4,MOS3,0.2,0.47648932637030333
18,5,MOS4,0.2,0.5307785957547114
18,6,MOS5,0.2,0.5141365657926483
18,7,IPN,0.2,0.3018497422231093
18,8,IO,0.2,
18,9,Hc,0.2,0.324023075420136
18,10,Ra,0.2,0.00028182263400545457
18,11,T,0.2,0.34769439338371144
18,12,aRF,0.2,0.0016802698383857968
18,13,imRF,0.2,0.31826641220650514
18,14,pRF,0.2,6.109455998595509e-13
18,15,GG,0.2,
18,16,Hb,0.2,0.2737502968351556
18,17,Hi,0.2,0.25742484273562577
18,18,HR,0.2,0.3395771761999604
18,19,OG,0.2,0.23685668955289899
18,20,OB,0.2,
18,21,OE,0.2,
18,22,P,0.2,0.3216312210602183
18,23,Pi,0.2,
18,24,PT,0.2,0.13204894014191956
18,25,PO,0.2,0.3740938159623282
18,26,PrT,0.2,0.26522006617473054
18,27,R,0.2,
18,28,SP,0.2,0.3011575668396636
18,29,TeO,0.2,0.35276960805853735
18,30,Th,0.2,0.2309915882064176
18,31,TL,0.2,0.3936351517280583
18,32,TS,0.2,0.25873926311611417
18,33,TG,0.2,0.3934036141962956
18,34,VR,0.2,0.3438795298628998
18,35,NX,0.2,0.4686634305087563
18,36,rMON,0.2,0.5642107965485332
18,37,rCb,0.2,0.19163817656284146
18,38,rMOS1,0.2,0.3658448188075524
18,39,rMOS2,0.2,0.4056875918054178
18,40,rMOS3,0.2,0.41511290036275506
18,41,rMOS4,0.2,0.3140810035072913
18,42,rMOS5,0.2,0.43202151383046516
18,43,rIPN,0.2,0.2584846754156954
18,44,rIO,0.2,
18,45,rHc,0.2,0.3485969503010624
18,46,rRa,0.2,0.00024983027179441124
18,47,rT,0.2,0.4647975617305196
18,48,raRF,0.2,0.03755861025653019
18,49,rimRF,0.2,0.009372534643269799
18,50,rpRF,0.2,0.005215790901676603
18,51,rGG,0.2,
18,52,rHb,0.2,0.27109640139326063
18,53,rHi,0.2,0.08725095184043076
18,54,rHR,0.2,0.36738784120278606
18,55,rOG,0.2,
18,56,rOB,0.2,0.26783016452559705
18,57,rOE,0.2,
18,58,rP,0.2,0.3328968109454155
18,59,rPi,0.2,
18,60,rPT,0.2,0.08712742210624119
18,61,rPO,0.2,0.39319469334801305
18,62,rPrT,0.2,0.13084893171835435
18,63,rR,0.2,
18,64,rSP,0.2,0.29530544055315106
18,65,rTeO,0.2,0.43631204418065533
18,66,rTh,0.2,0.2530209219498025
18,67,rTL,0.2,0.3001361898116427
18,68,rTS,0.2,0.15645331274237226
18,69,rTG,0.2,0.2517615229986287
18,70,rVR,0.2,0.29773105601706934
18,71,rNX,0.2,0.5950428274039361
18,0,MON,0.35,0.4530407619586236
18,1,Cb,0.35,0.36724675370686166
18,2,MOS1,0.35,0.3688266744609343
18,3,MOS2,0.35,0.17654641612737942
18,4,MOS3,0.35,0.43933205656624785
18,5,MOS4,0.35,0.4977004692501263
18,6,MOS5,0.35,0.4759604923102037
18,7,IPN,0.35,0.2873588376429065
18,8,IO,0.35,
18,9,Hc,0.35,0.2976792169301058
18,10,Ra,0.35,0.007235751405669808
18,11,T,0.35,0.33154609312717254
18,12,aRF,0.35,0.01903919725082998
18,13,imRF,0.35,0.28514821889261327
18,14,pRF,0.35,8.034764048782763e-08
18,15,GG,0.35,
18,16,Hb,0.35,0.26505395668779763
18,17,Hi,0.35,0.26185780764873784
18,18,HR,0.35,0.32251914170397855
18,19,OG,0.35,0.24247782151870392
18,20,OB,0.35,
18,21,OE,0.35,
18,22,P,0.35,0.29454846873454715
18,23,Pi,0.35,
18,24,PT,0.35,0.19317031988791689
18,25,PO,0.35,0.33500157242994255
18,26,PrT,0.35,0.27716612865162593
18,27,R,0.35,
18,28,SP,0.35,0.28063538822761414
18,29,TeO,0.35,0.3208566554008834
18,30,Th,0.35,0.2441552706798233
18,31,TL,0.35,0.3734352956175464
18,32,TS,0.35,0.2531964362052166
18,33,TG,0.35,0.3438888313434634
18,34,VR,0.35,0.31688288861187286
18,35,NX,0.35,0.3800346551818648
18,36,rMON,0.35,0.49484516342367674
18,37,rCb,0.35,0.20135771196099517
18,38,rMOS1,0.35,0.35902162913558444
18,39,rMOS2,0.35,0.36077799938130795
18,40,rMOS3,0.35,0.4056125796407944
18,41,rMOS4,0.35,0.28811852542696464
18,42,rMOS5,0.35,0.3699746279140709
18,43,rIPN,0.35,0.2513975856936393
18,44,rIO,0.35,
18,45,rHc,0.35,0.3130285103467206
18,46,rRa,0.35,0.006851458373837767
18,47,rT,0.35,0.41808110937290194
18,48,raRF,0.35,0.11066559669034412
18,49,rimRF,0.35,0.04561675762124768
18,50,rpRF,0.35,0.03455968670373085
18,51,rGG,0.35,
18,52,rHb,0.35,0.2637343679216085
18,53,rHi,0.35,0.14791804228158786
18,54,rHR,0.35,0.3300844102076471
18,55,rOG,0.35,
18,56,rOB,0.35,0.2603203196135755
18,57,rOE,0.35,
18,58,rP,0.35,0.30191979194355073
18,59,rPi,0.35,
18,60,rPT,0.35,0.15197218880608734
18,61,rPO,0.35,0.34521774704774943
18,62,rPrT,0.35,0.198114771673458
18,63,rR,0.35,
18,64,rSP,0.35,0.2776120808418865
18,65,rTeO,0.35,0.39944477568072106
18,66,rTh,0.35,0.2645693419547261
18,67,rTL,0.35,0.29189362597460466
18,68,rTS,0.35,0.19375655871227856
18,69,rTG,0.35,0.2510066016096946
18,70,rVR,0.35,0.2793108455558266
18,71,rNX,0.35,0.48677638364278153
18,0,MON,0.5,0.40299385813794847
18,1,Cb,0.5,0.3421476251453454
18,2,MOS1,0.5,0.35645992138206106
18,3,MOS2,0.5,0.2123345609584009
18,4,MOS3,0.5,0.40308310676154085
18,5,MOS4,0.5,0.4592518521014813
18,6,MOS5,0.5,0.43448549384343516
18,7,IPN,0.5,0.2782610434986713
18,8,IO,0.5,
18,9,Hc,0.5,0.2845226077432351
18,10,Ra,0.5,0.025561912750190256
18,11,T,0.5,0.32414341312662215
18,12,aRF,0.5,0.04745824879539842
18,13,imRF,0.5,0.27124706469765114
18,14,pRF,0.5,8.923927225957585e-06
18,15,GG,0.5,
18,16,Hb,0.5,0.2612367588357526
18,17,Hi,0.5,0.26220901516855777
18,18,HR,0.5,0.31255723205759073
18,19,OG,0.5,0.24473244379068013
18,20,OB,0.5,
18,21,OE,0.5,
18,22,P,0.5,0.2829770685821794
18,23,Pi,0.5,
18,24,PT,0.5,0.217849406529663
18,25,PO,0.5,0.3190600172544766
18,26,PrT,0.5,0.2768603652404725
18,27,R,0.5,
18,28,SP,0.5,0.27214597412150715
18,29,TeO,0.5,0.3007253417600295
18,30,Th,0.5,0.24763952865019045
18,31,TL,0.5,0.35513820338855046
18,32,TS,0.5,0.2503175178253922
18,33,TG,0.5,0.3183109163393759
18,34,VR,0.5,0.3012076779315864
18,35,NX,0.5,0.34032426165113816
18,36,rMON,0.5,0.441877669834978
18,37,rCb,0.5,0.21183023811845905
18,38,rMOS1,0.5,0.35368794544013854
18,39,rMOS2,0.5,0.33901593444579253
18,40,rMOS3,0.5,0.39545399543306525
18,41,rMOS4,0.5,0.2766600463615911
18,42,rMOS5,0.5,0.3387219801331567
18,43,rIPN,0.5,0.24771234514182602
18,44,rIO,0.5,
18,45,rHc,0.5,0.2955318537495241
18,46,rRa,0.5,0.024790580862675996
18,47,rT,0.5,0.37800246322279946
18,48,raRF,0.5,0.16034886957396224
18,49,rimRF,0.5,0.08131411729857503
18,50,rpRF,0.5,0.06918694017279266
18,51,rGG,0.5,
18,52,rHb,0.5,0.260566847582624
18,53,rHi,0.5,0.1782569508999383
18,54,rHR,0.5,0.3090958000229066
18,55,rOG,0.5,
18,56,rOB,0.5,0.2572485911737069
18,57,rOE,0.5,
18,58,rP,0.5,0.28874666618035466
18,59,rPi,0.5,
18,60,rPT,0.5,0.1846375408429466
18,61,rPO,0.5,0.32432013314163977
18,62,rPrT,0.5,0.22689502235807457
18,63,rR,0.5,
18,64,rSP,0.5,0.2696830852543779
18,65,rTeO,0.5,0.3759398754220077
18,66,rTh,0.5,0.2690790132859397
18,67,rTL,0.5,0.28733906775725326
18,68,rTS,0.5,0.21017700425252103
18,69,rTG,0.5,0.250704624076171
18,70,rVR,0.5,0.27095085154094783
18,71,rNX,0.5,0.4254096099164641
18,0,MON,1.0,0.3309736139758461
18,1,Cb,1.0,0.3005228908653789
18,2,MOS1,1.0,0.3105274517772549
18,3,MOS2,1.0,0.2459224887033819
18,4,MOS3,1.0,0.33128713113246433
18,5,MOS4,1.0,0.36838949535164567
18,6,MOS5,1.0,0.3515867687782385
18,7,IPN,1.0,0.2654428252391695
18,8,IO,1.0,
18,9,Hc,1.0,0.26770783154185956
18,10,Ra,1.0,0.09716061142626918
18,11,T,1.0,0.3023528526344666
18,12,aRF,1.0,0.12015946312784251
18,13,imRF,1.0,0.2545330393779956
18,14,pRF,1.0,0.0021327777091266747
18,15,GG,1.0,
18,16,Hb,1.0,0.25616525376000254
18,17,Hi,1.0,0.26085801116020113
18,18,HR,1.0,0.29258784187318243
18,19,OG,1.0,0.24736549018636103
18,20,OB,1.0,
18,21,OE,1.0,
18,22,P,1.0,0.2683585276552656
18,23,Pi,1.0,
18,24,PT,1.0,0.23979866759233542
18,25,PO,1.0,0.29659279046870934
18,26,PrT,1.0,0.26834310415418317
18,27,R,1.0,
18,28,SP,1.0,0.2620106672001281
18,29,TeO,1.0,0.2685785781159954
18,30,Th,1.0,0.24904082217749732
18,31,TL,1.0,0.31590740908516113
18,32,TS,1.0,0.2433601629969804
18,33,TG,1.0,0.28517212360665695
18,34,VR,1.0,0.27692638619418525
18,35,NX,1.0,0.2927448767663766
18,36,rMON,1.0,0.35663193906659546
18,37,rCb,1.0,0.22518223932620807
18,38,rMOS1,1.0,0.3288585962923878
18,39,rMOS2,1.0,0.3054545561071826
18,40,rMOS3,1.0,0.35907838050946905
18,41,rMOS4,1.0,0.2611125549906372
18,42,rMOS5,1.0,0.29656898886708305
18,43,rIPN,1.0,0.246188946771636
18,44,rIO,1.0,
18,45,rHc,1.0,0.2733065843790029
18,46,rRa,1.0,0.09621409615118987
18,47,rT,1.0,0.30435744498571915
18,48,raRF,1.0,0.22631817173005306
18,49,rimRF,1.0,0.14551522615585313
18,50,rpRF,1.0,0.13866421093042453
18,51,rGG,1.0,
18,52,rHb,1.0,0.25597180511197376
18,53,rHi,1.0,0.2163443362283125
18,54,rHR,1.0,0.28083188610047505
18,55,rOG,1.0,
18,56,rOB,1.0,0.25363328488618425
18,57,rOE,1.0,
18,58,rP,1.0,0.2714270662230501
18,59,rPi,1.0,
18,60,rPT,1.0,0.2235121461741631
18,61,rPO,1.0,0.295258074237512
18,62,rPrT,1.0,0.25424239923960795
18,63,rR,1.0,
18,64,rSP,1.0,0.26006167852960066
18,65,rTeO,1.0,0.3308443206910624
18,66,rTh,1.0,0.26924714205116496
18,67,rTL,1.0,0.27792098644969887
18,68,rTS,1.0,0.22994707647353999
18,69,rTG,1.0,0.25035231310073297
18,70,rVR,1.0,0.26064413103311873
18,71,rNX,1.0,0.34073706281621763
