subset_fraction,n_morphologies,iteration,sampling_attempts,metric,n_regions,full_reproducibility_r,full_reproducibility_p,fcv_pearson_r,fcv_pearson_p,fcv_spearman_rho,fcv_spearman_p
0.1,286,0,6,DCApost,42,0.9112110826670043,5.368287945527145e-17,0.2972994378230206,0.055868733254646856,0.25986548902033874,0.09651538733538641
0.1,286,0,6,OO_fraction,42,0.7104570922570419,1.3599525906516966e-07,0.23486934352038433,0.13433480502009756,0.20870715245514948,0.18470074228933414
0.1,286,1,10,DCApost,42,0.7026703701146564,2.131921134890257e-07,0.048917693973536784,0.7583564258019782,0.060205818005023906,0.7048756340375564
0.1,286,1,10,OO_fraction,42,0.3699442861758908,0.0158913426386455,0.32692432363747853,0.0345814295317535,0.15665775390163655,0.3218058057818939
0.1,286,2,11,DCApost,42,0.7107645236639082,1.3356279865130383e-07,0.3528867618781755,0.02189142737806024,0.3144801879912487,0.04252523182522028
0.1,286,2,11,OO_fraction,42,0.4327087730395291,0.004208919002309075,0.524366786567189,0.0003645387380498106,0.4197471161906152,0.00565283185203886
0.1,286,3,3,DCApost,42,0.6952628818475818,3.227330454655772e-07,0.2859347681943876,0.06640473086549457,0.19698565756421685,0.21116039538543788
0.1,286,3,3,OO_fraction,42,0.38647955277134827,0.011465721338489932,0.29519588601951835,0.05771063443403843,0.1833590741617371,0.24510228769861062
0.1,286,4,14,DCApost,42,0.7925553126794759,3.987813206954086e-10,0.3323417678532164,0.0315267143887265,0.3470545336682603,0.024335343778542032
0.1,286,4,14,OO_fraction,42,0.5966298262519479,3.044782887544386e-05,-0.05571130202813365,0.7260183758416628,-0.047928002136040086,0.7631030466192421
0.1,286,5,1,DCApost,42,0.6551774968701244,2.4991857593309907e-06,0.23148883985287047,0.14019521739142848,0.09747994489911678,0.5391211117224219
0.1,286,5,1,OO_fraction,42,0.5129533619284785,0.000513649087469983,0.5667557065711659,9.115489974256039e-05,0.46465632869922874,0.001934523549969427
0.1,286,6,5,DCApost,42,0.8530797317004872,7.293445332457071e-13,0.38978357128996033,0.010720936217207306,0.33036220727655785,0.03261603002729995
0.1,286,6,5,OO_fraction,42,0.5669293713334733,9.060317798753634e-05,0.5152409114340748,0.00047999439762575353,0.3854514283461904,0.011706304339232787
0.1,286,7,1,DCApost,42,0.5183237404913613,0.0004377694802520329,-0.10775388489777805,0.4969906867506232,-0.16441131188720526,0.29812959628063435
0.1,286,7,1,OO_fraction,42,0.4221631894843091,0.005355009063438057,0.34157357306471886,0.026835334378414122,0.18223806822785837,0.2480495744449445
0.1,286,8,2,DCApost,42,0.7181537783496171,8.594537113905111e-08,0.22862705821303936,0.14530246750810633,0.17202819868730249,0.2759902247635246
0.1,286,8,2,OO_fraction,42,0.48225929543052626,0.001219920902043023,0.12887816204909813,0.41597705079081765,0.09488631633598088,0.5500221601681445
0.1,286,9,7,DCApost,42,0.808100067018579,9.802527815488919e-11,0.28771515361214184,0.06465741296128488,0.1903411392917916,0.22727794343721305
0.1,286,9,7,OO_fraction,42,0.39950491465994,0.008764685670577258,0.06815178592711264,0.6680366312670047,-0.012237620713474973,0.9386886035579097
0.1,286,10,11,DCApost,42,0.735454315067114,2.894185795734151e-08,0.39484050251917735,0.009661230263895334,0.36423304432379877,0.017722634282964663
0.1,286,10,11,OO_fraction,42,0.6989316888038678,2.632266648360207e-07,0.4550728227467482,0.0024617079608804404,0.34207720363374156,0.026597061666666484
0.1,286,11,7,DCApost,42,0.9099179269823098,7.081596495172689e-17,0.2301567094980202,0.14255580929160153,0.2347459687221457,0.13454543060745017
0.1,286,11,7,OO_fraction,42,0.4240551370923493,0.005131399228454077,0.49723619918775697,0.0008079828463040251,0.38682227592990753,0.011386467120845272
0.1,286,12,6,DCApost,42,0.5014439816848486,0.0007172209810524645,0.13566989644650235,0.39162285437935146,-0.029414147962077627,0.8532976299951389
0.1,286,12,6,OO_fraction,42,0.43608006006110006,0.0038908026777493892,0.4074811944348642,0.00739676936371275,0.17542154488924128,0.26648387214059727
0.1,286,13,4,DCApost,42,0.7958583806442652,2.989729497440025e-10,0.4596364211809853,0.002196697272442044,0.4075034438052022,0.00739322748185037
0.1,286,13,4,OO_fraction,42,0.4921789025799432,0.0009305303380279611,0.6474405246655187,3.5850152433505707e-06,0.390664884239467,0.01052940704555583
0.1,286,14,21,DCApost,42,0.8759947891198581,3.062265365429332e-14,0.25198365978340187,0.10742935111692099,0.24041811846689898,0.12511338418201065
0.1,286,14,21,OO_fraction,42,0.6153593018585247,1.4452164208162726e-05,0.384580573091669,0.01191344184133359,0.31246708019651204,0.04393980392787291
0.1,286,15,1,DCApost,42,0.8632403416960956,1.9192510993846666e-13,0.4064628294929597,0.007560457430381984,0.3966453285795316,0.00930541634893751
0.1,286,15,1,OO_fraction,42,0.7742955437550566,1.7945147581316488e-09,0.6927004689293738,3.7144710619993645e-07,0.6155280087340557,1.4352354320676246e-05
0.1,286,16,12,DCApost,42,0.7401713720325237,2.1197053637961404e-08,0.4175709897027161,0.005933269552865454,0.3126975123571834,0.04377597256093689
0.1,286,16,12,OO_fraction,42,0.8603550902015633,2.8338537650957576e-13,0.4760175936578445,0.0014406139218626189,0.40142857044930963,0.008416318935930756
0.1,286,17,10,DCApost,42,0.8208003388617137,2.8253396590130842e-11,0.12758588865606835,0.42070635532962986,0.07657402155416904,0.6298139144837873
0.1,286,17,10,OO_fraction,42,0.6645055496638447,1.5953535484998249e-06,0.1229807545924313,0.4378044794378426,0.08698146423852948,0.5838756577486031
0.1,286,18,1,DCApost,42,0.7807571521553188,1.0712327784425802e-09,0.42504957121659837,0.005017153973476204,0.3710396240175027,0.01555907630453451
0.1,286,18,1,OO_fraction,42,0.8683147833039324,9.461195354356371e-14,0.5152350879834452,0.00048007750037974917,0.4049760973856585,0.007805032923997042
0.1,286,19,5,DCApost,42,0.7738727274909468,1.8550379431462203e-09,0.4121993429042464,0.006677663073203724,0.30605299408475817,0.048703543266048664
0.1,286,19,5,OO_fraction,42,0.435019468364758,0.003988536665871102,0.34615552984078113,0.02473155280595838,0.25161055083251294,0.10796837130042386
0.1,286,20,1,DCApost,42,0.8080399549336176,9.858249189307787e-11,0.2452570260575606,0.11746640396529698,0.24106636415201363,0.12406784254242033
0.1,286,20,1,OO_fraction,42,0.8455826780917342,1.8348376334935084e-12,0.240384402674352,0.12516794383810753,0.1686522430777577,0.2856659719892228
0.1,286,21,10,DCApost,42,0.6120197906918728,1.6563545058197138e-05,0.418680639380503,0.005788798147073448,0.3571023417875375,0.02025578020781468
0.1,286,21,10,OO_fraction,42,0.38254903968551546,0.012408833865429975,0.5862876923773791,4.5053969774574674e-05,0.3708657892182435,0.015611412541064386
0.1,286,22,10,DCApost,42,0.7660217985999126,3.391341041105883e-09,0.20062873127710276,0.20266918151575272,0.14447775706992952,0.3613118770104655
0.1,286,22,10,OO_fraction,42,0.5395334452647954,0.0002267381388144176,0.581955346032115,5.288229127183913e-05,0.4404733018393144,0.0035078913421822218
0.1,286,23,5,DCApost,42,0.7175447296703934,8.917227804472422e-08,0.5234953564677262,0.00037436901392237524,0.38368041487723853,0.012130825696665364
0.1,286,23,5,OO_fraction,42,0.8460212315345033,1.740792673349475e-12,0.32202450031593105,0.03754980123215294,0.2007137145291019,0.20247400354237693
0.1,286,24,8,DCApost,42,0.8489889294703516,1.2140433408466292e-12,0.13552783743978153,0.39212356874385845,0.15565999513815737,0.32493597174625943
0.1,286,24,8,OO_fraction,42,0.6913340673813443,4.001288387756354e-07,0.4745917630850922,0.0014957366125313645,0.3452457558151156,0.02513796446733998
0.1,286,25,3,DCApost,42,0.6432947425610419,4.331717731769424e-06,0.18991212932152512,0.22834679885155723,0.22891175755611376,0.14478832838068292
0.1,286,25,3,OO_fraction,42,0.30980086400127155,0.04587186901144069,0.08939838621257942,0.5734263292722261,0.11802854406595903,0.45661254239336047
0.1,286,26,6,DCApost,42,0.8131942607883408,6.01923439749474e-11,0.21279381374731626,0.17605617471582097,0.21983631796450856,0.16184681020413608
0.1,286,26,6,OO_fraction,42,0.6784233644005823,7.925088731226265e-07,0.22732884995446756,0.14766396087139233,0.12385315869631881,0.43453619213842887
0.1,286,27,1,DCApost,42,0.7623877515868761,4.448945382287012e-09,0.23250436838109198,0.13841517935143255,0.1953650433514302,0.21501609926562912
0.1,286,27,1,OO_fraction,42,0.3269266942040953,0.03458004152371798,0.4203136964828658,0.005581731168962168,0.31457313077106513,0.04246082809045838
0.1,286,28,1,DCApost,42,0.7397032336081993,2.186889390716992e-08,0.32088192556973844,0.03827114780960403,0.32387975042541123,0.03640224614971927
0.1,286,28,1,OO_fraction,42,0.7280737430750215,4.6509502450300096e-08,0.4492266566843565,0.0028420401094229305,0.31100488695721445,0.04499102459753328
0.1,286,29,3,DCApost,42,0.8173286471156962,4.0075197509684646e-11,0.37159222559533805,0.015393690252367837,0.26521351592253467,0.08961019532082508
0.1,286,29,3,OO_fraction,42,0.7718275074554174,2.175721277033579e-09,0.2794210393162964,0.0731183657721641,0.17989163705727618,0.2542956401585283
0.1,286,30,2,DCApost,42,0.8767388431139986,2.7344287013025335e-14,0.22604187245129498,0.1500327530568923,0.13037841341868567,0.4105246767938595
0.1,286,30,2,OO_fraction,42,0.48173512959187403,0.0012372245366355922,0.4122229784581152,0.0066742186198220504,0.28519329331601606,0.06714337763860016
0.1,286,31,1,DCApost,42,0.8251105430840086,1.8113979630727365e-11,0.06077342679116758,0.7022206800263003,0.027145288064176328,0.8645038319918708
0.1,286,31,1,OO_fraction,42,0.6074807362812011,1.9887082104930247e-05,0.06790129221572569,0.6691868461944344,-0.010992721373614643,0.9449155604503565
0.1,286,32,31,DCApost,42,0.8223241965395697,2.4177282917621244e-11,0.19464299799865617,0.21674958036475564,0.22404991491775383,0.15375390353282065
0.1,286,32,31,OO_fraction,42,0.5562115410503938,0.0001309607202032934,-0.13469126928819034,0.3950797826936745,-0.14074397050349863,0.3739841113901664
0.1,286,33,2,DCApost,42,0.8539437580937077,6.536388421706982e-13,0.17588742193142684,0.26519586568523945,0.09893849769062475,0.5330369067193237
0.1,286,33,2,OO_fraction,42,0.834043093273025,6.929262027824286e-12,0.22856685436232066,0.1454113618093822,0.08377263317517665,0.5978789275699445
0.1,286,34,3,DCApost,42,0.7368681004408896,2.6380858185258676e-08,0.42365035076398827,0.005178546405454403,0.3851389676687465,0.011780268535430264
0.1,286,34,3,OO_fraction,42,0.7494119994484677,1.1292226982360535e-08,0.20238228375859535,0.19866851779328148,0.09550867746489539,0.5473968733304866
0.1,286,35,1,DCApost,42,0.841877744525825,2.843597813319074e-12,0.3193854543194296,0.03923301914633895,0.30605299408475817,0.048703543266048664
0.1,286,35,1,OO_fraction,42,0.7383980217714146,2.3848357055958693e-08,0.5231096375992527,0.0003787957154877178,0.329442309810479,0.033132681077445054
0.1,286,36,8,DCApost,42,0.7619364400247406,4.5999396171808544e-09,0.1027052906646318,0.5174803168596798,0.04318936877076412,0.7859458832833551
0.1,286,36,8,OO_fraction,42,0.6869993630063189,5.052747644154493e-07,0.024868201374612302,0.8757770841667716,0.006740860440520959,0.9662054735120891
0.1,286,37,6,DCApost,42,0.5811437869752237,5.447963284515395e-05,0.2709279133351054,0.08266140800737673,0.28320233368446646,0.06915895214634107
0.1,286,37,6,OO_fraction,42,0.8798932229657237,1.67807880914185e-14,0.3255978378773956,0.03536532039509574,0.18752586454413125,0.23435487814535386
0.1,286,38,8,DCApost,42,0.8222243967261552,2.4426342426794614e-11,0.3029915634148953,0.05111988968568916,0.24268697836480024,0.12148268937128538
0.1,286,38,8,OO_fraction,42,0.698489398968191,2.698174130752758e-07,0.16765090665971322,0.2885777656614994,0.13680971168104844,0.387618885432799
0.1,286,39,1,DCApost,42,0.738820934936368,2.3189389067706717e-08,0.3224861281984619,0.037261533554107426,0.3015152742889556,0.05231912107168117
0.1,286,39,1,OO_fraction,42,0.6313085947572113,7.3702598703765475e-06,0.17300397216087104,0.27323413028323673,0.16640991617623427,0.29221305975068484
0.1,286,40,3,DCApost,42,0.5726669350987796,7.399448317515068e-05,0.580581562339389,5.5611852625968655e-05,0.42938173567782195,0.004544866856768498
0.1,286,40,3,OO_fraction,42,0.29326276525415845,0.05944581161329436,0.3930537923747213,0.010024897372946633,0.17860203831795646,0.25777291681288517
0.1,286,41,4,DCApost,42,0.7052937824001709,1.8352177316369215e-07,0.5064400023352914,0.0006213589665003078,0.40507252248602227,0.0077889663128237726
0.1,286,41,4,OO_fraction,42,0.34015953054315645,0.027513824501309125,0.380146624816863,0.013017206979985851,0.2716763399766098,0.08178332565930055
0.1,286,42,8,DCApost,42,0.7165720874192746,9.456011144069609e-08,0.04996146586155678,0.7533599121653757,-0.025686735272668345,0.8717218291221416
0.1,286,42,8,OO_fraction,42,0.25906045441397246,0.09758933417489787,0.24801030704083216,0.1132758632930992,0.03754765649574714,0.8133735202276201
0.1,286,43,12,DCApost,42,0.6683729286265281,1.3183338847811967e-06,0.2476642325093014,0.11379628003038207,0.23215298598168704,0.13902918401810843
0.1,286,43,12,OO_fraction,42,0.5209341458392577,0.00040465511813203797,0.6779575660144403,8.117763635354138e-07,0.4630034909674339,0.002017619191743541
0.1,286,44,6,DCApost,42,0.7529977989046354,8.779389969443347e-09,0.22481900864959903,0.1523092537908773,0.11190341139291793,0.4804669156578609
0.1,286,44,6,OO_fraction,42,0.5426528357689634,0.00020506246668909882,0.47727861891541096,0.0013933707784634583,0.3342397981970298,0.0305106194601192
0.1,286,45,1,DCApost,42,0.787738926857661,6.014285825505501e-10,0.15250320387035862,0.33496446705428695,0.07997731140102099,0.6146282081781129
0.1,286,45,1,OO_fraction,42,0.5654705832805006,9.533339993616593e-05,0.15867211970638148,0.31554426058213747,0.16812582444560367,0.28719435843234953
0.1,286,46,1,DCApost,42,0.7062753292549074,1.7344280385601782e-07,0.1614471240263904,0.3070452963281253,0.05550603678794263,0.7269889198752317
0.1,286,46,1,OO_fraction,42,0.8338649288795779,7.0672376954989585e-12,0.34724992227521045,0.024249935738886078,0.26379771802888097,0.09139982071403774
0.1,286,47,6,DCApost,42,0.8483156027507753,1.3183653241880765e-12,0.24606323922533355,0.11622740082479385,0.2149744753261486,0.1715639770711536
0.1,286,47,6,OO_fraction,42,0.4126558686826811,0.0066114038355180775,0.3225299978204008,0.03723423330406647,0.3442544315862778,0.025587120400501477
0.1,286,48,1,DCApost,42,0.8456336890258798,1.823657892747675e-12,0.34136437979203765,0.026934825522755765,0.41074467223077554,0.006892634265949496
0.1,286,48,1,OO_fraction,42,0.7751704045287745,1.6751030241692857e-09,0.3071909894264154,0.04782920461285106,0.25115570662490044,0.10862825453767219
0.1,286,49,1,DCApost,42,0.6867837704848452,5.11119276848289e-07,0.27512597271907363,0.07782979928857658,0.06490559922210519,0.6829996839167356
0.1,286,49,1,OO_fraction,42,0.6722148803310463,1.0877610293484985e-06,0.38791822397375597,0.011136161895749976,0.30950644705139685,0.04608937202826613
0.1,286,50,4,DCApost,42,0.870919222825869,6.506015872282902e-14,0.18285176676953033,0.24643313106969966,0.1747832428490398,0.26825529238216245
0.1,286,50,4,OO_fraction,42,0.7944251716772067,3.3899417108527906e-10,0.26749366924125634,0.08678518110893742,0.21165695642597457,0.17843128829491256
0.1,286,51,4,DCApost,42,0.6659730773585867,1.4844548209589535e-06,0.4041046511604831,0.007951535336179927,0.2775301839397132,0.07516408257405352
0.1,286,51,4,OO_fraction,42,0.44616959332068173,0.0030607462572815997,0.46760745007798143,0.0017936448749165507,0.27549019540638897,0.0774212680749724
0.1,286,52,9,DCApost,42,0.7587545586922158,5.808375839800621e-09,0.40400268140836554,0.00796883165803356,0.32242119763390326,0.037301970191640464
0.1,286,52,9,OO_fraction,42,0.8499564054672857,1.0776754991343425e-12,0.32537297158140194,0.035499640251653426,0.16186186575853337,0.30578772084450173
0.1,286,53,2,DCApost,42,0.8026807326371078,1.6213561665312384e-10,0.4335319184476116,0.004129223491934446,0.42516813872457665,0.005003681067669699
0.1,286,53,2,OO_fraction,42,0.7898454678743356,5.031579651737102e-10,0.4198958666958976,0.00563408938098375,0.3179350070129955,0.04018406006366406
0.1,286,54,4,DCApost,42,0.5566319787571686,0.00012911224620712513,0.30084194397449376,0.05287354766767402,0.1183858682440645,0.4552410096874996
0.1,286,54,4,OO_fraction,42,0.2600985173451283,0.09620622211960561,0.2698624953672778,0.08392405384409873,0.024562258826913173,0.8772936240951794
0.1,286,55,1,DCApost,42,0.4343274783252139,0.004053453160566503,0.39567247554911644,0.00949578721127601,0.29843610728466086,0.054893226241350464
0.1,286,55,1,OO_fraction,42,0.6439787110969184,4.199410889428798e-06,0.5381515541644556,0.00023698476152622723,0.3949416666822474,0.009640982088568952
0.1,286,56,4,DCApost,42,0.7817072088627949,9.915307853304103e-10,0.44418507502306676,0.003210497064159389,0.3992383113199903,0.008813930573622694
0.1,286,56,4,OO_fraction,42,0.5397732999017165,0.00022500091636589538,0.6523065856214605,2.8606079868163442e-06,0.5059762574551404,0.0006297475170648794
0.1,286,57,2,DCApost,42,0.7040278069212482,1.9732495623031826e-07,0.1262214721095822,0.42573247220669497,0.057612835264565274,0.7170477528249133
0.1,286,57,2,OO_fraction,42,0.623819497705022,1.015838722588211e-05,0.4262258842445535,0.0048848741483063325,0.375314049828494,0.01431810195644567
0.1,286,58,8,DCApost,42,0.48615239971609153,0.0010979857283704157,0.4284244596583421,0.0046457544440194195,0.17770034843205576,0.26022299233968244
0.1,286,58,8,OO_fraction,42,0.8481224891282024,1.3498081039325386e-12,0.350166625454245,0.02300440963307227,0.17923153223202978,0.2560716055896418
0.1,286,59,1,DCApost,42,0.7460778280481695,1.4216779209626404e-08,0.1897702436524688,0.22870105594616635,0.15776679361478002,0.31834882904235934
0.1,286,59,1,OO_fraction,42,0.6706674680886704,1.1757297106347557e-06,0.5188360402291852,0.0004310851373378763,0.46011676931207646,0.0021703225707403882
0.1,286,60,11,DCApost,42,0.8013109896090934,1.8367628597171934e-10,0.3434707566174235,0.02594690072044472,0.26375496313102664,0.0914542912556973
0.1,286,60,11,OO_fraction,42,0.5153573311370014,0.0004783357503918243,0.4971507520110205,0.0008099275416082908,0.37815274781785946,0.013541215506386699
0.1,286,61,3,DCApost,42,0.42448544399577814,0.005081689035020625,-0.14124206323471106,0.3722784999845592,-0.21432622964103396,0.17289066322837254
0.1,286,61,3,OO_fraction,42,0.6803734926260712,7.163478815356363e-07,-0.027247036298020683,0.8640007051634542,-0.010570026669817921,0.9470306242797306
0.1,286,62,4,DCApost,42,0.7093858139158026,1.4479679775653725e-07,0.11585071228825686,0.4650199187195985,0.06992950328174379,0.6598953881531918
0.1,286,62,4,OO_fraction,42,0.37175426190997013,0.015345478084914679,0.409894717623128,0.007020987012959714,0.20541730864735963,0.19187608402771916
0.1,286,63,4,DCApost,42,0.679201794409403,7.612514858183612e-07,0.17040851202596777,0.28060519658872546,0.013208005834211166,0.9338372414652765
0.1,286,63,4,OO_fraction,42,0.4364058674033103,0.0038612024237410134,0.453882111971683,0.0025353196364097837,0.2514591646240418,0.1081876610789679
0.1,286,64,5,DCApost,42,0.670338664503877,1.1952493062289066e-06,0.3260521991210445,0.03509518854420014,0.19730978040677416,0.21039506308319963
0.1,286,64,5,OO_fraction,42,0.3981526495042347,0.00901692836367641,0.22842736317837684,0.1456638988052295,0.1067607091585632,0.5009883300935851
0.1,286,65,4,DCApost,42,0.864593048958277,1.5938824333620395e-13,0.09374984454336202,0.5548314420529723,0.09602139210760878,0.5452385944687729
0.1,286,65,4,OO_fraction,42,0.4156888240340018,0.006185468901319355,0.09646341388054416,0.5433811656996232,0.07906903905691892,0.6186658091520201
0.1,286,66,5,DCApost,42,0.7402974268652659,2.101946510994443e-08,0.2980460485287799,0.055226429177901104,0.2297220646625071,0.14333233250378924
0.1,286,66,5,OO_fraction,42,0.7391740834432938,2.2652171761733174e-08,0.15670410359836082,0.32166085941452116,0.10235837722595291,0.5189035324542011
0.1,286,67,5,DCApost,42,0.7850986966281459,7.500212380654012e-10,0.1331842312461581,0.40043784548680755,0.019204278421521757,0.9039183571349038
0.1,286,67,5,OO_fraction,42,0.736771862563238,2.654825581245053e-08,0.12273623096077943,0.43872297263630866,0.0779831451864372,0.6235075665012582
0.1,286,68,1,DCApost,42,0.6310886628940259,7.440929617283893e-06,0.7362133946542267,2.7539366815288075e-08,0.58009885746698,5.660098153708844e-05
0.1,286,68,1,OO_fraction,42,0.7923569135261606,4.056743674914614e-10,0.6219918610168919,1.0971872947183107e-05,0.42016070908091996,0.005600852809041431
0.1,286,69,2,DCApost,42,0.7145952040747422,1.064561501452056e-07,0.3060013847902711,0.04874349933263359,0.17316262863625315,0.2727877186662613
0.1,286,69,2,OO_fraction,42,0.7361113517019106,2.7724146416934893e-08,0.4040999618410688,0.00795233003853817,0.3277399750402969,0.03410654534715365
0.1,286,70,5,DCApost,42,0.7898459111914841,5.031389677597738e-10,0.32138365595612084,0.03795300524260442,0.20476460578559275,0.19332278818769824
0.1,286,70,5,OO_fraction,42,0.3336657221333309,0.030815051607167077,0.3904844920170442,0.010568370307457078,0.28846007376970323,0.06393724503434113
0.1,286,71,7,DCApost,42,0.3206622256047193,0.03841114228713716,0.3012896738105824,0.05250435940718247,0.31350781946357675,0.043203800208163605
0.1,286,71,7,OO_fraction,42,0.5479514181697831,0.00017249403443533154,-0.09154877768914928,0.5642016740099375,-0.07328145867831522,0.6446502876149462
0.1,286,72,12,DCApost,42,0.7371989306361997,2.5812880332272558e-08,0.24708022336422814,0.114678599533229,0.14755692407422413,0.3510588431812668
0.1,286,72,12,OO_fraction,42,0.666100127358032,1.475196846128093e-06,0.1466362179162858,0.3541058534874579,0.12726978996123328,0.42186777910533213
0.1,286,73,2,DCApost,42,0.6228495924709416,1.058292962363542e-05,0.04689289912924422,0.7680766423838025,0.07868082003079167,0.6203949768351887
0.1,286,73,2,OO_fraction,42,0.596187747171224,3.0970694786800606e-05,0.37408488857097333,0.014666042825675685,0.2895344599435004,0.06290979561231404
0.1,286,74,2,DCApost,42,0.44366557193972356,0.0032507432852205607,-0.1213575217709473,0.443921643511484,-0.21124706263673934,0.17929323409075415
0.1,286,74,2,OO_fraction,42,0.6676739387213522,1.3648524003731305e-06,0.13236377555095724,0.4033724301222761,0.042558369254552524,0.7890015289239496
0.1,286,75,1,DCApost,42,0.7451036985094173,1.519619780764607e-08,0.46140465974145645,0.0021009801478872243,0.3887043189368771,0.010959532519883887
0.1,286,75,1,OO_fraction,42,0.5585838267222143,0.00012083655114592131,0.49577091421523417,0.0008419147527264127,0.41958498906964553,0.005673321340302352
0.1,286,76,1,DCApost,42,0.8789978909927175,1.9301847105348328e-14,0.07186863213892865,0.6510589379771967,0.02601085811522567,0.8701169204022873
0.1,286,76,1,OO_fraction,42,0.5409911565150107,0.00021636411280395008,-0.15384844069176667,0.3306677046072385,-0.07066164261705356,0.6565536426800722
0.1,286,77,6,DCApost,42,0.5606432353059064,0.00011262864793185485,0.504774638517298,0.0006519564333814596,0.41544445344785674,0.006218884272509212
0.1,286,77,6,OO_fraction,42,0.5864331694604229,4.481046586054972e-05,0.5338644339143207,0.0002714861636885865,0.48516540950189874,0.0011278267776668725
0.1,286,78,9,DCApost,42,0.7154504655080872,1.0114838103493064e-07,0.4584915085152127,0.0022607035914672807,0.2947086945952516,0.05814407472478125
0.1,286,78,9,OO_fraction,42,0.560207199521007,0.0001143230635880107,0.5044421637851499,0.0006582238140041538,0.3582948422137275,0.01981214915787479
0.1,286,79,4,DCApost,42,0.7940835657090533,3.492476835442035e-10,0.23311462248640222,0.13735360210335956,0.1266510007292764,0.4241465886355693
0.1,286,79,4,OO_fraction,42,0.666168816517967,1.4702137950902574e-06,0.4393097591418465,0.00360594946204538,0.30091579939822893,0.05281250480894765
0.1,286,80,6,DCApost,42,0.7951213786429423,3.189644001489039e-10,0.2318490850817955,0.13956184452078502,0.1294060448910137,0.4140538904666984
0.1,286,80,6,OO_fraction,42,0.5996531842193281,2.708262540731256e-05,0.359096951588978,0.01951836312176551,0.2393411532315092,0.12686498322370715
0.1,286,81,2,DCApost,42,0.6695056605698854,1.246049672310506e-06,0.4899273785099157,0.0009902237214882126,0.41090673365205416,0.006868392640612822
0.1,286,81,2,OO_fraction,42,0.7128651045581843,1.1799393696148994e-07,0.28495214110927203,0.067385006742591,0.1801783007716655,0.25352696525513807
0.1,286,82,1,DCApost,42,0.8637561527864959,1.7884236226709514e-13,0.1224810301538591,0.43968270686432553,0.03395186775788024,0.8309725617569728
0.1,286,82,1,OO_fraction,42,0.5722978415968748,7.497318615639483e-05,0.53622961006799,0.00025193036553689983,0.36572439195776,0.017228082313717998
0.1,286,83,3,DCApost,42,0.4938750798784649,0.0008876999219219789,0.3797597943794492,0.013117498662531247,0.3381411554979338,0.028506889380312064
0.1,286,83,3,OO_fraction,42,0.7970286773409587,2.696247552268684e-10,0.35487384810201866,0.021107172275072666,0.26986091167019755,0.08392594182520643
0.1,286,84,9,DCApost,42,0.8449399372696191,1.98134506631639e-12,0.3839115340437713,0.012074691504986235,0.3370067255489831,0.029077955322261772
0.1,286,84,9,OO_fraction,42,0.5335727753265039,0.0002739900439137177,0.6036098299923346,2.3192040224469464e-05,0.33252272510890374,0.03142865226399177
0.1,286,85,8,DCApost,42,0.8241495058760773,2.0022150028802205e-11,0.38123219164401273,0.01273923378853078,0.40961024228182485,0.0070644045089416005
0.1,286,85,8,OO_fraction,42,0.5879595473935068,4.2326924824312544e-05,0.6668783087925838,1.4196457003863712e-06,0.5427035130715551,0.0002047263287481662
0.1,286,86,1,DCApost,42,0.8118999517598721,6.822714829906272e-11,0.1354311027885183,0.3924647423438159,0.1514463981849121,0.3383641155775996
0.1,286,86,1,OO_fraction,42,0.6144013347747448,1.5031076580268952e-05,0.37738049251425265,0.013748931339042758,0.18534727530938583,0.23993335040060684
0.1,286,87,3,DCApost,42,0.6293719215055494,8.014336292114046e-06,0.09604669721199066,0.5451321776208101,0.004132566242605948,0.9792781344813675
0.1,286,87,3,OO_fraction,42,0.12727062198859423,0.4218647196620948,0.058934571899271065,0.710834325616802,0.016786965215161247,0.9159662834338843
0.1,286,88,11,DCApost,42,0.8796629659094009,1.7397670406581233e-14,0.25201631846652167,0.10738226777016958,0.15501174945304272,0.32697982382910207
0.1,286,88,11,OO_fraction,42,0.3303146931131778,0.03264255236049435,0.17676048787819976,0.26279323349546885,0.0645265941459501,0.6847546521502581
0.1,286,89,24,DCApost,42,0.8676147536657706,1.0448913458081142e-13,0.4007957298389839,0.008529585546578327,0.2712097885098453,0.0823298427224784
0.1,286,89,24,OO_fraction,42,0.5190642486857604,0.0004281371413514607,0.3279933927601268,0.03396009810547415,0.21531107558576384,0.1708779963251554
0.1,286,90,5,DCApost,42,0.5413403755529945,0.0002139433416709323,0.02138587362531184,0.8930634154853594,-0.02195932258325906,0.890213225252791
0.1,286,90,5,OO_fraction,42,0.2908033207186996,0.061713322166215084,0.2121008108795865,0.17750127718281383,0.028668960668721665,0.8569751804481733
0.1,286,91,4,DCApost,42,0.7299627186931528,4.1252426940300157e-08,0.3577060276763155,0.02003016794111632,0.2261567133943765,0.14982025274017322
0.1,286,91,4,OO_fraction,42,0.4964248007637182,0.000826618659983595,0.2022030804362332,0.19907479633612246,0.14369073857610015,0.36396118417619827
0.1,286,92,1,DCApost,42,0.703044278035919,2.087072451824224e-07,0.3891774152240724,0.01085438974288647,0.3405720768171137,0.027314421043984374
0.1,286,92,1,OO_fraction,42,0.5777223930528229,6.170829175869702e-05,0.32658106037238605,0.03478289985611646,0.19228276547009257,0.222483407798231
0.1,286,93,2,DCApost,42,0.6092317719076051,1.853869702339823e-05,0.19856886226051174,0.20744039046785778,0.10266591038003405,0.517641776996753
0.1,286,93,2,OO_fraction,42,0.5763127576398197,6.493244606652574e-05,-0.04823377915649804,0.7616355980332712,-0.10849201509818616,0.4940302582117898
0.1,286,94,16,DCApost,42,0.7399468586886744,2.1516821443019056e-08,0.332684287841394,0.03134131293885747,0.23798719714771902,0.12909305494579837
0.1,286,94,16,OO_fraction,42,0.47395515565680946,0.0015209454106409272,0.6060794385739868,2.103016052777374e-05,0.4881647612398387,0.00103930893469841
0.1,286,95,13,DCApost,42,0.6763820983309106,8.802038164585787e-07,0.422619737249351,0.005300289140639385,0.3558058504173082,0.02074752440850274
0.1,286,95,13,OO_fraction,42,0.6912351608264649,4.022826417151858e-07,0.202381194781276,0.19867098489227564,0.22731335023235258,0.1476923248877808
0.1,286,96,4,DCApost,42,0.7099958499843554,1.3972200655774854e-07,0.2938830065122512,0.058884602960286594,0.07268454744348109,0.6473548425269838
0.1,286,96,4,OO_fraction,42,0.7517228949156947,9.605961259110905e-09,0.606039786758514,2.1063362991783887e-05,0.4985006954210897,0.000779687049437765
0.1,286,97,7,DCApost,42,0.7719333961038708,2.157920134788911e-09,0.11015646693418599,0.48738807692955577,0.156794425087108,0.3213785207607576
0.1,286,97,7,OO_fraction,42,0.43483684289276797,0.004005580223249997,0.03035620833165167,0.8486528927288655,0.09889754379153158,0.5332072847705827
0.1,286,98,9,DCApost,42,0.6035809581131691,2.321847450048631e-05,0.2923413693489891,0.0602873834261764,0.18564135807471036,0.2391751152730542
0.1,286,98,9,OO_fraction,42,0.14927235079899157,0.34542455550621115,0.14713338706020965,0.3524585175089939,0.01353432224602861,0.9322063711611245
0.1,286,99,16,DCApost,42,0.8557453947422926,5.189289271803087e-13,0.4448892474077697,0.00315664167549838,0.3901628717283851,0.01063814365722185
0.1,286,99,16,OO_fraction,42,0.753698996325804,8.353572436932087e-09,0.34508945597223534,0.025208342832183914,0.23397358278014732,0.13586963304968275
0.1,286,100,12,DCApost,42,0.3799128453623141,0.013077739582656994,-0.19714612138585325,0.21078125988445434,-0.27526132404181186,0.07767778548487284
0.1,286,100,12,OO_fraction,42,0.2873103213463921,0.06505148492062028,0.3896198513503728,0.010756842367009467,0.22527450283877165,0.15145836242229957
0.1,286,101,4,DCApost,42,0.8411010507091142,3.1127214040258106e-12,0.149112613215859,0.3459468565694104,0.09083542662669153,0.5672541474184862
0.1,286,101,4,OO_fraction,42,0.5717429397385594,7.646674101719443e-05,0.17386505818531814,0.27081706172149284,0.18319688126110753,0.24552724740809073
0.1,286,102,3,DCApost,42,0.8804580540601883,1.5353796196413845e-14,0.04887425202532162,0.7585645936361104,-0.028279718013126974,0.8588973129252997
0.1,286,102,3,OO_fraction,42,0.2702248947301862,0.08349289369324897,0.023170997455794623,0.8841954157078648,-0.10867979719715191,0.49327856901288236
0.1,286,103,9,DCApost,42,0.7551548539295279,7.530312492076295e-09,-0.03806947237102576,0.8108268710723039,-0.12016854387812982,0.4484319320588177
0.1,286,103,9,OO_fraction,42,0.4332334527697445,0.004157966939826504,-0.08175601579882723,0.6067537573638697,-0.05647751870481495,0.7223992642277701
0.1,286,104,2,DCApost,42,0.7504263955331677,1.0520603576735393e-08,0.389722148634487,0.010734395064287467,0.36326067579612675,0.01805148636828952
0.1,286,104,2,OO_fraction,42,0.624221784359463,9.986931878126386e-06,0.21970058266045644,0.16211255575286776,0.16943255611444485,0.28341018387390743
0.1,286,105,18,DCApost,42,0.8326710318576017,8.060665151947844e-12,0.2933893495220693,0.059330929936817954,0.27963698241633583,0.07288755213261686
0.1,286,105,18,OO_fraction,42,0.7339452987701941,3.192975895981571e-08,0.5637141697655415,0.0001013255080634408,0.4461463710442366,0.0030624625523400966
0.1,286,106,20,DCApost,42,0.9050502808543384,1.9376268138476215e-16,0.3140450969119856,0.042827781081357305,0.24738675958188155,0.11421484209307681
0.1,286,106,20,OO_fraction,42,0.37713774413991197,0.013814780493401914,0.4382851838301144,0.003694272313492712,0.3036712901549054,0.05057522158695202
0.1,286,107,1,DCApost,42,0.7557273393330058,7.2278510155299495e-09,0.2921145689724147,0.06049598519857266,0.14366744996353617,0.3640397572009485
0.1,286,107,1,OO_fraction,42,0.42262630277391877,0.00529950577942812,0.29282272601382053,0.059846551400349605,0.14429313766305427,0.36193230679291266
0.1,286,108,11,DCApost,42,0.8230015637655624,2.254886163261279e-11,0.04743646279914338,0.7654636986660844,-0.02730734948545499,0.8637024922593738
0.1,286,108,11,OO_fraction,42,0.48788716710312297,0.001047233536966348,0.12265298708921986,0.43903590071852483,0.04490921250861352,0.7776336707375436
0.1,286,109,3,DCApost,42,0.8613245032586647,2.488490477392729e-13,0.3409948212715397,0.027111333843512102,0.1514463981849121,0.3383641155775996
0.1,286,109,3,OO_fraction,42,0.29094297900424837,0.0615827456169931,0.2823594610095876,0.07002651593209866,0.14963296622367636,0.34424721438743433
0.1,286,110,1,DCApost,42,0.7924532934349284,4.023119813975433e-10,0.3020175569643593,0.051908589236935684,0.21772951948788596,0.16600730794975155
0.1,286,110,1,OO_fraction,42,0.6726295880035273,1.0652419358927828e-06,0.5126519513107896,0.000518237602512032,0.368745559581344,0.016261828633768613
0.1,286,111,13,DCApost,42,0.9120537540400003,4.4715348005418907e-17,0.06279840612234393,0.6927776055737377,-0.008670286038408557,0.9565407035706395
0.1,286,111,13,OO_fraction,42,0.6876345034785382,4.884146026997808e-07,-0.07096442744229144,0.6551735493606436,-0.07465953920655787,0.6384236175498446
0.1,286,112,20,DCApost,42,0.6777760659480888,8.19400665359904e-07,0.029625413508091312,0.8522555743107982,0.016773357102341787,0.9160341616061952
0.1,286,112,20,OO_fraction,42,0.41316589282649724,0.006538052954269137,0.2990492393107911,0.05437272635101073,0.05933852627491896,0.7089390135457687
0.1,286,113,2,DCApost,42,0.8429072462719237,2.520507983290395e-12,0.29017990939541854,0.06229888436107435,0.22226723928368852,0.15714092562162937
0.1,286,113,2,OO_fraction,42,0.4646977071781513,0.0019324826209859197,0.382427635505259,0.012438985847851717,0.2912324922867541,0.061312759580163585
0.1,286,114,6,DCApost,42,0.6953026304298574,3.220263666765471e-07,0.32425924898228453,0.036171087490969284,0.2783404910461065,0.07428197596299914
0.1,286,114,6,OO_fraction,42,0.6463229426277673,3.773658601655401e-06,0.44744831162297627,0.0029675319941084815,0.38270106904903334,0.012371163605561664
0.1,286,115,11,DCApost,42,0.7635578859705513,4.078747378895064e-09,0.1449020468409826,0.35988844704890954,-0.002349890608540637,0.9882161160579734
0.1,286,115,11,OO_fraction,42,0.45763699511442374,0.0023095401546209043,-0.17520013932422385,0.2670974392323823,-0.17681682939337898,0.26263868275586083
0.1,286,116,4,DCApost,42,0.8268712093541082,1.5053520391504495e-11,-0.08632754221700861,0.5867174131200094,-0.13929179158901225,0.3789832631226455
0.1,286,116,4,OO_fraction,42,0.4852519654842832,0.0011251812745976734,-0.11443575345415696,0.4705263224533557,-0.13445869036476774,0.395903952447189
0.1,286,117,1,DCApost,42,0.6372240734728228,5.685848513958852e-06,-0.07016368015562631,0.6588258071923521,-0.15371525808281342,0.33109156052927147
0.1,286,117,1,OO_fraction,42,0.5964675117676566,3.0638861166509624e-05,-0.09898072974931113,0.5328612389613412,-0.1637508346839929,0.3001016292760603
0.1,286,118,2,DCApost,42,0.520511612083213,0.00040985769221523274,0.2894260740881522,0.06301284719651361,0.20346811441536344,0.19621925774513546
0.1,286,118,2,OO_fraction,42,0.5992220760212414,2.754072277718577e-05,0.25851825039066767,0.09831781574773431,0.09334201431232172,0.5565620916353109
0.1,286,119,4,DCApost,42,0.5981534290522624,2.8706965172844746e-05,0.06006369838984932,0.7055409326203729,0.06749858196256381,0.6710375728298572
0.1,286,119,4,OO_fraction,42,0.6440785404876245,4.1804141413546215e-06,0.4190154677449655,0.005745808390413707,0.30244814416901994,0.05155872331648791
0.1,286,120,5,DCApost,42,0.7525296717575032,9.074858578002018e-09,0.1360262503714498,0.39036845990048963,0.08743213677983956,0.581920762184919
0.1,286,120,5,OO_fraction,42,0.6174400993842695,1.326444655332158e-05,0.21442929145372916,0.17267924730657425,0.16308496158303995,0.30209822138176323
0.1,286,121,3,DCApost,42,0.7019365184997165,2.2225557499437728e-07,0.24387065753480544,0.11962027899886316,0.16295275909569726,0.3024956341208772
0.1,286,121,3,OO_fraction,42,0.4830643507469165,0.001193762962731811,0.1760449678877306,0.26476123466913737,-0.018733280022716178,0.9062642366381377
0.1,286,122,3,DCApost,42,0.37706902762727085,0.013833469444951667,0.47160075164790355,0.001617476865182927,0.43359533263106725,0.004123138829812117
0.1,286,122,3,OO_fraction,42,0.8131688432211833,6.034119438983447e-11,0.47935003485685135,0.0013187433349512129,0.3690699453826031,0.01616085877154158
0.1,286,123,5,DCApost,42,0.8752198014392912,3.442943620473723e-14,0.29429273670622225,0.05851619579013332,0.27607163114820515,0.07677258362247276
0.1,286,123,5,OO_fraction,42,0.7225569989151708,6.56525706049572e-08,0.5430703013592206,0.00020230824892509663,0.4717562263121709,0.0016109391002180813
0.1,286,124,1,DCApost,42,0.6337195939794056,6.634965487358926e-06,0.04412288264752841,0.7814311213968672,0.026334980957783,0.868512526107883
0.1,286,124,1,OO_fraction,42,0.5819301741568227,5.293118749914277e-05,0.19691767771802213,0.21132115755324607,0.14486058258644832,0.3600274039987328
0.1,286,125,1,DCApost,42,0.739675600637384,2.1909164776481628e-08,0.14234355627285522,0.36852317840572846,0.05096831699214002,0.748549531541308
0.1,286,125,1,OO_fraction,42,0.404080851012354,0.007955569471940607,0.39909307291268425,0.008840857768940311,0.16561870068466567,0.2945461841704924
0.1,286,126,7,DCApost,42,0.8215512729193146,2.6170200356473586e-11,0.15935800566674832,0.31342991222723054,0.0707398103881371,0.6561972457709774
0.1,286,126,7,OO_fraction,42,0.489130077254978,0.001012165306810699,0.6284051288392755,8.354848366822964e-06,0.5191712136112155,0.00042676160755707757
0.1,286,127,3,DCApost,42,0.8257303714405885,1.6975410393516348e-11,0.23581004347410928,0.13273689709569658,0.2462523296329309,0.1159382384199288
0.1,286,127,3,OO_fraction,42,0.47333938386741137,0.0015456863966702783,0.18862568232237167,0.2315725382842801,0.1651104731997483,0.2960511547494805
0.1,286,128,2,DCApost,42,0.7964995911827567,2.825414642105789e-10,0.5003864241328061,0.00073913140669372,0.4055587067498582,0.007708390292196793
0.1,286,128,2,OO_fraction,42,0.5868853780567314,4.40611857070379e-05,-0.017733276376889495,0.911247492472514,-0.045399288990978504,0.7752695029080193
0.1,286,129,6,DCApost,42,0.5776502937772395,6.186959646484286e-05,0.2834909256881853,0.06886386537218053,0.1399400372741269,0.3767467978542468
0.1,286,129,6,OO_fraction,42,0.5839158952127611,4.9197909763159735e-05,0.3471064249933717,0.024312636688050497,0.21003568521627733,0.18185797639662146
0.1,286,130,4,DCApost,42,0.7950487480017275,3.21000930170048e-10,0.31974883924777964,0.03899765417420868,0.26975123571833726,0.08405677085972965
0.1,286,130,4,OO_fraction,42,0.45468600634653555,0.0024854126365659287,0.5452609813512519,0.0001883953012670215,0.39471658393081177,0.009686082440935542
0.1,286,131,11,DCApost,42,0.8008136921429588,1.9214020692840487e-10,0.44582339513589214,0.003086420456661354,0.4687626610485374,0.001741017295349907
0.1,286,131,11,OO_fraction,42,0.5468431361371802,0.0001788911542202401,0.6492929327227346,3.2913672150725498e-06,0.513213401429661,0.0005097196735023787
0.1,286,132,12,DCApost,42,0.8486040212354263,1.2726863192084834e-12,0.44017241546894637,0.0035330223635182036,0.4087999351754315,0.007189348983909325
0.1,286,132,12,OO_fraction,42,0.5610445952400662,0.00011108914064953716,0.7804778224641371,1.095783307030556e-09,0.6173109733413169,1.3335462961693462e-05
0.1,286,133,1,DCApost,42,0.7935844972890728,3.6475117609085086e-10,0.4293137091942471,0.004551972666569444,0.41204116360100485,0.006700754417435981
0.1,286,133,1,OO_fraction,42,0.5248467665146419,0.00035922392882438864,0.6086191195443412,1.9000644405072168e-05,0.4076768016853309,0.007365680674631075
0.1,286,134,3,DCApost,42,0.37739264087086255,0.013745642930278773,0.5597085742178055,0.00011628899950557852,0.5120330605299409,0.0005277745720385698
0.1,286,134,3,OO_fraction,42,0.6376461908153982,5.58037565540274e-06,0.5319682593959012,0.00028814058363117696,0.4003729252347332,0.00860598782968964
0.1,286,135,1,DCApost,42,0.7283684527398615,4.5650209543455934e-08,0.3032157255318186,0.05093974800041863,0.16246657483186128,0.3039600240734539
0.1,286,135,1,OO_fraction,42,0.4540972275147059,0.0025218793181569325,0.3946491723826393,0.009699624990956682,0.3534322114666514,0.021673761988995306
0.1,286,136,5,DCApost,42,0.8506805105857227,9.851932214506076e-13,0.11256156103685887,0.47787284288991505,0.015476865732112474,0.9225037795089635
0.1,286,136,5,OO_fraction,42,0.6921330837008671,3.831172727155434e-07,0.38302516003523185,0.01229118448291509,0.2675257349349727,0.08674595214382975
0.1,286,137,1,DCApost,42,0.9006148153604665,4.630147439462888e-16,0.22375765607183612,0.15430549525497658,0.20897820273883802,0.18411820197539935
0.1,286,137,1,OO_fraction,42,0.7183260579055772,8.505249044674577e-08,0.621025001774837,1.1425997443495271e-05,0.5588521859826383,0.00011973712740546135
0.1,286,138,6,DCApost,42,0.7148636286239891,1.0476305592080936e-07,0.39858757467754014,0.008935128867933071,0.24446965399886558,0.11868605053626105
0.1,286,138,6,OO_fraction,42,0.45828976695741475,0.002272150606547219,0.4250211064590883,0.0050203931338073295,0.21384567255906584,0.1738789121166712
0.1,286,139,2,DCApost,42,0.8925396000939511,2.0456634926554564e-15,0.24462729354800472,0.1184411040707894,0.19649947330038087,0.21231202101631844
0.1,286,139,2,OO_fraction,42,0.5607449847026452,0.00011223654550051042,0.442246618845671,0.0033629311230903877,0.34646565751229996,0.024594270583679106
0.1,286,140,10,DCApost,42,0.7225668427360936,6.561267757475069e-08,0.13445703284210728,0.395909829648832,0.19844421035572482,0.20773161125340445
0.1,286,140,10,OO_fraction,42,0.6799508940057989,7.322527489833346e-07,0.0682104867874891,0.6677671974481499,0.011220489849499025,0.9437760150640473
0.1,286,141,8,DCApost,42,0.7787722402932507,1.2574917454483271e-09,0.05105110620616766,0.7481544095525151,-0.013208005834211166,0.9338372414652765
0.1,286,141,8,OO_fraction,42,0.7047351671770734,1.8949804392117106e-07,0.02293381333547861,0.885372900744177,-0.017318582159009364,0.9133150087040189
0.1,286,142,3,DCApost,42,0.8247005201918718,1.8906179809227294e-11,0.42819389223093207,0.004670343382471823,0.34008589255327776,0.027549543984121922
0.1,286,142,3,OO_fraction,42,0.7603176129141419,5.181856241417538e-09,0.3445569134251627,0.025449367572501616,0.19570810918655185,0.21419584642364747
0.1,286,143,5,DCApost,42,0.699951220016531,2.4859903872257537e-07,-0.06986022624552882,0.6602119328592692,-0.13686087026983226,0.38743973915657637
0.1,286,143,5,OO_fraction,42,0.2121703978468462,0.17735578659984902,0.11113195010581968,0.48351697330535576,-0.03256728959817957,0.8377714710239861
0.1,286,144,1,DCApost,42,0.7078691155930431,1.5816556346845715e-07,0.5659061008465274,9.389826074041263e-05,0.40636901385625157,0.0075756928917239666
0.1,286,144,1,OO_fraction,42,0.6532452666844119,2.737452562168559e-06,0.42486621101589866,0.005038051417409897,0.2522984058188078,0.10697624233322
0.1,286,145,1,DCApost,42,0.8589153411161393,3.431062644065652e-13,0.13681638118334896,0.3875955275301626,0.013208005834211166,0.9338372414652765
0.1,286,145,1,OO_fraction,42,0.3760292786506129,0.014118882411267394,0.3928172355904417,0.010073913905316497,0.24715368117203362,0.11456733588642053
0.1,286,146,2,DCApost,42,0.7520092536089553,9.41421528924334e-09,0.4630231368264359,0.0020166133002002596,0.4065310752775302,0.007549391063055102
0.1,286,146,2,OO_fraction,42,0.5731650492263276,7.269207538189135e-05,0.6875634889493674,4.902734996666798e-07,0.5032012384765967,0.0006820945471479842
0.1,286,147,6,DCApost,42,0.8395734926474634,3.713395598327362e-12,0.26710552903201146,0.08726112267846246,0.33473786565108177,0.030248511397716157
0.1,286,147,6,OO_fraction,42,0.5708795989082971,7.884430571478688e-05,0.4848492962889161,0.0011375355109167597,0.3734491536996017,0.01484879603083
0.1,286,148,8,DCApost,42,0.7350160158406513,2.9781690714707616e-08,0.369137646856056,0.01613985266200613,0.35045782351511223,0.022883047348628872
0.1,286,148,8,OO_fraction,42,0.5849506618337813,4.7349076238834565e-05,0.29842576336052606,0.05490204155437805,0.12981645811068784,0.41256219361484836
0.1,286,149,4,DCApost,42,0.840942897062692,3.1703802096079437e-12,0.3239034954805371,0.03638774723642235,0.3008670286038409,0.052852808406555304
0.1,286,149,4,OO_fraction,42,0.46784178189503356,0.0017828572474939298,0.649100219859783,3.320849186726465e-06,0.4916133214488291,0.0009452157069318132
0.1,286,150,6,DCApost,42,0.9131081152024071,3.548211275034395e-17,0.18048946685991213,0.25269435154928094,0.14512600275504417,0.35913847570413004
0.1,286,150,6,OO_fraction,42,0.7633344554398843,4.147131329130927e-09,0.07672287103807705,0.629146520381959,0.05388085117815679,0.7346879630017576
0.1,286,151,3,DCApost,42,0.7209255751332505,7.258499488840073e-08,0.3032359609202838,0.050923511583795676,0.31804553925937934,0.04011092970120994
0.1,286,151,3,OO_fraction,42,0.6537300348477656,2.6757829589543013e-06,0.295011875555883,0.057874038682151734,0.23722955839471954,0.1303525150760219
0.1,286,152,8,DCApost,42,0.7026914398081698,2.1293703165737425e-07,0.13313545319361442,0.40061196771397084,0.07284660886475974,0.6466201108539369
0.1,286,152,8,OO_fraction,42,0.5065555700225355,0.0006192841149952328,-0.09247219886893931,0.5602616341926903,-0.07887484435177068,0.6195305193686989
0.1,286,153,2,DCApost,42,0.898842724523409,6.483482713762623e-16,0.4228998032126675,0.005266962467451077,0.341868568187343,0.02669555510483637
0.1,286,153,2,OO_fraction,42,0.8129389692929004,6.170316664617162e-11,0.6078321054800181,1.9609521145497607e-05,0.4263716726727935,0.0048686930278769155
0.1,286,154,3,DCApost,42,0.7520007234309807,9.419875094391485e-09,0.34442974968139656,0.02550720366177414,0.28952272911433435,0.06292094263113766
0.1,286,154,3,OO_fraction,42,0.32368073742389303,0.03652395125579759,0.3838949303762136,0.012078716806866632,0.28337587641265627,0.06898138434169411
0.1,286,155,4,DCApost,42,0.8299412936174082,1.0847032055309222e-11,0.4040968887602792,0.007952850872863855,0.31383194230613404,0.04297663982763839
0.1,286,155,4,OO_fraction,42,0.5539795505376257,0.00014118130072739285,0.30223717572746056,0.05172990403200796,0.26186043806645254,0.09389324185535011
0.1,286,156,7,DCApost,42,0.5657801814207536,9.43111679671222e-05,0.6624590768407735,1.7628085137881237e-06,0.38854225751559845,0.010995749242392574
0.1,286,156,7,OO_fraction,42,0.5622841344524647,0.00010645429330938643,0.4022038904414623,0.008279316471123711,0.17315176519566514,0.27281826980688173
0.1,286,157,1,DCApost,42,0.7533569536075355,8.558816817651454e-09,0.16565300699936758,0.2944447738499525,0.17186613726602384,0.27644973075461715
0.1,286,157,1,OO_fraction,42,0.5579357998803095,0.00012352922808533143,0.2750474274676912,0.07791812066539398,0.16503127639059487,0.2962861184964165
0.1,286,158,1,DCApost,42,0.6210729120911958,1.1403094536316662e-05,0.5037411489986243,0.0006716152426672298,0.3083218539826595,0.04697295690735223
0.1,286,158,1,OO_fraction,42,0.6790867064352909,7.657997456927283e-07,0.11780847350196046,0.45745835898830267,-0.045399288990978504,0.7752695029080193
0.1,286,159,5,DCApost,42,0.7895108268942536,5.176916072925547e-10,0.42274223879217315,0.005285689505345054,0.37136374686005996,0.015461889461270372
0.1,286,159,5,OO_fraction,42,0.39128034615797525,0.010397395628465523,0.44003492502821034,0.003544558351780337,0.3561877022233278,0.020601663604793707
0.1,286,160,14,DCApost,42,0.6121243784984464,1.6493349179181035e-05,0.4510152020121491,0.002720551593284513,0.265051454501256,0.08981366127929238
0.1,286,160,14,OO_fraction,42,0.4448537209841548,0.00315933966263529,0.5446549520430003,0.00019215497550810582,0.28644596112912557,0.06589924761176541
0.1,286,161,11,DCApost,42,0.7979359215191851,2.4875578547378493e-10,0.2748424255998014,0.07814900787479419,0.21643302811765663,0.16860576497574073
0.1,286,161,11,OO_fraction,42,0.3339133194737684,0.03068344472717021,0.2743751301985861,0.07867731034158755,0.10517366590933303,0.5074102079115497
0.1,286,162,10,DCApost,42,0.7482225293773106,1.2264211203972432e-08,0.33597309131836073,0.02960649424385696,0.18985495502795563,0.22848950515271527
0.1,286,162,10,OO_fraction,42,0.6518382791667514,2.9239414805926255e-06,0.39809390031257774,0.00902802688683288,0.21660861879080048,0.1682521337849119
0.1,286,163,2,DCApost,42,0.6886147474967297,4.634136947163473e-07,0.21476476225529892,0.17199236690662814,0.16343894335953324,0.3010357660502598
0.1,286,163,2,OO_fraction,42,0.5872281846280198,4.350080829926189e-05,-0.14913263619899667,0.3458813600144337,-0.12612718390516928,0.4260810433194141
0.1,286,164,4,DCApost,42,0.7659514243641145,3.4093713941857303e-09,0.3927102376144763,0.01009615209642169,0.395510898630581,0.00952772631277127
0.1,286,164,4,OO_fraction,42,0.7863718870600892,6.745289754880658e-10,0.442264869983919,0.003361466869690328,0.3539860056240524,0.02145462297228298
0.1,286,165,2,DCApost,42,0.817615234974366,3.894624514950883e-11,0.15050673026355396,0.34140477181499784,-0.0318450692812576,0.8413225640151637
0.1,286,165,2,OO_fraction,42,0.466660805729839,0.001837813793891987,-0.2635648295679105,0.09169682899108321,-0.1943258749297295,0.21751397575887774
0.1,286,166,6,DCApost,42,0.7659150837345611,3.4187171536536227e-09,0.4538841538616082,0.0025351917645436923,0.293088080382465,0.059604638472817856
0.1,286,166,6,OO_fraction,42,0.8333692949760675,7.464786797803042e-12,0.31066339328164216,0.04523945079819412,0.25293164626854625,0.10606904308400006
0.1,286,167,2,DCApost,42,0.6371427847591827,5.706369161817322e-06,0.2575284233917592,0.09965846864807755,0.18142776112146503,0.25019478226484265
0.1,286,167,2,OO_fraction,42,0.5585283293030348,0.00012106505332925028,0.4996233800766067,0.0007553092846752089,0.31909446591333546,0.039422328070639584
0.1,286,168,2,DCApost,42,0.5474954783926911,0.00017510029411778669,-0.11439466244320365,0.4706867464177584,-0.15857710072117334,0.3158378800919136
0.1,286,168,2,OO_fraction,42,0.647907571397484,3.5087853044197262e-06,0.09490295452539589,0.5499518982610313,0.0577439972675952,0.7164303524902396
0.1,286,169,2,DCApost,42,0.7175270918629967,8.926738513806602e-08,0.11233569752025173,0.47876224445057436,0.08694595251600357,0.5840298229451495
0.1,286,169,2,OO_fraction,42,0.5795501881831085,5.774471156849244e-05,-0.09482846382340593,0.5502665003767563,-0.1491922967377952,0.3456862513518457
0.1,286,170,2,DCApost,42,0.7448001601719598,1.5514017268991778e-08,0.22402552944501414,0.15379987199685982,0.11384814844826191,0.47282315826505517
0.1,286,170,2,OO_fraction,42,0.717353932525813,9.020612195616878e-08,0.0658185071128597,0.6787792752392221,0.03305458071436181,0.8353772941342803
0.1,286,171,1,DCApost,42,0.5920704588713723,3.624930583092258e-05,0.41851688715332613,0.005809924201680751,0.37136374686005996,0.015461889461270372
0.1,286,171,1,OO_fraction,42,0.7883436572585157,5.715194637570914e-10,0.3822081321128654,0.012493660189752238,0.22235734640997634,0.15696843082338838
0.1,286,172,1,DCApost,42,0.8073966337252235,1.0473488437516575e-10,-0.038184498967454496,0.8102657579035948,-0.07252248602220242,0.6480899048985566
0.1,286,172,1,OO_fraction,42,0.6858310539390439,5.377042030850373e-07,-0.03796203887664474,0.8113510286658671,-0.12870006664956957,0.41662702287128517
0.1,286,173,1,DCApost,42,0.3195810672658802,0.039106176604837894,0.3362597201149818,0.029459139379006793,0.3078356697188234,0.04733954466196794
0.1,286,173,1,OO_fraction,42,0.5209464182217369,0.0004045049010222075,0.49893698815331555,0.0007701312880526054,0.29459437942702993,0.05824615353013181
0.1,286,174,4,DCApost,42,0.828036942770401,1.330223770444172e-11,0.1627301799087972,0.3031654827870649,-0.014504497204440485,0.9273592546686154
0.1,286,174,4,OO_fraction,42,0.49255893109338444,0.0009207773611280492,0.2562387284625431,0.10142626077333386,0.2324092279100992,0.1385812288057668
0.1,286,175,1,DCApost,42,0.8445751890444997,2.0693126752009642e-12,0.12267127434550282,0.43896714519690416,0.03524835912810955,0.8246172031663679
0.1,286,175,1,OO_fraction,42,0.4239311934215879,0.00514579568897383,0.40046949353682687,0.008588485956820659,0.26695431648183604,0.08744708848046763
0.1,286,176,2,DCApost,42,0.8169162123319614,4.175394123846046e-11,0.30931818993250176,0.046228885846466033,0.33457580422980315,0.030333591243433267
0.1,286,176,2,OO_fraction,42,0.5023016448870831,0.0006998799500339007,0.5743471073151911,6.968436884353362e-05,0.5007705806938199,0.000731104303331566
0.1,286,177,5,DCApost,42,0.6857721198665317,5.393900613429046e-07,-0.04636331763274902,0.7706248137729452,-0.20946438700267403,0.1830765771974892
0.1,286,177,5,OO_fraction,42,0.7326141076981755,3.4801688245528914e-08,0.06368336162849463,0.6886650735243044,0.0069032908125817045,0.9653916332411488
0.1,286,178,5,DCApost,42,0.9094744442744275,7.779836147811832e-17,0.19751294116753992,0.20991633698300027,0.2224293007049672,0.15683078571760245
0.1,286,178,5,OO_fraction,42,0.5423704816415978,0.00020694443568778967,0.37490445068046874,0.014433261620589556,0.26280806309192245,0.09266710389049862
0.1,286,179,1,DCApost,42,0.7366482356792039,2.6764747036230323e-08,0.39943837468997556,0.008776954226213165,0.184831050968317,0.24126827215366625
0.1,286,179,1,OO_fraction,42,0.4632078362322658,0.0020071780817954112,0.5486832931376778,0.00016838372196858166,0.3987512461978157,0.008904511465557138
0.1,286,180,4,DCApost,42,0.7126870868294686,1.192448386325812e-07,-0.18898225644993807,0.23067533457163975,-0.2618102260756827,0.09395855885971266
0.1,286,180,4,OO_fraction,42,0.2289000580814118,0.1448094300352808,0.2656886677788046,0.08901570569045744,0.16119620926557432,0.3078077146064223
0.1,286,181,16,DCApost,42,0.7145871359276676,1.0650743174694909e-07,0.42113537257083233,0.005479997257929001,0.45514950166112955,0.0024570326597851398
0.1,286,181,16,OO_fraction,42,0.5078953964816636,0.0005956778910064871,0.08923928652370426,0.5741115512673796,0.06537822475445026,0.6808135178036927
0.1,286,182,12,DCApost,42,0.8087793591300448,9.193054587054272e-11,0.4011750869911559,0.008461531456647233,0.36585365853658536,0.017185769454168925
0.1,286,182,12,OO_fraction,42,0.7299973107860597,4.1161532814154726e-08,0.13628070998334288,0.38947418081256613,0.09711414546086462,0.5406522392831421
0.1,286,183,2,DCApost,42,0.8326167257744994,8.10883541009642e-12,0.17572297138459742,0.265650048838134,0.07608783729033304,0.6319958352722501
0.1,286,183,2,OO_fraction,42,0.5864641682931837,4.4758734385207235e-05,0.37728087565742663,0.013775921591087308,0.333266047874533,0.031028476050824212
0.1,286,184,2,DCApost,42,0.7314077479101857,3.7610397835069694e-08,0.46543829740567916,0.001896274239361978,0.4024795397455636,0.00823107256999509
0.1,286,184,2,OO_fraction,42,0.47645171658569496,0.0014241921017317818,0.5725084742798129,7.441323255378928e-05,0.4396318015669654,0.003578572146784889
0.1,286,185,8,DCApost,42,0.7200634467129247,7.651775285175473e-08,0.43145745925178236,0.0043326387244246945,0.38821813467304106,0.011068489550506369
0.1,286,185,8,OO_fraction,42,0.6347730663171605,6.335375844693172e-06,0.5761485886831399,6.531773281694264e-05,0.4056420566662492,0.00769464896819153
0.1,286,186,6,DCApost,42,0.8147649970605774,5.1634292687719334e-11,0.3200354330500858,0.038812841603619884,0.3120492666720688,0.04423812823261498
0.1,286,186,6,OO_fraction,42,0.4180860434149396,0.00586582792293722,-0.1314697073465695,0.40658437337363024,-0.1205904216180907,0.44682871616024955
0.1,286,187,5,DCApost,42,0.8256734708313143,1.707705876672087e-11,0.16607897073932673,0.29318748975146014,0.09910055911190342,0.5323629521989508
0.1,286,187,5,OO_fraction,42,0.7017720058794077,2.2433587001414784e-07,0.13817679609913772,0.38284836010013945,0.1421620774018245,0.3691403291945031
0.1,286,188,2,DCApost,42,0.7564872680749624,6.8438613537552275e-09,-0.05465532663465173,0.7310157634209878,-0.12243740377603111,0.43984688860911136
0.1,286,188,2,OO_fraction,42,0.7175367866713432,8.921509684464692e-08,0.187261447930453,0.23502718644976514,0.16512647270766384,0.2960037014427217
0.1,286,189,1,DCApost,42,0.7982871197759971,2.410917426164786e-10,0.24039144534390247,0.12515654575769405,0.1284336763633417,0.4176003084197678
0.1,286,189,1,OO_fraction,42,0.598752574961282,2.8047662580423075e-05,0.4583497874116087,0.0022687396635731848,0.36219198824636323,0.018418826680552468
0.1,286,190,28,DCApost,42,0.66129013035844,1.8655961064115566e-06,0.28115219101122674,0.07128408986626265,0.23507009156470304,0.13399261202442098
0.1,286,190,28,OO_fraction,42,0.7082915329670925,1.5433142376199328e-07,0.034399170242616885,0.8287786762361271,-0.04474956750273552,0.7784042398851112
0.1,286,191,3,DCApost,42,0.8607055468682436,2.7040945869531234e-13,0.21280670103660854,0.17602938131564544,0.1908273235556276,0.22607079434450117
0.1,286,191,3,OO_fraction,42,0.37008355164608553,0.01584876689300058,0.3786306718279209,0.013414007243047258,0.2157911598592059,0.16990302186482986
0.1,286,192,6,DCApost,42,0.5531175884661796,0.00014531784012150506,0.44646458625188384,0.0030390174292652785,0.370877562596224,0.015607863247882723
0.1,286,192,6,OO_fraction,42,0.4964652383724036,0.0008256809100587453,0.60040895700854,2.629630810899476e-05,0.36990519406855205,0.01590331110968906
0.1,286,193,1,DCApost,42,0.7115187290300385,1.2776555682520873e-07,0.3146827385027535,0.04238497852880091,0.31010452961672474,0.045648405373574896
0.1,286,193,1,OO_fraction,42,0.4593937876390491,0.002210126722685588,-0.09237747316769733,0.56066521733285,-0.059885644833553776,0.7063747529049336
0.1,286,194,7,DCApost,42,0.8429882188498754,2.496619824108637e-12,0.11159518924828954,0.4816842947512656,-0.0064014261405072525,0.9679062816885131
0.1,286,194,7,OO_fraction,42,0.74841319823597,1.2103324091918902e-08,0.028289353337873902,0.8588497226393674,-0.0006491668816645396,0.9967445487553668
0.1,286,195,4,DCApost,42,0.8035585262000998,1.4960256745059327e-10,0.4126561178460955,0.00661136782822508,0.3822218620857305,0.012490234311232612
0.1,286,195,4,OO_fraction,42,0.4238906383068709,0.005150513912251911,0.45025204121784873,0.0027718203347850624,0.3150082293277178,0.04216038532006084
0.1,286,196,3,DCApost,42,0.8607961100676048,2.671484950725831e-13,0.4307293621215995,0.004406076332775959,0.3052426869783648,0.049333945955115976
0.1,286,196,3,OO_fraction,42,0.7469661041193859,1.3375322971895231e-08,0.4943840148147953,0.0008751960488709956,0.37297344179084985,0.014986806782002786
0.1,286,197,5,DCApost,42,0.5659963129894914,9.360345229026822e-05,0.0925608613173059,0.5598840065574323,0.18077951543635037,0.2519198959840988
0.1,286,197,5,OO_fraction,42,0.4502654848486936,0.002770909907975629,0.2219120768584275,0.15782216973134122,0.14145591304608413,0.3715476426637835
0.1,286,198,1,DCApost,42,0.6735545736897245,1.0165583652661985e-06,0.08409728557307719,0.5964554989616444,-0.0501580098857467,0.7524201638515106
0.1,286,198,1,OO_fraction,42,0.4022830976495555,0.008265428848807911,0.29207339008269384,0.06053392150996395,0.13960890478621119,0.37788823384774206
0.1,286,199,1,DCApost,42,0.503198634940577,0.0006821454320595984,0.2852260330947225,0.06711062606401878,0.16392512762336925,0.2995804200634634
0.1,286,199,1,OO_fraction,42,0.420851407752143,0.005514972199664944,0.15863799778616097,0.31564968135864085,0.09619904494632313,0.5444917116024839
0.2,572,0,3,DCApost,42,0.846870466445957,1.5714346451742987e-12,0.28466384538181533,0.0676747751911144,0.15403938092537073,0.33006062353017895
0.2,572,0,3,OO_fraction,42,0.4966529741089329,0.0008213397259408835,0.4465278553261374,0.003034374762751902,0.29950937002797695,0.0539847194308973
0.2,572,1,1,DCApost,42,0.7833318865702792,8.679585848943868e-10,0.13548035584857077,0.3922910100172458,0.010290900251195204,0.9484275043190633
0.2,572,1,1,OO_fraction,42,0.7375364636944057,2.5245156265037478e-08,0.35395797963406733,0.021465668246035415,0.22682677153046382,0.14858478654123783
0.2,572,2,5,DCApost,42,0.8816393472238585,1.2731026298401647e-14,0.3430073155233719,0.026161635930633587,0.3686087026983227,0.01630458697261204
0.2,572,2,5,OO_fraction,42,0.7513165990602926,9.884279562606673e-09,0.1825729912646701,0.24716652587217425,0.15928932358843642,0.3136412301687655
0.2,572,3,2,DCApost,42,0.7835981523133632,8.491377472625496e-10,0.14646780761851128,0.3546649286650887,0.04675472003889475,0.7687412833209404
0.2,572,3,2,OO_fraction,42,0.7877325051853186,6.017539160160514e-10,0.23475236117797377,0.13453451137157474,0.17119460661451882,0.2783591205714252
0.2,572,4,10,DCApost,42,0.9031679698170737,2.8186654019987257e-16,0.3934555708116167,0.00994211358130229,0.4300299813629366,0.004477636610622399
0.2,572,4,10,OO_fraction,42,0.5759891164842744,6.569398685343386e-05,0.4502349052013161,0.002772981197422791,0.28758092857739104,0.0647878598268582
0.2,572,5,1,DCApost,42,0.8013191085373006,1.8354104973630097e-10,0.42192690550186307,0.005383521224129958,0.33489992707236044,0.030163628840568876
0.2,572,5,1,OO_fraction,42,0.7800560323964242,1.1338548127798357e-09,0.18072739615865752,0.25205894163610576,0.10414134183321416,0.5116096506922675
0.2,572,6,12,DCApost,42,0.9067954243388089,1.3592679031460637e-16,0.24128780460467683,0.12371219276305558,0.15954946924884533,0.3128413016575057
0.2,572,6,12,OO_fraction,42,0.835794041567518,5.7015847905239546e-12,0.23148023776479704,0.14021036729149644,0.1180808833081658,0.4564115069022552
0.2,572,7,2,DCApost,42,0.8680813248283635,9.780372863307299e-14,0.1874007500144272,0.23467283206719497,0.13183696621019367,0.4052632217449791
0.2,572,7,2,OO_fraction,42,0.8899740929120112,3.200067170967793e-15,0.3429886255430882,0.026170326818079376,0.2407753609846075,0.12453638125355512
0.2,572,8,2,DCApost,42,0.8827725982704274,1.061705411015946e-14,0.21114293150710184,0.17951267993124442,0.16068389919779597,0.3093681356401701
0.2,572,8,2,OO_fraction,42,0.487055201362875,0.0010713069657108548,0.49793556449958754,0.0007922218813188225,0.36890775248197355,0.016211277267543997
0.2,572,9,2,DCApost,42,0.8592106899693546,3.299637970875899e-13,0.15515757437180985,0.3265193542416698,0.08483915403938094,0.593208385597279
0.2,572,9,2,OO_fraction,42,0.5130394885710099,0.0005123446460887181,0.5547003285309297,0.0001378044649160701,0.4146509464122282,0.006328468815083995
0.2,572,10,1,DCApost,42,0.937265685323993,6.588713051556039e-20,0.39155178541139535,0.010339625754050733,0.3605056316343895,0.019011267568761578
0.2,572,10,1,OO_fraction,42,0.7589562643261957,5.72372666660742e-09,0.6093100721021829,1.8480404613242788e-05,0.442580441829714,0.0033362372713459476
0.2,572,11,1,DCApost,42,0.8700805564637936,7.346243083801499e-14,0.31275766172338243,0.04373328965153961,0.28190584231423715,0.07049696576692666
0.2,572,11,1,OO_fraction,42,0.8790132657528221,1.9255689915159522e-14,0.4163315845478337,0.0060983186539587345,0.3234937403056919,0.03663861177638787
0.2,572,12,5,DCApost,42,0.9106690508131461,6.032255970730006e-17,0.2900197178471427,0.062450061838240443,0.2357183372498177,0.13289204703958993
0.2,572,12,5,OO_fraction,42,0.6985386604072436,2.6907584356338785e-07,0.19489484549233896,0.21614385171247236,0.192477980413536,0.22200523919574147
0.2,572,13,1,DCApost,42,0.9195820308012823,8.015534547622093e-18,0.22832005874705358,0.14585838407422375,0.18288631391297303,0.2463423476743906
0.2,572,13,1,OO_fraction,42,0.7696050325271776,2.5825832676900682e-09,0.17585815221124962,0.26527666577955283,0.16569391763105787,0.29432387043789077
0.2,572,14,6,DCApost,42,0.7789462061557769,1.2400286704058007e-09,0.3607586980594336,0.01892135309932954,0.3528887448342922,0.021890632765534972
0.2,572,14,6,OO_fraction,42,0.9165580226543062,1.630119561567884e-17,0.5011315352235974,0.0007236330483500494,0.39745242329911434,0.009149975902830414
0.2,572,15,4,DCApost,42,0.9022467913422365,3.376726895611251e-16,0.3893727121028232,0.010811238287755775,0.3888663803581558,0.010923417778175619
0.2,572,15,4,OO_fraction,42,0.5861454464876471,4.529323087000768e-05,0.25044128446941655,0.10967092068426844,0.1492985650295259,0.3453388878845949
0.2,572,16,2,DCApost,42,0.9014619468711006,3.9330275626507533e-16,0.32443808826178866,0.036062571550861885,0.3512681306215056,0.02254814852053276
0.2,572,16,2,OO_fraction,42,0.5283312115336644,0.0003226823974826696,0.6230573516329985,1.0490643472625586e-05,0.4879573415440832,0.001045225176339484
0.2,572,17,2,DCApost,42,0.7170310918065973,9.19808740454735e-08,0.5601579999901561,0.00011451569446593955,0.4890203387083705,0.001015218919151396
0.2,572,17,2,OO_fraction,42,0.6865130362860941,5.185473306793716e-07,0.6311748091096614,7.413174781891546e-06,0.48741947286878107,0.0010607066395099337
0.2,572,18,2,DCApost,42,0.8396437193697391,3.683542956414498e-12,0.291529413494336,0.06103684532588791,0.23685276719876835,0.13098227755504546
0.2,572,18,2,OO_fraction,42,0.7705728777748742,2.3973636492943016e-09,0.3165585569268795,0.04110389095929539,0.2880998939631994,0.06428465712006334
0.2,572,19,5,DCApost,42,0.7958401414215672,2.9945318966450524e-10,0.14218818435283692,0.3690515098689676,-0.06490559922210519,0.6829996839167356
0.2,572,19,5,OO_fraction,42,0.5865218665078179,4.46625913839597e-05,0.11766541228428584,0.45800865226116627,0.05055387090962602,0.7505284809847091
0.2,572,20,2,DCApost,42,0.868453633266554,9.276048113134625e-14,0.37079127391917843,0.015633892339624065,0.3590470788428815,0.019536522529319967
0.2,572,20,2,OO_fraction,42,0.7954508657500484,3.098768876408765e-10,0.6304128584257028,7.661997537031771e-06,0.5020681238988565,0.0007045639873890594
0.2,572,21,1,DCApost,42,0.8584078203386111,3.668488360040368e-13,0.31322462829280756,0.043403071623031,0.2525727250627988,0.10658252113423304
0.2,572,21,1,OO_fraction,42,0.8207993578653133,2.825621714439184e-11,0.4964469775033163,0.0008261042628640003,0.4109922516582501,0.006855630320188083
0.2,572,22,3,DCApost,42,0.8887682436032078,3.934111473519802e-15,0.3219141764384622,0.03761896348822333,0.26845474434810795,0.08561537520940776
0.2,572,22,3,OO_fraction,42,0.8530556824222116,7.315653898479922e-13,0.4076001007809668,0.00737785761452977,0.26932311003057585,0.08456898884561136
0.2,572,23,1,DCApost,42,0.8030718396842176,1.564344747276559e-10,0.3158221731675705,0.041602989133800394,0.159225346406288,0.31383815340208265
0.2,572,23,1,OO_fraction,42,0.5967441907417405,3.0313884178520153e-05,0.4889034659910439,0.0010184800608897195,0.3560945133322369,0.0206371805959182
0.2,572,24,3,DCApost,42,0.8685547648151664,9.143351729460383e-14,-0.004673373861775768,0.9765670775885364,-0.06604002917105584,0.6777566233545191
0.2,572,24,3,OO_fraction,42,0.7585829463909454,5.8813150727819075e-09,0.01723314939674052,0.9137410162979611,-0.03203531159929432,0.8403868551805954
0.2,572,25,2,DCApost,42,0.8597323174466893,3.07903405912376e-13,-0.05656453333777069,0.7219886392841552,-0.11449639413337655,0.47028962742679103
0.2,572,25,2,OO_fraction,42,0.7810006255480193,1.0502546463808592e-09,0.500116044119961,0.0007448281947088698,0.39087960862226095,0.010483188553281146
0.2,572,26,11,DCApost,42,0.888293192069877,4.264786501115473e-15,0.4080331373776624,0.007309336359313051,0.4152823920265781,0.0062411307295066444
0.2,572,26,11,OO_fraction,42,0.5761432118949658,6.533038665347505e-05,0.5295626817105982,0.00031059086786777734,0.3621849468113884,0.018421267743287388
0.2,572,27,1,DCApost,42,0.770524139353263,2.4063856581310897e-09,0.4708094045465,0.001651118530112235,0.4194959889798234,0.005684596458152501
0.2,572,27,1,OO_fraction,42,0.6053946323742597,2.1610365626643658e-05,0.09530430896242649,0.5482582968104622,0.16584224089374278,0.29388579836766016
0.2,572,28,1,DCApost,42,0.9442843262018724,6.555241971510941e-21,0.2567054893631684,0.10078371667914116,0.2026578073089701,0.1980450060247147
0.2,572,28,1,OO_fraction,42,0.5866618681944841,4.4430087512189925e-05,0.5723030774749542,7.495922061747006e-05,0.35203969081649744,0.022233081217178936
0.2,572,29,2,DCApost,42,0.8208195006625534,2.819835571923303e-11,0.2211161775116488,0.15935660972259308,0.24560408394781622,0.11693182245135807
0.2,572,29,2,OO_fraction,42,0.5076419851922416,0.000600079969570702,0.004424443528944704,0.9778149294404879,-0.011434599494385196,0.9427049068695574
0.2,572,30,1,DCApost,42,0.8226635696813855,2.334808098162942e-11,0.2152355689916747,0.17103170420529373,0.21108500121546067,0.17963484527791315
0.2,572,30,1,OO_fraction,42,0.9054696840448754,1.7804954076173894e-16,0.43126554807266865,0.004351891028669,0.3095110739617515,0.04608594741034744
0.2,572,31,1,DCApost,42,0.7958891315439962,2.9816491087695857e-10,0.08660776990609023,0.5854988700602174,-0.016611295681063124,0.9168425798974191
0.2,572,31,1,OO_fraction,42,0.6662217164172509,1.4663867789119277e-06,-0.013373652527642785,0.9330093355028166,-0.06395914922255608,0.6873852442551023
0.2,572,32,3,DCApost,42,0.9354943699438092,1.1310505236263512e-19,0.30230027697093004,0.051678655534803886,0.2422007941009643,0.12225394320981654
0.2,572,32,3,OO_fraction,42,0.7221383089477542,6.737039728356729e-08,0.5557004279190761,0.00013324011845107725,0.37613492064975945,0.014089657265270637
0.2,572,33,1,DCApost,42,0.8223061405337931,2.422216580496366e-11,0.17605873951426987,0.2647232645534532,0.11028279718013127,0.4868858429963424
0.2,572,33,1,OO_fraction,42,0.5785787926110068,5.982135562483364e-05,0.30595352044918245,0.04878057969848413,0.15600940313535974,0.32383764868232745
0.2,572,34,1,DCApost,42,0.9231787089476103,3.3201656973418814e-18,0.28942822194633777,0.06301080374378949,0.21675715096021395,0.16795341549529094
0.2,572,34,1,OO_fraction,42,0.6882513212963872,4.7254109966974624e-07,0.33824045604512776,0.028457347373939675,0.17696175253845364,0.26224142064012446
0.2,572,35,1,DCApost,42,0.926522334911244,1.4068197851753818e-18,0.23219055780305325,0.13896343496392616,0.1870999108662183,0.23543855787235374
0.2,572,35,1,OO_fraction,42,0.30204833065337894,0.05188352141438366,0.13262983771962455,0.40241943121092494,0.015327229109495053,0.923250806305024
0.2,572,36,9,DCApost,42,0.8299489846271727,1.0838042159478902e-11,0.41580950051811305,0.0061690249488988115,0.3478648407746536,0.023982772362996632
0.2,572,36,9,OO_fraction,42,0.6541221938671009,2.6268347585063276e-06,0.5546588622665043,0.00013799673305229745,0.36272199513006154,0.018235868432026976
0.2,572,37,1,DCApost,42,0.7743069251233232,1.7929114214909973e-09,0.5395922437586984,0.00022631115625491302,0.3054047483996435,0.04920734149430761
0.2,572,37,1,OO_fraction,42,0.5294094268667175,0.0003120730886984646,0.5890404344326652,4.064485983369621e-05,0.4058104469005453,0.007666952029744386
0.2,572,38,2,DCApost,42,0.9183714756989436,1.0684900779610726e-17,0.09567007008843055,0.5467170507979878,0.04092050887286282,0.7969474242140536
0.2,572,38,2,OO_fraction,42,0.831529951677179,9.131643434395393e-12,0.16828097900513594,0.28674333711846994,0.09648242778739219,0.5433013349972213
0.2,572,39,12,DCApost,42,0.8456300633056251,1.824450397271895e-12,0.28716489956551144,0.06519350570606673,0.23020824892634312,0.1424639369382056
0.2,572,39,12,OO_fraction,42,0.7949524101078043,3.237210091942363e-10,0.31364445186296264,0.04310792317518605,0.31355385195544605,0.0431714791694962
0.2,572,40,4,DCApost,42,0.8737578939898268,4.28557690902665e-14,0.2758479515354044,0.07702162773324574,0.2357183372498177,0.13289204703958993
0.2,572,40,4,OO_fraction,42,0.8664432816455885,1.2322394598786021e-13,0.4793127263689867,0.0013200554570659093,0.31070749873669024,0.04520730302551762
0.2,572,41,2,DCApost,42,0.8682767613059582,9.512499560179981e-14,0.3018698001318177,0.05202908566836287,0.2509521108500122,0.10892462155834517
0.2,572,41,2,OO_fraction,42,0.478271962393502,0.0013571285863319795,0.4452455310229043,0.003129695861342935,0.22682677153046382,0.14858478654123783
0.2,572,42,3,DCApost,42,0.911683794457041,4.846230638760021e-17,0.29004308018792313,0.062427995951040545,0.2746130783566972,0.07840794904898463
0.2,572,42,3,OO_fraction,42,0.8007459239974214,1.9332152683275227e-10,0.5461667653740335,0.00018289982773599697,0.42859473991365793,0.004627667282401007
0.2,572,43,1,DCApost,42,0.7738436436524653,1.859270505903923e-09,0.41180923721179763,0.0067347362948530455,0.342354752451179,0.026466503401510244
0.2,572,43,1,OO_fraction,42,0.8174877494342114,3.944470833032687e-11,0.44401810216725124,0.003223384676285311,0.33317123359278267,0.031079285150746688
0.2,572,44,4,DCApost,42,0.8344505252456221,6.6231958136315935e-12,0.2635411227124854,0.09172710469947062,0.22907381897739243,0.14449626078071556
0.2,572,44,4,OO_fraction,42,0.6398285522691515,5.063209741831302e-06,0.03392353233716894,0.8311115814315352,0.03481157402926093,0.826757095630281
0.2,572,45,2,DCApost,42,0.8654684493916631,1.411836703049714e-13,0.31548374441228916,0.04183401499058319,0.2775301839397132,0.07516408257405352
0.2,572,45,2,OO_fraction,42,0.8303325944127797,1.0398429936539044e-11,0.35245231895852086,0.02206610072782951,0.2404509751833483,0.12506023186017173
0.2,572,46,9,DCApost,42,0.8758101655961733,3.1491711900333415e-14,0.4317168987417142,0.004306730113006229,0.37379466817923995,0.014749233875122303
0.2,572,46,9,OO_fraction,42,0.7454500643672575,1.4840958906795175e-08,0.4984731850358275,0.0007802931178545867,0.37166503179267635,0.015372011710609913
0.2,572,47,1,DCApost,42,0.8050942337430237,1.2983455262257092e-10,0.39336010650719466,0.009961730142343594,0.3373308483915404,0.028913835745744458
0.2,572,47,1,OO_fraction,42,0.7741412976818732,1.8163766878370065e-09,0.4935176815025605,0.0008965756432281326,0.36720966525003373,0.01674716588967712
0.2,572,48,5,DCApost,42,0.876875188857093,2.6780635838128702e-14,0.41116664041115447,0.006829668806566927,0.34721659508953895,0.024264485977574333
0.2,572,48,5,OO_fraction,42,0.8237321757972754,2.0908248021340858e-11,0.3902187167187105,0.01062600027850176,0.31628772111993625,0.04128688485587019
0.2,572,49,3,DCApost,42,0.8311656598432735,9.500810270474234e-12,0.25204935224211467,0.1073346596540999,0.15565999513815737,0.32493597174625943
0.2,572,49,3,OO_fraction,42,0.7751636585936195,1.6759946513679592e-09,0.23486993417714452,0.1343337972404116,0.18485026955397765,0.24121848421661984
0.2,572,50,4,DCApost,42,0.7817057283233595,9.91650552951485e-10,0.45009310549783954,0.0027826036758187957,0.36877076411960136,0.01625396429518134
0.2,572,50,4,OO_fraction,42,0.6426681667022746,4.456279907845584e-06,0.5612045740106097,0.00011048084281815626,0.42817772648104085,0.004672071626497855
0.2,572,51,2,DCApost,42,0.9354293887851265,1.1533588547181065e-19,0.13323424140603674,0.40025937045339366,0.11433433271209789,0.47092233313863296
0.2,572,51,2,OO_fraction,42,0.6066197904863689,2.0582443764876104e-05,0.46977126434980554,0.0016961897983002383,0.2905685814778877,0.06193329322122129
0.2,572,52,1,DCApost,42,0.9095041841812753,7.731047265014584e-17,0.2816450469463367,0.07076856448383079,0.22729114334332715,0.1477329697931992
0.2,572,52,1,OO_fraction,42,0.7168876583283809,9.277974143428817e-08,0.38123878651826454,0.01273756065000232,0.26736364724340356,0.08694439038458833
0.2,572,53,3,DCApost,42,0.7532115001529639,8.647515503380826e-09,0.05600892959186506,0.7246118719004536,-0.05809901952840127,0.7147601017203561
0.2,572,53,3,OO_fraction,42,0.39329012580112244,0.009976131236473559,0.41406389362685897,0.006410613515588285,0.1848610122346782,0.24119065710954868
0.2,572,54,1,DCApost,42,0.8077857072117207,1.0097229771617344e-10,0.04599840672416816,0.7723820333072424,0.06717445912000648,0.672528533053411
0.2,572,54,1,OO_fraction,42,0.24293158761661296,0.12109604245287142,0.11694038870903767,0.46080298316439955,-0.026518539252935885,0.8676041508799799
0.2,572,55,4,DCApost,42,0.7664694924761689,3.278709669109355e-09,0.10925311088373821,0.49098725298701784,0.09245604083947818,0.5603304666282427
0.2,572,55,4,OO_fraction,42,0.6190902374847242,1.238692293763364e-05,0.4716105544754906,0.0016170639603593443,0.31314853415302174,0.04345674342481311
0.2,572,56,1,DCApost,42,0.8966355599615976,9.776720377133563e-16,0.4244953224159021,0.00508055278600342,0.37120168543878135,0.015510418464840432
0.2,572,56,1,OO_fraction,42,0.5355959226124991,0.00025704122111659667,0.577326292239843,6.259921835861992e-05,0.36072615758726556,0.018932894650790327
0.2,572,57,6,DCApost,42,0.8497851827261385,1.100708432402891e-12,0.3148045584721867,0.04230080735402024,0.34673041082570294,0.024477576869599515
0.2,572,57,6,OO_fraction,42,0.6271402620209473,8.82041221071866e-06,0.38967907089248266,0.010743842815238876,0.31636902901739644,0.04123187849466033
0.2,572,58,9,DCApost,42,0.8613213834646407,2.489535396084619e-13,0.05448609207461687,0.7318176915314681,-0.0757637144477757,0.6334521652147105
0.2,572,58,9,OO_fraction,42,0.6577536840953979,2.2112175119451988e-06,0.009918959120728654,0.9502891091657572,-0.013705300103199279,0.9313519636800887
0.2,572,59,1,DCApost,42,0.8796555602731397,1.7417861624589072e-14,0.11198837543021142,0.4801316186341006,0.02763147232801232,0.8621002181191699
0.2,572,59,1,OO_fraction,42,0.8057930120048907,1.2167593416510776e-10,0.2533773675199314,0.10543401655683855,0.11215817190794511,0.47946191173902053
0.2,572,60,7,DCApost,42,0.8460360486013405,1.7376959136203103e-12,0.21543499538882482,0.17062594997537395,0.2344218458795884,0.13509994335367836
0.2,572,60,7,OO_fraction,42,0.6197303809166655,1.2061080565421102e-05,0.6359538686860513,6.014390122399018e-06,0.4959468630463854,0.0008377742338873475
0.2,572,61,3,DCApost,42,0.9324969079784616,2.728096506177925e-19,0.21506719746798672,0.17137481472183697,0.19163763066202094,0.22406867408174624
0.2,572,61,3,OO_fraction,42,0.7455183023620449,1.477189267504295e-08,0.5797023279642974,5.742547857259738e-05,0.4699922815577685,0.001686504117111396
0.2,572,62,3,DCApost,42,0.8275649643510514,1.398685677310103e-11,0.17028486738995444,0.2809595558010388,0.08597358398833158,0.5882581797848159
0.2,572,62,3,OO_fraction,42,0.5674901279728446,8.884232611582251e-05,0.17376131704928613,0.2711075138844481,0.089250980093833,0.5740611758600151
0.2,572,63,3,DCApost,42,0.8645237061466837,1.6092107107372495e-13,0.16736728029613104,0.2894060095345302,0.05420954541771331,0.7331287307490967
0.2,572,63,3,OO_fraction,42,0.525229276514199,0.00035503839005844785,-0.15805229307389795,0.3174627030339874,-0.14817234073993116,0.34903110794400494
0.2,572,64,1,DCApost,42,0.8760685316422308,3.028189735672814e-14,0.2653319079844604,0.08946178143893696,0.211895308321854,0.17793143544524428
0.2,572,64,1,OO_fraction,42,0.534172692846128,0.00026886219722444107,0.6190319651925205,1.2416981681959858e-05,0.46754194633137164,0.0017966706824596968
0.2,572,65,3,DCApost,42,0.9308234081446815,4.383112406992723e-19,0.27043915646078615,0.08323879128472494,0.2535450935904708,0.10519580722178956
0.2,572,65,3,OO_fraction,42,0.7084354432849003,1.5304504078090614e-07,0.5616784840063979,0.00010869654744361365,0.3855239818485284,0.011689186607963895
0.2,572,66,6,DCApost,42,0.887718450713831,4.699945897247122e-15,0.32084305575907646,0.03829588552581962,0.27898873673122115,0.07358216608275342
0.2,572,66,6,OO_fraction,42,0.7321813315178037,3.5786020002584456e-08,0.14377199648132943,0.3636871095109261,0.09382859301421044,0.5544975604246891
0.2,572,67,1,DCApost,42,0.9119694697292473,4.55440716615826e-17,0.3687985011724389,0.01624531347436561,0.34397536666396566,0.025714758560777855
0.2,572,67,1,OO_fraction,42,0.6901198528247825,4.2732505320294693e-07,0.48679365681111775,0.0010789759305345637,0.3722343836886791,0.015203372847982025
0.2,572,68,4,DCApost,42,0.9141165654493437,2.836207057484589e-17,0.24695464910063197,0.11486899128179826,0.2146503524835913,0.17222640093223796
0.2,572,68,4,OO_fraction,42,0.746844164678967,1.348801720502722e-08,0.4513163809696764,0.002700548960482012,0.3129053434715672,0.04362863578952585
0.2,572,69,4,DCApost,42,0.865632375794265,1.3800038505384e-13,0.4205503826823656,0.005552259753512957,0.44121221943116445,0.0034468370976195495
0.2,572,69,4,OO_fraction,42,0.9334443429603011,2.074559764145555e-19,0.5485639210794615,0.0001690480284756577,0.45547171334788256,0.002437471901591043
0.2,572,70,6,DCApost,42,0.7753171238341825,1.6558202104383992e-09,0.4850778778271528,0.001130507722708553,0.44299489506522977,0.0033033542016357004
0.2,572,70,6,OO_fraction,42,0.8035094832935407,1.502781140763085e-10,0.39065783887211797,0.010530926478916737,0.24677851041411447,0.11513645012728935
0.2,572,71,3,DCApost,42,0.8998262480813082,5.382632833122071e-16,0.19817143715822857,0.2083698783871304,0.18126569970018638,0.2506253147725681
0.2,572,71,3,OO_fraction,42,0.7622922428834664,4.480507766351589e-09,0.013135671832710388,0.9341987901054372,-0.015813807811383782,0.9208219145240442
0.2,572,72,2,DCApost,42,0.7761269289978353,1.553073601756664e-09,0.5442816827622999,0.00019450425355502725,0.46438700267401345,0.0019478541984306258
0.2,572,72,2,OO_fraction,42,0.7146022461655472,1.0641140897673059e-07,0.6054119606929383,2.1595505350074357e-05,0.4152949220620326,0.006239408255595
0.2,572,73,2,DCApost,42,0.8639282273587723,1.7466825769823392e-13,0.27896144448486715,0.07361152432335216,0.27769224536099185,0.07498700637901876
0.2,572,73,2,OO_fraction,42,0.8262586343886281,1.6058475538230446e-11,0.4880308573838378,0.0010431248620024793,0.3358627154011911,0.02966340045337469
0.2,572,74,3,DCApost,42,0.8391589253853052,3.894313723520074e-12,0.4091065929087884,0.00714184169916032,0.35985738594927486,0.019243229387947394
0.2,572,74,3,OO_fraction,42,0.6294416104342206,7.990290840425572e-06,0.5967912824678511,3.025888653511931e-05,0.47616735428807916,0.0014349299789342164
0.2,572,75,1,DCApost,42,0.9373508231855342,6.417253320184832e-20,0.16740308189779216,0.2893013770861418,0.1256786322016044,0.42774147174231514
0.2,572,75,1,OO_fraction,42,0.4665612875643657,0.0018425125061279854,0.2922255358328972,0.06039385061770258,0.14802206144535796,0.34952560135223654
0.2,572,76,3,DCApost,42,0.915952136810918,1.873208658649647e-17,0.2438351560430633,0.11967582253660768,0.27898873673122115,0.07358216608275342
0.2,572,76,3,OO_fraction,42,0.8509893752406286,9.48064722551072e-13,0.24127653722165215,0.12373027051374455,0.13405243237034561,0.3973459675444381
0.2,572,77,5,DCApost,42,0.8732808884419269,4.60021837789258e-14,0.5025223008356605,0.000695479548206648,0.395024714366745,0.009624387157507193
0.2,572,77,5,OO_fraction,42,0.6014016411977845,2.529520666513344e-05,0.5586267126066717,0.0001206602428293497,0.4316634595818899,0.004312055676537201
0.2,572,78,4,DCApost,42,0.8076425235231478,1.0234197472972535e-10,0.2630692086014872,0.0923313889492768,0.239445749939227,0.12669406439307618
0.2,572,78,4,OO_fraction,42,0.6328927577193993,6.879165930688234e-06,0.23325819038922108,0.1371047361541393,0.15649566621006736,0.3223130144205373
0.2,572,79,3,DCApost,42,0.8886233327351166,4.032323523915527e-15,0.030994901545179095,0.8455067406760925,-0.09213191799692083,0.5617120463494755
0.2,572,79,3,OO_fraction,42,0.5604191678557695,0.00011349649880222453,0.30053301565963286,0.05312949753460938,0.13932744197725183,0.3788600645083652
0.2,572,80,2,DCApost,42,0.8781922424520127,2.1871999103224954e-14,0.11349791690466346,0.47419496484259804,0.08483915403938094,0.593208385597279
0.2,572,80,2,OO_fraction,42,0.5495255832129144,0.00016376305834184344,-0.18331647186333097,0.24521386137955004,-0.15766640638427507,0.3186607783389197
0.2,572,81,1,DCApost,42,0.8864116550939422,5.850427054877307e-15,0.20442833906343438,0.19407111762868406,0.10444858601409934,0.510357975425485
0.2,572,81,1,OO_fraction,42,0.5724607986940161,7.453964117300188e-05,0.5755488789003195,6.674292678063656e-05,0.39589918665778306,0.009451127782702108
0.2,572,82,2,DCApost,42,0.8604680743647874,2.7913930827419433e-13,0.38180751043007455,0.0125939755016686,0.37411879102179724,0.014656350758322426
0.2,572,82,2,OO_fraction,42,0.5826513692481823,5.1546457331824514e-05,0.44726548556881957,0.002980704903320755,0.29823283902380715,0.055066663935520545
0.2,572,83,3,DCApost,42,0.8693965295399494,8.106245541643725e-14,0.2712070094518251,0.08233310661427078,0.2738027712503039,0.07932819631946705
0.2,572,83,3,OO_fraction,42,0.6008662870191445,2.5830686336467922e-05,-0.03664318333424742,0.8177921595657407,-0.06820211471473724,0.6678056222983295
0.2,572,84,3,DCApost,42,0.9287375735047863,7.786544095842288e-19,0.33060710750591876,0.03247960845966949,0.315776679361478,0.04163398456508929
0.2,572,84,3,OO_fraction,42,0.7637004944659711,4.035652629570018e-09,0.43316223343406096,0.004164851387629564,0.3214980808829625,0.03788075323642616
0.2,572,85,3,DCApost,42,0.8257431545937386,1.695265266928168e-11,0.39795073781583357,0.0090551213626705,0.3126975123571834,0.04377597256093689
0.2,572,85,3,OO_fraction,42,0.4872168008648353,0.0010665928375216648,0.49188376299071584,0.0009381681118423608,0.4006975610053707,0.00854727282085023
0.2,572,86,2,DCApost,42,0.8702450263646498,7.173800703291503e-14,0.31293800752375805,0.04360551608280122,0.2755854468843692,0.07731470669387162
0.2,572,86,2,OO_fraction,42,0.5354134358879608,0.00025853025634214215,0.5719984947499519,7.57755710168518e-05,0.4641149851515354,0.0019614003080367227
0.2,572,87,4,DCApost,42,0.8713721137635795,6.090831370639133e-14,0.34503540603536786,0.02523271845793127,0.23020824892634312,0.1424639369382056
0.2,572,87,4,OO_fraction,42,0.7360834234781678,2.7774919910768623e-08,0.47757653154611096,0.0013824123877800593,0.3147353236716947,0.04234862825226571
0.2,572,88,1,DCApost,42,0.9202589296597038,6.811959916738767e-18,0.2979827715127722,0.055280635321096235,0.22340166923263918,0.15497931529310366
0.2,572,88,1,OO_fraction,42,0.9110408953780376,5.568929793213182e-17,0.43576491922014604,0.003919622226872506,0.3790312732037508,0.013308163612830342
0.2,572,89,3,DCApost,42,0.898603456338479,6.781774352709521e-16,0.2685219136722002,0.08553407831537116,0.20865407989628068,0.18481495906492587
0.2,572,89,3,OO_fraction,42,0.8730860913646947,4.7348717627288856e-14,0.2525335658505043,0.10663865734289776,0.16616662669500193,0.29292919310376253
0.2,572,90,5,DCApost,42,0.9168063186147819,1.539390039548219e-17,0.3079887890079889,0.04722384244171173,0.21578478243254196,0.16991594705572946
0.2,572,90,5,OO_fraction,42,0.8950975438497589,1.29461112722656e-15,0.40471101907740126,0.007849348203892072,0.25439956463749197,0.10398863552516371
0.2,572,91,2,DCApost,42,0.9161400955480081,1.7943526174795664e-17,0.16551720918489693,0.29484632740331485,0.04286524592820679,0.7875150707406811
0.2,572,91,2,OO_fraction,42,0.621709091349266,1.110294309991033e-05,0.24702996349234793,0.11475477328467801,0.13051233238062776,0.41003996829239386
0.2,572,92,2,DCApost,42,0.8938849388493356,1.6105041933008235e-15,0.4167324644491404,0.006044504543330291,0.40572076817113684,0.007681691733130759
0.2,572,92,2,OO_fraction,42,0.8369860536845602,4.986225416435697e-12,0.3718478721372598,0.015317683664902049,0.27597122042122574,0.0768843023685553
0.2,572,93,4,DCApost,42,0.7676846583466999,2.9903710166379354e-09,0.2683182628444551,0.08578074756641535,0.18807227939389026,0.23296971363083496
0.2,572,93,4,OO_fraction,42,0.736592153509969,2.6863497710447872e-08,0.12280959989424237,0.43844726840001347,0.11475147719542593,0.46929467047204687
0.2,572,94,1,DCApost,42,0.8838610977993678,8.90209554853795e-15,0.3020736640836774,0.05186289246207025,0.3630986143748481,0.018106791609126868
0.2,572,94,1,OO_fraction,42,0.627589155260589,8.652526846256531e-06,0.4436522594143843,0.0032517803964013754,0.35787863523916225,0.019966049367116778
0.2,572,95,2,DCApost,42,0.9091331716450158,8.360940643457875e-17,0.24293125582950745,0.12109656627143785,0.18515517381087435,0.24042952578153742
0.2,572,95,2,OO_fraction,42,0.6763294116735289,8.825817747990883e-07,0.19235639328471765,0.22230297715606318,0.11646000639247372,0.46265947365753424
0.2,572,96,4,DCApost,42,0.8729366141778873,4.8407091539188674e-14,0.3862578280888215,0.011517245276495006,0.3173972935742647,0.040541375169569106
0.2,572,96,4,OO_fraction,42,0.8537948252736737,6.661369196146836e-13,0.33942013957786765,0.02787422927010762,0.2470133924838988,0.11477989666022755
0.2,572,97,2,DCApost,42,0.8672065264806111,1.1068967647339243e-13,0.2948537581190866,0.05801474475404434,0.24609026821165225,0.11618603397966983
0.2,572,97,2,OO_fraction,42,0.498274881890098,0.0007846742938727475,0.5949457418124419,3.248385607364894e-05,0.5056198549564682,0.0006362630586585358
0.2,572,98,1,DCApost,42,0.9351150432808338,1.26728470131281e-19,0.28763103138316304,0.06473914290889056,0.2618102260756827,0.09395855885971266
0.2,572,98,1,OO_fraction,42,0.8183018216511179,3.636188189907832e-11,0.36285745833161603,0.01818935287996172,0.18502309992624744,0.24077106007459878
0.2,572,99,1,DCApost,42,0.8819411458741213,1.213223647519124e-14,0.19166170556709922,0.22400937653691538,0.18855846365772627,0.23174193903069004
0.2,572,99,1,OO_fraction,42,0.40244368843158895,0.008237333518736992,0.38356144094804834,0.012159808673940953,0.21909382256178211,0.163304357140097
0.2,572,100,1,DCApost,42,0.8388339647742333,4.041890564838885e-12,0.2088090314849544,0.18448163054878497,0.08483915403938094,0.593208385597279
0.2,572,100,1,OO_fraction,42,0.8726796460679018,5.02788814729506e-14,0.2113735361135985,0.17902696210745325,0.06525616619031388,0.6813778630342309
0.2,572,101,3,DCApost,42,0.8419058299205668,2.8342891146774794e-12,0.07796821037588254,0.6235742673205904,-0.03152094643870027,0.8429172616496061
0.2,572,101,3,OO_fraction,42,0.5475640282008593,0.0001747061872926308,0.49809678006736624,0.0007886278524418604,0.3333471937347411,0.03098504605711959
0.2,572,102,4,DCApost,42,0.9085425904183184,9.464651752289075e-17,0.3503200841449641,0.02294038599455158,0.2793128595737785,0.07323421115472427
0.2,572,102,4,OO_fraction,42,0.5457742412802888,0.00018526326805034905,0.6992159870646797,2.590694198780596e-07,0.5585279317406989,0.00012106669164336513
0.2,572,103,1,DCApost,42,0.8893652130125661,3.5528359129562976e-15,0.2579443032117566,0.09909348966722267,0.20055100883234747,0.2028477992478552
0.2,572,103,1,OO_fraction,42,0.7367287192199372,2.662362090512618e-08,0.5044740100921028,0.0006576211651639451,0.4062727989182121,0.0075913454789695006
0.2,572,104,2,DCApost,42,0.9075317733755267,1.1679707257079778e-16,0.1531935403850907,0.33275518957627503,0.11060692002268863,0.48559850330010956
0.2,572,104,2,OO_fraction,42,0.8268637495620031,1.5065394772199313e-11,0.28934022676465476,0.06309456470367682,0.23638134237385747,0.1317734017091157
0.2,572,105,6,DCApost,42,0.8144822186227448,5.308537616561029e-11,0.20994440279890172,0.1820522957253131,0.2588931204926668,0.09781371264928179
0.2,572,105,6,OO_fraction,42,0.6543682111833439,2.596550465636769e-06,0.6066420498680657,2.0564188859740426e-05,0.4639108828095216,0.001971618864645959
0.2,572,106,1,DCApost,42,0.8691951451202299,8.343752405710021e-14,0.23198826071230644,0.13931771805159948,0.11368608702698323,0.4734576681824797
0.2,572,106,1,OO_fraction,42,0.5472232651519631,0.00017667324811043326,0.5844603982352883,4.8216996452163065e-05,0.41514222082447305,0.006260427805363586
0.2,572,107,1,DCApost,42,0.8021594872362136,1.700370952287877e-10,0.11592025702785082,0.46475017265485197,0.05242686978364801,0.7415977878634155
0.2,572,107,1,OO_fraction,42,0.6325112683989024,6.9945979458306195e-06,0.3054945751435056,0.04913728071567037,0.1882248611806244,0.23258391775311535
0.2,572,108,9,DCApost,42,0.9342254062031017,1.6502676445363953e-19,0.34302217789546524,0.026154726603042966,0.27347864840774655,0.07969865170555891
0.2,572,108,9,OO_fraction,42,0.8291150661261025,1.185469664936828e-11,0.3190849940226103,0.03942850272892617,0.2381647407045244,0.12879923499245874
0.2,572,109,3,DCApost,42,0.9262251953251031,1.5208445314121172e-18,0.4200175769286164,0.00561879408821475,0.3914593630986144,0.010359264891334694
0.2,572,109,3,OO_fraction,42,0.7070245417563588,1.6609817214047287e-07,0.5227490453872281,0.0003829765275219489,0.3019617628061108,0.05195406323834582
0.2,572,110,1,DCApost,42,0.9199423805741385,7.35179723298753e-18,0.12192565784670205,0.4417752973787717,0.07997731140102099,0.6146282081781129
0.2,572,110,1,OO_fraction,42,0.7364609533576018,2.709584561426083e-08,0.34099741137354483,0.027110093427810313,0.26591526058219195,0.08873328086743934
0.2,572,111,1,DCApost,42,0.9344355260377758,1.5510064612499593e-19,0.3718320462577316,0.015322379633686446,0.3021635199740702,0.051789776235672366
0.2,572,111,1,OO_fraction,42,0.8136081960008398,5.781625025586974e-11,0.2735843718108407,0.0795776670740873,0.14971411208388444,0.34398262846718985
0.2,572,112,2,DCApost,42,0.8819903237854018,1.2037219007208148e-14,0.043139015672122,0.7861896048271538,0.003484320557491289,0.9825280768601561
0.2,572,112,2,OO_fraction,42,0.6094818148156025,1.8353133936481963e-05,0.1877488246831972,0.23378899682629412,0.10145165934380057,0.5226325120445086
0.2,572,113,2,DCApost,42,0.8319607676515378,8.712471973245532e-12,0.33660374287886646,0.02928308010861313,0.213840045377198,0.1738905082112034
0.2,572,113,2,OO_fraction,42,0.619353361822425,1.225202396782561e-05,0.5062182396176289,0.0006253578182610542,0.3805856413273031,0.012904176117437867
0.2,572,114,4,DCApost,42,0.7064222911581385,1.719787609762548e-07,0.3086118092893495,0.04675542339435906,0.2746130783566972,0.07840794904898463
0.2,572,114,4,OO_fraction,42,0.739049357272006,2.2840568576171395e-08,0.32790385680464285,0.03401178074641641,0.22925966503990747,0.14416186326233968
0.2,572,115,1,DCApost,42,0.9279390653140365,9.657994946278757e-19,0.15623292528196367,0.3231362546916068,0.1185479296653432,0.4546196986401705
0.2,572,115,1,OO_fraction,42,0.4908524480208898,0.0009652973612942821,0.36437389286354804,0.017675421011445633,0.246100239252284,0.11617077648764
0.2,572,116,1,DCApost,42,0.7521872389075751,9.29684303147482e-09,-0.05398720933301507,0.73418331458972,-0.1381573616400616,0.3829159343670596
0.2,572,116,1,OO_fraction,42,0.593671247557962,3.410650031758287e-05,-0.15951102067713357,0.3129594466871618,-0.23428764495942436,0.1353300322409751
0.2,572,117,2,DCApost,42,0.8632196107008954,1.924693200275327e-13,0.38571900078523214,0.011643281095208985,0.3130216351997407,0.04354636953636937
0.2,572,117,2,OO_fraction,42,0.8993732916317809,5.865651833614403e-16,0.32516776185452695,0.035622583647317664,0.2005515216284723,0.20284662040479676
0.2,572,118,2,DCApost,42,0.8588445334463491,3.463295555649612e-13,0.16885508578533673,0.2850784592919183,0.0900251195202982,0.5707307046120388
0.2,572,118,2,OO_fraction,42,0.762218219830943,4.5051136638301524e-09,0.2456606162935849,0.1168449186513426,0.1527657649231316,0.33412312655565735
0.2,572,119,2,DCApost,42,0.7361881470099861,2.758497814903354e-08,0.4746850256642358,0.0014920747926196792,0.42387164735434735,0.005152724631030689
0.2,572,119,2,OO_fraction,42,0.8748815177546284,3.6227349456950884e-14,0.547091472721335,0.00017743937520304308,0.40296826161418475,0.008146131393341716
0.2,572,120,1,DCApost,42,0.9402691639031993,2.5398596241553906e-20,0.19963664344025014,0.20495743188498816,0.11676525403127785,0.46147934599723806
0.2,572,120,1,OO_fraction,42,0.8303462717551947,1.0383069760088985e-11,0.3555523949413147,0.02084481727786197,0.26490012582012396,0.09000397520666137
0.2,572,121,6,DCApost,42,0.8137744594682726,5.688687898774212e-11,0.3207257969560402,0.03837059116867966,0.30167733571023425,0.052186378701582346
0.2,572,121,6,OO_fraction,42,0.8044707265394059,1.375449438960024e-10,0.34565517764750464,0.024954385933424368,0.2590791393096188,0.09756430412793247
0.2,572,122,4,DCApost,42,0.8606747732828046,2.7152605344843196e-13,0.3234750739678646,0.03665007353560544,0.20654728141965806,0.18938965668241325
0.2,572,122,4,OO_fraction,42,0.6246460487409292,9.808990521312106e-06,0.6195125432486995,1.2171070043995107e-05,0.425513074801696,0.004964664460162454
0.2,572,123,2,DCApost,42,0.8209263060561411,2.7893405867231604e-11,0.4474650274358528,0.002966330145277342,0.4347297625800178,0.004015603052784333
0.2,572,123,2,OO_fraction,42,0.4310856580895271,0.004370005047931932,0.34845428024991865,0.023728987556164514,0.17752919746184767,0.2606897889902685
0.2,572,124,1,DCApost,42,0.8108106700313131,7.575855013952096e-11,0.2156159856000093,0.1702583069442588,0.13118872052507902,0.40759684316431133
0.2,572,124,1,OO_fraction,42,0.8348817407394441,6.31313757577387e-12,0.2395415776557845,0.1265376261410757,0.12496462472042386,0.4303920133769835
0.2,572,125,1,DCApost,42,0.8794070112823871,1.810848892328769e-14,0.27312493296084656,0.08010447181161878,0.33101045296167253,0.03225594989234718
0.2,572,125,1,OO_fraction,42,0.7041952783542192,1.9544523760772854e-07,0.276995620765143,0.07575050116734203,0.2527561815917996,0.10631982923335204
0.2,572,126,3,DCApost,42,0.9150952784685671,2.2760821046781674e-17,0.18935564057579338,0.22973838417509299,0.09537314642249413,0.5479680715322721
0.2,572,126,3,OO_fraction,42,0.569814462644792,8.187007444125837e-05,0.7839055771310659,8.278831035731452e-10,0.6879053742745385,4.813840017583944e-07
0.2,572,127,1,DCApost,42,0.8966255239347514,9.794789724626524e-16,0.3404767300628062,0.027360399836623115,0.25630013775220817,0.10134154580889934
0.2,572,127,1,OO_fraction,42,0.8662937878292065,1.2583071408719025e-13,0.34658036132198616,0.024543656498645525,0.2732139411105229,0.08000220043313834
0.2,572,128,5,DCApost,42,0.8572908353640117,4.246657135161685e-13,0.3330789996058928,0.031128777396937264,0.2559760149096508,0.101789290277901
0.2,572,128,5,OO_fraction,42,0.8600023635136405,2.9703618158520387e-13,0.49051258019933713,0.0009743895464015837,0.43218285146816726,0.00426053731976545
0.2,572,129,2,DCApost,42,0.8538467610366198,6.617532600006062e-13,0.27587871737439823,0.07698733564246897,0.23215298598168704,0.13902918401810843
0.2,572,129,2,OO_fraction,42,0.6785807084533358,7.860966423058444e-07,0.18135085670971643,0.2503990246051038,0.1677205066431794,0.28837475532145485
0.2,572,130,1,DCApost,42,0.9127603265637829,3.830740817218899e-17,0.3362443731379537,0.029467013803659108,0.34089619965967105,0.027158599395986967
0.2,572,130,1,OO_fraction,42,0.6835798381753203,6.056939653438589e-07,0.6207171349193359,1.1574178871705152e-05,0.4769430324423855,0.0014058071391408549
0.2,572,131,8,DCApost,42,0.9565938185428937,4.983780240880406e-23,0.2390155886257493,0.1273980849621585,0.20168543878129813,0.20025164016341507
0.2,572,131,8,OO_fraction,42,0.6996729179113305,2.5251523615078226e-07,0.44670766150471625,0.0030212145767370066,0.3317120895040552,0.03186991104625396
0.2,572,132,1,DCApost,42,0.9265446496623065,1.3985916427881802e-18,0.3535660313413227,0.021620637895669134,0.348675147881047,0.023634471286397105
0.2,572,132,1,OO_fraction,42,0.7874236428931436,6.17597511239364e-10,0.3616227833748817,0.0186170342824623,0.25666435583811736,0.1008402155172923
0.2,572,133,1,DCApost,42,0.9280236251770717,9.441305901675115e-19,0.23787806061084,0.1292739152864139,0.15484968803176405,0.3274920388991268
0.2,572,133,1,OO_fraction,42,0.8078953756406205,9.993487662120995e-11,0.5184278634600881,0.00043640343040194724,0.4077579475455389,0.007352816935891163
0.2,572,134,2,DCApost,42,0.8883848726459914,4.198993031912098e-15,0.04559447941376302,0.7743284452096295,-0.039786078923912165,0.802462926829938
0.2,572,134,2,OO_fraction,42,0.7109552263018706,1.3207430217995965e-07,0.10404327146377608,0.5120095016593311,0.07441634852510327,0.6395206765574298
0.2,572,135,3,DCApost,42,0.8624244550539207,2.1447545187567241e-13,0.32032625812142773,0.038626032642212024,0.21691921238149262,0.1676279252236343
0.2,572,135,3,OO_fraction,42,0.6953354529387137,3.2144390664996653e-07,0.07889303618295451,0.6194494932587393,0.05100966724800205,0.7483521742717717
0.2,572,136,14,DCApost,42,0.8728064352421947,4.9346961955034364e-14,0.27197404515282675,0.08143607674678686,0.23004618750506442,0.1427529693472804
0.2,572,136,14,OO_fraction,42,0.6282907975328886,8.395983453531971e-06,0.2099734378245177,0.18199047075671254,0.11365111179977645,0.4735946637882832
0.2,572,137,2,DCApost,42,0.8428206090371154,2.5463054007952433e-12,0.1161306931101866,0.46393445570871383,0.022121384004537722,0.8894079836320781
0.2,572,137,2,OO_fraction,42,0.8329400977845246,7.82594313380557e-12,0.3508311602972413,0.02272823512380545,0.29316366788796094,0.059535871347191655
0.2,572,138,3,DCApost,42,0.8048554768687188,1.3273785778924598e-10,0.22780322261049782,0.1467978089223761,0.15663236366582936,0.32188522438541006
0.2,572,138,3,OO_fraction,42,0.5592118376500177,0.00011827791037914511,0.5710987458197992,7.82345166741995e-05,0.44436340643697536,0.0031967826348604533
0.2,572,139,1,DCApost,42,0.9129900959571723,3.641799761789341e-17,0.26396743827631125,0.09118384130743189,0.2632687788671907,0.09207546582540607
0.2,572,139,1,OO_fraction,42,0.5774337605646109,6.235634636299444e-05,0.6006832674619269,2.6016112103036438e-05,0.4206388153559487,0.005541283097162213
0.2,572,140,2,DCApost,42,0.8635717313455396,1.834202529028173e-13,0.09828735704115013,0.5357489411177991,-0.0012154606595899846,0.9939047314838616
0.2,572,140,2,OO_fraction,42,0.5951652997494105,3.221154797644757e-05,-0.11726759281059788,0.4595407642457153,-0.08681903386646872,0.5845809572296058
0.2,572,141,2,DCApost,42,0.6636199656013076,1.6659270143052982e-06,0.31677540611533084,0.04095785070604957,0.24301110120735764,0.12097055721274198
0.2,572,141,2,OO_fraction,42,0.8657576323479766,1.356137579636896e-13,0.26726834874159217,0.0870612253894743,0.1746494876658183,0.26862747442410434
0.2,572,142,2,DCApost,42,0.8202508964110562,2.987524656834535e-11,0.4433399890038002,0.0032761910821468235,0.4147962077627421,0.006308283943735274
0.2,572,142,2,OO_fraction,42,0.8621360732447996,2.2302671211023552e-13,0.42720058310802966,0.00477757517136076,0.32106084679624824,0.03815744631452146
0.2,572,143,1,DCApost,42,0.8747584360908671,3.690320194739535e-14,0.10665845669391082,0.501400836164921,0.04724090430273074,0.7664034663227215
0.2,572,143,1,OO_fraction,42,0.7986749813585706,2.3288513002816455e-10,0.2654089553562312,0.08936529873277227,0.1729896380746954,0.2732744857453542
0.2,572,144,1,DCApost,42,0.8673483932061684,1.0849656934830217e-13,0.08376825771728263,0.5978981217653118,0.010615023093752535,0.9468054555366026
0.2,572,144,1,OO_fraction,42,0.8156541314042794,4.7310585246314855e-11,0.31622980592148936,0.04132610204667475,0.20055124863954849,0.20284724796568482
0.2,572,145,1,DCApost,42,0.9394967457517471,3.260558147289352e-20,0.28733037942461503,0.0650319152201009,0.27671987683331983,0.07605439430171164
0.2,572,145,1,OO_fraction,42,0.9236833070958235,2.9239701975851393e-18,0.45428756277610094,0.0025100395528122967,0.3596790178713325,0.019307470573154795
0.2,572,146,1,DCApost,42,0.9263390993501204,1.4761383462706264e-18,0.4004272916312338,0.008596130789952545,0.36390892148124143,0.017831686036186907
0.2,572,146,1,OO_fraction,42,0.7139333910520519,1.107398322611708e-07,0.4341273049445612,0.004072402812823924,0.3298148704693447,0.032922630390349865
0.2,572,147,2,DCApost,42,0.8004734878578655,1.9813965251586794e-10,0.07232719060034082,0.6489761453347485,0.0684709504902358,0.6665721801318011
0.2,572,147,2,OO_fraction,42,0.6065973495179701,2.0600862597772907e-05,0.050651188119177494,0.7500636560936332,-0.007379776978645767,0.963004452593944
0.2,572,148,2,DCApost,42,0.6906719628719712,4.147531289686144e-07,0.13220152705579438,0.40395422006769,0.0647435378008265,0.6837499019674924
0.2,572,148,2,OO_fraction,42,0.6733873425945119,1.025204737592309e-06,0.020091763353185823,0.8995003099166425,0.017266538383275597,0.9135745203957291
0.2,572,149,12,DCApost,42,0.8829015288567178,1.0398743300339643e-14,0.3086826415228834,0.046702406946739605,0.3099424681954461,0.04576755427235395
0.2,572,149,12,OO_fraction,42,0.8672127557616609,1.1059250767639826e-13,0.174371028820114,0.2694033970747134,0.11280516238787101,0.47691456860797254
0.2,572,150,1,DCApost,42,0.8248182102069966,1.8675523239249705e-11,0.4026191129631363,0.008206736975096697,0.35953326310671746,0.01936009944771062
0.2,572,150,1,OO_fraction,42,0.7484945436855034,1.2035285666022445e-08,0.19542042521187653,0.2148835369091977,0.09456667079598795,0.5513728260977439
0.2,572,151,4,DCApost,42,0.8863540812434255,5.906775548151458e-15,0.2766430704689177,0.07613921150972544,0.2731545255651892,0.08007045824039609
0.2,572,151,4,OO_fraction,42,0.688817883287433,4.583834137231917e-07,0.3697310022157929,0.015956734525514327,0.2649157156645289,0.08998435469943844
0.2,572,152,3,DCApost,42,0.9050408946375056,1.9412889675528174e-16,0.11006522909722975,0.487750966011361,0.07025362612430111,0.6584151656296702
0.2,572,152,3,OO_fraction,42,0.8441907640845371,2.1659967307067594e-12,0.2624364545129207,0.09314644837454616,0.22617799992794554,0.14978088866349282
0.2,572,153,3,DCApost,42,0.8516087831361806,8.775406778231365e-13,0.23713819903370062,0.1305050036297658,0.23393566161575238,0.13593489464567757
0.2,572,153,3,OO_fraction,42,0.789605476103847,5.135415461908804e-10,0.10100552066577949,0.5244721552532189,0.046854737960250206,0.7682601810998907
0.2,572,154,2,DCApost,42,0.884047120131642,8.636551461401843e-15,0.187164589855679,0.23527378710460378,0.1464224941252735,0.35481544829431155
0.2,572,154,2,OO_fraction,42,0.6917555886028445,3.910690362284129e-07,0.32015943362033183,0.0387331008387221,0.25625862653707704,0.10139880516598358
0.2,572,155,2,DCApost,42,0.9159436680112236,1.8768376898531167e-17,0.4041872939501799,0.007937541022011193,0.3571023417875375,0.02025578020781468
0.2,572,155,2,OO_fraction,42,0.9078444477474136,1.0946971393453214e-16,0.44516238452310586,0.0031359661487984874,0.31765479588302714,0.04036994083033532
0.2,572,156,4,DCApost,42,0.8518910172857459,8.470720073267067e-13,0.34393159226917386,0.025734827976652448,0.2836885179483024,0.0686624007802494
0.2,572,156,4,OO_fraction,42,0.8202003456065154,3.002877607305948e-11,0.3596079910635023,0.019333101769079278,0.2612896698699772,0.09463777795900027
0.2,572,157,3,DCApost,42,0.8957983596128958,1.1397472532171778e-15,0.38980795585242956,0.010715597107965758,0.3052426869783648,0.049333945955115976
0.2,572,157,3,OO_fraction,42,0.7570691371142103,6.562816185627274e-09,0.5857217012338118,4.601286111297896e-05,0.4270200234390704,0.004797295740917732
0.2,572,158,7,DCApost,42,0.8562687250846085,4.849979472532095e-13,0.3202582055456679,0.03866967963277619,0.19098938497690626,0.22566939120432108
0.2,572,158,7,OO_fraction,42,0.3203234555723869,0.03862782932236563,0.31863533091916196,0.03972254470194514,0.1655524493883491,0.29474208837688687
0.2,572,159,2,DCApost,42,0.8773976164946182,2.4720759419169276e-14,0.18764773882044788,0.23404544105212433,0.16813872457661452,0.2871568412868175
0.2,572,159,2,OO_fraction,42,0.7934485084531164,3.690861359778803e-10,0.07851181250679397,0.6211483856282369,0.06590467467419277,0.6783814167855393
0.2,572,160,2,DCApost,42,0.7661302564063515,3.3637278758362735e-09,0.3941367705700824,0.009803094790005969,0.3417065067660644,0.02677227057653651
0.2,572,160,2,OO_fraction,42,0.8432827057050887,2.411525906928448e-12,0.2123060394312909,0.17707243637349085,0.1092338236786562,0.49106424706409013
0.2,572,161,3,DCApost,42,0.9238693076029514,2.7895543363834386e-18,0.4314816430507197,0.004330217909669597,0.394052345839073,0.009820233192259853
0.2,572,161,3,OO_fraction,42,0.5515221646969374,0.00015326479828629838,0.485424050205412,0.001119938043394792,0.37297344179084985,0.014986806782002786
0.2,572,162,11,DCApost,42,0.8970678173377766,9.027672813057821e-16,0.4151943201879215,0.006253249373015735,0.4164168219755287,0.006086841779073845
0.2,572,162,11,OO_fraction,42,0.6978287460725583,2.799477113324805e-07,0.40580414990903924,0.0076679862145094205,0.2945585675607679,0.058278161512892154
0.2,572,163,4,DCApost,42,0.9261501718014055,1.550987126257397e-18,0.208041700021216,0.18613649188152503,0.11919617535045784,0.45213905638165885
0.2,572,163,4,OO_fraction,42,0.7090574407547252,1.4759886195324569e-07,0.26737068732376545,0.08693576414776436,0.15984110357044842,0.31194608579178756
0.2,572,164,9,DCApost,42,0.8052863998705604,1.2754117944279934e-10,0.23488519360630347,0.13430776352240836,0.159225346406288,0.31383815340208265
0.2,572,164,9,OO_fraction,42,0.5843662913567506,4.838524415754942e-05,0.5362173178313867,0.00025202862787155077,0.329652440097284,0.03301407386372223
0.2,572,165,1,DCApost,42,0.9370769864584287,6.984324348598555e-20,0.21802518124516285,0.16541881519800877,0.1976339032493315,0.20963166358703691
0.2,572,165,1,OO_fraction,42,0.7736554971248173,1.8868704373884887e-09,0.3405177787515475,0.027340597178484458,0.23313205637777779,0.13732336368567594
0.2,572,166,8,DCApost,42,0.9128493229584297,3.7564844999680367e-17,0.3103020208176566,0.04550354813586875,0.2282635118709991,0.14596095006037707
0.2,572,166,8,OO_fraction,42,0.7898541418503008,5.02786382408882e-10,0.3818530383854807,0.012582540916147418,0.2821345506451497,0.07025946070611792
0.2,572,167,2,DCApost,42,0.89791607160242,7.71251026158819e-16,0.20839554574062674,0.18537206604112796,0.15128433676363343,0.33888733034086616
0.2,572,167,2,OO_fraction,42,0.7202966237980885,7.543496291457767e-08,0.4665627202743854,0.0018424447860522807,0.31733041008176793,0.040586000394306876
0.2,572,168,2,DCApost,42,0.8717591990504475,5.755904869372932e-14,0.4366729628763649,0.003837083181731074,0.4400777894822138,0.0035409583257498527
0.2,572,168,2,OO_fraction,42,0.7038236080651028,1.996396151834148e-07,0.4483485055952357,0.0029034136341447286,0.3616547144494381,0.01860586797712827
0.2,572,169,1,DCApost,42,0.8578294584848178,3.9579022689046237e-13,0.20704529641644184,0.18830109286876842,0.14156065148691355,0.3711899990649937
0.2,572,169,1,OO_fraction,42,0.6969704236865053,2.936362688158188e-07,0.4831654589615477,0.0011905132131683313,0.3831807277373763,0.012252950248092906
0.2,572,170,6,DCApost,42,0.872119580960439,5.459762343287114e-14,0.3426430652971482,0.02633144605790844,0.3277692245360992,0.03408961593766138
0.2,572,170,6,OO_fraction,42,0.6285011043587482,8.320460481344223e-06,0.41527620986956826,0.006241980727437242,0.28425394830886025,0.06808846254033013
0.2,572,171,4,DCApost,42,0.8465800767201449,1.6275187542326256e-12,0.35452996845832496,0.021241183507242703,0.28222996515679444,0.0701605631580175
0.2,572,171,4,OO_fraction,42,0.6220521213415753,1.094412507397196e-05,0.6125368030593356,1.621919095738167e-05,0.42616184640421434,0.004891996509121098
0.2,572,172,1,DCApost,42,0.9052197029201632,1.8726366063339384e-16,0.29151294796857113,0.06105211997627021,0.27445101693541857,0.07859132675433088
0.2,572,172,1,OO_fraction,42,0.5078829247488474,0.0005958938630094366,0.5026831534568887,0.000692287361497514,0.3649481493028485,0.017484022515398358
0.2,572,173,2,DCApost,42,0.8701971765166944,7.223572232132316e-14,0.3081220697570036,0.04712331721007686,0.2538692164330281,0.104736643025689
0.2,572,173,2,OO_fraction,42,0.8327712674749161,7.972460602116217e-12,0.30402029655081614,0.05029738362299813,0.17330311432270332,0.2723928350384883
0.2,572,174,1,DCApost,42,0.8980489771774769,7.523633989658973e-16,0.3755697341802848,0.014246611631171214,0.3431650595575723,0.026088380088195154
0.2,572,174,1,OO_fraction,42,0.5738310947379691,7.098314435978551e-05,0.48457335289156894,0.0011460711581380491,0.26499677922501375,0.08988238599829185
0.2,572,175,4,DCApost,42,0.8454475638086875,1.8647622991547716e-12,0.33670323306021754,0.029232326996058284,0.36423304432379877,0.017722634282964663
0.2,572,175,4,OO_fraction,42,0.7863445761718122,6.760707880358376e-10,0.2652579073395194,0.0895545248156808,0.218387635235673,0.16469943961237635
0.2,572,176,1,DCApost,42,0.7799880586952546,1.1401048647647154e-09,0.054925144544905456,0.7297377999718878,-0.06685033627744914,0.6740207329523655
0.2,572,176,1,OO_fraction,42,0.803619787154075,1.4876272336280846e-10,0.33647278116467344,0.029349998991614563,0.223437882828149,0.15491067133978811
0.2,572,177,2,DCApost,42,0.706931081087403,1.6699834226132586e-07,-0.033013432030618024,0.835579410980188,-0.10947249007373795,0.4901119355765311
0.2,572,177,2,OO_fraction,42,0.6942418823018215,3.4138562487916045e-07,0.4348310877419605,0.004006118355543243,0.3343061234395707,0.03047560788813866
0.2,572,178,1,DCApost,42,0.8344559754867911,6.6191890792491946e-12,0.24384038572971303,0.11966763925751017,0.16246657483186128,0.3039600240734539
0.2,572,178,1,OO_fraction,42,0.7780490958050768,1.3325792777839026e-09,0.12699688100769618,0.4228719661255156,0.08312386157265834,0.6007278834364582
0.2,572,179,2,DCApost,42,0.8369327530898522,5.0163207783719014e-12,0.4091802931726465,0.007130464559805651,0.3629365529535694,0.01816223948099481
0.2,572,179,2,OO_fraction,42,0.8622618343050505,2.1925880803926778e-13,0.24383550231758513,0.11967528068211279,0.14159952606307769,0.37105730886265187
0.2,572,180,2,DCApost,42,0.9071659005517481,1.2595953199138042e-16,0.22685812313136863,0.14852716367556718,0.19893039461956083,0.20659736425362493
0.2,572,180,2,OO_fraction,42,0.6977926846118826,2.80510697411765e-07,0.4730728291595518,0.0015565063043000821,0.3634374623136298,0.017991318351872454
0.2,572,181,6,DCApost,42,0.7687618530589279,2.7547677241341426e-09,0.38437167635438246,0.011963591149546631,0.3284174702212139,0.03371618523553852
0.2,572,181,6,OO_fraction,42,0.7050870044241878,1.8571325545236558e-07,0.4043460544127912,0.007910716827247057,0.26451039786210456,0.09049554211793806
0.2,572,182,3,DCApost,42,0.9268078893547014,1.3049015742267267e-18,0.2338930607069036,0.13600823775608745,0.22534640628798316,0.15132436125696666
0.2,572,182,3,OO_fraction,42,0.7684889734575979,2.812752271958355e-09,0.46383384683790635,0.0019754879323152165,0.37961248392352565,0.013155863521821739
0.2,572,183,7,DCApost,42,0.8970229763736911,9.102779454946028e-16,0.2723621415729358,0.0809851229554902,0.28530913216108905,0.06702755384638424
0.2,572,183,7,OO_fraction,42,0.6554923580955562,2.462223524114734e-06,0.433642975384535,0.004118572602087159,0.30934435935982757,0.04620947173425967
0.2,572,184,1,DCApost,42,0.9298324380634546,5.771724987629385e-19,0.19282995048265097,0.22114489733645148,0.10266591038003405,0.517641776996753
0.2,572,184,1,OO_fraction,42,0.8725065711551133,5.1577825442670616e-14,0.3631116533300886,0.018102336649983793,0.25633977239728506,0.10128689805523561
0.2,572,185,2,DCApost,42,0.9170795351733408,1.4450807907199533e-17,0.2913566513723081,0.06119726406027368,0.2903330362207277,0.062154646401366545
0.2,572,185,2,OO_fraction,42,0.6083726179728473,1.91894638473478e-05,0.4377854398883517,0.003738034409322588,0.35546371272611965,0.020878949526405878
0.2,572,186,3,DCApost,42,0.8939088087066251,1.603638067794803e-15,0.2048348836889784,0.19316664933889516,0.1490154768657321,0.34626470411964216
0.2,572,186,3,OO_fraction,42,0.5001539621394401,0.000744026922633561,0.34752697246651326,0.024129260365945093,0.21879178333261995,0.16389998713601805
0.2,572,187,1,DCApost,42,0.8805789523000193,1.5063615488413287e-14,0.31698545642263565,0.04081679269308246,0.23831131999027633,0.12855703523487194
0.2,572,187,1,OO_fraction,42,0.5178304268968782,0.00044429384940250814,0.5345380643767099,0.00026578168532480367,0.38584856528936073,0.011612868013712108
0.2,572,188,1,DCApost,42,0.804931220185183,1.3181028110406727e-10,0.4735908739037996,0.00153553910067296,0.4175512519244794,0.005935867349398022
0.2,572,188,1,OO_fraction,42,0.844846384774866,2.003565597381197e-12,0.5496760401822771,0.00016294985362878212,0.45403700227571187,0.002525635832147645
0.2,572,189,1,DCApost,42,0.9057853830054164,1.6702464466601266e-16,0.09695266373405467,0.5413288183554985,-0.026659103800340332,0.8669086524900687
0.2,572,189,1,OO_fraction,42,0.8132612916913672,5.98014489828515e-11,0.3151289986001504,0.04207729955747967,0.21741958329394834,0.1666258374486084
0.2,572,190,1,DCApost,42,0.8986598800909699,6.710285710620525e-16,0.3585854530016848,0.019705282045832488,0.33101045296167253,0.03225594989234718
0.2,572,190,1,OO_fraction,42,0.5920483482187333,3.62797444728702e-05,0.6279263360507078,8.528357303928026e-06,0.4647637567540537,0.0019292287672433958
0.2,572,191,2,DCApost,42,0.7602092155418755,5.22318032880915e-09,0.3354072210953947,0.029899196168279497,0.27736812251843446,0.07534148697386198
0.2,572,191,2,OO_fraction,42,0.8550596912031184,5.667794573334545e-13,0.36824428139288234,0.016418907030020788,0.23411156268028133,0.1356323686653276
0.2,572,192,4,DCApost,42,0.908131476803936,1.0312778462327228e-16,0.38790137960798343,0.011139973145001307,0.3927558544688437,0.01008666606864783
0.2,572,192,4,OO_fraction,42,0.8448068384407739,2.0130289654174775e-12,0.5891143854249945,4.053203714312945e-05,0.4653715082932668,0.0018995148833927688
0.2,572,193,3,DCApost,42,0.7697543465332973,2.5531614398074775e-09,0.10794209131997805,0.49623498219198275,0.019204278421521757,0.9039183571349038
0.2,572,193,3,OO_fraction,42,0.6879655644341317,4.798345203558668e-07,0.01288117098985746,0.9354709706065408,-0.06880622507112749,0.6650351254309317
0.2,572,194,1,DCApost,42,0.8618669094208496,2.31297113953895e-13,0.29718357226375264,0.055968945833129835,0.24155254841584958,0.12328799973241503
0.2,572,194,1,OO_fraction,42,0.48759305202801706,0.0010556883720397622,0.6025528502376315,2.4177935388065468e-05,0.5226517614649013,0.00038411154423200486
0.2,572,195,5,DCApost,42,0.7655538904594911,3.5129165064428106e-09,0.024490583197713366,0.8776489789946827,-0.07300867028603841,0.6458857104753358
0.2,572,195,5,OO_fraction,42,0.7217335252782313,6.907084660082396e-08,0.32315134351418856,0.036849322650286474,0.1856355535103339,0.2391900654654831
0.2,572,196,1,DCApost,42,0.8089066840607444,9.082849588907625e-11,0.29784788664295553,0.05539632655961074,0.20622315857710075,0.19010051824513982
0.2,572,196,1,OO_fraction,42,0.7700874574114309,2.4886489346066032e-09,0.5959007658832356,3.1314495566820936e-05,0.5043215211931392,0.0006605112942608705
0.2,572,197,3,DCApost,42,0.9158810094554536,1.9038953199479175e-17,0.3290161696740131,0.03337429117681211,0.27574750830564787,0.07713366670479219
0.2,572,197,3,OO_fraction,42,0.528524966402079,0.0003207523191797715,0.5786661982477278,5.963175549810521e-05,0.45103765053777195,0.002719056210818057
0.2,572,198,8,DCApost,42,0.7570674689592456,6.563606274829885e-09,0.020327029838296953,0.8983296109815468,-0.08775625962239689,0.5805166265131422
0.2,572,198,8,OO_fraction,42,0.7568975447320117,6.644554626733144e-09,0.3766902009924617,0.013936885445440184,0.267185495358105,0.08716290181684469
0.2,572,199,1,DCApost,42,0.8960684581847151,1.084872949248331e-15,0.4292069979780876,0.004563138843987544,0.4361883153715259,0.0038809455544296352
0.2,572,199,1,OO_fraction,42,0.8343614305483307,6.689017869816156e-12,0.4084759162561896,0.007239841960448917,0.267050610886599,0.08732862715819315
0.3,857,0,1,DCApost,42,0.8919479722125252,2.270278186098473e-15,0.11757003765175998,0.45837571470066807,0.008184101774572563,0.9589755451293647
0.3,857,0,1,OO_fraction,42,0.6237648829098121,1.0181871288513138e-05,0.24893020970560625,0.11190130926068309,0.17081203573798198,0.2794507502784558
0.3,857,1,1,DCApost,42,0.8532460991496006,7.141541495250802e-13,0.4219169647483303,0.0053847236489918335,0.32485211895308325,0.03581237046019616
0.3,857,1,1,OO_fraction,42,0.8034320889629871,1.5135001400516028e-10,0.6167517495215881,1.3647065094205357e-05,0.507944269998145,0.00059483222711006
0.3,857,2,1,DCApost,42,0.7492265738606538,1.1438862174761323e-08,0.5494997532600826,0.0001639030351817254,0.48723766307430516,0.0010659855985143448
0.3,857,2,1,OO_fraction,42,0.7900037607082667,4.964172149694056e-10,0.6790641391205113,7.66694546511247e-07,0.5462062705469999,0.0001826634773952506
0.3,857,3,2,DCApost,42,0.9281352914079414,9.16219853793343e-19,0.18736301125562932,0.23476879534534276,0.10039705048213272,0.526986301970527
0.3,857,3,2,OO_fraction,42,0.8215995008956939,2.6041466804756704e-11,0.3535132061203684,0.02164159552575299,0.3294948776289862,0.03310297653383285
0.3,857,4,1,DCApost,42,0.9432243739610318,9.462483679549709e-21,0.29322445329545305,0.05948061664038616,0.2733165869864679,0.07988438588822189
0.3,857,4,1,OO_fraction,42,0.9406302439089482,2.257363553507068e-20,0.4839685949965793,0.0011649772367990155,0.3344682505605404,0.03039016440622264
0.3,857,5,2,DCApost,42,0.7991311930239441,2.2356767387245617e-10,0.41961457780402867,0.005669577143157575,0.40410015395835025,0.007952297478939675
0.3,857,5,2,OO_fraction,42,0.866311557892936,1.2551815197327027e-13,0.4252615356025359,0.004993090476501481,0.3382970912074332,0.02842912349799524
0.3,857,6,3,DCApost,42,0.9161868071793938,1.7752481162157964e-17,0.22732091672009522,0.14767847794683914,0.20249574588769145,0.19841158521340618
0.3,857,6,3,OO_fraction,42,0.884486827617649,8.038287145906682e-15,0.3617419442170703,0.018575392425816906,0.33544047770246954,0.029881927944828357
0.3,857,7,1,DCApost,42,0.8943876705076977,1.4715975435805503e-15,0.18488758657440768,0.2411218300944214,0.14350538854225753,0.3645868157375418
0.3,857,7,1,OO_fraction,42,0.7562660421403422,6.9536330413757374e-09,0.37442486219307486,0.014569096327002762,0.26799613096295366,0.08617205391155473
0.3,857,8,2,DCApost,42,0.8848840859237481,7.531612113768222e-15,0.3895644104935132,0.010769024627243069,0.42759906004375664,0.004734303332094667
0.3,857,8,2,OO_fraction,42,0.8460348414475887,1.7379480140186624e-12,0.6148802523047622,1.4739055937079732e-05,0.48727306207450527,0.0010649559387407278
0.3,857,9,1,DCApost,42,0.9186598661868932,9.981736031854313e-18,0.18806062013978533,0.23299921145165597,0.15420144234664937,0.3295459055753863
0.3,857,9,1,OO_fraction,42,0.8394850610433353,3.751310751493269e-12,0.4156192258563077,0.006194969925203643,0.3099927101261044,0.04573058906926983
0.3,857,10,1,DCApost,42,0.9128969554233527,3.7173024454876086e-17,0.3388846189313249,0.02813769751009347,0.2720200956162385,0.08138246554655862
0.3,857,10,1,OO_fraction,42,0.8880070649355146,4.476436781144111e-15,0.38053738532682485,0.012916559301649838,0.28099920034074266,0.07144471820989372
0.3,857,11,2,DCApost,42,0.9332459430681188,2.197737153152478e-19,0.15576193532468507,0.3246152940950189,0.14447775706992952,0.3613118770104655
0.3,857,11,2,OO_fraction,42,0.787164148205177,6.312098920808157e-10,0.4660654211689804,0.0018660831804530069,0.31035611535469615,0.04546393556201944
0.3,857,12,2,DCApost,42,0.9240953874078441,2.6340425786819066e-18,0.21990305115501604,0.16171627454588733,0.157280609350944,0.31986141819107855
0.3,857,12,2,OO_fraction,42,0.7264892023919132,5.139356552829829e-08,0.5369614179898183,0.00024614226302123866,0.295395614406837,0.057533690100027055
0.3,857,13,1,DCApost,42,0.9155378831798682,2.0587290568466785e-17,0.21211133435951796,0.177479269485661,0.21675715096021395,0.16795341549529094
0.3,857,13,1,OO_fraction,42,0.8291980328775467,1.1749670783264151e-11,0.5869560831811326,4.3945069985487715e-05,0.41389092042196474,0.006434992452334016
0.3,857,14,1,DCApost,42,0.9352888034448488,1.2030562777805223e-19,0.17771188856220327,0.26019153785907656,0.10104529616724739,0.5243080123644727
0.3,857,14,1,OO_fraction,42,0.8243145279470737,1.9681601157234058e-11,0.2818646902496276,0.07053976781018494,0.21352695367883845,0.17453658107757447
0.3,857,15,2,DCApost,42,0.9146662244461116,2.5073586206988115e-17,0.4303758621708982,0.004442120705489522,0.48950652297220654,0.0010017522487885192
0.3,857,15,2,OO_fraction,42,0.8761680959767785,2.9827492944937503e-14,0.3134379418477805,0.04325290133253716,0.20155604446630634,0.20054657615689328
0.3,857,16,1,DCApost,42,0.9498478329405127,8.418533237403724e-22,0.3035634235626725,0.05066134204964884,0.28498500931853177,0.0673520330849812
0.3,857,16,1,OO_fraction,42,0.8554914836075279,5.361857834570123e-13,0.23565678483179664,0.13299625804101528,0.09220666400791468,0.5613932995757146
0.3,857,17,1,DCApost,42,0.9428082377927482,1.0908306775867716e-20,0.3555792976267643,0.020834472151172345,0.32533830321691926,0.035520385972921543
0.3,857,17,1,OO_fraction,42,0.9192716324970951,8.632324458989261e-18,0.3534429780537748,0.021669483808884643,0.24158632548775533,0.12323395816458503
0.3,857,18,4,DCApost,42,0.8642038945462492,1.6817208493197616e-13,0.23454696854190404,0.13488568126308642,0.21448829106231265,0.17255830214781628
0.3,857,18,4,OO_fraction,42,0.7090972429356509,1.472565603331735e-07,0.07634057712679923,0.6308611911727445,0.01888780959297284,0.9054944908047171
0.3,857,19,4,DCApost,42,0.9533991172837695,2.002599461215897e-22,0.22334713221891234,0.1550827337541827,0.16068389919779597,0.3093681356401701
0.3,857,19,4,OO_fraction,42,0.6700279499582679,1.213969901530385e-06,0.06971413112617736,0.6608796709955235,0.013400505695011545,0.932875129301346
0.3,857,20,1,DCApost,42,0.903921957260272,2.4279759761142572e-16,0.37089929970430385,0.015601312005866681,0.40345190827323557,0.008062816119506417
0.3,857,20,1,OO_fraction,42,0.8634481751391176,1.8654882498180435e-13,0.3707069439990228,0.015659366045648552,0.26394295293871056,0.09121497601444344
0.3,857,21,5,DCApost,42,0.9702172635051328,3.02175369533652e-26,0.17885452874547744,0.25708961625409654,0.1673284174702212,0.28951961635232065
0.3,857,21,5,OO_fraction,42,0.5588851671666298,0.00011960263635719259,0.5275654085745076,0.00033041358885042697,0.3197633035912116,0.03898830951992879
0.3,857,22,1,DCApost,42,0.9339422400171954,1.7935795478588022e-19,0.37223705003619817,0.015202586791296463,0.4191718661372661,0.0057258229046499775
0.3,857,22,1,OO_fraction,42,0.9170396948248531,1.4584841009571896e-17,0.5016402175186513,0.0007132197958729706,0.3390642587661313,0.028049088273278174
0.3,857,23,1,DCApost,42,0.8897271044977176,3.338980087801013e-15,0.404730413703554,0.007846098515035056,0.33230694433190183,0.03154561444987686
0.3,857,23,1,OO_fraction,42,0.7797049981065279,1.1664801343699595e-09,0.3770640311321791,0.013834829187399268,0.28076467631991336,0.07169150396524379
0.3,857,24,5,DCApost,42,0.9381007781181006,5.0790031046171105e-20,0.26541831474996236,0.08935358390798805,0.31237338951462607,0.044006557807846666
0.3,857,24,5,OO_fraction,42,0.940226478545697,2.575385593183267e-20,0.5824754208636247,5.188120928306794e-05,0.4555187614181678,0.0024346272126265917
0.3,857,25,4,DCApost,42,0.8156990817689264,4.710129467545801e-11,0.32708512967006875,0.03448737849332912,0.28028522810145046,0.07219810949582128
0.3,857,25,4,OO_fraction,42,0.8625725944924713,2.1020380441675115e-13,0.42587142065148337,0.004924411483853439,0.27800571707283905,0.07464542189979934
0.3,857,26,2,DCApost,42,0.924803830481455,2.198146802230563e-18,0.23064124409035358,0.14169382109750345,0.14156065148691355,0.3711899990649937
0.3,857,26,2,OO_fraction,42,0.7945849855155819,3.342947627472118e-10,0.5071660009429267,0.0006084271809234889,0.4312902470058784,0.004349409087077961
0.3,857,27,1,DCApost,42,0.9363388568794329,8.758632331872948e-20,0.2902338371708403,0.06224805669322144,0.3049185641358075,0.04958794339537151
0.3,857,27,1,OO_fraction,42,0.614494483793493,1.4973866919565903e-05,0.5699165578989038,8.157554458892803e-05,0.3930772047910956,0.010020057253017916
0.3,857,28,2,DCApost,42,0.9324679600087394,2.7508469295761024e-19,0.36064789436958067,0.018960677526380976,0.3666639656429787,0.016922523735250692
0.3,857,28,2,OO_fraction,42,0.8889535300359931,3.811822906345126e-15,0.3781413378305116,0.013544264967716286,0.3098960401346096,0.04580173496284732
0.3,857,29,3,DCApost,42,0.8589881054432494,3.3982336232098687e-13,0.19604146162962338,0.21340089960851685,0.0817599870350863,0.6067362250259379
0.3,857,29,3,OO_fraction,42,0.5471887129409224,0.0001768738150197101,0.496637598720142,0.000821694498097081,0.36300262385121185,0.018139616672412994
0.3,857,30,1,DCApost,42,0.8769783653492259,2.6361410334966243e-14,0.07332174539031247,0.6444679142425902,0.006725548983064582,0.9662821917161818
0.3,857,30,1,OO_fraction,42,0.8959675160579271,1.1050820233953714e-15,0.27824132076081415,0.07438949447370609,0.13651103585650756,0.38866575253634195
0.3,857,31,1,DCApost,42,0.9344379304667486,1.5499040192443302e-19,0.2663721832576063,0.08816588606012386,0.19179969208329958,0.22366971789849013
0.3,857,31,1,OO_fraction,42,0.674113495042478,9.881472833444451e-07,0.2518385329013795,0.10763876777257111,0.16892390600570475,0.2848793074286503
0.3,857,32,6,DCApost,42,0.9299933190297075,5.521037047328189e-19,0.1044676110645796,0.5102805203717289,0.056802528158171946,0.7208659276485314
0.3,857,32,6,OO_fraction,42,0.8786850483336226,2.0264027112825854e-14,0.24520873492592501,0.11754093392302883,0.14556812831504562,0.35766068609795265
0.3,857,33,1,DCApost,42,0.9034029504680314,2.690951226251921e-16,0.26143457608235576,0.09444832610173168,0.2366907057774897,0.1312538411802707
0.3,857,33,1,OO_fraction,42,0.5555948438155229,0.00013371544332738876,0.533591724501176,0.00027382673607982396,0.4276683742053472,0.004726811225695729
0.3,857,34,3,DCApost,42,0.8702948405915528,7.122329549527825e-14,0.3049974764391638,0.049526007175164165,0.24203873267968562,0.12251184401090613
0.3,857,34,3,OO_fraction,42,0.6931986026568129,3.6147391414748107e-07,0.6417864198224973,4.637160091454297e-06,0.4586004265301297,0.0022545446176298416
0.3,857,35,2,DCApost,42,0.9181678169026304,1.1209420525614868e-17,0.3465251335348859,0.024568015410111645,0.3535369905194069,0.02163215731126794
0.3,857,35,2,OO_fraction,42,0.6307370336075919,7.555211715588884e-06,0.587768715551774,4.263040394108508e-05,0.35521517607391256,0.02097485667737699
0.3,857,36,2,DCApost,42,0.8933307519606631,1.7779422132436953e-15,0.3080844412291941,0.04715168047289073,0.2559760149096508,0.101789290277901
0.3,857,36,2,OO_fraction,42,0.6090076089110694,1.8706512398557537e-05,0.5832854942170356,5.035625521672352e-05,0.4268664616657238,0.004814123320940775
0.3,857,37,1,DCApost,42,0.8983136573951823,7.160428093879136e-16,0.19954860475221667,0.20516136233238763,0.12130297382708048,0.4441280196310875
0.3,857,37,1,OO_fraction,42,0.873039848696354,4.767378478640907e-14,0.22454188926268911,0.15282863932073665,0.16470689058933574,0.2972497694704171
0.3,857,38,1,DCApost,42,0.944786999834247,5.494071574894313e-21,0.3045785399034193,0.049855534633841334,0.2947086945952516,0.05814407472478125
0.3,857,38,1,OO_fraction,42,0.9144361933042625,2.6403332034475094e-17,0.3666475564095486,0.016927820669114156,0.3281973344239496,0.033842618322539667
0.3,857,39,1,DCApost,42,0.9397804850575234,2.97583441285941e-20,0.3003734250182213,0.0532621092507262,0.24706263673932424,0.11470524942968356
0.3,857,39,1,OO_fraction,42,0.8824890469230751,1.1112486624759957e-14,0.33240692816865,0.031491374476482335,0.23191486847465673,0.1394464151438738
0.3,857,40,2,DCApost,42,0.943295479394945,9.234363932270231e-21,0.2271523526938889,0.14798718233498298,0.1765659184831051,0.2633274223104104
0.3,857,40,2,OO_fraction,42,0.8144133468573274,5.3444545891052906e-11,0.5709789693966856,7.856726838833826e-05,0.418693289904312,0.005787168848533641
0.3,857,41,1,DCApost,42,0.9010217441506682,4.2818583352253065e-16,0.21933896316978282,0.16282208806848997,0.12956810631229237,0.4134644920971442
0.3,857,41,1,OO_fraction,42,0.8136811546838378,5.740668797400583e-11,0.3407223024129977,0.027242108288406317,0.25826850370477017,0.09865476636254902
0.3,857,42,2,DCApost,42,0.9024147554605256,3.267753435326814e-16,0.23140408767283188,0.14034453479994252,0.14285714285714288,0.3667799870546765
0.3,857,42,2,OO_fraction,42,0.609787236120009,1.8128780722986328e-05,0.6209784465675922,1.1448292974763191e-05,0.4657589817241104,0.0018807823606339586
0.3,857,43,2,DCApost,42,0.8486170060124507,1.2706652923576262e-12,0.3559913642222923,0.020676553567635956,0.266510007292764,0.08799529323628927
0.3,857,43,2,OO_fraction,42,0.913165484146797,3.503543894278546e-17,0.37051103281769476,0.015718680903661235,0.26799613096295366,0.08617205391155473
0.3,857,44,3,DCApost,42,0.8677655368958821,1.0228286135576376e-13,0.22641849180956183,0.1493366866314229,0.15565999513815737,0.32493597174625943
0.3,857,44,3,OO_fraction,42,0.42534365095555277,0.0049837952421263355,0.45573118308976995,0.0024218198029693433,0.3772698104965475,0.013778922367166005
0.3,857,45,1,DCApost,42,0.9571721479056128,3.831520528200758e-23,0.2710014230904745,0.08257483948371591,0.23020824892634312,0.1424639369382056
0.3,857,45,1,OO_fraction,42,0.7741591269132557,1.8138370016374188e-09,0.4903960917710112,0.0009775233576132982,0.3338196007867775,0.030733204871669403
0.3,857,46,1,DCApost,42,0.9288508753374083,7.5506437125871795e-19,0.24843970623575665,0.11263265484166773,0.20038894741106883,0.2032205951763117
0.3,857,46,1,OO_fraction,42,0.7923855874749923,4.046712835230699e-10,0.5534223694492247,0.00014384283036767044,0.4551943756169086,0.0024543002101122748
0.3,857,47,4,DCApost,42,0.9211814633498646,5.444511468830761e-18,0.30566683458455907,0.04900315141981825,0.25759662912243747,0.09956564110960747
0.3,857,47,4,OO_fraction,42,0.6084510637559677,1.91291891303605e-05,0.4990782426186773,0.0007670599848502803,0.310927434313801,0.045047271793899404
0.3,857,48,3,DCApost,42,0.9174135429780829,1.3372052790916632e-17,0.3294245045995957,0.03314274725637771,0.3525646219917349,0.022020836497303464
0.3,857,48,3,OO_fraction,42,0.8554459850811899,5.393345997812209e-13,0.16539447691014655,0.2952095497210611,0.007295720443637577,0.9634255505940573
0.3,857,49,1,DCApost,42,0.9169578204077724,1.4863987240138025e-17,0.25341440193547043,0.10538138384714722,0.2026578073089701,0.1980450060247147
0.3,857,49,1,OO_fraction,42,0.9107073667229771,5.982880640823812e-17,0.27869530867386016,0.07389828950238221,0.17691871534778716,0.26235935212617034
0.3,857,50,1,DCApost,42,0.9330660812627428,2.3153601932742544e-19,0.40573075563353656,0.00768004897431414,0.4032898468519569,0.0080906514912125
0.3,857,50,1,OO_fraction,42,0.8141292469799071,5.495039830748919e-11,0.49771214021701804,0.000797226909244111,0.39080742509751953,0.010498706340390603
0.3,857,51,2,DCApost,42,0.8901693959775843,3.0941059012780245e-15,0.14371542821766015,0.36387789538578874,0.008022040353293899,0.9597872418828721
0.3,857,51,2,OO_fraction,42,0.8649028785969621,1.527060081948544e-13,0.3049301783582439,0.04957882377405813,0.22601580702731597,0.15008101497937418
0.3,857,52,1,DCApost,42,0.9059335031950702,1.62077335901892e-16,0.18527805618685925,0.24011205510775993,0.11352402560570457,0.4740926283072834
0.3,857,52,1,OO_fraction,42,0.5146912837472153,0.00048789487211997325,0.4360292070792944,0.0038954406094580886,0.31376216626791725,0.043025459930728004
0.3,857,53,1,DCApost,42,0.9316259665886883,3.4968651363248567e-19,0.1776781133961174,0.2602836046427727,0.1256786322016044,0.42774147174231514
0.3,857,53,1,OO_fraction,42,0.8185322449651685,3.5531278419766114e-11,0.5023545926529477,0.0006988217841455522,0.43200079082687914,0.0042785344408331595
0.3,857,54,4,DCApost,42,0.9352497557943291,1.217215455030463e-19,0.28321001560842335,0.06915108442024523,0.19309618345352889,0.22049565680933417
0.3,857,54,4,OO_fraction,42,0.6182907449487459,1.280520878246736e-05,0.56745951782326,8.89376383893557e-05,0.4310276334231016,0.004375861841170029
0.3,857,55,1,DCApost,42,0.9486354719245984,1.342245021496776e-21,0.21615236991637315,0.1691721107149143,0.14982578397212545,0.3436187129765529
0.3,857,55,1,OO_fraction,42,0.8304202274733095,1.0300383496395056e-11,0.3744606826390724,0.014558913521542911,0.2857027944590004,0.06663512452066928
0.3,857,56,1,DCApost,42,0.9144443206962914,2.6355234616970858e-17,0.23615059028846733,0.13216193548046107,0.18029333117251442,0.2532189547726401
0.3,857,56,1,OO_fraction,42,0.6354871100883259,6.139441113905864e-06,0.5655621275462986,9.503009667662611e-05,0.41196501438406846,0.006711895428545487
0.3,857,57,3,DCApost,42,0.8463202176497798,1.6792986824287802e-12,0.42556793667021686,0.004958483341101286,0.41787537476703673,0.005893332342880461
0.3,857,57,3,OO_fraction,42,0.6137006007244566,1.5467911457328407e-05,0.5351605284149978,0.00026060675762200575,0.3905642344160649,0.01055113141271989
0.3,857,58,2,DCApost,42,0.8730143533587507,4.7853905564980315e-14,0.37912099992582426,0.013284554311738035,0.3759014666558626,0.014154309491266249
0.3,857,58,2,OO_fraction,42,0.6902978955118566,4.232328318129003e-07,0.4379831876849232,0.0037206639514800873,0.26460815648672703,0.0903720436562678
0.3,857,59,1,DCApost,42,0.8336579152708006,7.230799174457708e-12,0.1515119319505594,0.33815268177301727,0.06863301191151447,0.6658290465391551
0.3,857,59,1,OO_fraction,42,0.5242135787601294,0.00036625002462680763,-0.16939113006049097,0.283529648901156,-0.23217913725123984,0.1389834179963032
0.3,857,60,3,DCApost,42,0.8210252209223659,2.7613750600616132e-11,0.2932609374742817,0.059447471715849645,0.24900737379466817,0.11178658557736669
0.3,857,60,3,OO_fraction,42,0.7635673594289426,4.0758713190460966e-09,0.5186013317584406,0.0004341360922958333,0.357229863636644,0.02020794536507896
0.3,857,61,2,DCApost,42,0.9479278628969667,1.7531788975030593e-21,0.3840663728097725,0.012037208262178066,0.3402479539745564,0.027470983836975164
0.3,857,61,2,OO_fraction,42,0.627580367928823,8.655784936646821e-06,0.6330547412378932,6.830684235130586e-06,0.492704320626991,0.0009170702641035244
0.3,857,62,4,DCApost,42,0.9256711816338731,1.757175518844788e-18,0.09775862759135288,0.537956033431957,-0.05420954541771331,0.7331287307490967
0.3,857,62,4,OO_fraction,42,0.5119203800031028,0.0005295277751696144,0.15571817748725156,0.3247529207326515,-0.017760122618938712,0.91111366653657
0.3,857,63,2,DCApost,42,0.9278676976096742,9.844532544520915e-19,0.31198665207980497,0.0442829771855371,0.2961672473867596,0.05685415303993093
0.3,857,63,2,OO_fraction,42,0.7833826683619308,8.643392307790288e-10,0.5913150771447565,3.730251242353622e-05,0.4143307622223924,0.006373157661599251
0.3,857,64,1,DCApost,42,0.897748286446566,7.9573552280495825e-16,0.30501720668041643,0.04951053117732857,0.20363017583664209,0.1958555361631655
0.3,857,64,1,OO_fraction,42,0.8883688376716559,4.2104307639078354e-15,0.40481619690094117,0.00783173890852107,0.29342409164719147,0.05929943069656411
0.3,857,65,1,DCApost,42,0.9285830379553847,8.119559211064329e-19,0.17498566904261706,0.26769267736593316,0.02811765659184831,0.8596978318940911
0.3,857,65,1,OO_fraction,42,0.7864215284237009,6.717349449943306e-10,0.2900139720787486,0.06245548970542471,0.18814852388536457,0.23277687847796016
0.3,857,66,1,DCApost,42,0.8981365839142411,7.401531935994502e-16,0.2030880450109648,0.19707413078517744,0.1023417875374767,0.5189716404939404
0.3,857,66,1,OO_fraction,42,0.734676219198784,3.044834739629244e-08,0.31034969341532725,0.0454686367839896,0.17691871534778716,0.26235935212617034
0.3,857,67,2,DCApost,42,0.8633129546414694,1.900303584502129e-13,0.22151268897196427,0.15859081121499158,0.18985495502795563,0.22848950515271527
0.3,857,67,2,OO_fraction,42,0.8203755619816036,2.94997661683462e-11,0.37520645249751644,0.014348277430651663,0.28871697062030394,0.06369036708959969
0.3,857,68,1,DCApost,42,0.9109839380053972,5.637648304898765e-17,0.27815419579399486,0.07448405457300442,0.2540312778543068,0.10450763563457215
0.3,857,68,1,OO_fraction,42,0.8971049835282136,8.965865128875692e-16,0.2560910236436331,0.10163024374544047,0.1811329953285865,0.25097822758250293
0.3,857,69,1,DCApost,42,0.9177519888986163,1.2356947070288574e-17,0.15505813633384308,0.326833304559621,0.04173081597925614,0.7930137262089483
0.3,857,69,1,OO_fraction,42,0.8568946758760326,4.4715807994197914e-13,0.20673725216317423,0.1889738925606694,0.12629702723541492,0.4254532704104804
0.3,857,70,1,DCApost,42,0.8551838923390702,5.578150875058127e-13,-0.06279243762003192,0.6928053719251978,-0.1281095535207844,0.418786262183362
0.3,857,70,1,OO_fraction,42,0.7414578395877194,1.9448573803176285e-08,0.11669966075451961,0.4617328017348154,0.06878926256772593,0.665112856986143
0.3,857,71,1,DCApost,42,0.8803559313628117,1.560301307029655e-14,0.26632571877642897,0.08822345562038653,0.2572725062798801,0.10000736216742051
0.3,857,71,1,OO_fraction,42,0.8928996576265509,1.919418545192248e-15,0.2775341844820314,0.07515970743749797,0.20784696908318606,0.18655813097033117
0.3,857,72,1,DCApost,42,0.9126458233251594,3.928322198157331e-17,0.2924766801643186,0.060163203436569154,0.26213434891824006,0.09353754825797773
0.3,857,72,1,OO_fraction,42,0.6492448796017237,3.298695911731898e-06,0.5250051309524231,0.00035748570704555605,0.38325634671538505,0.012234401825750328
0.3,857,73,1,DCApost,42,0.8040000980256329,1.4364707631092453e-10,0.32866887913331433,0.033572266155951415,0.3729843610728466,0.014983626801733069
0.3,857,73,1,OO_fraction,42,0.808107019346523,9.79610240220977e-11,0.48462326366630126,0.0011445230847223079,0.3680201037078798,0.016489568082689518
0.3,857,74,2,DCApost,42,0.8741959945623746,4.014579545976565e-14,0.3315168711747495,0.03197693524458499,0.3629365529535694,0.01816223948099481
0.3,857,74,2,OO_fraction,42,0.7429751736193801,1.7559379339361322e-08,0.3719469967377612,0.015288298407398513,0.27807972812941023,0.07456495205835993
0.3,857,75,8,DCApost,42,0.9014908884965586,3.9110605491323376e-16,0.31830919104586747,0.039936930638997906,0.26958917429705864,0.08425037947150034
0.3,857,75,8,OO_fraction,42,0.569348504907064,8.322659871357957e-05,0.4519617879107783,0.0026581192217172795,0.2563416842166976,0.10128426263333794
0.3,857,76,1,DCApost,42,0.9245482975529583,2.346839857197454e-18,0.3676456813280251,0.01660815919472581,0.3485130864597683,0.023703791761638504
0.3,857,76,1,OO_fraction,42,0.7701150585545187,2.483372475944088e-09,0.6202790910808893,1.1788056378808622e-05,0.47742929551709307,0.0013878187164307158
0.3,857,77,1,DCApost,42,0.9569994697801981,4.1460013129109033e-23,0.20340367727476663,0.19636400903119938,0.1765659184831051,0.2633274223104104
0.3,857,77,1,OO_fraction,42,0.888818797430067,3.900383665720378e-15,0.3198221050217618,0.03895033982823685,0.20327037982120896,0.19666368657417418
0.3,857,78,1,DCApost,42,0.9226549389027288,3.784831298232413e-18,0.274858204380563,0.07813121771912193,0.23831131999027633,0.12855703523487194
0.3,857,78,1,OO_fraction,42,0.9285449026106422,8.203788107402648e-19,0.47780820895938814,0.0013739432777947998,0.4009239050964284,0.008506539328833012
0.3,857,79,1,DCApost,42,0.8719736690824097,5.5778904644740516e-14,0.021414500568863754,0.8929211003310347,-0.05096831699214002,0.748549531541308
0.3,857,79,1,OO_fraction,42,0.8773324259433294,2.49693820909112e-14,0.3107147252356387,0.04520203751048302,0.19617231331147372,0.2130894175803948
0.3,857,80,2,DCApost,42,0.9189943352135332,9.221061438137447e-18,0.3355291896184606,0.029835905331403314,0.2963293088080383,0.05671225340192214
0.3,857,80,2,OO_fraction,42,0.630447585736771,7.650492133912823e-06,0.6436102399266307,4.2702182808891835e-06,0.5331874614168997,0.00027732984699509097
0.3,857,81,3,DCApost,42,0.9295916541588622,6.167132900813841e-19,0.3595768617392767,0.019344344308518686,0.29713961591443155,0.05600700150452441
0.3,857,81,3,OO_fraction,42,0.7757795324532554,1.5963974118833821e-09,0.5095653548596236,0.000567384111774131,0.38155879873108056,0.012656597043157214
0.3,857,82,3,DCApost,42,0.8955396362085978,1.1947605039159065e-15,0.3961963988943779,0.009392853435285429,0.32631067174459116,0.03494227599472375
0.3,857,82,3,OO_fraction,42,0.8200638498325865,3.044704253663842e-11,0.5701506652470237,8.09038101130242e-05,0.35926736836314277,0.01945641881947335
0.3,857,83,3,DCApost,42,0.932698577504931,2.574475736226899e-19,0.3268319593805273,0.03463554605637527,0.2848229478972531,0.06751473825845113
0.3,857,83,3,OO_fraction,42,0.9153390154973285,2.1538405417094625e-17,0.37440043104615295,0.014576044919117065,0.28067481453948345,0.07178624184481695
0.3,857,84,1,DCApost,42,0.9203205547693353,6.7113233938552114e-18,0.13658087043424297,0.38842083218990053,0.08030143424357833,0.6131900710455065
0.3,857,84,1,OO_fraction,42,0.4882190101875023,0.0010377665126324325,0.43032337473119675,0.0044474943972194975,0.27465759336401774,0.07835763756972525
0.3,857,85,1,DCApost,42,0.9242405849962304,2.5385318531757325e-18,0.18296665645958612,0.24613130976293246,0.0895389352564622,0.5728213130085327
0.3,857,85,1,OO_fraction,42,0.8325237073017641,8.191973532703169e-12,0.3034434240435358,0.050757288213204216,0.23428764495942436,0.1353300322409751
0.3,857,86,1,DCApost,42,0.9488051846127886,1.2582536519573132e-21,0.38157125597765357,0.01265345421865121,0.3695810712259947,0.016002838743203403
0.3,857,86,1,OO_fraction,42,0.8702231332417288,7.196532805204568e-14,0.5857074862250371,4.6037181564827524e-05,0.4718709855823814,0.001606128443982424
0.3,857,87,1,DCApost,42,0.9227611947011034,3.685857051048661e-18,0.28391873927141575,0.06842825560204926,0.16846284741917186,0.28621524685746436
0.3,857,87,1,OO_fraction,42,0.718786096099456,8.271032678606303e-08,0.3334169738162657,0.03094773927170777,0.21838523194621812,0.16470420203359531
0.3,857,88,3,DCApost,42,0.8923472842123055,2.1162667763017855e-15,0.33146452009963245,0.032005685907469716,0.2582448748075521,0.09868669161154424
0.3,857,88,3,OO_fraction,42,0.8364750454834061,5.281884224042002e-12,0.14217356925676294,0.3691012307975674,0.09266857235761304,0.559425407689207
0.3,857,89,1,DCApost,42,0.9528721737294016,2.495420076434377e-22,0.19096698748362415,0.2257248374508335,0.14723280123166682,0.3521296760691087
0.3,857,89,1,OO_fraction,42,0.6998438243510305,2.5010355674346176e-07,0.17291434907797357,0.2734865149527512,0.021400779968003558,0.8929893101133619
0.3,857,90,3,DCApost,42,0.9170334674595124,1.460589741108712e-17,0.35874204937482784,0.019647897423847697,0.395024714366745,0.009624387157507193
0.3,857,90,3,OO_fraction,42,0.7652115743838145,3.604427041784504e-09,0.5300112974324112,0.0003062883816692455,0.4080557635254734,0.007305771270176968
0.3,857,91,1,DCApost,42,0.8619094505147186,2.299710344188442e-13,0.44849167983221505,0.0028933285945833206,0.37152580828133863,0.015413489026638005
0.3,857,91,1,OO_fraction,42,0.6112420462050507,1.709418642952571e-05,0.6424190174009693,4.506720162686904e-06,0.5301274957077733,0.0003051827559297665
0.3,857,92,5,DCApost,42,0.8860112037826795,6.2531108429395066e-15,0.14512301095305835,0.35914848825640944,0.0712259946519731,0.6539822372158071
0.3,857,92,5,OO_fraction,42,0.7383616648912585,2.3905814247485603e-08,0.5453107028540402,0.0001880898098445612,0.3835051135386355,0.01217355103936687
0.3,857,93,10,DCApost,42,0.9296335509212572,6.096537867652417e-19,0.42540406840119693,0.004976965763003551,0.4065310752775302,0.007549391063055102
0.3,857,93,10,OO_fraction,42,0.7724485626028756,2.0732413671243313e-09,0.568254132343164,8.649325142342287e-05,0.4845979645785048,0.0011453075495297166
0.3,857,94,3,DCApost,42,0.902230418107028,3.387531426660121e-16,0.34816176673261895,0.02385464857373984,0.34478567377035896,0.025345598462054312
0.3,857,94,3,OO_fraction,42,0.757572773298307,6.328298151844376e-09,0.5556377219212183,0.00013352222720880804,0.39754833561867575,0.009131652928697208
0.3,857,95,3,DCApost,42,0.9597076852382252,1.1572976343280987e-23,0.26984162222275215,0.08394894010989737,0.2548415849607001,0.10336833126077326
0.3,857,95,3,OO_fraction,42,0.8666090758544857,1.2039250884730988e-13,0.15443769094352883,0.3287964607125034,0.08106356048486195,0.6098141530562422
0.3,857,96,2,DCApost,42,0.9352759165525956,1.2077118987290335e-19,0.15128435812599478,0.3388872613396595,0.07787051292439837,0.624010670159904
0.3,857,96,2,OO_fraction,42,0.6826723484627331,6.352870054909643e-07,0.36043445509786637,0.019036621219675788,0.29686360710899884,0.05624643292238621
0.3,857,97,1,DCApost,42,0.940703326002429,2.203931236356158e-20,0.3181747045980923,0.04002560891192902,0.28822623774410505,0.06416262174181593
0.3,857,97,1,OO_fraction,42,0.8735807602876919,4.3999703339887485e-14,0.2026414392012227,0.19808200865682307,0.15620578090052983,0.32322138065594574
0.3,857,98,5,DCApost,42,0.8980017662615541,7.590220821084803e-16,0.3196912550459115,0.03903487445184605,0.2998946600761689,0.05366153473466325
0.3,857,98,5,OO_fraction,42,0.5831382020131041,5.0630456624689565e-05,0.619603070262137,1.2125250383287005e-05,0.38496484964430167,0.01182165759045472
0.3,857,99,2,DCApost,42,0.8614943174901666,2.432233645617467e-13,0.3023726422929254,0.0516199334030797,0.26035167328417474,0.09587121746279341
0.3,857,99,2,OO_fraction,42,0.8203444223757163,2.9593137995863095e-11,0.2003712636098415,0.20326130290213418,0.1668288074778459,0.2909826876241502
0.3,857,100,2,DCApost,42,0.9089240140631546,8.737114556462758e-17,0.07486186620299455,0.637511478736047,0.011749453042703185,0.9411299972337184
0.3,857,100,2,OO_fraction,42,0.7702373893215586,2.460112421615512e-09,0.19466310561237746,0.2167011756124796,0.06995785269843587,0.6597658692127245
0.3,857,101,1,DCApost,42,0.889592892038129,3.416832730614047e-15,0.163154446756509,0.3018894766598189,0.1426950814358642,0.36732951348803444
0.3,857,101,1,OO_fraction,42,0.7844621573437186,7.906643535602825e-10,0.6279105666013388,8.534127855806307e-06,0.5131323378691762,0.0005109417117772474
0.3,857,102,1,DCApost,42,0.875854209188335,3.1282302258914066e-14,0.4273169894652111,0.004764898803549546,0.3655295356940281,0.0172920307126757
0.3,857,102,1,OO_fraction,42,0.8114021025305667,7.157762241304581e-11,0.694631068481685,3.3416076876296525e-07,0.5387484229823926,0.00023250886079081913
0.3,857,103,1,DCApost,42,0.9491682412431808,1.0949942425479241e-21,0.22426028402087986,0.15335775892604672,0.18077951543635037,0.2519198959840988
0.3,857,103,1,OO_fraction,42,0.594508750186811,3.303210214546086e-05,0.6253306683440002,9.527980326641095e-06,0.5110246852965697,0.0005436505640232637
0.3,857,104,2,DCApost,42,0.8991688138781161,6.096862795931558e-16,0.14421193269347757,0.36220540647326555,0.012073575885260514,0.9395089535719385
0.3,857,104,2,OO_fraction,42,0.8357605750340947,5.722997767258425e-12,0.14330635856209128,0.3652593419261376,0.12370299329989934,0.4350977889073213
0.3,857,105,2,DCApost,42,0.8829807024564258,1.0266790038855114e-14,0.17894944210523786,0.2568330705962747,0.08856656672879022,0.5770129839512752
0.3,857,105,2,OO_fraction,42,0.818120471515224,3.702837946175346e-11,0.22596463548013795,0.1501757957356472,0.12788910214642168,0.41959397383310704
0.3,857,106,1,DCApost,42,0.8936606231929296,1.6763988134807906e-15,0.19877116885528778,0.20696835381263617,0.13037841341868567,0.4105246767938595
0.3,857,106,1,OO_fraction,42,0.8873988761986684,4.959707350337412e-15,0.36518696510215753,0.017404941748993673,0.2634823670727483,0.09180217404474063
0.3,857,107,2,DCApost,42,0.9587678524225989,1.8195205173314446e-23,0.1423881891746652,0.36837149106356604,0.09229397941819951,0.5610210584876822
0.3,857,107,2,OO_fraction,42,0.6213420284212237,1.1275227723868147e-05,0.5538485580984601,0.00014180298181143546,0.3919423149443076,0.010256992149384827
0.3,857,108,2,DCApost,42,0.9463408745634257,3.149199816773665e-21,0.28054761644193255,0.07192051059665543,0.2815817194716798,0.07083463964731798
0.3,857,108,2,OO_fraction,42,0.9359368801174297,9.896520013327788e-20,0.43792427944284107,0.003725831144728913,0.30873418634840033,0.04666385731583275
0.3,857,109,1,DCApost,42,0.8910845720624873,2.640219506534864e-15,0.03372827818404021,0.8320696783441233,0.006077303297949924,0.9695304997212453
0.3,857,109,1,OO_fraction,42,0.7328574680045711,3.425931375778653e-08,0.08173408419865029,0.6068505855995615,0.02217174578629183,0.8891577711744586
0.3,857,110,1,DCApost,42,0.8989898040476922,6.306319013748819e-16,0.16186052675949872,0.30579177564950394,0.10720363017583664,0.4992035012679572
0.3,857,110,1,OO_fraction,42,0.8448338791513953,2.006553634744896e-12,0.4176131402205317,0.005927725191792417,0.32122303969687777,0.038054614241462704
0.3,857,111,1,DCApost,42,0.9370053128353345,7.140401711179563e-20,0.28943517990550655,0.06300418436655447,0.19698565756421685,0.21116039538543788
0.3,857,111,1,OO_fraction,42,0.8502282757192221,1.0420335015078347e-12,0.5060885372412212,0.0006277072804366902,0.42583746060295513,0.004928214000812678
0.3,857,112,2,DCApost,42,0.8303497732475836,1.0379140881580787e-11,0.44015353691063336,0.003534604400871446,0.2893606676930557,0.06307509947991222
0.3,857,112,2,OO_fraction,42,0.8434530628134317,2.3635540963553706e-12,0.5708666530635073,7.888046301831015e-05,0.38732169199667044,0.01127181540228767
0.3,857,113,2,DCApost,42,0.912118951175256,4.4084100318764395e-17,0.1999185302809162,0.20430543054281725,0.15079815249979742,0.3404599689738431
0.3,857,113,2,OO_fraction,42,0.47911967678888245,0.001326863440031074,0.35092675835158665,0.022688734365097232,0.08187419608971058,0.6062321045433572
0.3,857,114,1,DCApost,42,0.9267163332010101,1.336792476596251e-18,0.27561782576178606,0.07727850942313537,0.2653755773438133,0.08940708650704435
0.3,857,114,1,OO_fraction,42,0.8081531290044761,9.753587307384236e-11,0.32496959911679374,0.03574163642528738,0.2294909397326442,0.14374652217527736
0.3,857,115,1,DCApost,42,0.9431417474833322,9.734269622570173e-21,0.3191335720630191,0.039396843407421625,0.2071955271047727,0.1879735912430164
0.3,857,115,1,OO_fraction,42,0.7822797401879115,9.46217661706856e-10,0.4504332724327409,0.002759569105370972,0.34484156381348346,0.02532029950054507
0.3,857,116,1,DCApost,42,0.9083466744267883,9.860251084822663e-17,0.35381121912622293,0.0215235855522488,0.3878940118304838,0.011141640547373871
0.3,857,116,1,OO_fraction,42,0.7786944777782997,1.2653719218389782e-09,0.1485578799817988,0.3477644486201929,0.07936065128348997,0.617368271845973
0.3,857,117,1,DCApost,42,0.9505042784831373,6.507810391184785e-22,0.14576301028299474,0.3570104706342913,0.058585203792237264,0.7124749131223842
0.3,857,117,1,OO_fraction,42,0.8544294807590722,6.143953476977087e-13,0.2986646544544168,0.054698742897711566,0.2566702652463061,0.10083209717344502
0.3,857,118,2,DCApost,42,0.9269588400517971,1.253889110311118e-18,0.39021204881445976,0.010627449577132731,0.3849769062474678,0.01181878766191746
0.3,857,118,2,OO_fraction,42,0.7929291004042306,3.8609189187981483e-10,0.5069612568349913,0.0006120495646304281,0.32206552580635656,0.037524108829356306
0.3,857,119,2,DCApost,42,0.9121340944334635,4.3938691814718744e-17,0.28945235084082804,0.06298785135338614,0.22404991491775383,0.15375390353282065
0.3,857,119,2,OO_fraction,42,0.8462232638551691,1.6990120201056967e-12,0.39154715386065886,0.010340609169402399,0.3125861131912117,0.043855112462155336
0.3,857,120,4,DCApost,42,0.9174148563923491,1.336796524325545e-17,0.21480910401952233,0.17190172397623554,0.17219026010858116,0.2755312201482439
0.3,857,120,4,OO_fraction,42,0.8985315848151814,6.873877462989857e-16,0.35147677465976607,0.022462582627500317,0.2689969256941539,0.08496086981431335
0.3,857,121,2,DCApost,42,0.9142937761542124,2.72597388887726e-17,0.41084780817032646,0.006877198352230935,0.34041001539583504,0.02739260963317215
0.3,857,121,2,OO_fraction,42,0.6311049227372557,7.4356836752249575e-06,0.6216296154049417,1.114003974705721e-05,0.42280574345827104,0.005278134826101319
0.3,857,122,3,DCApost,42,0.9313196927116436,3.812916093468495e-19,0.30244571670388964,0.05156069037610553,0.23831131999027633,0.12855703523487194
0.3,857,122,3,OO_fraction,42,0.5257921700909381,0.0003489587510426752,0.5831982296682411,5.051854444742906e-05,0.45311848340184857,0.0025835408802439446
0.3,857,123,1,DCApost,42,0.922886117932498,3.572626520620357e-18,0.26759612175528336,0.08665988964471055,0.2765578154120412,0.07623344548554542
0.3,857,123,1,OO_fraction,42,0.5280281457573553,0.0003257223318835095,0.6325987330843278,6.967976475856313e-06,0.48524647306238367,0.0011253489813225564
0.3,857,124,1,DCApost,42,0.9617131787538452,4.246302633256235e-24,0.1631197812425598,0.3019936059360191,0.13524025605704562,0.39313834748370313
0.3,857,124,1,OO_fraction,42,0.5971010202808154,2.9899414001314916e-05,0.4095304969580395,0.0070766170060476905,0.29277426363070735,0.05989081706997819
0.3,857,125,4,DCApost,42,0.9506794051766801,6.072280184419368e-22,0.2241779565708932,0.15351270016783408,0.18191394538530103,0.24890616703561388
0.3,857,125,4,OO_fraction,42,0.8852276129802732,7.117921035966945e-15,0.17698001990617723,0.2621913746345971,0.09425399264749267,0.5526955667762503
0.3,857,126,2,DCApost,42,0.9327272939060073,2.55327910705005e-19,0.22050181797209514,0.16054845585934585,0.1524187667125841,0.3352353129735286
0.3,857,126,2,OO_fraction,42,0.5799951826624526,5.681550376937499e-05,0.560022231616475,0.00011504879559657182,0.39115108820242833,0.010425002270873228
0.3,857,127,2,DCApost,42,0.902942365378587,2.946656110065078e-16,0.18409485670861578,0.24318070797502206,0.13151284336763633,0.40642907082310487
0.3,857,127,2,OO_fraction,42,0.597139710593621,2.9854786296746385e-05,0.21234831288934797,0.17698419502802754,0.13623470476391672,0.3896357738416606
0.3,857,128,1,DCApost,42,0.9415631983213001,1.6587922082552946e-20,0.2360414068902805,0.13234607259776437,0.19455473624503689,0.21696214005711348
0.3,857,128,1,OO_fraction,42,0.8180551125767098,3.727138649730401e-11,0.5416831420157516,0.00021159110104459247,0.43933868799833,0.0036034827105637275
0.3,857,129,1,DCApost,42,0.9419612793355482,1.4522008027309083e-20,0.28983082566973645,0.06262869972765737,0.23928368851794832,0.12695895829580023
0.3,857,129,1,OO_fraction,42,0.7478312713169418,1.26006247705376e-08,0.10437804897996672,0.5106451983944728,0.09723464392743157,0.5401476376983982
0.3,857,130,1,DCApost,42,0.9485891056943362,1.3660996177607723e-21,0.14003935875160803,0.3764048292823239,0.049347702779353374,0.756296793864486
0.3,857,130,1,OO_fraction,42,0.8601720190942064,2.903948277215622e-13,0.4706072298151592,0.0016598120159587479,0.36219198824636323,0.018418826680552468
0.3,857,131,1,DCApost,42,0.9221838797401527,4.254686228549129e-18,0.14481489040331824,0.36018056730490944,0.14415363422737218,0.36240154605796515
0.3,857,131,1,OO_fraction,42,0.8255042967257621,1.7382663677605586e-11,0.11974409345571219,0.4500480902379612,0.058668456930432766,0.7120838506386828
0.3,857,132,3,DCApost,42,0.8442787238745085,2.143506656854558e-12,0.26606667733972805,0.08854494276966128,0.17932096264484243,0.25583051527882505
0.3,857,132,3,OO_fraction,42,0.7995154570015384,2.1599203391233552e-10,0.21526213479812048,0.17097761315572227,0.15012971401796435,0.342629466472271
0.3,857,133,1,DCApost,42,0.9331006331710135,2.2923118685920126e-19,0.31252202128609624,0.043900697090512364,0.24852118953083221,0.11251091208060539
0.3,857,133,1,OO_fraction,42,0.7897121205441714,5.089028849522017e-10,0.47190541056047464,0.0016046878456577936,0.34879583280390597,0.023582959238150174
0.3,857,134,1,DCApost,42,0.9634344628781252,1.7192729327208394e-24,0.24553768355505803,0.11703395814405079,0.2146503524835913,0.17222640093223796
0.3,857,134,1,OO_fraction,42,0.7965389038441504,2.815621149394386e-10,0.34664252683000946,0.024516261696762645,0.249036644978559,0.1117430900106039
0.3,857,135,1,DCApost,42,0.9487922862806608,1.2644579946286354e-21,0.21365377235455135,0.1742746800544056,0.1870999108662183,0.23543855787235374
0.3,857,135,1,OO_fraction,42,0.8516437042389428,8.737155830413982e-13,0.3419688304035053,0.026648185181847465,0.23232059777569708,0.13873604846739077
0.3,857,136,1,DCApost,42,0.9507338710215413,5.942557772520765e-22,0.1232359380853188,0.43684708083752744,0.055343975366663974,0.7277554836266957
0.3,857,136,1,OO_fraction,42,0.7602522743031231,5.206728411951161e-09,0.06658830083275978,0.6752279970748635,0.0032458344083226977,0.9837237863654107
0.3,857,137,5,DCApost,42,0.93801571205425,5.216305941525116e-20,0.23149304159554307,0.14018781777014766,0.20930232558139536,0.18342331765503472
0.3,857,137,5,OO_fraction,42,0.9303226147406212,5.039694644173263e-19,0.3589834132581179,0.019559724735945548,0.21619651581312682,0.16908293699118224
0.3,857,138,3,DCApost,42,0.8279009183374971,1.3496243337493906e-11,0.3790518627498719,0.013302742847501641,0.22923588039867113,0.14420462769899864
0.3,857,138,3,OO_fraction,42,0.7358014869692371,2.8292355712460065e-08,0.6037396063040218,2.3073560258727904e-05,0.48655057780757244,0.0010861471820787002
0.3,857,139,2,DCApost,42,0.8608564171314179,2.64997574697436e-13,0.46770942606240096,0.0017889432711546065,0.42776112146503525,0.004716802399783142
0.3,857,139,2,OO_fraction,42,0.7383323474492339,2.3952240496012576e-08,0.3391194312777537,0.028021920327300574,0.29369327963665487,0.05905582125975393
0.3,857,140,1,DCApost,42,0.9329673665629631,2.3824240040122637e-19,0.1304524224712101,0.4102567667442216,0.037517219026010865,0.8135221248988764
0.3,857,140,1,OO_fraction,42,0.5397016150509181,0.0002255188537891554,0.4321924323417332,0.004259592059082016,0.26997008309793136,0.0837958721332343
0.3,857,141,2,DCApost,42,0.9335609859996746,2.0052229527625889e-19,0.1175338600231592,0.45851499080072533,0.04724090430273074,0.7664034663227215
0.3,857,141,2,OO_fraction,42,0.38314888871258584,0.012260767141033187,0.2506569594587039,0.10935535449054004,0.0870164911877682,0.5837236149337686
0.3,857,142,2,DCApost,42,0.876779651870809,2.7174421520010598e-14,0.13713479133844184,0.3864813533663869,0.061340247953974567,0.6995728935929648
0.3,857,142,2,OO_fraction,42,0.8727417147629332,4.982061268844389e-14,0.21582682238310139,0.16983075735635073,0.1366496285903856,0.38817977537642057
0.3,857,143,1,DCApost,42,0.8770519168806254,2.6066344671687477e-14,0.4933357405554402,0.0009011243148650581,0.43359533263106725,0.004123138829812117
0.3,857,143,1,OO_fraction,42,0.9006113977073338,4.633182853027154e-16,0.40293803762882135,0.008151362429890613,0.31679639437484053,0.04094373832809971
0.3,857,144,1,DCApost,42,0.9373521746553076,6.414565963057505e-20,0.321448424815409,0.037912094028196716,0.2678064986629933,0.08640305544442797
0.3,857,144,1,OO_fraction,42,0.8759490262274978,3.0835934418667325e-14,0.4814610375294387,0.0012463592775691064,0.4032926474154439,0.008090169770088132
0.3,857,145,2,DCApost,42,0.9379634496918507,5.3023964210528985e-20,0.13003012402257333,0.41178681324112354,0.017259541366177782,0.913609411080166
0.3,857,145,2,OO_fraction,42,0.5663321613214719,9.251328933932262e-05,0.43792948099831686,0.003725374632947382,0.303868399329513,0.050418154790690256
0.3,857,146,1,DCApost,42,0.909230140733372,8.191783066035301e-17,0.29206838309048117,0.060538535525776566,0.21853982659427923,0.1643980563448449
0.3,857,146,1,OO_fraction,42,0.6563608109942415,2.3628712426827297e-06,0.33359307084542794,0.030853756702565183,0.2529070947337433,0.10610410664659527
0.3,857,147,1,DCApost,42,0.9351909327882652,1.2388436379763446e-19,0.27996436069694314,0.07253872368335448,0.22388785349647516,0.15405959012843884
0.3,857,147,1,OO_fraction,42,0.9336417172739578,1.9585243680447723e-19,0.3955981600326664,0.009510465825690092,0.25780561555071313,0.09928162503009176
0.3,857,148,2,DCApost,42,0.9341102341010146,1.7071970029651782e-19,0.3401061318341219,0.027539722711589276,0.317721416416822,0.040325684041007503
0.3,857,148,2,OO_fraction,42,0.8676883122870507,1.0340727292153102e-13,0.4978113895850443,0.000795000107398748,0.37205376905398924,0.015256699408369613
0.3,857,149,1,DCApost,42,0.9387433649254961,4.1470115595293637e-20,0.2557832318498866,0.10205631896719394,0.22226723928368852,0.15714092562162937
0.3,857,149,1,OO_fraction,42,0.8228491827381077,2.2905945193556483e-11,0.5855647553479462,4.628202998509237e-05,0.40902828967488863,0.007153946565834077
0.3,857,150,3,DCApost,42,0.9215959962542227,4.918647392450928e-18,0.12278826498512106,0.43852743039285724,0.043999675877157446,0.7820265852125899
0.3,857,150,3,OO_fraction,42,0.777898334006278,1.3487531608716963e-09,0.38719282882762507,0.011301303944706074,0.25715684394819477,0.10016535243458713
0.3,857,151,1,DCApost,42,0.8728123573472324,4.930383431687873e-14,0.2959071352541831,0.05708249890315796,0.2058990357345434,0.19081326808464305
0.3,857,151,1,OO_fraction,42,0.5672989630661949,8.943908773407987e-05,0.5411880396071733,0.00021499630533371975,0.34714198997011253,0.02429708403608158
0.3,857,152,1,DCApost,42,0.9140916660468785,2.8520292157128494e-17,0.3158039543072968,0.041615399587619034,0.3360343570213111,0.029574946641066593
0.3,857,152,1,OO_fraction,42,0.8195697565787939,3.200731125411204e-11,0.5688259222351826,8.477223868210999e-05,0.4533668260270643,0.0025677709344055833
0.3,857,153,2,DCApost,42,0.8790103768016341,1.926435499932714e-14,0.29427987762938734,0.058527729921758906,0.21756745806660724,0.166330521080193
0.3,857,153,2,OO_fraction,42,0.6497022970743057,3.229539702196091e-06,0.47582421195038044,0.0014479829501047822,0.3127890088641398,0.0437110586431195
0.3,857,154,1,DCApost,42,0.8370994385867078,4.922768360998384e-12,-0.015210149914101852,0.9238353429957806,-0.11336196418442591,0.47472803829965526
0.3,857,154,1,OO_fraction,42,0.7350422439528869,2.9730802616171914e-08,0.14378325838347836,0.363649134058419,0.11556244169857381,0.4661389382871608
0.3,857,155,2,DCApost,42,0.9696634171430047,4.346040536528652e-26,0.27000203055899696,0.08375783879876128,0.28190584231423715,0.07049696576692666
0.3,857,155,2,OO_fraction,42,0.9031825910058275,2.8105544002488813e-16,0.3557639836399547,0.020763569329671282,0.224069492219761,0.15371700610586406
0.3,857,156,4,DCApost,42,0.930745924816365,4.47910957695005e-19,0.32885790863569486,0.03346438933080204,0.2981119844421036,0.05516999063643044
0.3,857,156,4,OO_fraction,42,0.8412287894238137,3.066872909670069e-12,0.5629329099581661,0.00010409899085459881,0.4453006086785044,0.003125548369763436
0.3,857,157,1,DCApost,42,0.8979856158208193,7.613127106655864e-16,0.35908001987146576,0.019524526621033052,0.33862733976176973,0.028265007141569383
0.3,857,157,1,OO_fraction,42,0.8276650866890215,1.3838916260429325e-11,0.2756432688911717,0.07725007514216017,0.22293568565337385,0.15586458431052477
0.3,857,158,1,DCApost,42,0.9150753886511258,2.2863417661600906e-17,0.3130267467980913,0.043542756419714626,0.33214488291062316,0.03163369439818695
0.3,857,158,1,OO_fraction,42,0.7963369097837212,2.86628201026321e-10,0.5159475387660013,0.0004700057916497851,0.39445528531933827,0.009738666168950614
0.3,857,159,1,DCApost,42,0.9520240239978301,3.5372466904246106e-22,0.32135118834672505,0.03797352697418563,0.29454663317397295,0.058288831368383344
0.3,857,159,1,OO_fraction,42,0.7157597253468879,9.929045631641736e-08,0.479518195895676,0.0013128435396820878,0.3782425732223659,0.013517228914023313
0.3,857,160,1,DCApost,42,0.9648971010397305,7.7020803598066145e-25,0.12644075557052006,0.42492242947974257,0.05728871242200795,0.7185742126726403
0.3,857,160,1,OO_fraction,42,0.6537093775641464,2.678384514627922e-06,0.2805964126746421,0.07186897851958622,0.14531161549179222,0.3585176225004282
0.3,857,161,1,DCApost,42,0.929733981809271,5.930415503085357e-19,0.22110012596988468,0.15938766727630757,0.13426788752937363,0.3965808291608345
0.3,857,161,1,OO_fraction,42,0.7533447689710975,8.56621438345243e-09,0.05603186207771374,0.7245035364587664,-0.06456607289414652,0.6845717707567083
0.3,857,162,1,DCApost,42,0.9326317615845873,2.624441557746484e-19,0.11714334780959539,0.4600198309285064,-0.034113929179158904,0.8301775514236108
0.3,857,162,1,OO_fraction,42,0.6644003543087712,1.6035897490832487e-06,0.32880686275830734,0.03349349244146897,0.22812431473550043,0.146213655139551
0.3,857,163,2,DCApost,42,0.902408603458687,3.2716854676688426e-16,0.13368029089552994,0.39866955549497507,0.1464224941252735,0.35481544829431155
0.3,857,163,2,OO_fraction,42,0.4458294415094605,0.003085970440107849,0.48885364828992967,0.0010198729734536617,0.3274583690544879,0.03426989082676193
0.3,857,164,1,DCApost,42,0.8632904266315397,1.9061630645247387e-13,0.24984589415354025,0.11054566325214862,0.13394376468681632,0.39773219991740183
0.3,857,164,1,OO_fraction,42,0.46210619136604947,0.0020640364683113133,0.31950798995181023,0.03915352334060762,0.13732167146135615,0.38582830295361237
0.3,857,165,2,DCApost,42,0.9401624995094697,2.6295162489917527e-20,0.2324127247889911,0.13857512306239805,0.17948302406612107,0.25539400986586946
0.3,857,165,2,OO_fraction,42,0.6345176088752763,6.406858716646646e-06,0.4224421237043137,0.005321519176528104,0.24936122841939126,0.11126163503538833
0.3,857,166,1,DCApost,42,0.9195836693682334,8.012392046651191e-18,0.2984131045360847,0.05491283121961859,0.28028522810145046,0.07219810949582128
0.3,857,166,1,OO_fraction,42,0.7876819356327538,6.043216268465587e-10,0.5105811062722261,0.0005507687803293125,0.3357652675282982,0.02971371654419894
0.3,857,167,1,DCApost,42,0.9295049456558283,6.315699730878695e-19,0.18366481082508432,0.24430258108857933,0.09423871647354347,0.5527602288125204
0.3,857,167,1,OO_fraction,42,0.782372737195389,9.390430534379312e-10,0.37371146878231953,0.014773156434777425,0.2240862335944258,0.15368545869972963
0.3,857,168,1,DCApost,42,0.916428816129459,1.6793106639295833e-17,0.1939891223222335,0.21832772538656536,0.1922858763471356,0.2224757823140918
0.3,857,168,1,OO_fraction,42,0.6275268013018682,8.67567028352619e-06,0.7363610866944863,2.7273957555473833e-08,0.532701198342192,0.0002815969774411803
0.3,857,169,1,DCApost,42,0.8296680512970741,1.1171007325483976e-11,0.44210865696831464,0.0033740176137252425,0.4292196742565432,0.0045618111608384535
0.3,857,169,1,OO_fraction,42,0.8547475664266004,5.899101406322097e-13,0.28157145692202323,0.0708453520542838,0.21320256787757932,0.1752077759425834
0.3,857,170,2,DCApost,42,0.8997634884863961,5.447239165999784e-16,0.3286803096880454,0.033565734762146554,0.3065391783485941,0.04832843466361066
0.3,857,170,2,OO_fraction,42,0.8535409760958912,6.879595207995076e-13,0.5703984138817675,8.019841067278628e-05,0.3982652726621268,0.00899568506692802
0.3,857,171,4,DCApost,42,0.9360714814868943,9.500760874408003e-20,0.36624624881364637,0.017057799841460018,0.36779839559192934,0.01655970319194267
0.3,857,171,4,OO_fraction,42,0.7300379380286075,4.105501890119031e-08,0.4934085538451766,0.0008993014613070682,0.38602467502891263,0.01157163792075241
0.3,857,172,1,DCApost,42,0.9038783119962709,2.44911895618933e-16,0.2987615804910276,0.05461643028599304,0.3326310671744591,0.03137006139498962
0.3,857,172,1,OO_fraction,42,0.840224132579293,3.4453169260280473e-12,0.5960335417399877,3.1155000490270675e-05,0.47076489407734806,0.001653029008554678
0.3,857,173,2,DCApost,42,0.8720682936919074,5.5010122528182344e-14,0.16195932359693538,0.30549268759822734,0.1559841179807147,0.3239170514233266
0.3,857,173,2,OO_fraction,42,0.8946774944380519,1.3967428476654434e-15,0.3207601131695085,0.038348715970666414,0.20614463431300395,0.1902730206138748
0.3,857,174,2,DCApost,42,0.9229458166992885,3.519685210813816e-18,0.14847765129911653,0.34802780177250736,0.0021878291872619725,0.9890287466122067
0.3,857,174,2,OO_fraction,42,0.5987841654429966,2.801328733958815e-05,0.40243044131436045,0.008239647985803854,0.2422350970902737,0.12219940659759403
0.3,857,175,1,DCApost,42,0.9199736719896446,7.296683094945348e-18,0.1266457160483517,0.4241660802505388,0.05307511546876267,0.738514586258374
0.3,857,175,1,OO_fraction,42,0.8060673052434231,1.1860689923192515e-10,0.13589688499958355,0.39082356459070255,0.07295012832705262,0.6461509619836936
0.3,857,176,4,DCApost,42,0.9233187600022867,3.205387263408481e-18,0.19787920050022256,0.20905520428949498,0.12503038651648976,0.4301475094576793
0.3,857,176,4,OO_fraction,42,0.815219220959967,4.9381140521201845e-11,0.5725412781961778,7.432636836569287e-05,0.4135193036203117,0.006487639722848399
0.3,857,177,2,DCApost,42,0.9043856855241523,2.2137317216555478e-16,0.2879130922784386,0.0644654263344307,0.185317235232153,0.24001089452618418
0.3,857,177,2,OO_fraction,42,0.7447744907359953,1.5541176806161e-08,0.5019192549918458,0.0007075646443703329,0.3707847256577586,0.01563586912960394
0.3,857,178,1,DCApost,42,0.9527636516148301,2.610273630563049e-22,0.19839960520742447,0.20783589028306354,0.17267644437241714,0.2741572140854587
0.3,857,178,1,OO_fraction,42,0.5243098941118413,0.0003651733695086148,0.5732052091819091,7.25879833768658e-05,0.45930613370722784,0.002214996011806685
0.3,857,179,5,DCApost,42,0.9252808353237222,1.944119893257339e-18,0.3362399592789007,0.029469278845693257,0.29697755449315294,0.056147486985754516
0.3,857,179,5,OO_fraction,42,0.8111067007406185,7.36380177157918e-11,0.17387473525938138,0.2707899785253852,0.12821348794768084,0.41840576239318195
0.3,857,180,7,DCApost,42,0.948185575847992,1.5913617326995548e-21,0.24686326887519178,0.11500768938938713,0.15128433676363343,0.33888733034086616
0.3,857,180,7,OO_fraction,42,0.8986711127789473,6.696139177879205e-16,0.33472724281285837,0.030254082184631402,0.24645433503097608,0.1156299272216591
0.3,857,181,1,DCApost,42,0.9045003892080704,2.1635647923584994e-16,0.4069847974193722,0.0074761723786765984,0.36115387731950416,0.01878166133822209
0.3,857,181,1,OO_fraction,42,0.8165037378838501,4.349872745869331e-11,0.5062883779040656,0.0006240905947129895,0.30046234841629194,0.05318818565860514
0.3,857,182,1,DCApost,42,0.8706916096438552,6.7246185597966e-14,0.3474729179097017,0.02415276563269564,0.27299246414391054,0.08025686914429642
0.3,857,182,1,OO_fraction,42,0.5402322447473166,0.00022171030235259307,0.5238207314175993,0.0003706710563552235,0.41421509580510313,0.006389368494594565
0.3,857,183,6,DCApost,42,0.9079425539319956,1.0726169705702828e-16,0.32007272180388974,0.03878884831881582,0.341868568187343,0.02669555510483637
0.3,857,183,6,OO_fraction,42,0.6268260876896613,8.93968664745852e-06,0.5643348550055748,9.917004555006577e-05,0.36566389446938197,0.017247915137633976
0.3,857,184,1,DCApost,42,0.956913207278432,4.31211992179531e-23,0.14299892873664485,0.3662996165830039,0.04497204440482944,0.777330453495037
0.3,857,184,1,OO_fraction,42,0.8179625854370336,3.761796804631891e-11,0.13196051355471725,0.40481933650023494,0.05425352526059359,0.7329201830118044
0.3,857,185,1,DCApost,42,0.8906347628972895,2.8548165840413564e-15,0.27449277650059484,0.07854404239353749,0.1637630662020906,0.300065032929542
0.3,857,185,1,OO_fraction,42,0.6024515326682751,2.4274423769790063e-05,0.6154199608657002,1.4416204290808475e-05,0.45032858859802133,0.0027666399174852553
0.3,857,186,5,DCApost,42,0.9303107295003109,5.056353899537364e-19,0.35934931703255396,0.01942669039434903,0.39810388137103964,0.009026140502155167
0.3,857,186,5,OO_fraction,42,0.8475751292656175,1.4428095431876787e-12,0.6440827402948329,4.1796166882331705e-06,0.4907204862257679,0.0009688186089688083
0.3,857,187,6,DCApost,42,0.9227702567911082,3.677530275729529e-18,0.3500432576459123,0.02305598738004333,0.3203143991572806,0.03863363574708069
0.3,857,187,6,OO_fraction,42,0.8667832532921506,1.1748402772918105e-13,0.514003626603111,0.0004979434836702491,0.3417052173361721,0.02677288169095213
0.3,857,188,3,DCApost,42,0.9195034926385101,8.167532403199915e-18,0.10549224325815011,0.5061177765989,0.03087270075358561,0.8461085103203629
0.3,857,188,3,OO_fraction,42,0.7458840256851159,1.4406811875572333e-08,0.28265065554309116,0.06972582520991777,0.14946075793015545,0.34480913421189285
0.3,857,189,1,DCApost,42,0.9141162122803875,2.836430894885739e-17,0.3027911322889313,0.051281394708637934,0.33198282148934455,0.03172197708369181
0.3,857,189,1,OO_fraction,42,0.6597934595898485,2.005278604165845e-06,0.6732615888834239,1.0317513409975483e-06,0.5353176685279197,0.00025931479506948596
0.3,857,190,1,DCApost,42,0.9227153194676742,3.728284311521637e-18,0.19962970731479185,0.2049734933929561,0.1532290738189774,0.33264171774067564
0.3,857,190,1,OO_fraction,42,0.7632994906336645,4.157929240953309e-09,0.5305994201650154,0.00030072922801243013,0.41342415847279596,0.006501178770988606
0.3,857,191,2,DCApost,42,0.906478293182948,1.4504657230938827e-16,0.1787407064801777,0.2573974971752564,0.12276152661858845,0.43862790632250215
0.3,857,191,2,OO_fraction,42,0.8566839797000013,4.59573065624328e-13,0.31100436629254175,0.044991402521278784,0.16610557584591407,0.2931090766922808
0.3,857,192,3,DCApost,42,0.8885238217396242,4.10110179562987e-15,0.4269046362872902,0.0048099352866694655,0.3995624341625476,0.008754092174295871
0.3,857,192,3,OO_fraction,42,0.8828167058617713,1.0541887076541375e-14,0.4973955185160262,0.0008043680129508743,0.39463554993698485,0.009702363623682127
0.3,857,193,1,DCApost,42,0.926450721324956,1.4335364429564518e-18,0.39522411063161733,0.009584642925443284,0.373308483915404,0.014889493724774598
0.3,857,193,1,OO_fraction,42,0.8282890092899134,1.2949636864471273e-11,0.39008424566930194,0.010655260848075242,0.31266215279011256,0.04380108003627669
0.3,857,194,2,DCApost,42,0.8469566278971671,1.5551471669557898e-12,0.4148543148462955,0.006300225257881847,0.3159387407827567,0.04152365607740526
0.3,857,194,2,OO_fraction,42,0.5681470356791066,8.681910441025744e-05,0.5328440085566516,0.00028033767486111406,0.44544426486431643,0.003114753346082774
0.3,857,195,3,DCApost,42,0.9468664385414399,2.5991035726922452e-21,0.20642852011592633,0.1896499031955905,0.15468762661048538,0.32800475467037893
0.3,857,195,3,OO_fraction,42,0.8571196020070417,4.342536305405016e-13,0.4425591153251581,0.00333793706085738,0.27695082089013423,0.07579980947363653
0.3,857,196,7,DCApost,42,0.9550922274994299,9.703670528319762e-23,0.23974693271328398,0.1262028722690107,0.2224293007049672,0.15683078571760245
0.3,857,196,7,OO_fraction,42,0.8570835112875824,4.3630031908184256e-13,0.3112851169917941,0.044787993265177045,0.30646348573958626,0.04838668034893713
0.3,857,197,2,DCApost,42,0.9505194234891853,6.469006768771811e-22,0.36377534407293205,0.017876792644738244,0.2934122032250223,0.05931020793204042
0.3,857,197,2,OO_fraction,42,0.862949897114322,1.9968343874631905e-13,0.42200218035882103,0.005374423607071929,0.2299084366424258,0.14299898467054692
0.3,857,198,1,DCApost,42,0.8947500487964494,1.3785747049597762e-15,0.20832558764355438,0.185523021663909,0.12340977230370312,0.4361955536049228
0.3,857,198,1,OO_fraction,42,0.49691092910285145,0.0008154080039927166,0.3756294166925039,0.01422996783678333,0.20614463431300395,0.1902730206138748
0.3,857,199,1,DCApost,42,0.9524425962827657,2.980115162210201e-22,0.2629822597264377,0.09244306136324575,0.13086459768252168,0.4087665370229696
0.3,857,199,1,OO_fraction,42,0.705704039794885,1.7924467633036313e-07,0.4660727724695959,0.0018657318056368266,0.3675338406331722,0.016643721985580274
0.4,1143,0,1,DCApost,42,0.9348008440966127,1.3917491854395995e-19,0.0932071445728966,0.5571349751185347,0.005915241876671259,0.9703426547368104
0.4,1143,0,1,OO_fraction,42,0.7651391696229811,3.624066165377297e-09,0.029101840121174356,0.8548385219304959,0.026859279728870325,0.8659183745217266
0.4,1143,1,1,DCApost,42,0.9576497231882557,3.075275699923124e-23,0.2531273125003542,0.10578991586190303,0.18547929665343166,0.2395927577305687
0.4,1143,1,1,OO_fraction,42,0.766306391596543,3.319331558255277e-09,0.44671726812808277,0.003020512869676288,0.28944728336217657,0.06299267119465525
0.4,1143,2,2,DCApost,42,0.9390866901102233,3.717955188190652e-20,0.17261765595424478,0.2743231163601568,0.03719309618345353,0.815104987391313
0.4,1143,2,2,OO_fraction,42,0.9173200849897946,1.3665962556088437e-17,0.2726712727286632,0.08062732098187256,0.12172577192249773,0.4425297886609947
0.4,1143,3,1,DCApost,42,0.9500139585581585,7.890150170987816e-22,0.24577899793035946,0.1166630956820958,0.19909245604083947,0.20622024486129698
0.4,1143,3,1,OO_fraction,42,0.9058068567115786,1.6629866800876749e-16,0.3717327001381256,0.015351886176512317,0.25537272204126943,0.10262671286452169
0.4,1143,4,1,DCApost,42,0.9465530018944676,2.915071051699748e-21,0.19041242063476435,0.2271006827160455,0.07641196013289037,0.6305408774275499
0.4,1143,4,1,OO_fraction,42,0.8482954974655234,1.3216064213433609e-12,0.24909763003862653,0.11165251040562289,0.20006494292658358,0.20396735291434434
0.4,1143,5,1,DCApost,42,0.9037188986023398,2.527830986053412e-16,0.1666296648721478,0.291567192935336,0.05113037841341869,0.747776132545068
0.4,1143,5,1,OO_fraction,42,0.8814923894395128,1.3032595315371285e-14,0.2071085911348068,0.1881630615972842,0.12812931326853852,0.4187139074605405
0.4,1143,6,2,DCApost,42,0.8861588195345163,6.101720438021129e-15,0.23128520996832755,0.14055417317496946,0.15533587229560006,0.325956896031829
0.4,1143,6,2,OO_fraction,42,0.8545257108598885,6.068886866953968e-13,0.3256616754536389,0.03532726426569208,0.25509689932140156,0.10301133002569345
0.4,1143,7,3,DCApost,42,0.9458027714599747,3.825624365933856e-21,0.333030330740723,0.031154919046621554,0.31788347783810067,0.040218189954191075
0.4,1143,7,3,OO_fraction,42,0.8954985033760575,1.2037344622530009e-15,0.31313810681964155,0.043464102379043294,0.22634019282857512,0.14948120295954875
0.4,1143,8,1,DCApost,42,0.9507864426126821,5.819840971803716e-22,0.2002638661206454,0.20350865225581577,0.13799530021878292,0.3834797010437523
0.4,1143,8,1,OO_fraction,42,0.7476595904319236,1.2750941429955854e-08,0.6031863767321589,2.358251427405298e-05,0.39277176807896624,0.010083358628556022
0.4,1143,9,1,DCApost,42,0.941827017273258,1.518989559472725e-20,0.2532548703255391,0.10560825050696016,0.18726197228749697,0.23502585191597478
0.4,1143,9,1,OO_fraction,42,0.8397886030169014,3.6226663898709956e-12,0.47166776664252325,0.0016146559873441175,0.3111219451409002,0.044906123405160946
0.4,1143,10,2,DCApost,42,0.9537132820694881,1.7542849504181219e-22,0.15537738583993838,0.3258260245127417,0.12697512357183374,0.42295208199740286
0.4,1143,10,2,OO_fraction,42,0.8133154977625141,5.948708698049213e-11,0.2524948194689781,0.10669422392439626,0.17622258653403572,0.26427179457122085
0.4,1143,11,3,DCApost,42,0.9517930698107865,3.885533608220499e-22,0.36748508361504467,0.016659245720869128,0.33425168138724576,0.030504344154966626
0.4,1143,11,3,OO_fraction,42,0.7818063017945804,9.83545418072574e-10,0.5783153808979367,6.03960707705169e-05,0.4323119680657688,0.004247813884037612
0.4,1143,12,4,DCApost,42,0.9018139227079097,3.673613450969168e-16,0.3256202176881312,0.03535197506779625,0.3603435702131108,0.019069036462607308
0.4,1143,12,4,OO_fraction,42,0.9412053659377628,1.8679808540821825e-20,0.49087829311930464,0.0009646090507579358,0.3321984708669643,0.03160454706883972
0.4,1143,13,1,DCApost,42,0.9418670441408344,1.4987797767975397e-20,0.33877523088256944,0.028191767875771122,0.2885503605866624,0.06385039290331547
0.4,1143,13,1,OO_fraction,42,0.8451671607380128,1.9283370211319275e-12,0.4908098810799323,0.0009664319637424322,0.33454931412102523,0.03034751694110417
0.4,1143,14,1,DCApost,42,0.9793051463921405,2.2612034106221797e-29,0.2772736327478455,0.07544507407309782,0.2439834697350296,0.11944390861488322
0.4,1143,14,1,OO_fraction,42,0.9198637553532343,7.492024291941364e-18,0.4442635157651542,0.003204458306229476,0.35203969081649744,0.022233081217178936
0.4,1143,15,1,DCApost,42,0.9501477734700189,7.487547905828622e-22,0.3137862785730717,0.04300858421296184,0.3363584798638684,0.029408508089109327
0.4,1143,15,1,OO_fraction,42,0.8069604826012221,1.0910899052476863e-10,0.3332653330816289,0.031028858837553776,0.3023670806085351,0.05162444462515161
0.4,1143,16,2,DCApost,42,0.9347415913942883,1.4164822424749055e-19,0.2721389010907559,0.08124428135566829,0.29017097479944903,0.062307308527904545
0.4,1143,16,2,OO_fraction,42,0.8994231188661322,5.810579000096112e-16,0.5342214739096052,0.0002684490631043948,0.42539914652337835,0.004977521818573581
0.4,1143,17,1,DCApost,42,0.917095028584924,1.4398999410284453e-17,0.1370230978225801,0.38687197469118356,-0.0025119520298193016,0.98740349726363
0.4,1143,17,1,OO_fraction,42,0.914907414625818,2.374748239785043e-17,0.296243952116275,0.05678695564145679,0.16811294150255685,0.28723182876627057
0.4,1143,18,1,DCApost,42,0.8960341994213419,1.091692250689289e-15,0.1670997345126857,0.29018870514267897,0.11644113118872051,0.46273250080138295
0.4,1143,18,1,OO_fraction,42,0.9322244234337528,2.9494843422157647e-19,0.36048135531293146,0.01901991179602151,0.2806420463985921,0.07182081259079356
0.4,1143,19,2,DCApost,42,0.9078587715844167,1.0914467897122568e-16,0.11467667694673626,0.46958631435840115,0.05696458957945062,0.7201017535285723
0.4,1143,19,2,OO_fraction,42,0.518905636582895,0.00043018416696892145,0.3488818220019766,0.023546313584192437,0.21170954928284796,0.17832090837610928
0.4,1143,20,1,DCApost,42,0.9418466742495041,1.5090326066681e-20,0.24755286015061234,0.11396414308888239,0.2687788671906653,0.08522363415744265
0.4,1143,20,1,OO_fraction,42,0.887758600224151,4.6682344550580654e-15,0.338156679031376,0.028499139830670386,0.21547326848639342,0.17054815868508988
0.4,1143,21,1,DCApost,42,0.8681035833903995,9.749509348678968e-14,0.2878144888022612,0.06456100814818999,0.18158982254274372,0.24976474687325523
0.4,1143,21,1,OO_fraction,42,0.6845135436477734,5.765824950598369e-07,0.5067184152021483,0.0006163709830011336,0.35333723402153405,0.02171153259049701
0.4,1143,22,1,DCApost,42,0.9055597177362203,1.748372084014844e-16,0.17127627111969143,0.27812646069718355,0.0318450692812576,0.8413225640151637
0.4,1143,22,1,OO_fraction,42,0.6723399786750087,1.0809221166782168e-06,0.5245507370472133,0.00036249356168218446,0.3074366431433637,0.0476421404410761
0.4,1143,23,2,DCApost,42,0.9257584977122574,1.7177529528899594e-18,0.2700576103614207,0.08369170328843187,0.2673203143991573,0.08699750091530443
0.4,1143,23,2,OO_fraction,42,0.568907256091029,8.45299775954501e-05,0.4678901151574655,0.0017806393390775,0.3160328668767313,0.041459686110089954
0.4,1143,24,1,DCApost,42,0.9588409328984356,1.75727994311971e-23,0.267723838468078,0.08650389878429485,0.2165950895389353,0.1682793619913312
0.4,1143,24,1,OO_fraction,42,0.8508050340920483,9.70062551309259e-13,0.5316469273300457,0.000291052336186972,0.36477834987649566,0.01754043348885769
0.4,1143,25,1,DCApost,42,0.9216977157773572,4.797157540526403e-18,0.3005843712952514,0.05308688007666898,0.3139940037274127,0.042863424284014025
0.4,1143,25,1,OO_fraction,42,0.7831644228831943,8.799949844748378e-10,0.6381010130732754,5.468747386971968e-06,0.4975267226812283,0.000801401931879876
0.4,1143,26,1,DCApost,42,0.9596486836889686,1.191018909464498e-23,0.2592806160636617,0.09729472184396842,0.20881614131755938,0.18446634630719222
0.4,1143,26,1,OO_fraction,42,0.7096072819163151,1.42934966222158e-07,0.10527269758519729,0.5070082694150588,0.07404105913740203,0.6412151353815709
0.4,1143,27,1,DCApost,42,0.9120403856681938,4.484583390667182e-17,0.3200496583639265,0.03880368695766957,0.2731545255651892,0.08007045824039609
0.4,1143,27,1,OO_fraction,42,0.8878081860447152,4.62934864512136e-15,0.47455533200126476,0.0014971691868939014,0.42583746060295513,0.004928214000812678
0.4,1143,28,1,DCApost,42,0.9546066990530346,1.1978244337485646e-22,0.3124468325752123,0.04395422323117204,0.312859573778462,0.04366104845547028
0.4,1143,28,1,OO_fraction,42,0.6743317616073081,9.772531350240387e-07,0.4160526316572218,0.006136009664773772,0.26856357588634766,0.08548368354789801
0.4,1143,29,1,DCApost,42,0.9787312331520748,3.8874227467722436e-29,0.29361818327260386,0.05912370138377514,0.2031439915728061,0.19694812835564213
0.4,1143,29,1,OO_fraction,42,0.5692640370176368,8.347468152424953e-05,0.5714729389636279,7.720320101143219e-05,0.4061284380291584,0.007614882914158165
0.4,1143,30,1,DCApost,42,0.9462693686325759,3.2320589513521366e-21,0.2999272315033767,0.05363428491280932,0.2806093509440078,0.07185531972446446
0.4,1143,30,1,OO_fraction,42,0.7943865472177347,3.401391972389088e-10,0.5968763049156448,3.015982098545057e-05,0.47952331071134524,0.0013126644580337393
0.4,1143,31,2,DCApost,42,0.9583939884560886,2.1720120631795896e-23,0.2042771646469893,0.1944082073593177,0.12000648245685115,0.4490486306094481
0.4,1143,31,2,OO_fraction,42,0.9116475472264102,4.884497200824409e-17,0.36457832384087613,0.017607083149400498,0.20574169444861878,0.19115994470795425
0.4,1143,32,2,DCApost,42,0.9414469210805664,1.7242035990538933e-20,0.27268204647331007,0.08061487328068911,0.18693784944493966,0.2358517569030522
0.4,1143,32,2,OO_fraction,42,0.9157279003682912,1.9715723225559874e-17,0.3550676613286781,0.021031955145598382,0.274238025120288,0.07883284410686013
0.4,1143,33,1,DCApost,42,0.9443522610845861,6.401257986427541e-21,0.38670064161928985,0.011414541170001135,0.32242119763390326,0.037301970191640464
0.4,1143,33,1,OO_fraction,42,0.8144542719883617,5.323084517510666e-11,0.4908894419366786,0.0009643122687205321,0.3380911013623538,0.028531888944955914
0.4,1143,34,1,DCApost,42,0.9682549177854733,1.0633487902656137e-25,0.19490104405505643,0.21612895809352706,0.11741349971639252,0.4589785163723016
0.4,1143,34,1,OO_fraction,42,0.6091123306684032,1.862794212848781e-05,0.5413698302210465,0.0002137402854578851,0.4073474699311833,0.007418087843275555
0.4,1143,35,1,DCApost,42,0.93448662194525,1.5277377352814228e-19,0.2369117519969967,0.1308835418123137,0.16117008346163197,0.30788716850694114
0.4,1143,35,1,OO_fraction,42,0.6267608115351758,8.964653422633361e-06,0.5865866895526339,4.455480080435903e-05,0.4390145126151916,0.003631209577374345
0.4,1143,36,1,DCApost,42,0.9269357474090306,1.2615688581987883e-18,0.29375736379742634,0.05899794435672817,0.33360343570213113,0.030848232354273482
0.4,1143,36,1,OO_fraction,42,0.7236201838999445,6.147187907098079e-08,0.48333462626640783,0.0011850935256675242,0.4023995142468548,0.00824505357957408
0.4,1143,37,1,DCApost,42,0.9527639429801533,2.6099586650366606e-22,0.13228797405173523,0.4036441786982755,0.02876590227696297,0.8564965962109845
0.4,1143,37,1,OO_fraction,42,0.9072462914377126,1.238899083487571e-16,0.3742449462870802,0.01462033304003819,0.25259405447082983,0.10655195410175325
0.4,1143,38,1,DCApost,42,0.9535574335110659,1.873574724639068e-22,0.1762266675002751,0.26426055625157835,0.05404748399643466,0.7338973722394146
0.4,1143,38,1,OO_fraction,42,0.7812916593074044,1.0256832922650514e-09,0.2960348930910678,0.056970252013768,0.17348675147881049,0.27187722694999156
0.4,1143,39,1,DCApost,42,0.9735464488923787,2.910034570865045e-27,0.25257383408483836,0.10658093163739937,0.2462523296329309,0.1159382384199288
0.4,1143,39,1,OO_fraction,42,0.8456530643499147,1.819428352564442e-12,0.33632913684901555,0.029423543887899455,0.22187096504706721,0.15790116585712358
0.4,1143,40,1,DCApost,42,0.8915845494203714,2.4195928140455815e-15,0.13307202617311945,0.4008384475561079,0.0474029657240094,0.7656246472701969
0.4,1143,40,1,OO_fraction,42,0.8579609316828117,3.8902835075905016e-13,0.41296295551321754,0.006567154339480439,0.3017003082535948,0.0521675841357184
0.4,1143,41,2,DCApost,42,0.9472718980511973,2.238310783625851e-21,0.24967351574747682,0.11079990687505212,0.1738108743213678,0.2709687389171182
0.4,1143,41,2,OO_fraction,42,0.6822743231676871,6.486841517347916e-07,0.5585636675275097,0.00012091950832374045,0.4183765871739946,0.005828077760325692
0.4,1143,42,1,DCApost,42,0.9476090108330238,1.9749983018554104e-21,0.16268245997616812,0.3033092185702007,0.09440077789482215,0.5520744261104473
0.4,1143,42,1,OO_fraction,42,0.8909097491983053,2.7217487343835154e-15,0.35109367083309034,0.022619904282954333,0.2623216817290133,0.0932948819873168
0.4,1143,43,1,DCApost,42,0.9217041103591499,4.7896157307798816e-18,0.3096067253375116,0.046015196991647425,0.27283040272263187,0.08044361898204874
0.4,1143,43,1,OO_fraction,42,0.787633676901901,6.067815709552993e-10,0.6579872921298766,2.1866801902357853e-06,0.5160506260466312,0.00046856427870099266
0.4,1143,44,1,DCApost,42,0.9587258440532056,1.8562378746521133e-23,0.28455071342258126,0.06778875405948173,0.2768819382545985,0.075875673242511
0.4,1143,44,1,OO_fraction,42,0.9014115296563568,3.971573472840402e-16,0.47918718524837556,0.0013244791896473305,0.3738651409561833,0.014728996327581748
0.4,1143,45,2,DCApost,42,0.9464577788122418,3.0180536291354658e-21,0.30428303349630403,0.05008903605069036,0.2537071550117495,0.10496603343417961
0.4,1143,45,2,OO_fraction,42,0.6123275872779357,1.635774058473297e-05,0.5540880994306071,0.00014066800584128708,0.4017343435542744,0.008362056403122466
0.4,1143,46,1,DCApost,42,0.9376350183578936,5.87499114056948e-20,0.18521105527758683,0.24028511891820337,0.09164573373308484,0.5637873811358913
0.4,1143,46,1,OO_fraction,42,0.9348317708417707,1.3790028080986163e-19,0.3351574379584879,0.030029157895955998,0.22268160065191578,0.1563488434731815
0.4,1143,47,1,DCApost,42,0.9459161088918296,3.672619633662815e-21,0.2467139398435786,0.11523461561369941,0.21967425654322992,0.16216413425425089
0.4,1143,47,1,OO_fraction,42,0.9250762709103149,2.0494551706544327e-18,0.4099118199707816,0.007018384159419784,0.32311935209265974,0.036869060760167695
0.4,1143,48,1,DCApost,42,0.9666028336943556,2.8890130946098457e-25,0.28691541457944864,0.06543772877598907,0.31512843367636334,0.0420776878982592
0.4,1143,48,1,OO_fraction,42,0.9187211214271143,9.838127199566077e-18,0.41460561824149156,0.006334778847271956,0.31797918168428624,0.040154820174362484
0.4,1143,49,3,DCApost,42,0.9416929971347009,1.5885523851755084e-20,0.22918248169148325,0.14430067186368917,0.20363017583664209,0.1958555361631655
0.4,1143,49,3,OO_fraction,42,0.8225770862253623,2.3556814074138786e-11,0.18712170424542615,0.2353830301148775,0.12091480741934986,0.44559812474806537
0.4,1143,50,2,DCApost,42,0.9284209728873647,8.483256379428007e-19,0.1065588207845603,0.5018029529273906,0.017745725630013778,0.911185433841059
0.4,1143,50,2,OO_fraction,42,0.5239270938305833,0.00036946936332646265,0.43462155778774214,0.004025753366057645,0.2660774534828215,0.088531550801831
0.4,1143,51,3,DCApost,42,0.908766159153887,9.031553600294925e-17,0.07369312248480282,0.6427877027689747,0.0446479215622721,0.7788949703674816
0.4,1143,51,3,OO_fraction,42,0.6168916894291593,1.3568470007224451e-05,0.22707990431604036,0.1481200082866453,0.09964711633550682,0.5300930838237323
0.4,1143,52,1,DCApost,42,0.9565941250963989,4.983090435289139e-23,0.3763020869764023,0.014043516728849816,0.3653674742727494,0.017345368807376433
0.4,1143,52,1,OO_fraction,42,0.942840802807475,1.0788015638636577e-20,0.5153523333996227,0.00047840684811727174,0.41951193747840165,0.005682574569174927
0.4,1143,53,1,DCApost,42,0.9561181685909712,6.17042683805369e-23,0.323228579556165,0.03680170512577174,0.24511789968398026,0.11768122090513171
0.4,1143,53,1,OO_fraction,42,0.8701362436734881,7.287423556579655e-14,0.36982070520619004,0.015929204329533514,0.28712713123738104,0.06523043094598635
0.4,1143,54,2,DCApost,42,0.955988771465434,6.536891982190363e-23,0.3280474923464522,0.03392890162767609,0.341868568187343,0.02669555510483637
0.4,1143,54,2,OO_fraction,42,0.9349914639799431,1.3149254600803605e-19,0.4119658019824111,0.006711780117078859,0.2863164956325324,0.06602697772572448
0.4,1143,55,1,DCApost,42,0.9216459837521491,4.858585038910217e-18,0.19005104721098895,0.22800031603851767,0.07932906571590634,0.6175087574015237
0.4,1143,55,1,OO_fraction,42,0.8121709475918125,6.64658255212082e-11,0.3809745629863862,0.012804741457198886,0.2851005422252595,0.06723623084953746
0.4,1143,56,1,DCApost,42,0.9402845875306266,2.5271374535177906e-20,0.26706748542168696,0.0873078809456955,0.17235232152985983,0.27507271686207263
0.4,1143,56,1,OO_fraction,42,0.9259791485366821,1.6218269475854216e-18,0.3405636126066175,0.027318500121006846,0.24513620690622256,0.11765293685914884
0.4,1143,57,4,DCApost,42,0.9538484173879265,1.6567110963154977e-22,0.3122941638867717,0.04406306968108413,0.27769224536099185,0.07498700637901876
0.4,1143,57,4,OO_fraction,42,0.7925172573106976,4.0009492362295783e-10,0.6343540275559959,6.453021190122142e-06,0.5223275860817628,0.0003879155627412243
0.4,1143,58,1,DCApost,42,0.9790077565003878,2.999782729033895e-29,0.23766336390721063,0.12963026159720062,0.16716635604894256,0.28999367821543826
0.4,1143,58,1,OO_fraction,42,0.5438711166233999,0.0001971182065170895,0.4802114143647836,0.0012887690165143879,0.3300915838806858,0.032767329240970124
0.4,1143,59,1,DCApost,42,0.9214670530481961,5.076838329030254e-18,0.2804207108950813,0.07205466762690563,0.21837776517300056,0.1647189990229538
0.4,1143,59,1,OO_fraction,42,0.9451119377796691,4.8970552597929346e-21,0.3392892450827999,0.027938437786752812,0.22033679970040193,0.160869689328124
0.4,1143,60,1,DCApost,42,0.9366791003695741,7.893433018904469e-20,0.3596108422270128,0.019332072329069968,0.3446236123490803,0.025419075498380045
0.4,1143,60,1,OO_fraction,42,0.5885965078728176,4.132817419757106e-05,0.5617768918990246,0.0001083293297192603,0.4050767693223692,0.007788259349069332
0.4,1143,61,1,DCApost,42,0.8969959408271786,9.14834760972684e-16,0.4019667865050807,0.008321008631902018,0.4297058585203793,0.004511142634419698
0.4,1143,61,1,OO_fraction,42,0.8127211507475509,6.302029531402984e-11,0.2538097034664149,0.10482083634333042,0.175016227086817,0.26760781342077195
0.4,1143,62,1,DCApost,42,0.9723912147651107,6.769686264390833e-27,0.31081680154748736,0.04512771374746814,0.24155254841584958,0.12328799973241503
0.4,1143,62,1,OO_fraction,42,0.913063949849701,3.582964618801925e-17,0.4745893718263415,0.0014958306064143338,0.3493800191774213,0.023334933034315147
0.4,1143,63,1,DCApost,42,0.9634912113451873,1.6675578629037633e-24,0.2743006509712574,0.07876177071412382,0.2146503524835913,0.17222640093223796
0.4,1143,63,1,OO_fraction,42,0.8383753932865061,4.2591160875664304e-12,0.3916899877913624,0.010310318100232368,0.2620814053200136,0.0936062182718195
0.4,1143,64,1,DCApost,42,0.9284940008118818,8.317503198111996e-19,0.36553791523636536,0.01728927658051606,0.32582448748075526,0.03523035765932432
0.4,1143,64,1,OO_fraction,42,0.8066510525163217,1.1231553957752416e-10,0.6155779099206945,1.4322953216805677e-05,0.4414079790633945,0.003430818807589926
0.4,1143,65,2,DCApost,42,0.9746787257382447,1.2258348679216308e-27,0.19210312939190943,0.22292404297104818,0.11546876266104855,0.466502894466849
0.4,1143,65,2,OO_fraction,42,0.8106734454129226,7.676084142942989e-11,0.5678118552325281,8.784614414461988e-05,0.4198363232796608,0.00564158533413425
0.4,1143,66,2,DCApost,42,0.9431291321082207,9.77641081720797e-21,0.28053234583550013,0.07193664335481156,0.19779596467061017,0.2092506881850695
0.4,1143,66,2,OO_fraction,42,0.8895544674270787,3.4394353272402847e-15,0.32815010134170997,0.03386979697086992,0.22862468895836355,0.14530675178478863
0.4,1143,67,2,DCApost,42,0.9310605352798678,4.1012810269220087e-19,0.25992312732603573,0.09643884591568046,0.2509521108500122,0.10892462155834517
0.4,1143,67,2,OO_fraction,42,0.9180160676521635,1.1615982580331241e-17,0.3212930872876726,0.038010273437926956,0.2274518461632131,0.1474390235271063
0.4,1143,68,1,DCApost,42,0.9150314356920659,2.3091691105146396e-17,0.18924267343455078,0.23002158278572926,0.11141722712908193,0.4823879226848895
0.4,1143,68,1,OO_fraction,42,0.7828082217472748,9.061184739120427e-10,0.470988434889211,0.0016434539040407503,0.30998705529411213,0.04573474836987091
0.4,1143,69,1,DCApost,42,0.9713718135543992,1.384974230741742e-26,0.23313052841973667,0.13732601367300723,0.21724333522404993,0.1669783122945355
0.4,1143,69,1,OO_fraction,42,0.7450606194971467,1.524093080035813e-08,0.13937437810474385,0.37869790142825804,0.05911931227948092,0.7099673286702374
0.4,1143,70,2,DCApost,42,0.9624106715912898,2.958727683349159e-24,0.29868856613961886,0.054678427109221384,0.30897009966777406,0.04648774971195248
0.4,1143,70,2,OO_fraction,42,0.8623284660280608,2.1728685989609925e-13,0.6152103905957862,1.4540790767380438e-05,0.48391280317986124,0.001166735295983427
0.4,1143,71,2,DCApost,42,0.9422765636912237,1.306128832990298e-20,0.3020223946553127,0.05190464787520115,0.25873105907138805,0.0980313989414462
0.4,1143,71,2,OO_fraction,42,0.8663222832448836,1.2532985538836305e-13,0.5924578231715857,3.571980706653608e-05,0.4667639812718351,0.0018329535793328948
0.4,1143,72,1,DCApost,42,0.8323390501358142,8.359396951122636e-12,0.5268445448651123,0.00033784292208603647,0.4279231828863139,0.00469935780435446
0.4,1143,72,1,OO_fraction,42,0.8031860984324993,1.54804763675813e-10,0.6081298084006874,1.9377132833835387e-05,0.47292481186868474,0.001562543487737677
0.4,1143,73,1,DCApost,42,0.9487537864759256,1.283149982351239e-21,0.33732281439269346,0.028917894471552432,0.3141560651486914,0.04275045134752954
0.4,1143,73,1,OO_fraction,42,0.7865371404803516,6.65269761994433e-10,0.5373634768538763,0.0002430135444272356,0.45032858859802133,0.0027666399174852553
0.4,1143,74,1,DCApost,42,0.9385322654645953,4.433669471212065e-20,0.2222834451580926,0.15710989203795506,0.14561218701888015,0.357513623401451
0.4,1143,74,1,OO_fraction,42,0.9066291941732272,1.40637260391032e-16,0.3796121355200109,0.013155954371406871,0.2821136271762012,0.07028116267097924
0.4,1143,75,1,DCApost,42,0.8930960063465516,1.853711237380953e-15,0.196338349180949,0.21269463701218394,0.0978040677416741,0.5377661788488808
0.4,1143,75,1,OO_fraction,42,0.845943458750132,1.7571325170531467e-12,0.3826868123548978,0.012374692025146551,0.25861185648311097,0.09819175327634469
0.4,1143,76,1,DCApost,42,0.9391280531553058,3.669198281156963e-20,0.2684426999655205,0.08562995920834263,0.22340166923263918,0.15497931529310366
0.4,1143,76,1,OO_fraction,42,0.8857092121760439,6.573939917451475e-15,0.3373268350708588,0.028915863191215085,0.2704591520734888,0.08321510838170613
0.4,1143,77,1,DCApost,42,0.921677779428583,4.820742774021472e-18,0.2542004393299941,0.1042690033904835,0.09342840936715015,0.5561952583167447
0.4,1143,77,1,OO_fraction,42,0.6211918819588469,1.1346404534824116e-05,0.6470366597594069,3.6521598091839452e-06,0.5235606341155769,0.00037362447180527397
0.4,1143,78,1,DCApost,42,0.9052918409242326,1.845594641226134e-16,0.44872618969722455,0.0028768763826852433,0.422088971720282,0.005363950691682624
0.4,1143,78,1,OO_fraction,42,0.7020997883774833,2.2020870999533993e-07,0.5889915017206167,4.071967098182545e-05,0.4263198415233012,0.0048744404397949624
0.4,1143,79,6,DCApost,42,0.8912525976541186,2.5640378615202377e-15,0.018679413199080456,0.906532579100036,-0.0647435378008265,0.6837499019674924
0.4,1143,79,6,OO_fraction,42,0.6306696488653795,7.577295532472001e-06,0.5804269763560832,5.592689407261762e-05,0.4050767693223692,0.007788259349069332
0.4,1143,80,1,DCApost,42,0.9183556177059805,1.0724894354498963e-17,0.23007369828921034,0.14270387408390747,0.3041082570294142,0.05022755426788386
0.4,1143,80,1,OO_fraction,42,0.8824371401644429,1.1205510572010675e-14,0.27485265614045273,0.07813747285078051,0.1885018332633407,0.2318847214805778
0.4,1143,81,2,DCApost,42,0.9499418054118882,8.115660757374879e-22,0.1797196079779179,0.2547576759360944,0.14820516975933878,0.34892314109781597
0.4,1143,81,2,OO_fraction,42,0.9020498201805199,3.5088938333665033e-16,0.15231832778683893,0.3355576638022638,0.062094687331404254,0.6960541364688926
0.4,1143,82,1,DCApost,42,0.9452234251583825,4.706778724371873e-21,0.31669523435221114,0.04101179420603309,0.2851470707398104,0.06718963840939789
0.4,1143,82,1,OO_fraction,42,0.7892151971517124,5.308572539889071e-10,0.5106140530855273,0.0005502372201060319,0.4006975610053707,0.00854727282085023
0.4,1143,83,1,DCApost,42,0.9606016925064751,7.449547250189692e-24,0.21127776799584508,0.1792285622894274,0.1739729357426465,0.2705152461431434
0.4,1143,83,1,OO_fraction,42,0.8653870981131719,1.427890063135163e-13,0.2945380285725622,0.05829652522073294,0.20898185892997412,0.18411035305702372
0.4,1143,84,1,DCApost,42,0.966750354976326,2.647804983837137e-25,0.2691891529753482,0.08472975557108012,0.20184750020257677,0.19988267395783635
0.4,1143,84,1,OO_fraction,42,0.9034295486751298,2.676844452384047e-16,0.4570530377667064,0.0023434461888770636,0.2916382215877944,0.060935983339078396
0.4,1143,85,2,DCApost,42,0.9103052753034704,6.52061726910947e-17,0.28729027277106345,0.06507105001801974,0.24463171542014425,0.11843423869589506
0.4,1143,85,2,OO_fraction,42,0.5409104238893738,0.00021692725417077368,0.6714468648122948,1.1306315096048432e-06,0.4863354125377875,0.001092530257852305
0.4,1143,86,1,DCApost,42,0.9586607560266405,1.9145184205332314e-23,0.24759720491229886,0.11389728315983996,0.18142776112146503,0.25019478226484265
0.4,1143,86,1,OO_fraction,42,0.9175320403218576,1.30079892692255e-17,0.47286100218926147,0.0015651524823710149,0.3657587849076971,0.017216815890530333
0.4,1143,87,1,DCApost,42,0.9200126603725542,7.228558938610935e-18,0.13204209452147733,0.4045263828980956,0.015638927153391134,0.921694798922801
0.4,1143,87,1,OO_fraction,42,0.8952723866718217,1.2542142695024346e-15,0.27444237561676815,0.07860111410198864,0.14931907841311573,0.34527185961332285
0.4,1143,88,1,DCApost,42,0.964502793016443,9.595272271107531e-25,0.15834326135001642,0.316561205078699,0.10299003322259137,0.5163136119420488
0.4,1143,88,1,OO_fraction,42,0.6348567019809765,6.312132475956826e-06,0.6504834703153187,3.1145169000480237e-06,0.4758431000461397,0.001447261728913493
0.4,1143,89,1,DCApost,42,0.928589007686232,8.106448288209056e-19,0.3534848059532209,0.021652869901942734,0.2917915890122356,0.06079404168504612
0.4,1143,89,1,OO_fraction,42,0.9084393473941362,9.671214058017419e-17,0.5045793370546752,0.0006556315049029037,0.3775039762153411,0.013715536939214117
0.4,1143,90,1,DCApost,42,0.9332930860837335,2.167856280620316e-19,0.32823040586501623,0.033823599178942974,0.35985738594927486,0.019243229387947394
0.4,1143,90,1,OO_fraction,42,0.6174752210949155,1.3245190473562457e-05,0.5769177697931271,6.353032978311363e-05,0.4165924652670692,0.0060632510989169774
0.4,1143,91,1,DCApost,42,0.9561648197090333,6.043149059120105e-23,0.22751534676266602,0.14732299131777127,0.20363017583664209,0.1958555361631655
0.4,1143,91,1,OO_fraction,42,0.8618119941985799,2.3301957268799566e-13,0.4645007757738442,0.0019422129882634034,0.3017003082535948,0.0521675841357184
0.4,1143,92,1,DCApost,42,0.9777642593345761,9.375834043498021e-29,0.30834431521280964,0.04695607658491868,0.3154525565189207,0.04185535762317775
0.4,1143,92,1,OO_fraction,42,0.565122196816247,9.649572071377409e-05,0.5938231212235765,3.3909330967368844e-05,0.44860574372322604,0.0028853160730677994
0.4,1143,93,1,DCApost,42,0.9395363931947704,3.219277931658576e-20,0.3771042251594101,0.013823894029711669,0.3436512438214083,0.02586366954447028
0.4,1143,93,1,OO_fraction,42,0.8897615971447886,3.3192441721961926e-15,0.567658469315214,8.831980929999703e-05,0.45176722258213575,0.002670848036949649
0.4,1143,94,1,DCApost,42,0.9066377728002681,1.4039043894734568e-16,0.24672693053994932,0.11521486100423245,0.23490803014342435,0.13426880970633603
0.4,1143,94,1,OO_fraction,42,0.8985004800779347,6.914103336382612e-16,0.3874612928283947,0.011239943861832292,0.2069552699178526,0.1884975437776289
0.4,1143,95,2,DCApost,42,0.9711505517047556,1.612256876023374e-26,0.21642587705213423,0.16862017823949416,0.1261648164654404,0.4259419014835313
0.4,1143,95,2,OO_fraction,42,0.8112683932619875,7.25034337979881e-11,0.15548120702321638,0.3254988719415929,0.14239403704354653,0.3683516195333829
0.4,1143,96,1,DCApost,42,0.9550395800492666,9.928914030318602e-23,0.2682146621423149,0.08590644448152326,0.19974070172595418,0.20471657692729328
0.4,1143,96,1,OO_fraction,42,0.8981478605357204,7.3859518067330865e-16,0.4844960420847374,0.001148472766912188,0.3770173975134523,0.013847525499079374
0.4,1143,97,4,DCApost,42,0.9657244945245067,4.8164726890742795e-25,0.27458416259416246,0.0784406435906731,0.20119925451746212,0.20136140767111999
0.4,1143,97,4,OO_fraction,42,0.7947880339166719,3.2841207434635314e-10,0.4583080903738432,0.002271108814046079,0.30496111454405067,0.04955453892585518
0.4,1143,98,1,DCApost,42,0.9344396876097848,1.5490988301159413e-19,0.21370783637272117,0.17416311500052176,0.10801393728222998,0.49594665494323453
0.4,1143,98,1,OO_fraction,42,0.8026482569462347,1.6261767224931276e-10,0.06474104389572372,0.6837614491529701,-0.0009727627258183435,0.9951217919621935
0.4,1143,99,1,DCApost,42,0.9694439146407652,5.010028780454057e-26,0.27801756214047707,0.07463253855454252,0.2990843529697756,0.05434303798539887
0.4,1143,99,1,OO_fraction,42,0.5048778128762381,0.0006500224014716928,0.5514992873565611,0.00015338155760792626,0.47076489407734806,0.001653029008554678
0.4,1143,100,1,DCApost,42,0.9267909952477439,1.3107314416218368e-18,0.21776219986382453,0.16594218573626046,0.22210517786240988,0.15745151242782068
0.4,1143,100,1,OO_fraction,42,0.8848780209361172,7.539115724464003e-15,0.2737979015004298,0.07933375220519259,0.15774968870354136,0.31840196826514117
0.4,1143,101,1,DCApost,42,0.9695966902060996,4.5384963990934795e-26,0.2574626875521711,0.09974799750289057,0.19844421035572482,0.20773161125340445
0.4,1143,101,1,OO_fraction,42,0.8765761532599873,2.80314874826042e-14,0.4134298838468704,0.006500363366169177,0.2634823670727483,0.09180217404474063
0.4,1143,102,1,DCApost,42,0.9436174381433612,8.265097286919292e-21,0.3218355590392843,0.03766831247240314,0.28660562353131835,0.06574199515826867
0.4,1143,102,1,OO_fraction,42,0.7125844717531883,1.1997148670943348e-07,0.5984609523540692,2.8366817216839697e-05,0.44221894356654246,0.0033651525224507144
0.4,1143,103,1,DCApost,42,0.9391713418677415,3.61882026253002e-20,0.24487294814019994,0.11806015674154517,0.12389595656753911,0.43437620809302646
0.4,1143,103,1,OO_fraction,42,0.8892373186507558,3.631458657828185e-15,0.37704490710910277,0.013840034633287378,0.3064267809115819,0.048414945230833194
0.4,1143,104,1,DCApost,42,0.9211704256121923,5.459215234673848e-18,0.29724258967436035,0.055917883466037016,0.22939794181994977,0.1439134288298177
0.4,1143,104,1,OO_fraction,42,0.9521324686740121,3.384115780743024e-22,0.42169959201655305,0.005411075224114618,0.2928392820867018,0.05983143502148914
0.4,1143,105,1,DCApost,42,0.9248650190511768,2.1638885691159014e-18,0.30585910159453933,0.04885379248811561,0.22923588039867113,0.14420462769899864
0.4,1143,105,1,OO_fraction,42,0.820754814153166,2.8384567970926834e-11,0.41587202118683175,0.006160520480031037,0.2945039152415035,0.0583270358315848
0.4,1143,106,2,DCApost,42,0.9287092832135898,7.846524960506787e-19,0.20974934355235308,0.18246802851450417,0.20865407989628068,0.18481495906492587
0.4,1143,106,2,OO_fraction,42,0.6597795130152849,2.0066244504717236e-06,0.2633355792969741,0.09198992543241813,0.1497851437314146,0.34375112369636895
0.4,1143,107,1,DCApost,42,0.963429329994712,1.7240248058798726e-24,0.15929796174908178,0.3136146477065085,0.10023498906085407,0.5276569222427081
0.4,1143,107,1,OO_fraction,42,0.8459673148221208,1.7521051374503416e-12,0.4599564830880719,0.0021790922840131373,0.30107788708979816,0.052678734939030955
0.4,1143,108,1,DCApost,42,0.8906117409209817,2.8662313990933e-15,0.07390584371133702,0.6418260843242491,-0.014666558625719148,0.9265498233333431
0.4,1143,108,1,OO_fraction,42,0.7695893062542767,2.5857004636727095e-09,-0.052472688126868755,0.7413797338269185,-0.09457816803063107,0.551324217221558
0.4,1143,109,1,DCApost,42,0.9496950731071726,8.933846674844451e-22,0.25541079599769695,0.1025737075842457,0.17851065553844908,0.25802051919705704
0.4,1143,109,1,OO_fraction,42,0.8029555023945015,1.5811035755253747e-10,0.31881454567005924,0.03960513950135053,0.28693176169572654,0.06542170425881336
0.4,1143,110,2,DCApost,42,0.9129484395822524,3.675386724880176e-17,0.31888938874458467,0.03955619304701209,0.2297220646625071,0.14333233250378924
0.4,1143,110,2,OO_fraction,42,0.9630869151033425,2.0707306274323348e-24,0.4316924591059888,0.004309164971351476,0.2887484024470783,0.06366021316638455
0.4,1143,111,1,DCApost,42,0.9582293931163178,2.346912773236297e-23,0.1666013059080571,0.2916504912978972,0.059395510898630585,0.7086717867304642
0.4,1143,111,1,OO_fraction,42,0.8908809302292957,2.735414686183454e-15,0.39764523459487544,0.009113173457648938,0.3071122573421046,0.04788928420796156
0.4,1143,112,1,DCApost,42,0.8807732592695967,1.4608055329636286e-14,0.35083081461433474,0.02272837806289805,0.32793128595737786,0.033995941011496826
0.4,1143,112,1,OO_fraction,42,0.9078874450675286,1.0849676225033824e-16,0.4628869898233779,0.002023593291320249,0.3411727664743158,0.02702622428381847
0.4,1143,113,3,DCApost,42,0.9458418877461824,3.772147821479212e-21,0.2823954865985365,0.06998926012168688,0.24009399562434164,0.12563862586997995
0.4,1143,113,3,OO_fraction,42,0.8998055412005654,5.403868573092215e-16,0.3722402052931146,0.015201656645381553,0.28777563972125997,0.06459869759151808
0.4,1143,114,2,DCApost,42,0.9666304372676051,2.8423501829844754e-25,0.214523859563989,0.17248541860272273,0.11190341139291793,0.4804669156578609
0.4,1143,114,2,OO_fraction,42,0.9071852516906568,1.2545838098241337e-16,0.45826626861229613,0.00227348723978529,0.33163102594357025,0.03191431646635865
0.4,1143,115,1,DCApost,42,0.9660675377251489,3.9511950254418236e-25,0.2800154953274612,0.07248435754566378,0.2449558382627016,0.11793182422563785
0.4,1143,115,1,OO_fraction,42,0.6998581254088274,2.499027251195877e-07,0.4986365786731037,0.0007766996269199325,0.36242003645679044,0.01833991600371285
0.4,1143,116,2,DCApost,42,0.9366258088958013,8.023379931960412e-20,0.24325790946621806,0.12058167733973393,0.14447775706992952,0.3613118770104655
0.4,1143,116,2,OO_fraction,42,0.7526804517792071,8.978692032804799e-09,0.5397170216784251,0.0002254074471469689,0.389824712439556,0.010711929496132448
0.4,1143,117,1,DCApost,42,0.9323860939393523,2.8161622156025196e-19,0.11034136666287582,0.48665308757849457,0.010290900251195204,0.9484275043190633
0.4,1143,117,1,OO_fraction,42,0.6286422024474284,8.270141243999856e-06,0.18832232278552832,0.23233771899762362,0.12594278733886677,0.4267631958983802
0.4,1143,118,3,DCApost,42,0.916163388043737,1.7848020893717134e-17,0.34091976664254303,0.02714729843140907,0.32387975042541123,0.03640224614971927
0.4,1143,118,3,OO_fraction,42,0.8647012104494676,1.5702477143922864e-13,0.2672587529012469,0.08707299654401765,0.20606357075251908,0.19045121760740907
0.4,1143,119,2,DCApost,42,0.9013568878432217,4.013752191199113e-16,0.2917512543884029,0.06083134584680251,0.2804472895227291,0.07202655396860061
0.4,1143,119,2,OO_fraction,42,0.9107200743857945,5.96658961555042e-17,0.38430342544153323,0.011980014929625363,0.2687257030073174,0.08528779365860123
0.4,1143,120,1,DCApost,42,0.9214665061556234,5.0775194080166035e-18,0.2382294524432623,0.12869226677374207,0.16117008346163197,0.30788716850694114
0.4,1143,120,1,OO_fraction,42,0.9339065927836294,1.8124339638020505e-19,0.31724046690630386,0.040646074362160584,0.2629701902128922,0.0924585710329703
0.4,1143,121,1,DCApost,42,0.9696915047540047,4.2673669684665814e-26,0.19143782820361405,0.22456121282046337,0.15987359209140264,0.31184645798738225
0.4,1143,121,1,OO_fraction,42,0.8612279106304718,2.521034884236949e-13,0.21369011977803964,0.17419966883575463,0.18287249545984835,0.24637865726444838
0.4,1143,122,2,DCApost,42,0.9409476353207763,2.033872838325511e-20,0.16630441628817616,0.2925234643018224,0.06506766064338385,0.6822497669440708
0.4,1143,122,2,OO_fraction,42,0.8212157808784524,2.7082402547213042e-11,0.34729543997308715,0.024230075024360247,0.3001379626150327,0.05345825201515934
0.4,1143,123,1,DCApost,42,0.9108767618793233,5.769134340333718e-17,0.1878546392429919,0.23352076167940938,0.07009156470302245,0.6591551163693259
0.4,1143,123,1,OO_fraction,42,0.7735594029581188,1.9011142723075527e-09,0.46200160002546625,0.0020695077949830385,0.3727029359356538,0.015065767872611623
0.4,1143,124,2,DCApost,42,0.8901076395219196,3.1272482077951906e-15,0.30294633690143596,0.05115629684074485,0.19893039461956083,0.20659736425362493
0.4,1143,124,2,OO_fraction,42,0.8530657181113445,7.306378601141134e-13,0.36801891271633125,0.016489944169391264,0.25731352271978186,0.09995138122852143
0.4,1143,125,1,DCApost,42,0.9395843402011023,3.1700174728655056e-20,0.29397917559044195,0.05879796704582659,0.266510007292764,0.08799529323628927
0.4,1143,125,1,OO_fraction,42,0.7069678986280092,1.6664319315626165e-07,0.4602743633207451,0.002161730499448634,0.338415487163613,0.028370196321594876
0.4,1143,126,1,DCApost,42,0.9682529624320718,1.0646403947290222e-25,0.2776368861074452,0.07504745770930668,0.2577586905437161,0.09934534270916262
0.4,1143,126,1,OO_fraction,42,0.9471051970796499,2.380490797740078e-21,0.4123312657197063,0.0066584573457579965,0.34202980077700434,0.02661941325022085
0.4,1143,127,1,DCApost,42,0.9598280999237631,1.091264866705126e-23,0.23379663398084935,0.1361743576783339,0.17915890122356373,0.25626751903245276
0.4,1143,127,1,OO_fraction,42,0.8368535413310032,5.061362272547306e-12,0.5588702609729819,0.00011966340403876105,0.4252370588318091,0.004995864094878633
0.4,1143,128,1,DCApost,42,0.9431954800541116,9.556697490623523e-21,0.1668797868852564,0.2908331794404959,0.08662182967344624,0.5854377623132214
0.4,1143,128,1,OO_fraction,42,0.7618663127422746,4.623827327109711e-09,0.26398646200426495,0.0911596570672954,0.1108138871828063,0.4847774064244268
0.4,1143,129,1,DCApost,42,0.9477071528472149,1.9040378812468364e-21,0.26037365454577865,0.09584217179514179,0.20638521999837942,0.18974485154037588
0.4,1143,129,1,OO_fraction,42,0.8510322141791034,9.430203578858855e-13,0.4507562874592564,0.0027378511766175933,0.32717400543244013,0.0344354877388292
0.4,1143,130,2,DCApost,42,0.9604068641146041,8.207237326261563e-24,0.3469583929993497,0.024377460625411018,0.3289036544850499,0.03343832563913756
0.4,1143,130,2,OO_fraction,42,0.9014372057846756,3.9518986958246395e-16,0.5381614556418101,0.0002369098811887467,0.40448983431095087,0.007886491158000416
0.4,1143,131,4,DCApost,42,0.9623696922721175,3.0227708938534094e-24,0.31430744937990995,0.04264514030797438,0.3212867676849526,0.03801427207264569
0.4,1143,131,4,OO_fraction,42,0.754734271413243,7.760005398336596e-09,0.6623636456456816,1.770999699221156e-06,0.5492662579820634,0.0001651733039513249
0.4,1143,132,1,DCApost,42,0.9086474510341234,9.259126626929902e-17,0.3238660599178539,0.036410607830664174,0.35045782351511223,0.022883047348628872
0.4,1143,132,1,OO_fraction,42,0.6827990669266126,6.310758474099121e-07,0.16040501779431182,0.31021967694886216,0.12070364156195947,0.44639899332523303
0.4,1143,133,1,DCApost,42,0.9591055390386191,1.548388042987767e-23,0.24662155505568412,0.11537517663211729,0.19601328903654486,0.2134680035558556
0.4,1143,133,1,OO_fraction,42,0.6603766383352847,1.9497418751251564e-06,0.38383973692678075,0.012092105824500012,0.2604007019607863,0.09580644109596465
0.4,1143,134,1,DCApost,42,0.9193270363702619,8.519038641280855e-18,0.36324836973835045,0.018055680948027862,0.3614780001620615,0.01866773578422284
0.4,1143,134,1,OO_fraction,42,0.6898201833860569,4.342957050369934e-07,0.5118876424472188,0.0005300381179354153,0.42439284888819273,0.005092350377867832
0.4,1143,135,4,DCApost,42,0.9173134284387515,1.3687127706625474e-17,0.2513648859120696,0.10832439928726688,0.20330605299408475,0.19658345507267877
0.4,1143,135,4,OO_fraction,42,0.605940615073815,2.1146614530396836e-05,0.5711243439403734,7.81635686618328e-05,0.3988319029226515,0.008889456496529979
0.4,1143,136,3,DCApost,42,0.9351783133031483,1.2435307626979451e-19,0.30583694989190674,0.04887098185624843,0.3246900575318046,0.03591013497687464
0.4,1143,136,3,OO_fraction,42,0.8373458205452224,4.7874872951142584e-12,0.45992180229683005,0.0021809938729181397,0.3368190938146014,0.029173314499410106
0.4,1143,137,1,DCApost,42,0.9528145814049197,2.5557623072834857e-22,0.22702338287069113,0.1482236948145075,0.19585122761526622,0.2138543000980514
0.4,1143,137,1,OO_fraction,42,0.6966241878005643,2.9933175470037865e-07,0.40924330249701557,0.007120750194150183,0.27705522489415835,0.0756849378130322
0.4,1143,138,1,DCApost,42,0.912915164371915,3.7024262746153635e-17,0.31635960197769014,0.04123825300758711,0.23150474029657242,0.1401672168987567
0.4,1143,138,1,OO_fraction,42,0.9139971222814433,2.9128698480152044e-17,0.4669777316178925,0.0018229207143833164,0.36274442225804965,0.018228160460985736
0.4,1143,139,1,DCApost,42,0.973733516501828,2.5293052079009104e-27,0.2826195890930719,0.06975785611027936,0.2961672473867596,0.05685415303993093
0.4,1143,139,1,OO_fraction,42,0.9616735146050815,4.333571990916026e-24,0.41403278936277865,0.006414991465438341,0.23526080236320185,0.1336681294660803
0.4,1143,140,5,DCApost,42,0.9424343738285669,1.238351561696092e-20,0.36996962617930435,0.01588358859242628,0.3507819463576696,0.022748592536171335
0.4,1143,140,5,OO_fraction,42,0.8633113700013165,1.9007151898456857e-13,0.5786422713421937,5.968360325089724e-05,0.3843223402587305,0.011975461376988013
0.4,1143,141,1,DCApost,42,0.953572678400898,1.8615751952014728e-22,0.2934856936214557,0.059243611564215815,0.26391702455230537,0.091247954613112
0.4,1143,141,1,OO_fraction,42,0.8767907336250426,2.7128466126087613e-14,0.4408197935425695,0.0034791450937912147,0.3534994269221637,0.021647065015737467
0.4,1143,142,2,DCApost,42,0.9651265341505134,6.769658018080233e-25,0.20018404650985536,0.20369262291701462,0.13637468600599625,0.38914421255201537
0.4,1143,142,2,OO_fraction,42,0.7755642406342323,1.6238112491462665e-09,0.414097175651352,0.00640593190723957,0.29510998269551586,0.057786872001385214
0.4,1143,143,4,DCApost,42,0.8257547238833427,1.6932080694784415e-11,0.07403826743638958,0.6412277468680314,-0.04124463171542015,0.7953733436846406
0.4,1143,143,4,OO_fraction,42,0.8409921687360786,3.152310116525516e-12,0.15596857183427137,0.3239658769010322,0.06710762639207178,0.6728361169274111
0.4,1143,144,1,DCApost,42,0.8652884968896764,1.4475780815078996e-13,0.40690261341460693,0.007489389093059401,0.34673041082570294,0.024477576869599515
0.4,1143,144,1,OO_fraction,42,0.744547238408959,1.5783562779680246e-08,0.46856983384227485,0.0017497057886573237,0.3891818650606707,0.01085340490117941
0.4,1143,145,1,DCApost,42,0.9472442547414759,2.2613176646309318e-21,0.16361529059715427,0.3005073648441252,0.11076898144396728,0.4849554986160959
0.4,1143,145,1,OO_fraction,42,0.7974788978668441,2.5907151280189805e-10,0.26977249801494885,0.08403139532793216,0.19929423267101365,0.20575138002421217
0.4,1143,146,1,DCApost,42,0.9240140501139097,2.6890217634285037e-18,0.34625517044796117,0.024687376112038275,0.312859573778462,0.04366104845547028
0.4,1143,146,1,OO_fraction,42,0.9063680772746847,1.4834929277903912e-16,0.3083730557733718,0.04693448430645017,0.12610498023949634,0.4261631506487661
0.4,1143,147,2,DCApost,42,0.9607978738658263,6.753920344102365e-24,0.3557936630002015,0.020752194011523173,0.367960457013208,0.016508411992029123
0.4,1143,147,2,OO_fraction,42,0.4963723538367099,0.00082783632137895,0.43957460486285455,0.003583421206653609,0.286559686313987,0.06578720848401477
0.4,1143,148,1,DCApost,42,0.8815464595627036,1.2920863759740068e-14,0.1823500843377648,0.24775399993301453,0.1258406936228831,0.42714114236768463
0.4,1143,148,1,OO_fraction,42,0.7087620991950431,1.501620077199957e-07,0.44586300123676303,0.0030834737186618156,0.3615365960451116,0.018647202168636128
0.4,1143,149,1,DCApost,42,0.9135213086532669,3.238154508320194e-17,0.28929539444506674,0.06313727376941401,0.2462523296329309,0.1159382384199288
0.4,1143,149,1,OO_fraction,42,0.8307877565488867,9.898569235339045e-12,0.4742126557344693,0.0015107037926576552,0.3524643609881798,0.02206124341254914
0.4,1143,150,1,DCApost,42,0.9315799322251243,3.5427310652361818e-19,0.11890069677911927,0.45326885061834377,0.031034762174864273,0.8453104683992859
0.4,1143,150,1,OO_fraction,42,0.7070442110734436,1.6590930127094015e-07,0.37745768866272167,0.013728046664783472,0.28667595186277783,0.065672822811433
0.4,1143,151,1,DCApost,42,0.9401517267433401,2.638736074698259e-20,0.20909431691911542,0.18386905054910807,0.18774815655133298,0.2337906911775714
0.4,1143,151,1,OO_fraction,42,0.8519909370610013,8.365259970815476e-13,0.3722422899768909,0.015201042122782789,0.2422989822892524,0.12209788745514717
0.4,1143,152,4,DCApost,42,0.9324083540302529,2.7982585763415453e-19,0.0800664481054169,0.6142325651064737,0.008022040353293899,0.9597872418828721
0.4,1143,152,4,OO_fraction,42,0.8783758442155876,2.1259349727718126e-14,0.24579343140086515,0.1166409418673412,0.15182390444929417,0.3371472737564415
0.4,1143,153,1,DCApost,42,0.9108744908092619,5.77195165825035e-17,0.11363537926594408,0.4736562938986849,0.030710639332306947,0.8469067041278778
0.4,1143,153,1,OO_fraction,42,0.9378465922759197,5.499785542809168e-20,0.2924432098744546,0.06019390141833342,0.2066785059499478,0.18910239352121883
0.4,1143,154,1,DCApost,42,0.953544946038471,1.8834584206504467e-22,0.2653358116572339,0.0894568911183514,0.2000648245685115,0.20396762605364258
0.4,1143,154,1,OO_fraction,42,0.8795126531713097,1.781184992432347e-14,0.5266055372424628,0.0003403391325536931,0.45016639569739175,0.0027776265735474782
0.4,1143,155,2,DCApost,42,0.9499031331441381,8.239029142142382e-22,0.23638334000322345,0.1317700418792423,0.17170407584474517,0.27690973816726566
0.4,1143,155,2,OO_fraction,42,0.6852938139879022,5.532546186803436e-07,0.41795882095176157,0.005882424459573465,0.29563880508829155,0.05731882743464223
0.4,1143,156,1,DCApost,42,0.8575271060242955,4.117631726277691e-13,0.4560550829464634,0.002402405226889479,0.40296572400939956,0.00814657047985655
0.4,1143,156,1,OO_fraction,42,0.9482507439712907,1.5527440033339415e-21,0.5288600643500728,0.00031743876406220697,0.4183765871739946,0.005828077760325692
0.4,1143,157,3,DCApost,42,0.9652493967345138,6.315416941382228e-25,0.14930440926933805,0.34531979079302777,0.15128433676363343,0.33888733034086616
0.4,1143,157,3,OO_fraction,42,0.9142650893161035,2.7435392196916607e-17,0.4337478682252017,0.004108534898559136,0.35068096265751286,0.022790412290081722
0.4,1143,158,1,DCApost,42,0.9488926641167386,1.216929365243451e-21,0.2778232627736925,0.07484409003697792,0.20638521999837942,0.18974485154037588
0.4,1143,158,1,OO_fraction,42,0.7171895689771055,9.110565949976957e-08,0.6231902028692299,1.043201896326909e-05,0.45036065102503586,0.002764472589993195
0.4,1143,159,1,DCApost,42,0.9557802821635814,7.171083428546078e-23,0.24631593962052378,0.1158410865732067,0.21805364233044325,0.16536224530453902
0.4,1143,159,1,OO_fraction,42,0.5707863653724861,7.910504048199362e-05,0.4885116649811749,0.001029480738991228,0.3054542547621667,0.04916871881599875
0.4,1143,160,1,DCApost,42,0.9508557213523544,5.661789188530824e-22,0.15813109108683696,0.3172184059134705,0.07592577586905438,0.6327238290201032
0.4,1143,160,1,OO_fraction,42,0.561206294068978,0.00011047431897087081,0.5414055490344691,0.00021349427853335326,0.37993686972478474,0.013071507929012747
0.4,1143,161,2,DCApost,42,0.9898523540691992,1.6074442148739508e-35,0.2625591599260271,0.09298795731848335,0.20638521999837942,0.18974485154037588
0.4,1143,161,2,OO_fraction,42,0.8383037509717604,4.2940290213637535e-12,0.54602123573255,0.00018377288412820995,0.40394141901796227,0.007979238683703083
0.4,1143,162,1,DCApost,42,0.9529488422933301,2.417183559288755e-22,0.32151427849319686,0.03787053458121853,0.3825459849282879,0.012409591781798962
0.4,1143,162,1,OO_fraction,42,0.634805856285196,6.326253751533066e-06,0.4342893966665625,0.004057052267055608,0.35998714294734674,0.019196608972218806
0.4,1143,163,1,DCApost,42,0.956526661289026,5.1370989759976394e-23,0.30904976842250415,0.046428399234222914,0.33489992707236044,0.030163628840568876
0.4,1143,163,1,OO_fraction,42,0.8855940058088916,6.700377664655151e-15,0.486811155744727,0.0010784613100700328,0.3684833512048343,0.016343833987330112
0.4,1143,164,3,DCApost,42,0.9318996598403773,3.2355673464231375e-19,0.39405261077630055,0.009820179369299872,0.30427031845069286,0.05009910289739843
0.4,1143,164,3,OO_fraction,42,0.6399089658821243,5.045024726970798e-06,0.6226055207210133,1.0692297101717018e-05,0.44560639198528623,0.003102609596797649
0.4,1143,165,1,DCApost,42,0.9703270720703335,2.8093931706408163e-26,0.3477180997586027,0.024046302818138597,0.31010452961672474,0.045648405373574896
0.4,1143,165,1,OO_fraction,42,0.978763787399438,3.771256065824249e-29,0.43147107638960597,0.0043312754945625705,0.3133853121235565,0.0432899127588778
0.4,1143,166,2,DCApost,42,0.9245079327705846,2.371180940883606e-18,0.362852423300726,0.01819108002670813,0.32161089052750996,0.03780963136388151
0.4,1143,166,2,OO_fraction,42,0.8794212589344079,1.8068211812187932e-14,0.2462402301608969,0.11595672497318565,0.08998055213819678,0.5709222002082192
0.4,1143,167,2,DCApost,42,0.9455315941398209,4.216590668317408e-21,0.228931577685053,0.14475258515090025,0.16554574183615592,0.2947619272009866
0.4,1143,167,2,OO_fraction,42,0.544945268401527,0.00019034554029978792,0.4282921115496785,0.0046598549338609605,0.23623395976697928,0.1320214619642652
0.4,1143,168,1,DCApost,42,0.8780601686246333,2.2322967455800002e-14,0.23485684627261516,0.13435612916607337,0.18904464792156228,0.2305185912006889
0.4,1143,168,1,OO_fraction,42,0.6700746261902516,1.211140461196001e-06,0.3337643066504203,0.030762594659876116,0.2527561815917996,0.10631982923335204
0.4,1143,169,1,DCApost,42,0.9306063979551923,4.657013581621954e-19,0.1716336845833409,0.27710969826137044,0.09213191799692083,0.5617120463494755
0.4,1143,169,1,OO_fraction,42,0.5244310658034272,0.00036382290044469556,0.3778586560424733,0.013620001708984402,0.2089855524612103,0.18410242422084952
0.4,1143,170,1,DCApost,42,0.900232586219488,4.98153235308241e-16,0.21260638560896478,0.176446179013972,0.17186613726602384,0.27644973075461715
0.4,1143,170,1,OO_fraction,42,0.883790656903658,9.004645601870764e-15,0.31788812382780884,0.04021511175477169,0.16746416990003854,0.2891229001292365
0.4,1143,171,1,DCApost,42,0.9480069447061815,1.7019361346266728e-21,0.33625799684803187,0.02946002348824175,0.29876023012721825,0.05461757637412125
0.4,1143,171,1,OO_fraction,42,0.7721064844606607,2.1291149677398956e-09,0.4157453475582694,0.006177762017857969,0.2759403598904701,0.07691866393211108
0.4,1143,172,3,DCApost,42,0.963586665363934,1.5838822859110408e-24,0.27419738584737724,0.07887899201517257,0.28190584231423715,0.07049696576692666
0.4,1143,172,3,OO_fraction,42,0.8835744629747406,9.326394200236779e-15,0.41795099878224695,0.005883446210849241,0.3513909192139792,0.02249775942007096
0.4,1143,173,1,DCApost,42,0.9664920030925024,3.083785922087999e-25,0.21874732006684902,0.16398780275086147,0.15663236366582936,0.32188522438541006
0.4,1143,173,1,OO_fraction,42,0.6170333528605971,1.3489329745597473e-05,0.6526470018616405,2.8153667730525536e-06,0.5321012110226339,0.00028694353373184226
0.4,1143,174,5,DCApost,42,0.9467405994977052,2.7218473753328783e-21,0.2242665501096709,0.1533459707584876,0.14075034438052023,0.3739622560906829
0.4,1143,174,5,OO_fraction,42,0.9401402247772291,2.648613773603217e-20,0.39199759982212967,0.010245340015336234,0.24628991960601312,0.11588081962767247
0.4,1143,175,1,DCApost,42,0.944419673215806,6.251850250907459e-21,0.3857096965227465,0.011645467726553855,0.341868568187343,0.02669555510483637
0.4,1143,175,1,OO_fraction,42,0.6119070901884881,1.6639492118891788e-05,0.5245203496932025,0.0003628306979708551,0.3291190577312706,0.03331582404486391
0.4,1143,176,1,DCApost,42,0.9496757122418752,9.001252202826092e-22,0.24512982591174484,0.1176627946995771,0.157280609350944,0.31986141819107855
0.4,1143,176,1,OO_fraction,42,0.606299832901785,2.0846484397727513e-05,0.6074556223103375,1.990705767635838e-05,0.4028060687135552,0.008174236923810873
0.4,1143,177,1,DCApost,42,0.9670231080442915,2.251273888755065e-25,0.34460441780345835,0.025427789842891454,0.3003808443400049,0.053255938283044375
0.4,1143,177,1,OO_fraction,42,0.8133043380355234,5.955167946293505e-11,0.48944733709342825,0.0010033830763462783,0.3734491536996017,0.01484879603083
0.4,1143,178,1,DCApost,42,0.9256524992970461,1.765720917095009e-18,0.1116994442305947,0.48127234027950727,0.026983226642897665,0.8653053057941189
0.4,1143,178,1,OO_fraction,42,0.8407520067404625,3.241312469543249e-12,0.6111220322163693,1.717744249149995e-05,0.5109887334334833,0.0005442244082049873
0.4,1143,179,1,DCApost,42,0.9721913163285083,7.80612835586551e-27,0.27150454152156517,0.08198423967014878,0.25467952353942147,0.10359542900005896
0.4,1143,179,1,OO_fraction,42,0.9021069436457376,3.470069388590061e-16,0.4576433626459278,0.00230917283336945,0.36661699642004875,0.01693768922557039
0.4,1143,180,1,DCApost,42,0.9250681857173814,2.0537273898294507e-18,0.08201566142036112,0.6056079244556195,-0.04140669313669882,0.7945866033455273
0.4,1143,180,1,OO_fraction,42,0.7755791638970719,1.6218969024885627e-09,0.48212507474200267,0.0012243311691858133,0.32766698352017637,0.034148822487605764
0.4,1143,181,1,DCApost,42,0.9525452577228946,2.856768207798348e-22,0.3655933090762653,0.01727107940744404,0.3084839154039381,0.046851272661754
0.4,1143,181,1,OO_fraction,42,0.8399285794255585,3.5647517384078347e-12,0.4590949315182426,0.0022267674142825693,0.3237701639094868,0.0364692218829592
0.4,1143,182,2,DCApost,42,0.9430560025807581,1.0024121965371845e-20,0.3339678031393669,0.030654547100940573,0.3326310671744591,0.03137006139498962
0.4,1143,182,2,OO_fraction,42,0.7780409509514854,1.3334484072358537e-09,0.6022689485258439,2.4449194639082496e-05,0.48670561715111116,0.0010815683749147624
0.4,1143,183,1,DCApost,42,0.9436912116771411,8.056993850166816e-21,0.28284599471191346,0.06952468777168709,0.27169597277368124,0.08176039007332946
0.4,1143,183,1,OO_fraction,42,0.8382917992024566,4.299879528504817e-12,0.5527423917308986,0.0001471524258177223,0.4550611940805429,0.0024624176721873086
0.4,1143,184,1,DCApost,42,0.9185495271724463,1.0245434500997356e-17,0.2730754790994253,0.08016133900042377,0.22453609918158984,0.15283950507131763
0.4,1143,184,1,OO_fraction,42,0.9268857842521557,1.2783373425966276e-18,0.4316358511294889,0.004314809288886596,0.2792150784338173,0.07333904529648251
0.4,1143,185,2,DCApost,42,0.9695794679292787,4.589466374021609e-26,0.18654755208003662,0.23684890093427013,0.17543148853415444,0.26645633786044637
0.4,1143,185,2,OO_fraction,42,0.6324828823504595,7.003257827913927e-06,0.5803522321802841,5.607980239439015e-05,0.41626807946581007,0.006106881535170005
0.4,1143,186,3,DCApost,42,0.9431090043076947,9.844004988220121e-21,0.32662402704144866,0.03475762891950443,0.31561461794019935,0.04174455162505959
0.4,1143,186,3,OO_fraction,42,0.8450311135225077,1.959912280752019e-12,0.40822204327203493,0.007279617395713464,0.3751621579239411,0.014360715427418194
0.4,1143,187,1,DCApost,42,0.8689734231819607,8.61282695462504e-14,0.4654694078638841,0.001894766410404978,0.43181265699700183,0.004297201516365627
0.4,1143,187,1,OO_fraction,42,0.8950396819349573,1.3082483886950799e-15,0.3661880393749308,0.017076722997244314,0.3057717501488993,0.04892160415613467
0.4,1143,188,2,DCApost,42,0.9198736995672164,7.474150180691038e-18,0.27567328890333903,0.07721653645457102,0.16862490884045053,0.2857452028932895
0.4,1143,188,2,OO_fraction,42,0.6512275311795442,3.0084811490086653e-06,0.5314969395877849,0.00029242049936497824,0.3839170224563062,0.012073361175886439
0.4,1143,189,1,DCApost,42,0.884858700319285,7.563066285347765e-15,-0.023768637759464212,0.8812295660096354,-0.09585933068633012,0.5459203547135116
0.4,1143,189,1,OO_fraction,42,0.8859402335030508,6.3271514534033455e-15,0.21409105906985418,0.17337377740499677,0.1491363721288963,0.3458691403721419
0.4,1143,190,1,DCApost,42,0.8976787960900988,8.060895731409536e-16,0.1384148716521316,0.382021133996873,0.06052994084758123,0.7033591441537344
0.4,1143,190,1,OO_fraction,42,0.7904849807057723,4.764408013166542e-10,0.12604003740938058,0.42640335484808667,0.04682116134005492,0.7684216804559865
0.4,1143,191,3,DCApost,42,0.9586907636479196,1.8874369793339667e-23,0.21746981314991012,0.16652548238984016,0.12632687788671906,0.42534299048385504
0.4,1143,191,3,OO_fraction,42,0.8349538231446749,6.262658961280159e-12,0.2921737576283581,0.060441490475709306,0.24515456930160606,0.11762457272706082
0.4,1143,192,2,DCApost,42,0.9291226364396911,7.01208831438556e-19,0.39733922918899217,0.009171640960743205,0.30183939713151287,0.05205390735828027
0.4,1143,192,2,OO_fraction,42,0.7806023295874345,1.0847759190260396e-09,0.61706460746382,1.3471926441386453e-05,0.4850474170208457,0.00113144201258853
0.4,1143,193,1,DCApost,42,0.9320008717924517,3.1437075201429466e-19,0.10448090720786218,0.5102263924366155,0.023741998217324367,0.8813617335903814
0.4,1143,193,1,OO_fraction,42,0.8031269987217251,1.5564572394949544e-10,0.5353192172786109,0.0002593020904498723,0.43816412105080305,0.0037048323505714867
0.4,1143,194,1,DCApost,42,0.9730340903686178,4.250910743350605e-27,0.1932095266138089,0.2202196555927263,0.20055100883234747,0.2028477992478552
0.4,1143,194,1,OO_fraction,42,0.7994354352290829,2.1754950906084317e-10,0.3494193562454368,0.023318310372383348,0.25780047344082047,0.09928860577463558
0.4,1143,195,1,DCApost,42,0.9420380614996114,1.415265711903477e-20,0.41290452983606263,0.006575553370323629,0.3742808524430759,0.014610095449799448
0.4,1143,195,1,OO_fraction,42,0.9191336245502238,8.920740730505827e-18,0.4508383284169962,0.0027323591157934523,0.2746736772161891,0.07833946559318256
0.4,1143,196,1,DCApost,42,0.9193170545602688,8.539344308455258e-18,0.3326822696825676,0.03134240270046478,0.22858763471355648,0.14537376835580684
0.4,1143,196,1,OO_fraction,42,0.8263848982181783,1.584631300719014e-11,0.5496947642163925,0.0001628489080703285,0.34857331008490644,0.023678011807930416
0.4,1143,197,1,DCApost,42,0.9372880450614384,6.543267336590864e-20,0.07809058754597907,0.6230278024221753,0.0029981362936552956,0.984965719548245
0.4,1143,197,1,OO_fraction,42,0.8286268689540432,1.2490789579051808e-11,0.42737269690332863,0.004758842762042924,0.31590469520950704,0.041546813911704776
0.4,1143,198,1,DCApost,42,0.9526434072036674,2.7433787403812436e-22,0.24375229301935797,0.11980554073593358,0.1509602139210761,0.33993525712387296
0.4,1143,198,1,OO_fraction,42,0.8367373118186197,5.128141925333241e-12,0.46462117105764034,0.0019362591408484152,0.36290661515867917,0.018172498061424222
0.4,1143,199,3,DCApost,42,0.8904745870366466,2.9351335750530227e-15,0.21102106428692705,0.1797697466138991,0.10963455149501662,0.48946583356433104
0.4,1143,199,3,OO_fraction,42,0.9380559080337515,5.150994397016269e-20,0.31179471813603893,0.04442068370079341,0.26867253989289475,0.08535198942226095
0.5,1429,0,3,DCApost,42,0.9541656048443052,1.4474978867806006e-22,0.33394565710403895,0.030666290438302938,0.3324690057531805,0.03145773689623304
0.5,1429,0,3,OO_fraction,42,0.8849816863165904,7.411825969939469e-15,0.4674307346572614,0.001801818202580526,0.3419260981251477,0.026668365945313827
0.5,1429,1,2,DCApost,42,0.949380340993147,1.009128684863847e-21,0.20596519507179856,0.1906676294797049,0.15614617940199335,0.32340834288418685
0.5,1429,1,2,OO_fraction,42,0.8933239133450708,1.78010753550309e-15,0.24519041400388839,0.11756921879548812,0.1560434891801137,0.32373062789234874
0.5,1429,2,1,DCApost,42,0.971362027389904,1.3943486457064378e-26,0.2560489450580416,0.10168841247812216,0.2669961915566,0.08739555847351126
0.5,1429,2,1,OO_fraction,42,0.9367896345657672,7.630230146185893e-20,0.39335165272963396,0.009963468870610812,0.2863515660615187,0.06599235802723695
0.5,1429,3,2,DCApost,42,0.9568484738420584,4.440902361051045e-23,0.2926640775902234,0.0599915584844969,0.2447937768414229,0.11818283004073353
0.5,1429,3,2,OO_fraction,42,0.8798570768277862,1.6876242026400456e-14,0.5866436979837913,4.44602007439493e-05,0.46254867612662237,0.002041030345852282
0.5,1429,4,1,DCApost,42,0.9258367234344049,1.6831467416851719e-18,0.2964717429511147,0.0565877734151108,0.2465764524754882,0.1154438461084404
0.5,1429,4,1,OO_fraction,42,0.9532177125190737,2.1607871844358114e-22,0.46153804384567265,0.002093911384327906,0.29900261231062575,0.054412169283239775
0.5,1429,5,2,DCApost,42,0.9173430448276549,1.3593196793577313e-17,0.20904004919971625,0.1839854653290813,0.09602139210760878,0.5452385944687729
0.5,1429,5,2,OO_fraction,42,0.7993091175334929,2.2002949682063173e-10,0.39451711095051306,0.00972620233519577,0.2561836865444173,0.10150223794886076
0.5,1429,6,1,DCApost,42,0.9546834809084661,1.1587687983453317e-22,0.3493194831352267,0.02336053307002687,0.3883801960943198,0.011032068175788824
0.5,1429,6,1,OO_fraction,42,0.8898845118687172,3.2498069667519374e-15,0.6172109069038222,1.3390736778934325e-05,0.46835238478921765,0.001759549668465319
0.5,1429,7,1,DCApost,42,0.9702773021713906,2.90382717436447e-26,0.2754916907955876,0.07741959423860126,0.2520865407989628,0.107281082930688
0.5,1429,7,1,OO_fraction,42,0.8858365560494446,6.436803072073296e-15,0.39858096014681776,0.008936368121222326,0.25664723249507293,0.10086374239147312
0.5,1429,8,1,DCApost,42,0.9684329387535086,9.517862546500358e-26,0.3102371805638782,0.045551066484152566,0.33230694433190183,0.03154561444987686
0.5,1429,8,1,OO_fraction,42,0.9446506357690881,5.76461687746236e-21,0.43122344214802477,0.004356125006943849,0.29277426363070735,0.05989081706997819
0.5,1429,9,1,DCApost,42,0.9716818829872139,1.117086475580945e-26,0.19432167824381005,0.21752410396082528,0.09245604083947818,0.5603304666282427
0.5,1429,9,1,OO_fraction,42,0.9258980230517742,1.6564906064499184e-18,0.39671732376685676,0.009291459181710275,0.24116549653837643,0.12390853383673821
0.5,1429,10,1,DCApost,42,0.9521052042828858,3.422012508067293e-22,0.258613950409597,0.09818893473580417,0.2091402641601167,0.18377052583606449
0.5,1429,10,1,OO_fraction,42,0.8382508050909862,4.320003562890412e-12,0.16807576796938645,0.28733996662666605,0.06970429391872994,0.6609246419906813
0.5,1429,11,1,DCApost,42,0.9726898597101636,5.46121856894354e-27,0.2852569407953647,0.06707971883450546,0.24787294384571754,0.11348220975802685
0.5,1429,11,1,OO_fraction,42,0.8385501873954946,4.1750521458349975e-12,0.6173693709975018,1.3303302508252634e-05,0.47762649837680665,0.0013805819148181614
0.5,1429,12,2,DCApost,42,0.9558405170825858,6.982108163043898e-23,0.34363213421536737,0.02587247136388804,0.3828701077708452,0.012329393125288652
0.5,1429,12,2,OO_fraction,42,0.8959693825239529,1.1047051430618962e-15,0.3598626099097888,0.01924135063346339,0.26786157538974686,0.08633591394580133
0.5,1429,13,1,DCApost,42,0.9695578537582473,4.6542028725052463e-26,0.1646108977248761,0.29753532091405993,0.07203630175836642,0.6502970702319417
0.5,1429,13,1,OO_fraction,42,0.8280764633582677,1.3246364574807526e-11,0.3789232586835049,0.013336632185100289,0.22268160065191578,0.1563488434731815
0.5,1429,14,2,DCApost,42,0.9751595519622274,8.391131346470229e-28,0.3885419232796535,0.010995824041404315,0.397941819949761,0.009056811436846128
0.5,1429,14,2,OO_fraction,42,0.7592374639489146,5.607638264949424e-09,0.5157209682952488,0.00047318800768638195,0.3768644926941232,0.013889224271321755
0.5,1429,15,1,DCApost,42,0.9574245573234117,3.4122450574449717e-23,0.2833179850641263,0.06904057831042792,0.1968235961429382,0.21154378679210661
0.5,1429,15,1,OO_fraction,42,0.8848574488201959,7.564620164482154e-15,0.3390864572871335,0.02803815469472249,0.25389107143858763,0.10470573759819746
0.5,1429,16,1,DCApost,42,0.9393160109473414,3.4551694905686805e-20,0.3837214027871179,0.012120854366535795,0.27963698241633583,0.07288755213261686
0.5,1429,16,1,OO_fraction,42,0.8972158255955686,8.783898888605505e-16,0.4102595025535331,0.006965649749575026,0.21641600917491588,0.1686400688082088
0.5,1429,17,2,DCApost,42,0.9811902778746425,3.405765511241889e-30,0.23096435198027002,0.14112115577885476,0.19909245604083947,0.20622024486129698
0.5,1429,17,2,OO_fraction,42,0.8711364543143059,6.303647711302889e-14,0.34124769308556324,0.026990453992032835,0.2496960888623602,0.11076658818716163
0.5,1429,18,2,DCApost,42,0.9793430375198341,2.180579768753747e-29,0.15205837232853314,0.33639286145902897,0.08970099667774087,0.5721240551902038
0.5,1429,18,2,OO_fraction,42,0.8563616391291426,4.791965992709954e-13,0.15549804241230936,0.32544584105202135,0.11514597563524771,0.4677581284268394
0.5,1429,19,1,DCApost,42,0.9607446049913824,6.936452438469054e-24,0.23690595013846902,0.13089325118764947,0.21967425654322992,0.16216413425425089
0.5,1429,19,1,OO_fraction,42,0.8774942122437767,2.4356654378573745e-14,0.4228413034653015,0.005273908613188345,0.3522018837171271,0.02216732011295726
0.5,1429,20,1,DCApost,42,0.9346777340586793,1.4436030015587155e-19,0.13196596490731868,0.4047997571330903,0.055343975366663974,0.7277554836266957
0.5,1429,20,1,OO_fraction,42,0.7624511878241798,4.428096816052374e-09,0.3639057251839955,0.017832764245403827,0.2309500838213717,0.1411464080049865
0.5,1429,21,2,DCApost,42,0.925664392375715,1.7602764241541414e-18,0.16224813911113345,0.30461942591460456,0.07284660886475974,0.6466201108539369
0.5,1429,21,2,OO_fraction,42,0.6907171234569783,4.137401100188925e-07,0.4693142132541371,0.0017163754243208831,0.351280428840724,0.022543097418405673
0.5,1429,22,5,DCApost,42,0.9396243268747652,3.129482175171953e-20,0.3041093007535083,0.05022672615401753,0.23685276719876835,0.13098227755504546
0.5,1429,22,5,OO_fraction,42,0.6727629289766004,1.0580934623638374e-06,0.6068962217592346,2.0356790452576515e-05,0.45457493100583524,0.0024922564981215583
0.5,1429,23,2,DCApost,42,0.9372453311875315,6.630342147583292e-20,0.2401732926092951,0.1255099725229541,0.18013126975123572,0.25365296983186064
0.5,1429,23,2,OO_fraction,42,0.6759197818267682,9.012737362914258e-07,0.3995288760081748,0.008760271317370498,0.2855174686991545,0.06681964251818501
0.5,1429,24,1,DCApost,42,0.9372840782253815,6.551308132107385e-20,0.044058386718072794,0.7817428177498693,-0.06814682764767847,0.668059391390502
0.5,1429,24,1,OO_fraction,42,0.6919605114871996,3.867336433604229e-07,0.48908932222397006,0.001013298411113815,0.36202986112539354,0.01847510056984341
0.5,1429,25,1,DCApost,42,0.9708292625506872,2.006100913376406e-26,0.22012646344716785,0.16127981799044536,0.1953650433514302,0.21501609926562912
0.5,1429,25,1,OO_fraction,42,0.8511765002179069,9.262156827545755e-13,0.5011911834951034,0.0007224049992965663,0.42783046189691637,0.0047093315788485175
0.5,1429,26,1,DCApost,42,0.948016924725582,1.6955711448583373e-21,0.2584307014043611,0.09843583339105716,0.1371849931123896,0.3863058601370559
0.5,1429,26,1,OO_fraction,42,0.8690650216499469,8.500689132360624e-14,0.41042511333792536,0.006940651459504303,0.2947855968942567,0.05807548456509197
0.5,1429,27,1,DCApost,42,0.9767289630512629,2.3077136406720127e-28,0.2615936827134529,0.09424064537677806,0.1950409205088729,0.21579305839667196
0.5,1429,27,1,OO_fraction,42,0.7982665314623443,2.415348523702578e-10,0.6489991625189498,3.336406415152541e-06,0.5283722872403303,0.00032227235349892454
0.5,1429,28,2,DCApost,42,0.9809987978625561,4.1632239360256874e-30,0.2690191806551748,0.08493408767409727,0.24754882100316022,0.11397023450941629
0.5,1429,28,2,OO_fraction,42,0.9528171404843792,2.553051934443437e-22,0.4158941460972193,0.0061575133384036175,0.290693927898715,0.061815755223244936
0.5,1429,29,1,DCApost,42,0.9642438070150318,1.1070433935334693e-24,0.3372136787729685,0.028973075841240405,0.3274451016935419,0.03427760238722986
0.5,1429,29,1,OO_fraction,42,0.8745962790603958,3.781178827528605e-14,0.572062360750482,7.560372923854393e-05,0.44366111620225707,0.003251090376811272
0.5,1429,30,1,DCApost,42,0.949667741186254,9.029143514949267e-22,0.20938540840605419,0.18324549838797904,0.12454420225265377,0.4319569866937226
0.5,1429,30,1,OO_fraction,42,0.9083948203495228,9.761609950386966e-17,0.4987853959464357,0.0007734395711721336,0.3603275263552114,0.019074763523637513
0.5,1429,31,1,DCApost,42,0.919000685377264,9.207164351780146e-18,0.2070319680834873,0.18833016806318023,0.132647273316587,0.4023570246209389
0.5,1429,31,1,OO_fraction,42,0.7904221970251837,4.79003666752008e-10,0.4057789741002784,0.007672122158264177,0.2792150784338173,0.07333904529648251
0.5,1429,32,1,DCApost,42,0.9479922030376257,1.7113794078066104e-21,0.1319855373523196,0.4047294641903714,0.03719309618345353,0.815104987391313
0.5,1429,32,1,OO_fraction,42,0.9258778546857633,1.6652164079499692e-18,0.3388099530288669,0.028174595444807615,0.18476454821909855,0.2414406088094456
0.5,1429,33,1,DCApost,42,0.9623453508818139,3.061432011721361e-24,0.26048448182832845,0.09569582968009244,0.2422007941009643,0.12225394320981654
0.5,1429,33,1,OO_fraction,42,0.8087550678843703,9.214221691035788e-11,0.5838758900125716,4.9270690516772695e-05,0.42599570554799365,0.004910517014922251
0.5,1429,34,1,DCApost,42,0.9470576614141715,2.422576296757116e-21,0.04106340715578897,0.7962533501065732,-0.06247467790292521,0.694284209305472
0.5,1429,34,1,OO_fraction,42,0.7677099123703625,2.9846381999618322e-09,0.07992472908713628,0.6148616511626389,0.008839513084311962,0.9556932942078004
0.5,1429,35,2,DCApost,42,0.9462458312637688,3.259782270813959e-21,0.4036363692028985,0.008031233809950175,0.3874078275666478,0.011252141133366624
0.5,1429,35,2,OO_fraction,42,0.7981415999974176,2.442400937918483e-10,0.6740600878102803,9.908300004398018e-07,0.5602561059089568,0.00011413187163613315
0.5,1429,36,1,DCApost,42,0.9595497153871191,1.2496833449217096e-23,0.32066247241175777,0.03841098478527429,0.3444615509278017,0.025492729705201823
0.5,1429,36,1,OO_fraction,42,0.9498703465576899,8.345011486729143e-22,0.4999904808112326,0.0007474870632251088,0.4225626129160307,0.005307109137649486
0.5,1429,37,1,DCApost,42,0.9431595529644622,9.675083786277128e-21,0.2693169478425415,0.08457637909895871,0.3010290900251195,0.05271897813573352
0.5,1429,37,1,OO_fraction,42,0.9704529528913296,2.5833757566532194e-26,0.42730465988861693,0.004766240076932538,0.32316935450443274,0.03683821401428911
0.5,1429,38,2,DCApost,42,0.9778826506061615,8.435472900767355e-29,0.22131977877932654,0.15896305101600028,0.1939064905599222,0.21852772291720407
0.5,1429,38,2,OO_fraction,42,0.776252509771366,1.537685009025102e-09,0.4285564836987539,0.004631725506976459,0.33292804291132805,0.031209920265485067
0.5,1429,39,1,DCApost,42,0.9176954292965075,1.2521353621251033e-17,0.2738668506876765,0.07925511658977519,0.19730978040677416,0.21039506308319963
0.5,1429,39,1,OO_fraction,42,0.6493958411904268,3.2757228433619107e-06,0.601535971884666,2.516244677604309e-05,0.4430123580497707,0.003301974927848908
0.5,1429,40,2,DCApost,42,0.9728604025509487,4.8256688662729734e-27,0.3717839646858715,0.01533665422046678,0.3339275585446885,0.03067589028664952
0.5,1429,40,2,OO_fraction,42,0.8334428737151652,7.404468704050517e-12,0.6118380859087104,1.6686150281031132e-05,0.4805447865542617,0.0012773315929927478
0.5,1429,41,1,DCApost,42,0.9909537467013324,1.6313662055294245e-36,0.2505056756807101,0.10957663388394276,0.18726197228749697,0.23502585191597478
0.5,1429,41,1,OO_fraction,42,0.8518960788883847,8.465347850806115e-13,0.5837997532266783,4.9409475884968e-05,0.4720624372823846,0.0015981311684966691
0.5,1429,42,1,DCApost,42,0.9730577981962111,4.177692805630203e-27,0.23941578433941169,0.1267430127889555,0.21772951948788596,0.16600730794975155
0.5,1429,42,1,OO_fraction,42,0.8303767052545219,1.0348968283751673e-11,0.5997662224164694,2.6963668386775606e-05,0.4490921250861353,0.002851367935264677
0.5,1429,43,1,DCApost,42,0.9451123490414466,4.8963401515789576e-21,0.15561245735721457,0.32508558117248365,0.12486832509521109,0.4307501976438427
0.5,1429,43,1,OO_fraction,42,0.9398189458861549,2.9391036230016625e-20,0.4402684276471292,0.003524986053635378,0.3654809543771358,0.017308005388798234
0.5,1429,44,1,DCApost,42,0.9693039745374639,5.48240601929283e-26,0.2654469257542833,0.08931777989388279,0.22761526618588446,0.14714054836272036
0.5,1429,44,1,OO_fraction,42,0.8911822187124953,2.5956910403407362e-15,0.22776804746789375,0.14686190625027884,0.1520558443402287,0.33640098981440225
0.5,1429,45,1,DCApost,42,0.9698381425303738,3.878094644922808e-26,0.297017494053306,0.05611283857578825,0.2780163682035492,0.07463383706665191
0.5,1429,45,1,OO_fraction,42,0.9655091962000495,5.448269626091363e-25,0.34723117958324395,0.02425811767198948,0.3090585721496595,0.04642184452658608
0.5,1429,46,2,DCApost,42,0.9738484138040635,2.319424287158147e-27,0.2801177075902325,0.07237578203315921,0.22210517786240988,0.15745151242782068
0.5,1429,46,2,OO_fraction,42,0.8430457948525473,2.4797637973035347e-12,0.5253117596410201,0.0003541416022348644,0.3870785013152158,0.01132752132298587
0.5,1429,47,2,DCApost,42,0.9748064256572848,1.1092366251760802e-27,0.2877562836311667,0.06461748242300008,0.23263917024552308,0.13818016105329517
0.5,1429,47,2,OO_fraction,42,0.9484507410084989,1.439696629355628e-21,0.345552826888299,0.02500017347112299,0.2906644712652976,0.061843360889622424
0.5,1429,48,2,DCApost,42,0.9565848877754248,5.0039159973007913e-23,0.32226570816539063,0.0373989499922671,0.2948707560165303,0.05799960550485684
0.5,1429,48,2,OO_fraction,42,0.9185378873449759,1.0273633460220731e-17,0.39152390444839347,0.010345546917472272,0.3071370808875353,0.047870335050616025
0.5,1429,49,1,DCApost,42,0.922502756124264,3.930973440281946e-18,0.17363219940330385,0.2714693013127086,0.03929989466007617,0.8048296314408669
0.5,1429,49,1,OO_fraction,42,0.9064685072028561,1.4533698287353504e-16,0.23539298329334013,0.133443575174569,0.16527290357180904,0.29556962630734446
0.5,1429,50,2,DCApost,42,0.9663108644717223,3.4291730057369676e-25,0.28516976767772245,0.06716691956474886,0.2520865407989628,0.107281082930688
0.5,1429,50,2,OO_fraction,42,0.9158930029020681,1.898687849701699e-17,0.4072240239465896,0.007437814731548931,0.32965707052961585,0.033011464175669206
0.5,1429,51,1,DCApost,42,0.9645755415073325,9.215705779550545e-25,0.3014123839691299,0.05240353800475042,0.24009399562434164,0.12563862586997995
0.5,1429,51,1,OO_fraction,42,0.8830577162321995,1.0139953754958386e-14,0.4913519365701766,0.0009520720567415702,0.38132298852079066,0.012716214792707367
0.5,1429,52,2,DCApost,42,0.9418920931270943,1.4862622498109688e-20,0.20456546726785532,0.1937657053580729,0.17154201442346648,0.2773702470462537
0.5,1429,52,2,OO_fraction,42,0.7213062715707399,7.090894987835709e-08,0.40684723624718705,0.007498306127772046,0.27987207185762464,0.07263692607041089
0.5,1429,53,1,DCApost,42,0.9714670561348887,1.2968082870401875e-26,0.23991042099837712,0.1259368409980352,0.2058990357345434,0.19081326808464305
0.5,1429,53,1,OO_fraction,42,0.8101691784887706,8.055194141975474e-11,0.4359832644810586,0.003899634851587362,0.3206874452781139,0.03839505088230085
0.5,1429,54,1,DCApost,42,0.9616692322916887,4.343095022911873e-24,0.3050646599010415,0.049473325816697056,0.3130216351997407,0.04354636953636937
0.5,1429,54,1,OO_fraction,42,0.9501312454120936,7.536199917729634e-22,0.36848365665258326,0.016343738256024126,0.26169539917101753,0.0941080602534761
0.5,1429,55,1,DCApost,42,0.953801859276096,1.6897322289101134e-22,0.25589988865503444,0.10189467068720087,0.2961672473867596,0.05685415303993093
0.5,1429,55,1,OO_fraction,42,0.5939939503134767,3.368879659190035e-05,0.4292181037392795,0.004561975634806493,0.2770973145441498,0.07563866687344845
0.5,1429,56,1,DCApost,42,0.9797768606651983,1.4319733397197662e-29,0.2863010901915787,0.06604218972301076,0.2206466250709019,0.16026695087909726
0.5,1429,56,1,OO_fraction,42,0.9133934478606892,3.331251062897269e-17,0.4833803416164522,0.0011836326895648516,0.39072636153703466,0.010516156550210988
0.5,1429,57,1,DCApost,42,0.9269350319755034,1.2618074939832245e-18,0.20758560050342195,0.18712512278776644,0.17186613726602384,0.27644973075461715
0.5,1429,57,1,OO_fraction,42,0.6181891733433683,1.2859267154126614e-05,0.5028078401653111,0.0006898219162610594,0.33436066464787356,0.030446841711003054
0.5,1429,58,1,DCApost,42,0.9710575577237217,1.7179765118358313e-26,0.27371930195547606,0.07942346833616248,0.23798719714771902,0.12909305494579837
0.5,1429,58,1,OO_fraction,42,0.8698547498833902,7.589369982019315e-14,0.43885796603348104,0.003644665743869819,0.2940801886159806,0.05870707700130948
0.5,1429,59,1,DCApost,42,0.9620541839842391,3.561773437658641e-24,0.35371533700251356,0.021561494921219577,0.28449882505469576,0.06784108164032573
0.5,1429,59,1,OO_fraction,42,0.7827459349895219,9.10760453881376e-10,0.6383033874957972,5.419741545753525e-06,0.45403700227571187,0.002525635832147645
0.5,1429,60,2,DCApost,42,0.9617071597513117,4.259437575969575e-24,0.2443458499045201,0.11887868981777344,0.10347621748642737,0.5143245561475968
0.5,1429,60,2,OO_fraction,42,0.8857193003463242,6.562976161280519e-15,0.34410091120578234,0.025657271865987083,0.2144941810429447,0.17254623143695577
0.5,1429,61,1,DCApost,42,0.9809094954626388,4.568802266858e-30,0.22877271055850587,0.1450392658866431,0.1798071469086784,0.25452249370601016
0.5,1429,61,1,OO_fraction,42,0.855993531728448,5.025710058125907e-13,0.5186530240256698,0.0004334624899841276,0.41431585763812945,0.006375244563339106
0.5,1429,62,1,DCApost,42,0.9432093029478629,9.511515126667865e-21,0.29971432873516823,0.053812604301282735,0.24122842557329227,0.1238074846991267
0.5,1429,62,1,OO_fraction,42,0.7449212144035708,1.5386531528354698e-08,0.3672362228768956,0.016738671025607332,0.25910315875574974,0.097532135235135
0.5,1429,63,1,DCApost,42,0.9644454294756964,9.90497243833109e-25,0.3113105804516334,0.04476958145913469,0.3587229560003241,0.019654886654162543
0.5,1429,63,1,OO_fraction,42,0.9307669073731687,4.4529187988076145e-19,0.4772408004923637,0.0013947673820629992,0.3293710465845458,0.03317298487927745
0.5,1429,64,1,DCApost,42,0.9266588101267321,1.3572047188235951e-18,0.24511479992411253,0.11768601043844595,0.16392512762336925,0.2995804200634634
0.5,1429,64,1,OO_fraction,42,0.749715531880215,1.1055972801971302e-08,0.645011102526059,4.006738254244783e-06,0.474981909493717,0.0014804708979305622
0.5,1429,65,1,DCApost,42,0.9649696815634204,7.394688742124591e-25,0.20648955015903778,0.18951613392041256,0.16117008346163197,0.30788716850694114
0.5,1429,65,1,OO_fraction,42,0.9081908367926116,1.0186030847527038e-16,0.28444724048965003,0.0678931345154072,0.23688273136949764,0.13093211303566776
0.5,1429,66,1,DCApost,42,0.9551280064711353,9.553369541100053e-23,0.2556101346781147,0.1022965368480912,0.24819706668827488,0.11299576988643972
0.5,1429,66,1,OO_fraction,42,0.8298555009398343,1.0947790108039253e-11,0.4667169316972589,0.0018351684989191676,0.3603275263552114,0.019074763523637513
0.5,1429,67,2,DCApost,42,0.962090407357701,3.495550263443047e-24,0.23440051547530505,0.1351364951090605,0.1835345595980877,0.24464305975919637
0.5,1429,67,2,OO_fraction,42,0.6865611643667952,5.172195892464339e-07,0.4766710787002806,0.0014159574367595246,0.37840470034333556,0.013474026560993502
0.5,1429,68,1,DCApost,42,0.9365413030942965,8.233601443316416e-20,0.3080791290728652,0.047155685730196774,0.20184750020257677,0.19988267395783635
0.5,1429,68,1,OO_fraction,42,0.963986239166541,1.2749108125315162e-24,0.46631709768376683,0.0018540868334269035,0.3817101264187493,0.012618463711041574
0.5,1429,69,1,DCApost,42,0.9665839882481375,2.9212870275052075e-25,0.2351583291346661,0.13384240852447532,0.14561218701888015,0.357513623401451
0.5,1429,69,1,OO_fraction,42,0.7781180527926471,1.32524216006052e-09,0.41832056185204614,0.005835340660423148,0.33341442427423723,0.030949101689897188
0.5,1429,70,1,DCApost,42,0.9812476735464792,3.205514323562796e-30,0.2876958178184412,0.06467619162858343,0.24690057531804552,0.11495104988303047
0.5,1429,70,1,OO_fraction,42,0.9571869487035094,3.8056444662638123e-23,0.40683900928313527,0.007499631644452722,0.3129053434715672,0.04362863578952585
0.5,1429,71,1,DCApost,42,0.9698063579841825,3.959498054694372e-26,0.317568729630771,0.04042717426625654,0.320638521999838,0.03842627139044089
0.5,1429,71,1,OO_fraction,42,0.931624372925992,3.49844353108282e-19,0.48005462280229205,0.0012941796180752788,0.35119928298051595,0.022576442972976233
0.5,1429,72,1,DCApost,42,0.9504894373138465,6.546049436284596e-22,0.14163781797180122,0.37092663516014673,0.07819463576695569,0.6225633409042184
0.5,1429,72,1,OO_fraction,42,0.8931037450949102,1.8511655225228897e-15,0.2724228609897309,0.08091474596794777,0.1808088199454481,0.2518417389781396
0.5,1429,73,1,DCApost,42,0.9558269383181928,7.024292154355968e-23,0.26682425110127145,0.0876072927608311,0.2091402641601167,0.18377052583606449
0.5,1429,73,1,OO_fraction,42,0.939992363786654,2.778753888801698e-20,0.39449752364895735,0.009730149587121572,0.3023670806085351,0.05162444462515161
0.5,1429,74,2,DCApost,42,0.9429951582320494,1.0234738761857765e-20,0.09397853737480312,0.5538620804740872,0.019366339842800423,0.9031113709599252
0.5,1429,74,2,OO_fraction,42,0.8836901950471967,9.152831595973186e-15,0.3458918859439672,0.024848759791699662,0.2749980630174483,0.07797366941224039
0.5,1429,75,1,DCApost,42,0.9791043352446624,2.737913257967299e-29,0.27174454603351134,0.08170366699255077,0.2417146098371283,0.12302887193321385
0.5,1429,75,1,OO_fraction,42,0.9063295706508242,1.4951983990164955e-16,0.3366879362020282,0.02924012567198018,0.27756163110016735,0.0751296962240365
0.5,1429,76,1,DCApost,42,0.9265662493152149,1.390670570368182e-18,0.1800477248351266,0.25387690511596717,0.07414310023498906,0.640754233940181
0.5,1429,76,1,OO_fraction,42,0.8621246884910824,2.233708038482576e-13,0.3901938734944523,0.010631400922158002,0.24466799059971733,0.1183779293781241
0.5,1429,77,1,DCApost,42,0.9583124056412773,2.2570981353619538e-23,0.2932063221104674,0.05949709383324546,0.2880641763228263,0.0643191901587175
0.5,1429,77,1,OO_fraction,42,0.9368339743142055,7.527002452020492e-20,0.34619100393262137,0.024715817457544996,0.2496959705192342,0.1107667628458096
0.5,1429,78,2,DCApost,42,0.9769829554877429,1.8572357200702423e-28,0.2209184830899278,0.15973942855415335,0.11595494692488455,0.4646156508173497
0.5,1429,78,2,OO_fraction,42,0.8506329465053174,9.91031095488562e-13,0.18148419860227508,0.25004496711500657,0.08074013090702711,0.6112458482707912
0.5,1429,79,1,DCApost,42,0.983848429083342,1.6572624148441296e-31,0.19775592612595785,0.2093447662461878,0.11287577992058992,0.47663696406755374
0.5,1429,79,1,OO_fraction,42,0.9138916780591094,2.982172177432517e-17,0.33352548154823947,0.03088980104702306,0.2727312361593147,0.08055805988278457
0.5,1429,80,1,DCApost,42,0.9512609069482538,4.815836243088993e-22,0.09729754462491852,0.5398843236530961,0.04043432460902683,0.7993100335480581
0.5,1429,80,1,OO_fraction,42,0.6242798093544051,9.962421885982796e-06,0.0071541694430499484,0.9641347007225836,-0.03625011329071052,0.819714177714867
0.5,1429,81,2,DCApost,42,0.9805533095380784,6.591075324076028e-30,0.34516256312029175,0.025175403909464232,0.3274451016935419,0.03427760238722986
0.5,1429,81,2,OO_fraction,42,0.9432454533255934,9.394306369776648e-21,0.3250538428758595,0.03569098439786894,0.21887931939961455,0.16372720170623545
0.5,1429,82,2,DCApost,42,0.9714009127974829,1.3574512629499152e-26,0.24908038478345654,0.11167811870531014,0.2344218458795884,0.13509994335367836
0.5,1429,82,2,OO_fraction,42,0.9175754832490697,1.2876882194644477e-17,0.2022695076271436,0.19892412870556478,0.12256810345311128,0.43935511991508935
0.5,1429,83,2,DCApost,42,0.9619823057340777,3.696718846859378e-24,0.2394805747163135,0.12663719638272358,0.23490803014342435,0.13426880970633603
0.5,1429,83,2,OO_fraction,42,0.895465771528695,1.2109210238486131e-15,0.34724189546761935,0.02425343947907181,0.2553502155273152,0.1026580555296971
0.5,1429,84,2,DCApost,42,0.9479179137170606,1.7597282421638534e-21,0.32755004337975796,0.03421664472377761,0.33101045296167253,0.03225594989234718
0.5,1429,84,2,OO_fraction,42,0.9675662693944509,1.6230750218974224e-25,0.30502048207181154,0.049507962404926165,0.2034709938398047,0.19621279117541815
0.5,1429,85,2,DCApost,42,0.9497484628730978,8.750437632114598e-22,0.09937703897010634,0.5312141317754486,0.025686735272668345,0.8717218291221416
0.5,1429,85,2,OO_fraction,42,0.563224344160198,0.00010305644291317795,0.3932274362533942,0.009989047046176178,0.194957862966093,0.21599246936482894
0.5,1429,86,2,DCApost,42,0.9598943355423706,1.0564820739099157e-23,0.2842514612427686,0.06809097869429748,0.2815817194716798,0.07083463964731798
0.5,1429,86,2,OO_fraction,42,0.9359973731386856,9.716763419102753e-20,0.4693630004806099,0.001714210661011521,0.3730545053513347,0.014963212581718476
0.5,1429,87,1,DCApost,42,0.9570605522692047,4.0320612418616106e-23,0.18054816471886104,0.2525374943857556,0.11174134997163926,0.48110680539417616
0.5,1429,87,1,OO_fraction,42,0.491298214756712,0.0009534867003143196,0.37405340554463923,0.01467504809016667,0.20330740969603378,0.19658040420878525
0.5,1429,88,1,DCApost,42,0.9661609593957748,3.742438275915243e-25,0.1525923218106949,0.3346787539051192,0.07462928449882505,0.6385600583499337
0.5,1429,88,1,OO_fraction,42,0.9121860094371094,4.3443628486630655e-17,0.2464430358285913,0.11564715626903577,0.14421207410256942,0.36220493079375493
0.5,1429,89,1,DCApost,42,0.9679054151699783,1.3194357771719042e-25,0.2597145124135101,0.09671609995151526,0.19617535045782356,0.21308219164567446
0.5,1429,89,1,OO_fraction,42,0.9026201834819231,3.138989639536835e-16,0.39034084452183454,0.010599485140938194,0.27245462678962107,0.0808779467732485
0.5,1429,90,1,DCApost,42,0.9329574295171553,2.389275873253721e-19,0.1535418838656006,0.3316438330916252,0.04059638603030549,0.7985222996179356
0.5,1429,90,1,OO_fraction,42,0.8706730457627829,6.742749712222095e-14,0.2915918588269753,0.06097894404150814,0.2250426496235385,0.15189104232354925
0.5,1429,91,2,DCApost,42,0.9776875830002922,1.0037045308274752e-28,0.27042178409379497,0.0832593714654605,0.19714771898549552,0.21077748754271192
0.5,1429,91,2,OO_fraction,42,0.7366541292321076,2.6754389210501307e-08,0.5530695629252417,0.00014555150772097643,0.40702308412992416,0.007470022035317802
0.5,1429,92,1,DCApost,42,0.9474139656746036,2.1235279945394576e-21,0.12586582018762313,0.4270481075245889,0.05826108094967994,0.713998097682565
0.5,1429,92,1,OO_fraction,42,0.8787092714036426,2.0187939735681882e-14,0.1391259359171076,0.3795567295713429,0.0583438734896005,0.7136089174493886
0.5,1429,93,1,DCApost,42,0.9716041213006713,1.1792232797672362e-26,0.26716496092740655,0.08718811560893337,0.22323960781136054,0.15528677976857674
0.5,1429,93,1,OO_fraction,42,0.8007797912518594,1.9273031125359718e-10,0.40675681842759814,0.007512885213806875,0.2904507372172604,0.06204395856723577
0.5,1429,94,1,DCApost,42,0.9633074140352523,1.8406210696893852e-24,0.1289544464561209,0.4156988215636881,0.05145450125597602,0.7462300676311837
0.5,1429,94,1,OO_fraction,42,0.9404601835486491,2.3864877628729445e-20,0.3880159981328421,0.011114061252642827,0.28375647965144546,0.06859321496682674
0.5,1429,95,4,DCApost,42,0.9692371627054652,5.722552402524208e-26,0.2356607083182237,0.13298961358757078,0.17008346163195853,0.28153739985521686
0.5,1429,95,4,OO_fraction,42,0.9731909468894314,3.788209496876348e-27,0.41125925314368394,0.006815915978414503,0.29900261231062575,0.054412169283239775
0.5,1429,96,1,DCApost,42,0.9610831797778174,5.851293144902766e-24,0.20433483791065926,0.1942795584059886,0.13896766874645491,0.38010443616773903
0.5,1429,96,1,OO_fraction,42,0.9241858726128145,2.574130215017419e-18,0.3965634090521708,0.009321319349112019,0.27061885470044966,0.08302614416847093
0.5,1429,97,1,DCApost,42,0.9561065946677395,6.202394988349726e-23,0.27993451918235124,0.0725704658961429,0.18807227939389026,0.23296971363083496
0.5,1429,97,1,OO_fraction,42,0.923949552121558,2.7333885992418595e-18,0.4505956216356063,0.002748634710539477,0.3454379269057431,0.02505165834365233
0.5,1429,98,1,DCApost,42,0.9750387483885548,9.235896372700992e-28,0.29650789291443663,0.05655621506273099,0.2571104448586014,0.10022878555903568
0.5,1429,98,1,OO_fraction,42,0.941144194249348,1.9061531718755536e-20,0.4843152814098303,0.0011541054373697924,0.37743193761751725,0.013735010365148332
0.5,1429,99,2,DCApost,42,0.9293636836435869,6.56501678316823e-19,0.31989007022180405,0.03890649048255301,0.23652864435621104,0.1315258244578895
0.5,1429,99,2,OO_fraction,42,0.9466700280875053,2.793065966791454e-21,0.510925832845494,0.000545229698300295,0.3573920565372735,0.020147242013117576
0.5,1429,100,1,DCApost,42,0.9560591176169463,6.335180896682073e-23,0.2965231525692746,0.05654289785221375,0.20946438700267403,0.1830765771974892
0.5,1429,100,1,OO_fraction,42,0.8924206975893049,2.08904787746522e-15,0.43818962344599727,0.003702605642239316,0.29685475849556453,0.05625412243315392
0.5,1429,101,1,DCApost,42,0.9709527066192131,1.8450562523894366e-26,0.28181688127644694,0.070589519410411,0.18904464792156228,0.2305185912006889
0.5,1429,101,1,OO_fraction,42,0.9208211085127185,5.944442425268871e-18,0.27361782672437385,0.07953941285158163,0.14505328906888595,0.3593818716775641
0.5,1429,102,1,DCApost,42,0.9620428910805865,3.582661066666887e-24,0.3030180173034628,0.051098604089100816,0.28774005348026904,0.06463323691312495
0.5,1429,102,1,OO_fraction,42,0.9354163670302673,1.1578791034288087e-19,0.405958799065214,0.007642622203898496,0.28470703024130845,0.06763130705686114
0.5,1429,103,1,DCApost,42,0.9681361049772381,1.1445905132964853e-25,0.18143948404907037,0.25016365840709986,0.0749534073413824,0.6370989625982435
0.5,1429,103,1,OO_fraction,42,0.7672768702075249,3.084378567834774e-09,0.37856992135031825,0.01343012054278659,0.2754680318218638,0.07744607980004732
0.5,1429,104,1,DCApost,42,0.9112508808992964,5.322364106829639e-17,0.37259773801046775,0.01509657033439305,0.3402479539745564,0.027470983836975164
0.5,1429,104,1,OO_fraction,42,0.6359576864437171,6.013377021476624e-06,0.6555803518628457,2.4519842695643615e-06,0.4618442845427213,0.002077761288905039
0.5,1429,105,1,DCApost,42,0.9603491375879672,8.445409979296067e-24,0.1246512614154417,0.43155817086792847,0.05096831699214002,0.748549531541308
0.5,1429,105,1,OO_fraction,42,0.8982522743703988,7.243154552390133e-16,0.20457679170993134,0.1937404987149784,0.12823877874195896,0.4183132034283442
0.5,1429,106,1,DCApost,42,0.9536133835827887,1.8298912719491006e-22,0.40886886663932004,0.007178646453915688,0.3895146260432705,0.010779974029734405
0.5,1429,106,1,OO_fraction,42,0.8657638612378801,1.3549609473218774e-13,0.5720185020219921,7.572170007730495e-05,0.4477672479599286,0.00294467434938577
0.5,1429,107,1,DCApost,42,0.9681076186517789,1.1649258308292563e-25,0.21689298092788006,0.1676805785293538,0.10817599870350864,0.49529659714544905
0.5,1429,107,1,OO_fraction,42,0.9045995464681076,2.121064975083618e-16,0.22752360644535857,0.14730790365277718,0.1344033832839011,0.3961000862578874
0.5,1429,108,1,DCApost,42,0.9729352355205403,4.5695375763609616e-27,0.2853728441011384,0.06696391764701337,0.2582448748075521,0.09868669161154424
0.5,1429,108,1,OO_fraction,42,0.7167542994070303,9.352828084771828e-08,0.3875365136284845,0.011222802519155573,0.3317120895040552,0.03186991104625396
0.5,1429,109,3,DCApost,42,0.9356882589905329,1.0668903707761771e-19,0.26364239338449447,0.09159782724882005,0.20638521999837942,0.18974485154037588
0.5,1429,109,3,OO_fraction,42,0.846807051551076,1.5835246769110863e-12,0.5392496991858704,0.00022880887918442974,0.42469199338019176,0.0050579769501481455
0.5,1429,110,1,DCApost,42,0.9648381382946483,7.960679471117153e-25,0.12294385273782478,0.4379430240106079,0.028603840855684307,0.8572966943076666
0.5,1429,110,1,OO_fraction,42,0.85893454598183,3.4223690964738743e-13,0.17169218469942804,0.2769435106414961,0.10635539135613888,0.5026244755499135
0.5,1429,111,1,DCApost,42,0.9309355956755803,4.247564045100992e-19,0.3887204541470181,0.010955932285128703,0.3746049752856333,0.014517956027606433
0.5,1429,111,1,OO_fraction,42,0.9531167895047931,2.253847842571943e-22,0.4377876664458266,0.0037378384313824023,0.34279469548061153,0.02626064650163453
0.5,1429,112,1,DCApost,42,0.9179408018481732,1.182276905729422e-17,0.13695343760754308,0.3871157118748705,0.09164573373308484,0.5637873811358913
0.5,1429,112,1,OO_fraction,42,0.7443079262801181,1.6042620281561697e-08,0.43713112192875603,0.0037960169571725324,0.2964494406931402,0.056607249966954785
0.5,1429,113,2,DCApost,42,0.8497226313996955,1.1092378443320427e-12,0.22792767621384116,0.14657119059752305,0.05890932663479458,0.7109528310391813
0.5,1429,113,2,OO_fraction,42,0.9278197691000756,9.971714124537974e-19,0.3232943361453049,0.036761204642509274,0.23623395976697928,0.1320214619642652
0.5,1429,114,1,DCApost,42,0.8934895220227097,1.728364305644634e-15,0.19063216484347265,0.2265548249110994,0.0772222672392837,0.6269095159758575
0.5,1429,114,1,OO_fraction,42,0.9033790210597494,2.703702566051285e-16,0.4462530969489336,0.0030545816992619402,0.3133041662633484,0.04334702835351109
0.5,1429,115,1,DCApost,42,0.9632447176372909,1.903455371706653e-24,0.2565253198254706,0.1010313677420146,0.2242119763390325,0.15344866068484514
0.5,1429,115,1,OO_fraction,42,0.9274031279427329,1.1144734293103609e-18,0.3571278334553107,0.020246210413891828,0.2404509751833483,0.12506023186017173
0.5,1429,116,1,DCApost,42,0.933767481726447,1.887822378204206e-19,0.4000716267749464,0.008660791837509035,0.395997082894417,0.009431899133465992
0.5,1429,116,1,OO_fraction,42,0.7669999726704637,3.1497791007854324e-09,0.5598031225974357,0.00011591388455810687,0.3822838205659698,0.012474784489191015
0.5,1429,117,1,DCApost,42,0.9478417716001771,1.8106241851708464e-21,0.22325185339203085,0.15526353179097213,0.1739729357426465,0.2705152461431434
0.5,1429,117,1,OO_fraction,42,0.9211928177162909,5.4294250075668146e-18,0.27575831297462694,0.07712160855522943,0.2191958675510667,0.1631034766918574
0.5,1429,118,1,DCApost,42,0.9564290295134099,5.367985186430162e-23,0.3718070143397721,0.015329809772818264,0.35661615752370146,0.020439025747755774
0.5,1429,118,1,OO_fraction,42,0.9226470493371316,3.79227960954343e-18,0.36377236669418167,0.017877799144448956,0.24012658938208917,0.1255857330109722
0.5,1429,119,1,DCApost,42,0.9383229433119337,4.736371332139884e-20,0.34123922798285433,0.026994493298583187,0.2755854468843692,0.07731470669387162
0.5,1429,119,1,OO_fraction,42,0.934548090521418,1.5001832629337122e-19,0.3820546140369326,0.012532020271856261,0.31587067397610175,0.041569965694868295
0.5,1429,120,1,DCApost,42,0.9427502809557813,1.1125541058262393e-20,0.15212865897820232,0.33616691427730383,0.0451341058261081,0.7765485202376003
0.5,1429,120,1,OO_fraction,42,0.7672153996001027,3.0987867344654546e-09,0.2977619380917644,0.05547014610822144,0.18263620177239398,0.24700010469034345
0.5,1429,121,1,DCApost,42,0.9657592519094245,4.721232301834854e-25,0.23593112062781665,0.13253226366367887,0.13669880884855362,0.3880074098206522
0.5,1429,121,1,OO_fraction,42,0.8797103011700493,1.7269133183595022e-14,0.32845507769723636,0.033694624610260064,0.2529398285318258,0.10605735945236093
0.5,1429,122,3,DCApost,42,0.9704348717653781,2.6147442139865105e-26,0.33060478887655304,0.03248089784347403,0.30929422251033145,0.04624667216840775
0.5,1429,122,3,OO_fraction,42,0.966699614801007,2.7285280917298835e-25,0.4516513266919786,0.0026784555831821993,0.3195558839286875,0.03912248758589427
0.5,1429,123,3,DCApost,42,0.9657412769630234,4.770261070912687e-25,0.1880029276554199,0.2331452104801514,0.1088242443886233,0.4927007500889643
0.5,1429,123,3,OO_fraction,42,0.7454391991928891,1.4851983716724425e-08,0.6632100681697726,1.6995586933469633e-06,0.5641880048399845,9.967622237927038e-05
0.5,1429,124,1,DCApost,42,0.927171818506593,1.1851159272684613e-18,0.19337443619624303,0.21981851120102563,0.11498257839721256,0.4683942229623427
0.5,1429,124,1,OO_fraction,42,0.6377134473547195,5.563737715355144e-06,0.2546835968999106,0.10358971630432459,0.13616094007853013,0.38989495366403426
0.5,1429,125,1,DCApost,42,0.9555183011050847,8.050856692989225e-23,0.23146925511761798,0.14022971156578756,0.20622315857710075,0.19010051824513982
0.5,1429,125,1,OO_fraction,42,0.8648961349948748,1.5284859618639423e-13,0.18597921233131154,0.2383060326061199,0.09818649085176161,0.5361696511917899
0.5,1429,126,1,DCApost,42,0.9751518241818917,8.442897892102016e-28,0.31636960395688246,0.04123148974968244,0.3276071631148206,0.03418350294636049
0.5,1429,126,1,OO_fraction,42,0.901031429851584,4.2738781105409643e-16,0.3695216802248207,0.016021132766439874,0.31485534087318057,0.04226575957840278
0.5,1429,127,1,DCApost,42,0.9415491304894422,1.6665791729565804e-20,0.2634108607597347,0.0918935983753714,0.24641439105420956,0.11569084257900082
0.5,1429,127,1,OO_fraction,42,0.9434589148095471,8.729619592869338e-21,0.39021549440160724,0.010626700642343261,0.28586498735962995,0.06647396992405101
0.5,1429,128,1,DCApost,42,0.9681241484509765,1.1530844816108164e-25,0.21860231501214059,0.16427442683208915,0.1637630662020906,0.300065032929542
0.5,1429,128,1,OO_fraction,42,0.9056200184242419,1.7271643980517685e-16,0.39769065765308953,0.009104521945728007,0.2590791393096188,0.09756430412793247
0.5,1429,129,1,DCApost,42,0.9384301139713161,4.579026996382524e-20,0.07089080196867883,0.6555090302694899,-0.038975771817518844,0.8064083922378119
0.5,1429,129,1,OO_fraction,42,0.8152771009220595,4.910075508191704e-11,0.2222355677464406,0.1572015882155014,0.1589656421108143,0.31463833244795003
0.5,1429,130,2,DCApost,42,0.9606582558592592,7.242309536313796e-24,0.3213109024489047,0.037999003011167584,0.30200145855279154,0.05192170666264772
0.5,1429,130,2,OO_fraction,42,0.9486585981933526,1.3304950142062557e-21,0.44429542990183035,0.003202004247313716,0.33123740136933133,0.032130664009761875
0.5,1429,131,1,DCApost,42,0.9699103223329354,3.699091004868911e-26,0.19829472112985985,0.20808123476661117,0.12227534235475246,0.4404570802632325
0.5,1429,131,1,OO_fraction,42,0.7350813501140827,2.965507881249503e-08,0.5473255935584462,0.00017608046277940844,0.4234760399729189,0.005198964775100005
0.5,1429,132,1,DCApost,42,0.9454495622837584,4.342125767759224e-21,0.10877581469858665,0.49289444006296546,0.006077303297949924,0.9695304997212453
0.5,1429,132,1,OO_fraction,42,0.5294326059199433,0.00031184850215084135,0.5722208934816452,7.517870107410542e-05,0.36794750104078844,0.016512507517185755
0.5,1429,133,1,DCApost,42,0.9725317654860874,6.1206395286389496e-27,0.329593009710058,0.033047583608131884,0.2694271128757799,0.08444433501876579
0.5,1429,133,1,OO_fraction,42,0.9136795155265602,3.1263663573885054e-17,0.35191837460614805,0.02228237545502628,0.18384565286362584,0.24383038811672275
0.5,1429,134,3,DCApost,42,0.9666245796101587,2.852192202974547e-25,0.16535539692317694,0.29532526620507776,0.09067336520541286,0.5679486775431455
0.5,1429,134,3,OO_fraction,42,0.9178109291279176,1.2187794164246765e-17,0.42431591282055603,0.005101223530451227,0.34419587781872385,0.025613857821749367
0.5,1429,135,1,DCApost,42,0.9784043720814698,5.258177650528542e-29,0.33443368909125115,0.030408362213204955,0.345271858034195,0.025126227169934394
0.5,1429,135,1,OO_fraction,42,0.9255872761354105,1.7958636536292183e-18,0.3394000678079425,0.027884067254383447,0.29118030926162414,0.06136135316558219
0.5,1429,136,2,DCApost,42,0.971180263320795,1.5798012869681758e-26,0.21709015951519847,0.16728508269179998,0.17996920832995708,0.2540874827788524
0.5,1429,136,2,OO_fraction,42,0.8302281357668174,1.051644753656899e-11,0.46886506887477336,0.0017364184837529324,0.34897862788733075,0.023505115106095813
0.5,1429,137,1,DCApost,42,0.9586463008347875,1.9276950995394326e-23,0.3305632445946017,0.03250400765895612,0.28320233368446646,0.06915895214634107
0.5,1429,137,1,OO_fraction,42,0.8439855173397064,2.2193421152367074e-12,0.5693095583219918,8.334090179004474e-05,0.3866731835127915,0.011420886860943079
0.5,1429,138,1,DCApost,42,0.9625195370564424,2.794781211395899e-24,0.19720229254159796,0.210648653614382,0.15857710072117334,0.3158378800919136
0.5,1429,138,1,OO_fraction,42,0.8965346686137707,9.959811647276795e-16,0.34521880300644003,0.025150089036227806,0.2751656119655567,0.07778525612958312
0.5,1429,139,1,DCApost,42,0.9524472424413932,2.974425471750975e-22,0.3569383718336628,0.0203174267180721,0.3392755854468844,0.027945145395680528
0.5,1429,139,1,OO_fraction,42,0.9356589941033755,1.0763485351399728e-19,0.42044799517252224,0.0055649921092797115,0.31541395862875815,0.041881783368087795
0.5,1429,140,1,DCApost,42,0.9737342116546249,2.5279828558449442e-27,0.19687194084989082,0.21142936629185166,0.1313507819463577,0.4070127166945081
0.5,1429,140,1,OO_fraction,42,0.6123492021753949,1.63433764351367e-05,0.5120269207672976,0.0005278699668543561,0.3595478306099388,0.019354834022946
0.5,1429,141,1,DCApost,42,0.974009488683987,2.0528465831377253e-27,0.2322615453889079,0.13883927264480045,0.20768171136860872,0.18691648554633616
0.5,1429,141,1,OO_fraction,42,0.8174966727452466,3.9409624474311695e-11,0.46348825121656145,0.0019929277675977916,0.3360084582097528,0.02958827934484471
0.5,1429,142,1,DCApost,42,0.9452469484516987,4.667536282949809e-21,0.36784194383384783,0.016545907300291263,0.35191637630662026,0.022283188185627776
0.5,1429,142,1,OO_fraction,42,0.9222595137539794,4.175699275078795e-18,0.5129431921065789,0.0005138033120105879,0.3683442790910182,0.01638747024441884
0.5,1429,143,1,DCApost,42,0.954572408564858,1.2156666391024376e-22,0.33691312359337056,0.029125493895492773,0.3412203225022284,0.02700351626894563
0.5,1429,143,1,OO_fraction,42,0.939132544410148,3.663940786844722e-20,0.47473760110413177,0.0014900139963282826,0.4157815007639213,0.006172836952500007
0.5,1429,144,1,DCApost,42,0.9551871690602309,9.309668500543338e-23,0.12321424393864296,0.4369284278948413,0.04950976420063204,0.7555209922782397
0.5,1429,144,1,OO_fraction,42,0.895014157958876,1.3143070657932556e-15,0.16818880392134408,0.2870112268687762,0.0949639433186175,0.5496943832449583
0.5,1429,145,1,DCApost,42,0.9541485863653908,1.4580557960511623e-22,0.2211632030996183,0.15926564694390694,0.17170407584474517,0.27690973816726566
0.5,1429,145,1,OO_fraction,42,0.804641567130572,1.353906415250063e-10,0.37548545952454576,0.014270141614966736,0.23889431274888817,0.1275970982918305
0.5,1429,146,1,DCApost,42,0.960060316001131,9.738781421956713e-24,0.388818863122819,0.010933996251163196,0.38189773924317316,0.01257132266125873
0.5,1429,146,1,OO_fraction,42,0.9411381222946377,1.9099822334107152e-20,0.45244315087265213,0.0026268564194342724,0.36073284415763573,0.018930522554967938
0.5,1429,147,1,DCApost,42,0.9820633640512056,1.326925911347075e-30,0.35882944094203195,0.01961593391740356,0.3676363341706507,0.016611128918129117
0.5,1429,147,1,OO_fraction,42,0.913320588000561,3.385427070178279e-17,0.4255777619352825,0.004957377065361597,0.2960831400992933,0.05692790859404346
0.5,1429,148,1,DCApost,42,0.9526812710022876,2.700786657059864e-22,0.1780848636213636,0.259176297062137,0.12227534235475246,0.4404570802632325
0.5,1429,148,1,OO_fraction,42,0.6493118542767377,3.288485563009331e-06,0.5705009005624466,7.990824415800848e-05,0.3893440579613002,0.01081756031565814
0.5,1429,149,1,DCApost,42,0.9766009243290585,2.572365754881882e-28,0.23285625331124823,0.13780231270136512,0.22161899359857384,0.15838595709179668
0.5,1429,149,1,OO_fraction,42,0.8490132327546566,1.2104273264025849e-12,0.5516251614901155,0.00015274012788988142,0.44112165260559116,0.0034542699667264726
0.5,1429,150,1,DCApost,42,0.9419394931198087,1.4628459199063735e-20,0.14503334131465778,0.3594486606159388,0.09585933068633012,0.5459203547135116
0.5,1429,150,1,OO_fraction,42,0.8229024173125349,2.278059792473116e-11,0.28665464572799354,0.06569377264242413,0.1900478183648928,0.22800836519072196
0.5,1429,151,1,DCApost,42,0.9819877567138944,1.4423921303672247e-30,0.2771063376944586,0.0756287502320443,0.24819706668827488,0.11299576988643972
0.5,1429,151,1,OO_fraction,42,0.8311149444619801,9.55330323512172e-12,0.5561824368618128,0.00013108956087929915,0.4226436557667019,0.005297435802670721
0.5,1429,152,2,DCApost,42,0.9632077239531703,1.941478968057111e-24,0.32069811149788,0.0383882469625106,0.32404181184668995,0.03630338425481948
0.5,1429,152,2,OO_fraction,42,0.8946757066193738,1.397193372468949e-15,0.3852474085101233,0.01175455390613266,0.2814652764099243,0.0709562619858637
0.5,1429,153,1,DCApost,42,0.9730151515393818,4.310273388296679e-27,0.19912384241672895,0.20614726390918725,0.16538368041487725,0.29524151540014176
0.5,1429,153,1,OO_fraction,42,0.9631845218000651,1.9656934167656776e-24,0.42912292550200587,0.004571952915163425,0.29507136016489754,0.057821174989807024
0.5,1429,154,1,DCApost,42,0.9826530150750417,6.83663771671605e-31,0.2662344377936816,0.0883366377706975,0.21302973827080465,0.17556613753399233
0.5,1429,154,1,OO_fraction,42,0.9146423887169255,2.5208374626343587e-17,0.4074042457990782,0.007409030119106846,0.2772754043309665,0.07544313089671828
0.5,1429,155,2,DCApost,42,0.9408200261825611,2.1210846834534548e-20,0.3532677963091532,0.021739181408861958,0.3661777813791427,0.01708005957760583
0.5,1429,155,2,OO_fraction,42,0.9303615586512036,4.9854711614457e-19,0.29855768263935023,0.05478970217510111,0.20870715245514948,0.18470074228933414
0.5,1429,156,1,DCApost,42,0.9514075740236011,4.540292747517711e-22,0.23485053985184529,0.1343668908139693,0.15128433676363343,0.33888733034086616
0.5,1429,156,1,OO_fraction,42,0.4932426622466135,0.000903459289499914,0.4534736572644655,0.0025610131464090533,0.3129102885743501,0.04362513499258702
0.5,1429,157,3,DCApost,42,0.9869982367569348,2.2263862986983625e-33,0.24394091859889777,0.11951040994952014,0.21675715096021395,0.16795341549529094
0.5,1429,157,3,OO_fraction,42,0.7789024335347616,1.2444011635477342e-09,0.6215653294731621,1.117012936705221e-05,0.48277818933887695,0.001203003311928297
0.5,1429,158,1,DCApost,42,0.9281741181289604,9.066995156175527e-19,0.23778063613988054,0.1294355263200635,0.1968235961429382,0.21154378679210661
0.5,1429,158,1,OO_fraction,42,0.8175033437556901,3.938341515337413e-11,0.5432285490718699,0.00020127297620975507,0.3953451952845946,0.009560576725466926
0.5,1429,159,1,DCApost,42,0.9458773005982031,3.724345770723067e-21,0.13720900924597754,0.38622192210720974,0.13054047483996437,0.40993815063567063
0.5,1429,159,1,OO_fraction,42,0.9328684063349835,2.4514975716112294e-19,0.32826866490402185,0.0338016076524997,0.233375493958402,0.13690164624010231
0.5,1429,160,1,DCApost,42,0.9715426699410398,1.2306319413544832e-26,0.23300556676525608,0.1375428671664773,0.20832995705372337,0.1855135907887878
0.5,1429,160,1,OO_fraction,42,0.9326912116012733,2.579939563504294e-19,0.349396994163826,0.023327758702602806,0.26137385936456375,0.09452767213683026
0.5,1429,161,2,DCApost,42,0.9654057170907109,5.779174677699947e-25,0.3453512693505344,0.02509054660072433,0.3274451016935419,0.03427760238722986
0.5,1429,161,2,OO_fraction,42,0.6762478103602225,8.862764995814011e-07,0.5416970055067923,0.00021149645574265773,0.3646238950609091,0.01759187984698141
0.5,1429,162,1,DCApost,42,0.9696350310945755,4.4269466299618873e-26,0.25174664010038855,0.10777152884741258,0.20573697431326474,0.19117035166243027
0.5,1429,162,1,OO_fraction,42,0.912538521124098,4.0218960276298334e-17,0.4428811371635855,0.003312351464380918,0.34673626066907215,0.024475003688947453
0.5,1429,163,1,DCApost,42,0.9804850143033238,7.065391468420225e-30,0.31964901729721423,0.03906219379932621,0.28093347378656514,0.07151381354577177
0.5,1429,163,1,OO_fraction,42,0.8366528120845874,5.1772105444693854e-12,0.5590588818386935,0.00011889651765299686,0.48747076284219454,0.0010592216148169974
0.5,1429,164,2,DCApost,42,0.9584503914015502,2.1149747077773782e-23,0.11774266302698558,0.4577114584369255,0.04529616724738676,0.7757668047325171
0.5,1429,164,2,OO_fraction,42,0.8386699813475983,4.118343626130648e-12,0.46136196135863955,0.002103247413911476,0.33500943625039187,0.030106382984555785
0.5,1429,165,1,DCApost,42,0.942426089313637,1.2418251753888374e-20,0.2287358280913671,0.14510588125086948,0.22048456364962324,0.16058202220915793
0.5,1429,165,1,OO_fraction,42,0.9167109758249655,1.5736491353811107e-17,0.3419510183013574,0.02665659559031601,0.31392435916854683,0.0429120479813208
0.5,1429,166,1,DCApost,42,0.959928382211361,1.0390145060255085e-23,0.09685588427465187,0.5417345015183346,0.009318531723523217,0.9532948586250913
0.5,1429,166,1,OO_fraction,42,0.9155811289816512,2.0385786755353097e-17,0.2105757915092349,0.18071124212135709,0.1091411819798507,0.4914341575260478
0.5,1429,167,1,DCApost,42,0.9766671788971049,2.4320183529876235e-28,0.27186711242930806,0.08156067240099163,0.1733246900575318,0.2723322223204144
0.5,1429,167,1,OO_fraction,42,0.8684272624394056,9.310946973987765e-14,0.5253757471512994,0.000353447309048304,0.40215632356540015,0.008287666149637716
0.5,1429,168,1,DCApost,42,0.9592285119945516,1.4595321136475707e-23,0.24969349776705643,0.1107704123456067,0.22599465197309784,0.15012019338641175
0.5,1429,168,1,OO_fraction,42,0.9193783002411553,8.415471838826688e-18,0.3918424879991451,0.010278060940285267,0.2951274935767413,0.05777132489745882
0.5,1429,169,1,DCApost,42,0.9275483252201544,1.0721860161131608e-18,0.18487610976715926,0.24115155316642262,0.08840450530751154,0.577712945108673
0.5,1429,169,1,OO_fraction,42,0.8345756719951694,6.531767049317559e-12,0.4500415536664536,0.002786109226137758,0.3232839008347792,0.036767629470434465
0.5,1429,170,1,DCApost,42,0.9656985585357941,4.888725206467935e-25,0.34843815057720406,0.02373590229312699,0.3219350133700673,0.03760589279592997
0.5,1429,170,1,OO_fraction,42,0.9380548126377317,5.1527639168665215e-20,0.30865910004444325,0.04672002185081771,0.2196902839027624,0.16213273180636636
0.5,1429,171,1,DCApost,42,0.9014373336033963,3.9518009832872927e-16,0.3135774097823191,0.04315494599057107,0.2963293088080383,0.05671225340192214
0.5,1429,171,1,OO_fraction,42,0.9043524714963049,2.228462238588325e-16,0.4534516041016233,0.0025624068736919076,0.34565502190745134,0.024954455552059805
0.5,1429,172,1,DCApost,42,0.9084408644168172,9.668148280850524e-17,0.4021956434459734,0.008280763593297318,0.3794668179239932,0.013193893884419154
0.5,1429,172,1,OO_fraction,42,0.7712300049602627,2.2787699784646125e-09,0.6510771371159582,3.0296415407095113e-06,0.5546186237028395,0.00013818354084309603
0.5,1429,173,1,DCApost,42,0.9412964220473646,1.8124985216803638e-20,0.17804099289079436,0.2592955763334511,0.1422088971720282,0.3689810511950452
0.5,1429,173,1,OO_fraction,42,0.911402367387485,5.1509363595546626e-17,0.30648329456721873,0.04837143192248605,0.24871206153772676,0.11222612421848005
0.5,1429,174,2,DCApost,42,0.9566549338936943,4.848033723714697e-23,0.3866970704249345,0.011415366318653156,0.35402317478324286,0.02143998164170721
0.5,1429,174,2,OO_fraction,42,0.8021878861340778,1.695974615848011e-10,0.592487895837741,3.567899666150777e-05,0.4847232416377073,0.001141427674435639
0.5,1429,175,1,DCApost,42,0.9487227714051722,1.2983981690314079e-21,0.3157583936910046,0.04164644809028774,0.2883882991653837,0.06400635611836035
0.5,1429,175,1,OO_fraction,42,0.9367748554601104,7.664934334114598e-20,0.43258327436157723,0.004221186677803925,0.383738772923951,0.01211663075589188
0.5,1429,176,1,DCApost,42,0.9707757951835981,2.0799157273610965e-26,0.22529682735133813,0.1514167485689214,0.18774815655133298,0.2337906911775714
0.5,1429,176,1,OO_fraction,42,0.9414040049359508,1.748957402699184e-20,0.41944589710812064,0.0056909509698506704,0.28051262163885393,0.0719574853643227
0.5,1429,177,1,DCApost,42,0.9788720004600224,3.4083301923033276e-29,0.13733677278980863,0.3857755598641348,0.05161656267725468,0.74545740311371
0.5,1429,177,1,OO_fraction,42,0.8103604525081022,7.909370931807666e-11,0.5312902760818099,0.0002943151365662562,0.4126998356519594,0.006605052671638003
0.5,1429,178,1,DCApost,42,0.9521861388311258,3.3106748050763947e-22,0.35442112844271423,0.021283747082596487,0.3071874240337088,0.047831924007489895
0.5,1429,178,1,OO_fraction,42,0.9486494259149192,1.3351435606578839e-21,0.402577402717278,0.00821400296141161,0.27759998777179873,0.07508777129476478
0.5,1429,179,1,DCApost,42,0.9729409560430298,4.55049803947399e-27,0.2393533812732865,0.12684499278445532,0.1762417956405478,0.26421889857035663
0.5,1429,179,1,OO_fraction,42,0.9019502873526496,3.5775246129937317e-16,0.3779977159555917,0.013582699626404219,0.3175237509941679,0.04045711104920241
0.5,1429,180,1,DCApost,42,0.965979740703821,4.157410815189247e-25,0.24198256283777367,0.12260132674812181,0.2682926829268293,0.08581176993339154
0.5,1429,180,1,OO_fraction,42,0.9626513744055224,2.607764716676895e-24,0.3469430668413207,0.02438418024685949,0.21725034209943006,0.16696428911096955
0.5,1429,181,1,DCApost,42,0.9810917919274591,3.77732418535714e-30,0.1990160507397176,0.2063979811991868,0.13199902763147234,0.40468101897021924
0.5,1429,181,1,OO_fraction,42,0.8787510649506112,2.0057294861926467e-14,0.25869543060929423,0.09807930615220561,0.23834995045251584,0.12849326105169326
0.5,1429,182,1,DCApost,42,0.9407324595517067,2.1829666835583288e-20,0.3093954799934423,0.0461715663087126,0.22323960781136054,0.15528677976857674
0.5,1429,182,1,OO_fraction,42,0.908890701442616,8.798485163565226e-17,0.4434716673611806,0.003265878068636075,0.3563114721736242,0.020554570544001883
0.5,1429,183,1,DCApost,42,0.9426129078625687,1.1656926741948301e-20,0.3037053452466432,0.050548056586978446,0.30508062555708615,0.049460813129967245
0.5,1429,183,1,OO_fraction,42,0.919962932075672,7.315555298386346e-18,0.3957565608729149,0.009479202320990622,0.24758746281104974,0.11391196907161895
0.5,1429,184,1,DCApost,42,0.9714710229412413,1.2932542837589746e-26,0.3598050607591503,0.019262056220854865,0.36245036868973346,0.018329441729873764
0.5,1429,184,1,OO_fraction,42,0.9355472806502526,1.1131884246583265e-19,0.43301564039436,0.004179053172123686,0.3430035510995011,0.02616338620415723
0.5,1429,185,3,DCApost,42,0.9755011623927949,6.381153400414181e-28,0.29365769847660367,0.05908797555695021,0.30880803824649544,0.04660866943745427
0.5,1429,185,3,OO_fraction,42,0.9379889662317668,5.2601969389925e-20,0.46596309536700353,0.0018709801847473107,0.3044747331811415,0.049937459755542646
0.5,1429,186,1,DCApost,42,0.9661241665706519,3.823373724590473e-25,0.31980176471430494,0.038963470702051556,0.2864435621100397,0.0659016126915335
0.5,1429,186,1,OO_fraction,42,0.6398980353660767,5.047493057554278e-06,0.5354814199068475,0.00025797462149112474,0.40702013719449187,0.007470495273378038
0.5,1429,187,1,DCApost,42,0.9812643532019574,3.1494487094980558e-30,0.25848688296133515,0.09836008711784432,0.2146503524835913,0.17222640093223796
0.5,1429,187,1,OO_fraction,42,0.5700707574614452,8.113252598860079e-05,0.6039847412435159,2.2851272106733923e-05,0.5091984830646572,0.0005734946988424403
0.5,1429,188,1,DCApost,42,0.9705276635355636,2.457507140047146e-26,0.3092396552789957,0.04628718740476212,0.370877562596224,0.015607863247882723
0.5,1429,188,1,OO_fraction,42,0.9388278556517629,4.0372730690048154e-20,0.4317854339172014,0.004299908525884502,0.3301436492315046,0.03273817590554514
0.5,1429,189,1,DCApost,42,0.9332101130371921,2.220707801586983e-19,0.18298314194240722,0.24608802198232674,0.07835669718823435,0.6218402016742739
0.5,1429,189,1,OO_fraction,42,0.9669440421168034,2.360007648904064e-25,0.3129851814651535,0.04357214380265938,0.2104112155195189,0.18106011542378703
0.5,1429,190,1,DCApost,42,0.9267629693917161,1.3204570796344058e-18,0.37600275001554906,0.014126229454883267,0.3953488372093023,0.009559853677514041
0.5,1429,190,1,OO_fraction,42,0.9384076926983727,4.611529968716013e-20,0.4006743214869026,0.008551464544037142,0.31765479588302714,0.04036994083033532
0.5,1429,191,2,DCApost,42,0.967527487219032,1.6617425552069315e-25,0.277026219637211,0.07571683745208563,0.30508062555708615,0.049460813129967245
0.5,1429,191,2,OO_fraction,42,0.8537837045502412,6.670791170439732e-13,0.588312569042291,4.177070330872063e-05,0.44663263411894416,0.003026699804296016
0.5,1429,192,1,DCApost,42,0.953033699294694,2.3333031999427585e-22,0.3444784968414371,0.025485019766919127,0.32290738189773927,0.03700006130389211
0.5,1429,192,1,OO_fraction,42,0.9062886017314646,1.5077481940557896e-16,0.4193459205428073,0.005703652131498071,0.3317120895040552,0.03186991104625396
0.5,1429,193,1,DCApost,42,0.9671146191699553,2.1313583777336534e-25,0.120700047778744,0.4464126299409795,0.0158009885746698,0.9208858962646471
0.5,1429,193,1,OO_fraction,42,0.8380621970578036,4.413738225377125e-12,0.15626505314689823,0.32303551847490597,0.11749920558128167,0.4586484243593335
0.5,1429,194,1,DCApost,42,0.9421084199586254,1.3822034334525274e-20,0.4309585706602243,0.004382841695143609,0.3976176971072036,0.009118421826101791
0.5,1429,194,1,OO_fraction,42,0.9482267073428379,1.5668832513129865e-21,0.488807763427413,0.0010211574224994696,0.3661504731712707,0.017088944698843526
0.5,1429,195,1,DCApost,42,0.9288040232842792,7.647359942808634e-19,0.4450844926729426,0.0031418501565542802,0.4322988412608379,0.004249105913590063
0.5,1429,195,1,OO_fraction,42,0.8381801175371753,4.3549123761208736e-12,0.6718754717552105,1.1065179495793831e-06,0.555528580002759,0.00013401453753152302
0.5,1429,196,1,DCApost,42,0.9549296357363891,1.0415374020597812e-22,0.28327753639957437,0.06908196092710826,0.17883477838100642,0.25714302191222316
0.5,1429,196,1,OO_fraction,42,0.9593938324822511,1.347672409173186e-23,0.34688743679487305,0.02440858373259034,0.31022062357544183,0.04556320675965466
0.5,1429,197,1,DCApost,42,0.9506553786757849,6.130353499735159e-22,0.2186670783822389,0.16414636756564108,0.17024552305323717,0.2810723759228114
0.5,1429,197,1,OO_fraction,42,0.9160372568542754,1.837099885678906e-17,0.35131565806459963,0.022528633370952067,0.30966280105217264,0.045973760412527175
0.5,1429,198,1,DCApost,42,0.9802252542296896,9.182474735973808e-30,0.30868201534172823,0.04670287541700128,0.2806093509440078,0.07185531972446446
0.5,1429,198,1,OO_fraction,42,0.9617440274765051,4.1795837801957876e-24,0.29948067337348294,0.05400885282171981,0.1640581189868174,0.29918311085336713
0.5,1429,199,1,DCApost,42,0.9449865159604913,5.1198182919286126e-21,0.21855805208427226,0.16436199136688923,0.13232315047402965,0.4035180580208836
0.5,1429,199,1,OO_fraction,42,0.850976762339715,9.495547497375415e-13,0.4150886513355378,0.006267816233447512,0.2931799929317477,0.05952102765398861
0.6,1715,0,1,DCApost,42,0.9734901622514256,3.0348419185385237e-27,0.32836367483846646,0.03374704622248259,0.3446236123490803,0.025419075498380045
0.6,1715,0,1,OO_fraction,42,0.949881390112211,8.309169847143791e-22,0.35131448760349626,0.02252911380205204,0.26653698687422617,0.08796192902267387
0.6,1715,1,1,DCApost,42,0.9829412734993106,4.902711045903575e-31,0.21830307336969773,0.16486706960922165,0.1888825865002836,0.2309258821785353
0.6,1715,1,1,OO_fraction,42,0.8968084566352267,9.47032943230545e-16,0.5435639325228426,0.00019909466127206274,0.4175584000575239,0.005934926430847007
0.6,1715,2,4,DCApost,42,0.9915555873841998,4.139423025601308e-37,0.2533371915955625,0.10549113661161835,0.19374442913864354,0.21892033533970504
0.6,1715,2,4,OO_fraction,42,0.9432019868982968,9.53540355147333e-21,0.42136727785661415,0.005451577269075148,0.3227950978507203,0.03706960870687244
0.6,1715,3,1,DCApost,42,0.9617681299394851,4.128148535172299e-24,0.19263524620310024,0.22162054031942247,0.10396240175026335,0.5123393403191465
0.6,1715,3,1,OO_fraction,42,0.9297964259674056,5.829296801395726e-19,0.30716820794080235,0.04784658264879977,0.19114433339195683,0.22528606390054018
0.6,1715,4,1,DCApost,42,0.9459031460221363,3.689821185861305e-21,0.22929384390199786,0.14410042654351,0.16165626772546798,0.3064107218130392
0.6,1715,4,1,OO_fraction,42,0.9221382197437746,4.303052425319308e-18,0.36369886997934814,0.017902659770542558,0.2825875718502288,0.06979087947592685
0.6,1715,5,2,DCApost,42,0.9664049153289651,3.245504177050274e-25,0.23774188188541284,0.12949985513570308,0.2224293007049672,0.15683078571760245
0.6,1715,5,2,OO_fraction,42,0.7775775700824374,1.3837782512474217e-09,0.4647233453194536,0.0019312190136072174,0.40085930659764235,0.008518147592354057
0.6,1715,6,2,DCApost,42,0.9712384008390123,1.518078973037639e-26,0.18848659041347654,0.23192316360099063,0.056802528158171946,0.7208659276485314
0.6,1715,6,2,OO_fraction,42,0.8283606590138594,1.2851025438391761e-11,0.219590474567333,0.1623283603637371,0.13648532587978926,0.3887559440582644
0.6,1715,7,1,DCApost,42,0.9812989616511819,3.036073666055649e-30,0.3086647816228268,0.04671577011932719,0.31123895956567543,0.04482138386836606
0.6,1715,7,1,OO_fraction,42,0.8653590980760135,1.4334551057290313e-13,0.6039243534959411,2.2905849097330165e-05,0.46348975404214154,0.0019928516371608444
0.6,1715,8,1,DCApost,42,0.9883158130682106,2.659083116506458e-34,0.22866006807311054,0.14524278610564945,0.14528806417632284,0.3585963629500156
0.6,1715,8,1,OO_fraction,42,0.9593030309551465,1.408062999873252e-23,0.34497052725693156,0.025262003618210196,0.19531808552081836,0.21512854221458003
0.6,1715,9,1,DCApost,42,0.9763985616789427,3.050171957241485e-28,0.28441651785514593,0.06792415107324368,0.1955271047727089,0.21462834777883216
0.6,1715,9,1,OO_fraction,42,0.8794456262179396,1.79995230415826e-14,0.41753069952738625,0.0059385734097737045,0.21855493359835537,0.1643681618850399
0.6,1715,10,1,DCApost,42,0.9633607117183945,1.788757820644688e-24,0.3505098782192733,0.022861409024723403,0.36488129000891334,0.017506216308049286
0.6,1715,10,1,OO_fraction,42,0.9292280348005061,6.813171812857111e-19,0.40745274519915375,0.007401300335501177,0.33122570814114594,0.032137109390589745
0.6,1715,11,1,DCApost,42,0.9744886785876756,1.4210991949514169e-27,0.27934182554017417,0.07320317850655902,0.2934122032250223,0.05931020793204042
0.6,1715,11,1,OO_fraction,42,0.9348488562782744,1.3720085665453328e-19,0.30510491318252186,0.04944178320280712,0.2255292283254272,0.150984040566481
0.6,1715,12,2,DCApost,42,0.9749279355689305,1.0081225906150876e-27,0.21544544522054898,0.1706047078224942,0.13459201037193097,0.3954313957879999
0.6,1715,12,2,OO_fraction,42,0.6294743667054992,7.97901153614932e-06,0.5528262947253659,0.00014674035839667236,0.39914094048916715,0.008831975325262394
0.6,1715,13,1,DCApost,42,0.983695686403986,1.9977523598300756e-31,0.3007223501890046,0.05297251436725803,0.3214488291062313,0.0379118387714574
0.6,1715,13,1,OO_fraction,42,0.8769423318210188,2.65071127867035e-14,0.4169220935191248,0.006019192382760085,0.38584856528936073,0.011612868013712108
0.6,1715,14,1,DCApost,42,0.9731270791801008,3.970524390075847e-27,0.2978869951332032,0.05536276310895037,0.2741268940928612,0.07895908902266026
0.6,1715,14,1,OO_fraction,42,0.9511491210151671,5.03641204345601e-22,0.41820277638535314,0.005850635490540883,0.31241156180105967,0.04397935041869764
0.6,1715,15,1,DCApost,42,0.9605835136523145,7.517336498602908e-24,0.2697372776218176,0.08407343242221679,0.184344866704481,0.24253010315088658
0.6,1715,15,1,OO_fraction,42,0.91855374605624,1.0235231808124836e-17,0.43529388484137543,0.003963045737720711,0.2741870985143004,0.07889067714352542
0.6,1715,16,1,DCApost,42,0.9876287941261054,8.28491844234483e-34,0.23201498972521306,0.13927086919744636,0.1926099991896929,0.22168226783250897
0.6,1715,16,1,OO_fraction,42,0.8526592081036494,7.691088610676747e-13,0.596474936637704,3.0630098801330036e-05,0.46365184173371066,0.001984655616535216
0.6,1715,17,1,DCApost,42,0.9597830009366928,1.1155663373074525e-23,0.17548658482632135,0.26630380853645835,0.0850012154606596,0.5925000906144876
0.6,1715,17,1,OO_fraction,42,0.8102741909128058,7.974825463103625e-11,0.3704972045538175,0.015722874775741903,0.27391377087834856,0.07920163961483372
0.6,1715,18,1,DCApost,42,0.9148239793652638,2.419853396970511e-17,0.3031248640967607,0.051012704558360475,0.290657159063285,0.06185021513476737
0.6,1715,18,1,OO_fraction,42,0.92726774266096,1.1553210649027655e-18,0.24646344325238137,0.115616040399569,0.1634241379374817,0.3010801556133531
0.6,1715,19,1,DCApost,42,0.9439584808928466,7.343872957580548e-21,0.1665246401625755,0.29187575745766575,0.09747994489911678,0.5391211117224219
0.6,1715,19,1,OO_fraction,42,0.9221784553338422,4.2604050927419315e-18,0.46089770751278114,0.0021280387063017324,0.3494952199161465,0.02328628058246227
0.6,1715,20,1,DCApost,42,0.9773114345992702,1.3974005405409779e-28,0.19335148060860116,0.2198743206833409,0.10201766469491938,0.5203031991192807
0.6,1715,20,1,OO_fraction,42,0.8919621063748294,2.2646506616814504e-15,0.34186293200163864,0.02669822005408906,0.26588847839034724,0.08876662589983236
0.6,1715,21,1,DCApost,42,0.959119068323562,1.5383668596942278e-23,0.22989510193291698,0.14302281631682134,0.14042622153796291,0.3750745997102676
0.6,1715,21,1,OO_fraction,42,0.8624834289012437,2.1276521394433798e-13,0.5245678500977307,0.00036230382277356045,0.37036748858763974,0.01576226147912586
0.6,1715,22,1,DCApost,42,0.9859074706289739,1.1041339737463352e-32,0.28032821226977855,0.07215257584130742,0.26099991896928937,0.09501747952444813
0.6,1715,22,1,OO_fraction,42,0.8376118568308102,4.6453449449926865e-12,0.542876425951653,0.00020358315479431869,0.43946166425583966,0.003593013039663518
0.6,1715,23,3,DCApost,42,0.9692081970884999,5.829736674736862e-26,0.3455482871488376,0.02500220598379015,0.33052426869783647,0.03252570107343089
0.6,1715,23,3,OO_fraction,42,0.9588288385078076,1.767439071687321e-23,0.456918374144341,0.002351327000233196,0.38779480207932276,0.011164113484062438
0.6,1715,24,1,DCApost,42,0.9614444307547173,4.871831814901453e-24,0.25437126896132667,0.10402844060381924,0.20703346568349407,0.18832690095327942
0.6,1715,24,1,OO_fraction,42,0.7826678412428691,9.166119241623944e-10,0.49940899558638663,0.0007599111351306075,0.37507108270589745,0.014386318249842952
0.6,1715,25,1,DCApost,42,0.9762054021381921,3.5838928429545646e-28,0.21388402455841918,0.1737998938535974,0.2071955271047727,0.1879735912430164
0.6,1715,25,1,OO_fraction,42,0.9741760284496163,1.8079355026632532e-27,0.36891713018899436,0.016208358542712197,0.2565080723456765,0.10105509960533454
0.6,1715,26,1,DCApost,42,0.9664613722655214,3.1397743776369587e-25,0.16013374802652292,0.3110494034843166,0.07057774896685845,0.6569362297218606
0.6,1715,26,1,OO_fraction,42,0.8027736222477161,1.6076419109260457e-10,0.36992668222486597,0.015896731335412067,0.23970494835373682,0.12627125790615493
0.6,1715,27,2,DCApost,42,0.9417140008436912,1.5774546237115784e-20,0.29695122410076136,0.05617033852552758,0.20978850984523137,0.18238449851023145
0.6,1715,27,2,OO_fraction,42,0.7580883697657674,6.096336266114466e-09,0.36891290522980935,0.01620967346732183,0.2974222034189585,0.05576270969490634
0.6,1715,28,1,DCApost,42,0.9714415023288956,1.3199259078521742e-26,0.11141533703495347,0.48239539863587866,0.0478891499878454,0.7632895599784285
0.6,1715,28,1,OO_fraction,42,0.790302884211029,4.839097189339849e-10,0.12577047240813904,0.4274012070881503,0.10226262384694847,0.5192967037527654
0.6,1715,29,1,DCApost,42,0.9578060615779631,2.860135866015007e-23,0.3273784414974851,0.03431636974525848,0.26796856008427195,0.08620560967214054
0.6,1715,29,1,OO_fraction,42,0.8305056014385898,1.020570092794456e-11,0.5627802447617194,0.0001046489302064514,0.40215729711103687,0.008287495185160441
0.6,1715,30,1,DCApost,42,0.9801959409388318,9.456046339907704e-30,0.23880407222359976,0.12774533356473128,0.15906328498500935,0.3143373322243254
0.6,1715,30,1,OO_fraction,42,0.844042260314736,2.2044717705232852e-12,0.5654150914155948,9.551768229904096e-05,0.45881975234431865,0.0022421872613261158
0.6,1715,31,2,DCApost,42,0.9795960630805534,1.7081493233977422e-29,0.27176210430996034,0.08168317027422564,0.2600275504416174,0.09630029507245086
0.6,1715,31,2,OO_fraction,42,0.9687643139264617,7.730335898104735e-26,0.44234708979133625,0.0033548774533956483,0.31846576038617497,0.03983389327078253
0.6,1715,32,2,DCApost,42,0.9533667274523773,2.0300141751009044e-22,0.35259303900502353,0.022009395218010725,0.3049185641358075,0.04958794339537151
0.6,1715,32,2,OO_fraction,42,0.9533772036794436,2.021108428771651e-22,0.4591539872809998,0.0022234703893847943,0.3641014747535986,0.01776683315530804
0.6,1715,33,1,DCApost,42,0.9885976138026021,1.636025487530897e-34,0.2368644900725018,0.13096264999787144,0.18596548091726767,0.2383413128814551
0.6,1715,33,1,OO_fraction,42,0.8531448324642169,7.233645461630234e-13,0.5366984345718265,0.0002482083327259786,0.4036793958531049,0.008023882379867335
0.6,1715,34,1,DCApost,42,0.9835283970617831,2.4465058499793566e-31,0.2638993409873451,0.0912704518207034,0.1903411392917916,0.22727794343721305
0.6,1715,34,1,OO_fraction,42,0.9652405999458625,6.3469544070136665e-25,0.4285307868472969,0.0046344531719478,0.3367993764679568,0.029183350361988953
0.6,1715,35,2,DCApost,42,0.9731181987921669,3.9965237092444304e-27,0.36410992597957376,0.017763991300600655,0.3784944493963212,0.013450161437436417
0.6,1715,35,2,OO_fraction,42,0.962858458804747,2.3377716835046303e-24,0.44212588004899256,0.003372631837010642,0.3064879140058708,0.04836787653223352
0.6,1715,36,1,DCApost,42,0.980146765921923,9.932432173986439e-30,0.2640276638501514,0.0911072955196968,0.2507900494287335,0.10916096788420836
0.6,1715,36,1,OO_fraction,42,0.9324161371395013,2.7920241374953775e-19,0.34274651326618844,0.02628312669566358,0.2534046900756785,0.10539518424432585
0.6,1715,37,2,DCApost,42,0.980696542109738,5.692621718993561e-30,0.306673144170914,0.04822548641261959,0.2791507981524998,0.07340802643818414
0.6,1715,37,2,OO_fraction,42,0.839253876563934,3.852159273650698e-12,0.5803329262211605,5.611935947312737e-05,0.4360408918480724,0.003894374499376755
0.6,1715,38,1,DCApost,42,0.9698057126784799,3.9611674147763105e-26,0.22412307680361077,0.15361604812011095,0.13783323879750425,0.384043956333352
0.6,1715,38,1,OO_fraction,42,0.9431169081558737,9.817409280650104e-21,0.4495650113864947,0.002818698405921793,0.30175989162132855,0.05211886246657148
0.6,1715,39,1,DCApost,42,0.9776839083297834,1.0069819210035801e-28,0.16015089123039847,0.3109969263187601,0.07851875860951302,0.6211174134632405
0.6,1715,39,1,OO_fraction,42,0.9400919635980834,2.6904426878553373e-20,0.34068915917323545,0.027258048479530887,0.2529398285318258,0.10605735945236093
0.6,1715,40,2,DCApost,42,0.9768530641568643,2.076013698794206e-28,0.2378223963136893,0.12936623465073005,0.18774815655133298,0.2337906911775714
0.6,1715,40,2,OO_fraction,42,0.9639762976158976,1.2818508202876915e-24,0.41092558239398214,0.0068655779776032235,0.28586498735962995,0.06647396992405101
0.6,1715,41,1,DCApost,42,0.970012186047082,3.4597624486690004e-26,0.25040027682777893,0.10973099951706984,0.19730978040677416,0.21039506308319963
0.6,1715,41,1,OO_fraction,42,0.9457426275012568,3.909251441692511e-21,0.46041600577261205,0.0021540337101080467,0.3155462881748426,0.04179124147234721
0.6,1715,42,1,DCApost,42,0.9873551070320923,1.2801743544485332e-33,0.2648477930959697,0.09006986246887466,0.2512762336925695,0.10845309701467813
0.6,1715,42,1,OO_fraction,42,0.9559617629149122,6.615941853047446e-23,0.4105000519185716,0.00692936526765218,0.31054520701627414,0.04532568629190518
0.6,1715,43,1,DCApost,42,0.9618936857970343,3.869772717269282e-24,0.31845821680079767,0.03983885268107398,0.2942225103314156,0.058579208459401594
0.6,1715,43,1,OO_fraction,42,0.8605845801798976,2.748237166089884e-13,0.5903730970289934,3.865498180883452e-05,0.4532782294732815,0.0025733871447518966
0.6,1715,44,1,DCApost,42,0.9743060409705063,1.636287922754781e-27,0.2729751976130422,0.08027674991774844,0.2554898306458148,0.10246374508350678
0.6,1715,44,1,OO_fraction,42,0.8684143025640148,9.328143260025066e-14,0.4062124774434736,0.0076011730023037155,0.29524273019330677,0.0576690950137954
0.6,1715,45,1,DCApost,42,0.9715729203466132,1.2050651237387578e-26,0.17737173812440254,0.26111973491940144,0.09132161089052751,0.5651729088300829
0.6,1715,45,1,OO_fraction,42,0.8791305506140707,1.8906995965975908e-14,0.17929868805224033,0.2558905498808698,0.02505880314726969,0.8748325033801954
0.6,1715,46,1,DCApost,42,0.9464108691502976,3.0700440491339747e-21,0.1343575224397815,0.3962627639638934,0.05923344947735191,0.7094318567701288
0.6,1715,46,1,OO_fraction,42,0.7766413980850421,1.4909310044947399e-09,0.4263196557691579,0.004874461048163759,0.32960443693144875,0.03304113821130486
0.6,1715,47,1,DCApost,42,0.9648650992431153,7.841428663693719e-25,0.2570923135298436,0.10025358163031431,0.15225670529130542,0.3357555313432876
0.6,1715,47,1,OO_fraction,42,0.9789510881068916,3.164323474575702e-29,0.4495853258633211,0.002817302365273267,0.3392264516667609,0.02796928373844162
0.6,1715,48,1,DCApost,42,0.9629268107040395,2.2546329551129827e-24,0.2356408648671772,0.13302322115585447,0.19876833319828216,0.20697496499044213
0.6,1715,48,1,OO_fraction,42,0.8018694825562613,1.7458816587671444e-10,0.4302289503680533,0.004457175875058086,0.34457881738753693,0.025439416328309195
0.6,1715,49,1,DCApost,42,0.9792368442061075,2.4137304400833312e-29,0.2886825661047127,0.06372338584961149,0.2653755773438133,0.08940708650704435
0.6,1715,49,1,OO_fraction,42,0.8733361059542758,4.562711330758043e-14,0.42647461516691737,0.004857295499834548,0.33641300385188483,0.02938058606368829
0.6,1715,50,1,DCApost,42,0.9726382070044243,5.6688696569077074e-27,0.2915040356373372,0.06106038898993099,0.2686168057693866,0.08541933007711944
0.6,1715,50,1,OO_fraction,42,0.6642898212545109,1.612286157239083e-06,0.6618252326522475,1.8178757291006848e-06,0.45603372022995803,0.002403681477035177
0.6,1715,51,2,DCApost,42,0.9271366103125736,1.196233198111306e-18,0.3889808778974819,0.010897963810048213,0.3551576047321935,0.020997125316122286
0.6,1715,51,2,OO_fraction,42,0.797626729091038,2.5569164728722027e-10,0.6494410989967523,3.268864371163829e-06,0.4409857690376491,0.0034654483172438873
0.6,1715,52,1,DCApost,42,0.9829941789912338,4.6096267114111155e-31,0.2904391558617613,0.06205484288938262,0.2934122032250223,0.05931020793204042
0.6,1715,52,1,OO_fraction,42,0.7833869352888139,8.640357599660283e-10,0.6010275673119442,2.566828779098306e-05,0.43739363569949946,0.0037726605151731127
0.6,1715,53,1,DCApost,42,0.9827495257225736,6.1201995583122125e-31,0.27217416318580967,0.0812033028241792,0.15873916214245198,0.31533719560377627
0.6,1715,53,1,OO_fraction,42,0.9031401854168486,2.834139594109387e-16,0.44887969135304623,0.0028661518782599127,0.40572554092488755,0.007680906662781867
0.6,1715,54,1,DCApost,42,0.9868288698088994,2.8796970750311947e-33,0.17741089818378505,0.2610127635439259,0.08937687383518354,0.5735189585173133
0.6,1715,54,1,OO_fraction,42,0.8915543842009473,2.432394488879686e-15,0.4227671516940225,0.005282724683408896,0.34687097531472433,0.02441580886656072
0.6,1715,55,3,DCApost,42,0.9567993863281965,4.540979985622789e-23,0.1771530699334913,0.2617175947378131,0.1564703022445507,0.32239242931408896
0.6,1715,55,3,OO_fraction,42,0.842985183032262,2.4975115796982433e-12,0.07627294575833711,0.6311647319218792,-0.02199052811638628,0.8900581644709739
0.6,1715,56,1,DCApost,42,0.9678699303702544,1.3484810385267756e-25,0.30550422858703846,0.049129756261794215,0.30427031845069286,0.05009910289739843
0.6,1715,56,1,OO_fraction,42,0.9495610225926497,9.41053699067911e-22,0.4732503593836589,0.0015492926213976005,0.34976899020768343,0.02317099952268101
0.6,1715,57,1,DCApost,42,0.9803933024191003,7.753483647239606e-30,0.2609574036811811,0.09507329192844806,0.22631877481565515,0.14952075203076037
0.6,1715,57,1,OO_fraction,42,0.9266840602191105,1.3482085897639845e-18,0.31175045100057425,0.04445249323283401,0.22341117269627953,0.15496129904371278
0.6,1715,58,1,DCApost,42,0.9788817526600333,3.3773045206193175e-29,0.32136867203070324,0.037962474972401516,0.30605299408475817,0.048703543266048664
0.6,1715,58,1,OO_fraction,42,0.8098512979577958,8.30313435410675e-11,0.36717634221563195,0.016757829921507907,0.20590388734924836,0.19080258539899003
0.6,1715,59,1,DCApost,42,0.9378992029280694,5.4100725821565894e-20,0.3387824101461461,0.028188216537093434,0.2550036463819788,0.10314161436309409
0.6,1715,59,1,OO_fraction,42,0.8368173664332444,5.082058372926299e-12,0.6256994081943894,9.379707495210632e-06,0.4469034089530439,0.003006944571414924
0.6,1715,60,2,DCApost,42,0.9781588233344283,6.57755767210302e-29,0.27994606124411864,0.0725581873881884,0.21335386111336196,0.17489450113732238
0.6,1715,60,2,OO_fraction,42,0.9445359872382378,6.0017968838439e-21,0.469764000626755,0.0016965089510927365,0.3842256480851994,0.011998754565565962
0.6,1715,61,1,DCApost,42,0.9867062359887832,3.4622661975993935e-33,0.27878377049576014,0.07380287331723148,0.23928368851794832,0.12695895829580023
0.6,1715,61,1,OO_fraction,42,0.9505798247620495,6.316420220343305e-22,0.3852461430638169,0.011754853705713919,0.2832482410171856,0.0691119449694416
0.6,1715,62,1,DCApost,42,0.977723863487073,9.718851873056279e-29,0.17684576734787127,0.2625593263555004,0.0882424438862329,0.5784132904491238
0.6,1715,62,1,OO_fraction,42,0.7579574095029002,6.154489554310794e-09,0.5787855574695207,5.937372507068843e-05,0.41642351021073587,0.006085942027307643
0.6,1715,63,1,DCApost,42,0.9695322172255232,4.732109747980682e-26,0.3329256713616834,0.031211196421976943,0.345758042298031,0.024908438882921567
0.6,1715,63,1,OO_fraction,42,0.9403522249662608,2.4720559901624224e-20,0.3765998178244004,0.013961655918236794,0.263968945774637,0.09118192469337401
0.6,1715,64,1,DCApost,42,0.9769408601000747,1.9256209207709367e-28,0.28466333204161554,0.06767529203152284,0.2162709666963779,0.1689326247119047
0.6,1715,64,1,OO_fraction,42,0.955438385440463,8.338973853491468e-23,0.4750287248974477,0.0014786484038987334,0.41001948893243184,0.0070020168504479185
0.6,1715,65,1,DCApost,42,0.9735682487783547,2.8630176161999e-27,0.23666334777338124,0.13129972592416245,0.18077951543635037,0.2519198959840988
0.6,1715,65,1,OO_fraction,42,0.8332770623780703,7.541049558744295e-12,0.5703024499896336,8.047097700212069e-05,0.4701686508121994,0.0016788101768907273
0.6,1715,66,1,DCApost,42,0.9744062174003659,1.5147013007048923e-27,0.21003472929527678,0.18186001056601117,0.18077951543635037,0.2519198959840988
0.6,1715,66,1,OO_fraction,42,0.8795342707161071,1.7751716363126998e-14,0.16171081846416635,0.3062453439473075,0.11394051269227805,0.4724617313072198
0.6,1715,67,1,DCApost,42,0.9769217901110646,1.9573809554315694e-28,0.23867478768138303,0.12795792965276354,0.2214569321772952,0.15869833433630695
0.6,1715,67,1,OO_fraction,42,0.9337319276693147,1.9075611587264698e-19,0.42643769085760436,0.004861380991879548,0.31801062615541636,0.04013401717468874
0.6,1715,68,1,DCApost,42,0.9879430279170931,4.966544278671187e-34,0.18489225591322495,0.24110973797327115,0.07041568754557978,0.6576755365441587
0.6,1715,68,1,OO_fraction,42,0.7906815653622066,4.684989505348304e-10,0.49857273263936763,0.0007781020210286438,0.359719598302363,0.01929283927817077
0.6,1715,69,1,DCApost,42,0.9745482151961136,1.3569593840500946e-27,0.29604595214206486,0.05696054394216417,0.2900089133781703,0.06246026882944831
0.6,1715,69,1,OO_fraction,42,0.9622051993655639,3.293315605478221e-24,0.4164382660484806,0.00608395736830678,0.2801556650356829,0.07233549416438174
0.6,1715,70,1,DCApost,42,0.9684192801738506,9.599362950324963e-26,0.3455536441504698,0.024999807584625555,0.32695891742970584,0.03456117880288501
0.6,1715,70,1,OO_fraction,42,0.9728305884127816,4.93146010259962e-27,0.38401157565280913,0.012050462158055882,0.26945527505168115,0.08441060552789655
0.6,1715,71,1,DCApost,42,0.993023470537841,9.207203062213802e-39,0.2746302713052817,0.07838851434342838,0.23247710882424444,0.1384627406043392
0.6,1715,71,1,OO_fraction,42,0.8585245658332715,3.6125407027079e-13,0.548501023415216,0.00016939900692297845,0.41389092042196474,0.006434992452334016
0.6,1715,72,1,DCApost,42,0.9733185962745311,3.447352926700056e-27,0.3574782800663933,0.02011503379107386,0.36877076411960136,0.01625396429518134
0.6,1715,72,1,OO_fraction,42,0.9296533618551641,6.063423903605569e-19,0.2648486828572429,0.09006874194135417,0.14691827152894474,0.35317071467528127
0.6,1715,73,1,DCApost,42,0.9741713738643791,1.81438670009108e-27,0.2984049190757244,0.05491980894780044,0.2981119844421036,0.05516999063643044
0.6,1715,73,1,OO_fraction,42,0.966270190350155,3.5116202449424466e-25,0.37607858245406095,0.014105236451335868,0.32430470480883977,0.03614348050352274
0.6,1715,74,1,DCApost,42,0.9837224643808247,1.9336165239197661e-31,0.30022622433331775,0.053384661170738285,0.26586176160764935,0.08879989917039885
0.6,1715,74,1,OO_fraction,42,0.9076737255148996,1.1341483694699324e-16,0.451647302853202,0.002678720054479571,0.4045901906204805,0.007869619878160448
0.6,1715,75,1,DCApost,42,0.9506365274646882,6.176285917453213e-22,0.22188446412543264,0.15787522427421508,0.131674904788915,0.4058459057677498
0.6,1715,75,1,OO_fraction,42,0.9246010944333158,2.3153586033210146e-18,0.3593840915648628,0.019414086816062742,0.23234133015186942,0.1386998215495989
0.6,1715,76,1,DCApost,42,0.958122297249306,2.4677959501606316e-23,0.24032682557243498,0.12526115764373652,0.22486022202414718,0.1522321209615571
0.6,1715,76,1,OO_fraction,42,0.7598968050840785,5.3440087934650325e-09,0.44918295629007304,0.0028450671595349284,0.28681417023170813,0.06553704448580797
0.6,1715,77,1,DCApost,42,0.9608520239561117,6.573042225830416e-24,0.27522952163484615,0.07771348201936233,0.2619722874969614,0.09374787124107566
0.6,1715,77,1,OO_fraction,42,0.9700988929594955,3.267690364926222e-26,0.395157810661501,0.00959784237953535,0.2916666906245334,0.06090961528766815
0.6,1715,78,1,DCApost,42,0.9796871928800722,1.5631718316619093e-29,0.20740147338014742,0.18752528742373176,0.16668017178510655,0.2914188778287384
0.6,1715,78,1,OO_fraction,42,0.9594760369650636,1.2951247579554604e-23,0.32925240412868095,0.03324017409955037,0.25602149364378773,0.10172637459346688
0.6,1715,79,1,DCApost,42,0.9676387610734194,1.5530749191003486e-25,0.10342572368243866,0.5145309556837475,0.029738270804634957,0.8516990134310933
0.6,1715,79,1,OO_fraction,42,0.9396317234512648,3.1220381186234787e-20,0.342264553461679,0.026508874247553084,0.24919893669897514,0.11150216529652042
0.6,1715,80,2,DCApost,42,0.9604554179718647,8.01185470653092e-24,0.2983721134192742,0.05494778139538787,0.2870918077951544,0.06526498088749745
0.6,1715,80,2,OO_fraction,42,0.9388867608849925,3.9623987498533706e-20,0.2478358490154119,0.11353798227572502,0.17184337821703713,0.2765143014979872
0.6,1715,81,1,DCApost,42,0.9778213657402334,8.910469286263131e-29,0.31290287675874867,0.0436303821399848,0.26229641033951867,0.09332758953752289
0.6,1715,81,1,OO_fraction,42,0.9365127638586143,8.305767728382477e-20,0.33387819696680765,0.030702085299151267,0.27029686035307265,0.08340747919476296
0.6,1715,82,1,DCApost,42,0.9688703544296253,7.229089111348935e-26,0.2850526780259368,0.0672841874926143,0.2689409286119439,0.08502828707116679
0.6,1715,82,1,OO_fraction,42,0.9435054237151527,8.590831914696037e-21,0.49373552705436,0.0008911562501834202,0.4148083433601439,0.006306600159849566
0.6,1715,83,1,DCApost,42,0.9684806372291638,9.238364752880717e-26,0.22444968512669186,0.15300173813164955,0.11060692002268863,0.48559850330010956
0.6,1715,83,1,OO_fraction,42,0.5585816133318635,0.00012084565695559587,0.4580769525968554,0.0022842812078028704,0.2871383456148465,0.06521946517170199
0.6,1715,84,1,DCApost,42,0.9797919469150285,1.4109536996991396e-29,0.15341656118923125,0.33204339697378943,0.05064419414958269,0.7500970591069018
0.6,1715,84,1,OO_fraction,42,0.9698060535151665,3.9602856112729996e-26,0.43879509912591597,0.003650081809207369,0.3796809946919938,0.013138009039927949
0.6,1715,85,1,DCApost,42,0.9667082884234418,2.714565728846631e-25,0.28860307345128094,0.06379972868415762,0.22534640628798316,0.15132436125696666
0.6,1715,85,1,OO_fraction,42,0.9571134270638157,3.935834281433088e-23,0.41923055798755005,0.005718338493451642,0.2900964502438411,0.06237761084445176
0.6,1715,86,1,DCApost,42,0.9716421149055166,1.1484651322895197e-26,0.0958925001045162,0.5457807844667648,0.025686735272668345,0.8717218291221416
0.6,1715,86,1,OO_fraction,42,0.9281279223402158,9.18037402972994e-19,0.3233604564969518,0.03672051693579391,0.2676718767210142,0.08656733757674659
0.6,1715,87,1,DCApost,42,0.9774263731439822,1.2637563838874341e-28,0.3561085249643586,0.020631837079083087,0.33473786565108177,0.030248511397716157
0.6,1715,87,1,OO_fraction,42,0.9524176248654942,3.0108723018764727e-22,0.3595163499404742,0.01936621422249203,0.31068050115595525,0.04522697893800461
0.6,1715,88,1,DCApost,42,0.9840664261383145,1.2653852525399788e-31,0.248390640837468,0.11270601075558154,0.19714771898549552,0.21077748754271192
0.6,1715,88,1,OO_fraction,42,0.9020188663736352,3.5301029500579496e-16,0.30580303508207435,0.048897308668591266,0.1794134969200371,0.25558121718843513
0.6,1715,89,1,DCApost,42,0.9627086521495495,2.530267781050433e-24,0.25403997815236184,0.10449535215558281,0.28077141236528647,0.07168440637850222
0.6,1715,89,1,OO_fraction,42,0.9382236599168516,4.8866927091224176e-20,0.49893083939245797,0.0007702652298144995,0.3903210437346103,0.010603780237644288
0.6,1715,90,1,DCApost,42,0.987393107325205,1.2058055088077918e-33,0.29128671162240727,0.06126230222441936,0.2606757961267321,0.09544361326972366
0.6,1715,90,1,OO_fraction,42,0.9040165667219924,2.3827352320203363e-16,0.5048449426384662,0.0006506380056474985,0.37725910212732444,0.013781826912939832
0.6,1715,91,1,DCApost,42,0.9711075001506104,1.6604085599893013e-26,0.19346010994908436,0.21961030805429632,0.13086459768252168,0.4087665370229696
0.6,1715,91,1,OO_fraction,42,0.9162459408880715,1.7513389630504513e-17,0.25911504539553887,0.0975162186485894,0.16438250478807656,0.2982154335869906
0.6,1715,92,1,DCApost,42,0.9521492693081257,3.36096179917303e-22,0.20613943394806913,0.19028444870669647,0.06409529211571185,0.6867537721858009
0.6,1715,92,1,OO_fraction,42,0.9384535067380738,4.545347004920303e-20,0.2908955690432155,0.06162704790443,0.21725739039331876,0.16695018389352345
0.6,1715,93,1,DCApost,42,0.9455929824601332,4.1249044254969984e-21,0.17722719592794584,0.2615148252918089,0.11822380682278584,0.4558627803162958
0.6,1715,93,1,OO_fraction,42,0.9225112453747649,3.922682514758454e-18,0.3074093445874567,0.047662898906002366,0.21146611170222376,0.17883223671648898
0.6,1715,94,1,DCApost,42,0.9803721114949305,7.921282451560377e-30,0.25636631053496944,0.10125032022233518,0.20233368446641278,0.1987786413959235
0.6,1715,94,1,OO_fraction,42,0.9133774148174226,3.343101843086495e-17,0.40803975171931495,0.007308294015303135,0.3038262246972626,0.050451728619706426
0.6,1715,95,1,DCApost,42,0.9863453780881611,5.896143385674681e-33,0.23955530138849848,0.12651523406507517,0.17640385706182646,0.26377291054957347
0.6,1715,95,1,OO_fraction,42,0.9530781767595826,2.2904470741700245e-22,0.4044520879514177,0.00789284489914698,0.3101607954499945,0.04560709709947612
0.6,1715,96,1,DCApost,42,0.9753401017072634,7.263989170798928e-28,0.3082013158186787,0.047063629032009946,0.3139940037274127,0.042863424284014025
0.6,1715,96,1,OO_fraction,42,0.882750388497995,1.0655094628018386e-14,0.4688053298493883,0.0017390998675399746,0.3542477593188468,0.021351693281195558
0.6,1715,97,1,DCApost,42,0.9622942139374338,3.144184719044505e-24,0.3419596800438696,0.026652505466842294,0.3099424681954461,0.04576755427235395
0.6,1715,97,1,OO_fraction,42,0.8943407933993384,1.4840551039456087e-15,0.44254012045321217,0.003339451650369296,0.3249027504233267,0.03578187151890499
0.6,1715,98,1,DCApost,42,0.980978921431158,4.250423611222675e-30,0.2410920437658914,0.12402655989144926,0.17040758447451587,0.28060785381643094
0.6,1715,98,1,OO_fraction,42,0.852167756888374,8.181659389916905e-13,0.398638501690901,0.008925592472434971,0.32944323311440904,0.03313215915605258
0.6,1715,99,1,DCApost,42,0.9599417142016912,1.032249449720095e-23,0.2373751948541938,0.130109707242753,0.20978850984523137,0.18238449851023145
0.6,1715,99,1,OO_fraction,42,0.9506613140608667,6.115958611860557e-22,0.32137490280402053,0.03795853693513986,0.22715115733172295,0.14798937318660174
0.6,1715,100,1,DCApost,42,0.9796902074428244,1.5585815612540674e-29,0.23689738723595077,0.13090758213517473,0.19309618345352889,0.22049565680933417
0.6,1715,100,1,OO_fraction,42,0.9729913794082358,4.385899284874242e-27,0.329739530411968,0.032965018639825074,0.25324256295470876,0.1056257680407421
0.6,1715,101,1,DCApost,42,0.9780357257156167,7.351782059318525e-29,0.3161349842790611,0.0413903758854077,0.33182076006806577,0.03181046284918212
0.6,1715,101,1,OO_fraction,42,0.9013719865601849,4.002055173384079e-16,0.5967781459944563,3.0274219231083162e-05,0.5032425834900229,0.0006812869324335943
0.6,1715,102,1,DCApost,42,0.9710708771744165,1.7024409237471173e-26,0.2842653041619482,0.06807697480745903,0.2953569402803663,0.05756791855641724
0.6,1715,102,1,OO_fraction,42,0.9392029306728474,3.582472379898752e-20,0.35552277210832633,0.02085621338720063,0.25049727046230424,0.10958893798349627
0.6,1715,103,2,DCApost,42,0.9573910810663081,3.46523693065484e-23,0.10254284094958153,0.5181465262776761,0.04529616724738676,0.7757668047325171
0.6,1715,103,2,OO_fraction,42,0.7768298402167363,1.4687572064825e-09,0.4212473896117539,0.0054662535568279135,0.32563232246769047,0.035344758577042064
0.6,1715,104,1,DCApost,42,0.9768493113701279,2.082684241338749e-28,0.3818695933879183,0.012578385232130389,0.3788185722388786,0.013364272981569468
0.6,1715,104,1,OO_fraction,42,0.927308500796768,1.1428770575826533e-18,0.4293182635647133,0.004551496630831242,0.33164313067037166,0.03190768243798642
0.6,1715,105,1,DCApost,42,0.9478068917970526,1.8344019469092917e-21,0.314417081465022,0.04256900610986986,0.2311806174540151,0.14073881138140562
0.6,1715,105,1,OO_fraction,42,0.952223303567527,3.260707329469861e-22,0.350096174977388,0.023033851828016823,0.23136817274809202,0.14040784562603878
0.6,1715,106,1,DCApost,42,0.979052244853144,2.8763317181303235e-29,0.22225074610451673,0.15717251397054768,0.17640385706182646,0.26377291054957347
0.6,1715,106,1,OO_fraction,42,0.5610974068212509,0.0001108879967349719,0.5397531834679938,0.0002251461531886562,0.3608949712786055,0.018873083560961876
0.6,1715,107,3,DCApost,42,0.9875166058707837,9.91420423395784e-34,0.28782396451182035,0.06455181793509399,0.2499797423223402,0.11034855432180476
0.6,1715,107,3,OO_fraction,42,0.8521700236737151,8.179330502893499e-13,0.5963535418435658,3.077364889831848e-05,0.45103765053777195,0.002719056210818057
0.6,1715,108,1,DCApost,42,0.9785782457454221,4.480321386378711e-29,0.27118684535404974,0.08235679155777098,0.20622315857710075,0.19010051824513982
0.6,1715,108,1,OO_fraction,42,0.741119927989116,1.9894331658877144e-08,0.5813714990425152,5.4027064610147395e-05,0.4044261032589763,0.007897221392939779
0.6,1715,109,1,DCApost,42,0.9889502729215798,8.755864186110166e-35,0.28113155437989573,0.07130574010317153,0.22907381897739243,0.14449626078071556
0.6,1715,109,1,OO_fraction,42,0.9360050593100312,9.694146381017012e-20,0.4112737111310291,0.006813771153579167,0.28230644766386664,0.07008136807053474
0.6,1715,110,1,DCApost,42,0.9746511971178562,1.2524502291407934e-27,0.29961051639009223,0.05389972610659591,0.30183939713151287,0.05205390735828027
0.6,1715,110,1,OO_fraction,42,0.9509359523557881,5.483834514123049e-22,0.41804122454374215,0.005871670037327538,0.29626353561965424,0.05676980964657085
0.6,1715,111,1,DCApost,42,0.9675060194189419,1.683520940008703e-25,0.2546072356036423,0.10369684948152669,0.20670934284093673,0.189034933447992
0.6,1715,111,1,OO_fraction,42,0.9157112359922088,1.979074033731698e-17,0.5316796169765369,0.0002907549128531809,0.3932393319120654,0.009986595105544387
0.6,1715,112,1,DCApost,42,0.9855186275751572,1.8962663166571563e-32,0.33784395435564474,0.02865559300777136,0.3084839154039381,0.046851272661754
0.6,1715,112,1,OO_fraction,42,0.9536818265091601,1.777766143335731e-22,0.4125115231767487,0.006632292126355007,0.31031130953605157,0.045496744165711166
0.6,1715,113,1,DCApost,42,0.9875356966028758,9.617006099799553e-34,0.23493842212042176,0.13421698110260763,0.18369662101936635,0.2442194774078018
0.6,1715,113,1,OO_fraction,42,0.8355533779169374,5.857262205849076e-12,0.5982422202678297,2.860837361696642e-05,0.48492221882044423,0.001135289286331816
0.6,1715,114,2,DCApost,42,0.9719901333942443,9.000096161681741e-27,0.3005049705556539,0.053152782357696854,0.22939794181994977,0.1439134288298177
0.6,1715,114,2,OO_fraction,42,0.8922195847639094,2.1644125000255527e-15,0.563216005579511,0.00010308614040996912,0.40124808047956684,0.008448490627107745
0.6,1715,115,1,DCApost,42,0.9778896903714714,8.382475501324858e-29,0.3470621196017181,0.024332023152167953,0.34964751640871894,0.02322209158426119
0.6,1715,115,1,OO_fraction,42,0.9248581785971391,2.1676931662777744e-18,0.32769577075952194,0.034132143598910425,0.1974708333411237,0.21001549710193743
0.6,1715,116,1,DCApost,42,0.9836879691567851,2.016607516479235e-31,0.33044460450759194,0.03257007810009813,0.32631067174459116,0.03494227599472375
0.6,1715,116,1,OO_fraction,42,0.9508755339390792,5.617342362135739e-22,0.3746388251976421,0.01450836188508391,0.308085414745882,0.04715094649104273
0.6,1715,117,1,DCApost,42,0.9654982812653607,5.482306517463807e-25,0.35576099859047317,0.02076471370987564,0.3394376468681631,0.027865650590805063
0.6,1715,117,1,OO_fraction,42,0.9027958605083277,3.0326920333796463e-16,0.39929237217429303,0.008803925703237996,0.34738542755073676,0.02419085069223212
0.6,1715,118,1,DCApost,42,0.9735182493325136,2.9719413845672593e-27,0.28865759725813833,0.06374735750824924,0.24981768090106152,0.1105872450633964
0.6,1715,118,1,OO_fraction,42,0.9339276645388942,1.80126620995857e-19,0.25172397889251247,0.10780428752808599,0.12921531541286996,0.4147481633623131
0.6,1715,119,1,DCApost,42,0.9855540641249252,1.8061703110232193e-32,0.2666263973601374,0.08785142996573057,0.23814925856899766,0.1288248367419099
0.6,1715,119,1,OO_fraction,42,0.8962265011916043,1.0539316945552835e-15,0.27745675659559077,0.07524442088003575,0.16188393028826933,0.3057209091809892
0.6,1715,120,1,DCApost,42,0.9783594074379955,5.479274501341496e-29,0.26289598630165906,0.09255396934444915,0.20962644842395267,0.1827303042279394
0.6,1715,120,1,OO_fraction,42,0.9335415584284695,2.016617049476421e-19,0.5872615190784051,4.344666541204163e-05,0.4546044471991058,0.0024904362546753125
0.6,1715,121,1,DCApost,42,0.9549346375684822,1.0392760945739191e-22,0.1766226481650074,0.2631715970101023,0.10299003322259137,0.5163136119420488
0.6,1715,121,1,OO_fraction,42,0.8879755174626359,4.500370202087262e-15,0.24733163062979252,0.11429814157629342,0.1891501682647387,0.23025366281298473
0.6,1715,122,1,DCApost,42,0.9815725369933657,2.2666945652196067e-30,0.24038184605454435,0.12517208174546512,0.1426950814358642,0.36732951348803444
0.6,1715,122,1,OO_fraction,42,0.6716294145497603,1.1203024225198582e-06,0.5738469870957317,7.094281792109282e-05,0.3875599360543749,0.011217469568450237
0.6,1715,123,1,DCApost,42,0.9595360895029356,1.2579715759297274e-23,0.26504281263237717,0.08982452106801667,0.2733165869864679,0.07988438588822189
0.6,1715,123,1,OO_fraction,42,0.8475116684657522,1.453974041048182e-12,0.5656498836026697,9.474016694683512e-05,0.4106491665905807,0.006906954866279875
0.6,1715,124,1,DCApost,42,0.9926141253073576,2.869221188929084e-38,0.22092958725338493,0.1597179085482116,0.1554979337168787,0.3254461834215052
0.6,1715,124,1,OO_fraction,42,0.9321479470410542,3.0146121573079797e-19,0.49366103618670154,0.000893006082906983,0.334198471747244,0.030532451539792296
0.6,1715,125,1,DCApost,42,0.9646763625812521,8.713150551139365e-25,0.2512831573542255,0.10844304164614922,0.20638521999837942,0.18974485154037588
0.6,1715,125,1,OO_fraction,42,0.9419582672790708,1.4536681617516297e-20,0.3881974012242051,0.011073156549370182,0.24758746281104974,0.11391196907161895
0.6,1715,126,1,DCApost,42,0.968720128452279,7.948779778050423e-26,0.27340500184503486,0.07978301413024619,0.28028522810145046,0.07219810949582128
0.6,1715,126,1,OO_fraction,42,0.9448395757782755,5.393010336072041e-21,0.378426928830742,0.013468112445787992,0.24385702609656942,0.11964160364460234
0.6,1715,127,1,DCApost,42,0.982325257809351,9.91119583733886e-31,0.2070258227645186,0.18834357488944042,0.13831942306134024,0.3823526564755342
0.6,1715,127,1,OO_fraction,42,0.971125097659432,1.640563786405555e-26,0.4008184018293589,0.00852550516493093,0.30046234841629194,0.05318818565860514
0.6,1715,128,1,DCApost,42,0.9663976006952486,3.259447198895613e-25,0.24255686450725933,0.12168873464594995,0.20038894741106883,0.2032205951763117
0.6,1715,128,1,OO_fraction,42,0.8937901973013235,1.6380311988806773e-15,0.39313855390702485,0.01000738385630895,0.27481968105558696,0.07817465732437152
0.6,1715,129,1,DCApost,42,0.970148512501121,3.162370481666847e-26,0.25167249581533974,0.10787873882503508,0.21108500121546067,0.17963484527791315
0.6,1715,129,1,OO_fraction,42,0.8362429808425608,5.421527204677379e-12,0.6192122580326691,1.2324196808516327e-05,0.48233099307675287,0.0012175708228044514
0.6,1715,130,1,DCApost,42,0.976883983570496,2.0218211479649957e-28,0.15796410927301802,0.31773623950946606,0.07900494287334901,0.6189511605796449
0.6,1715,130,1,OO_fraction,42,0.7786144878671721,1.2735260201130238e-09,0.5379576973470813,0.00023845511871072245,0.42993760188731606,0.004487164125191073
0.6,1715,131,1,DCApost,42,0.9611305738885533,5.712905685706297e-24,0.3365781102354789,0.029296167943095912,0.37152580828133863,0.015413489026638005
0.6,1715,131,1,OO_fraction,42,0.8332240193134531,7.585239556326784e-12,0.6089756082501456,1.873058218587137e-05,0.4770590534534126,0.001401496480516886
0.6,1715,132,1,DCApost,42,0.9839005698454142,1.5542196385485659e-31,0.30327800679454603,0.050889788257310206,0.2960051859654809,0.056996336656273655
0.6,1715,132,1,OO_fraction,42,0.9638978175184256,1.3379077699502742e-24,0.4289788838261183,0.004587088561390343,0.3159008337900066,0.04154944111720217
0.6,1715,133,1,DCApost,42,0.9750954073093108,8.83010669527249e-28,0.25264653577507823,0.10647677194789139,0.1845069281257597,0.24210899780268552
0.6,1715,133,1,OO_fraction,42,0.9312746291591594,3.861639296244301e-19,0.5138336564861576,0.0005004556445206719,0.35106653341272004,0.022631083107964668
0.6,1715,134,2,DCApost,42,0.9769324614097625,1.9395477506936984e-28,0.1931709164159095,0.22031364825773528,0.10493477027793535,0.508380472348323
0.6,1715,134,2,OO_fraction,42,0.9591957967112539,1.4826870146824294e-23,0.4172094650959664,0.005981008338154395,0.275484641719337,0.07742748474054689
0.6,1715,135,1,DCApost,42,0.971894151028264,9.628939684189326e-27,0.20288367401073312,0.19753489603615604,0.1271371849931124,0.4223555400062001
0.6,1715,135,1,OO_fraction,42,0.8836186780547419,9.259721681422756e-15,0.5127894031417163,0.0005161405730391932,0.42713500380799174,0.004784729512052613
0.6,1715,136,1,DCApost,42,0.9681199240175337,1.15609980510976e-25,0.35820546868523917,0.01984511241409096,0.39113524025605706,0.010428391354056444
0.6,1715,136,1,OO_fraction,42,0.9084166123578524,9.717269910936374e-17,0.4613953305951584,0.0021014753375155214,0.42512316163006536,0.005008788137605172
0.6,1715,137,1,DCApost,42,0.9714541616936841,1.3084249952211075e-26,0.1844056823971072,0.242372019759255,0.10752775301839398,0.4978994527889071
0.6,1715,137,1,OO_fraction,42,0.907355192216335,1.211375310923749e-16,0.41385133560419757,0.006440582822068975,0.2771065707256328,0.07562849413915772
0.6,1715,138,1,DCApost,42,0.9635879838822582,1.5827548404196961e-24,0.29021153159548047,0.06226907600113159,0.27137184993112395,0.08213968254991555
0.6,1715,138,1,OO_fraction,42,0.7816470107278316,9.96411422990983e-10,0.5482348001748816,0.00017089188068181307,0.37426011820274957,0.014616006470311367
0.6,1715,139,1,DCApost,42,0.9803315137749588,8.252425387195808e-30,0.21551283228371843,0.1704677708748789,0.1935823677173649,0.21931343477637905
0.6,1715,139,1,OO_fraction,42,0.9706329497665902,2.2899674627192175e-26,0.4144562183802558,0.006355615027126585,0.31054520701627414,0.04532568629190518
0.6,1715,140,1,DCApost,42,0.9363105208276062,8.834600629533615e-20,0.194604163892626,0.21684308629885388,0.1426950814358642,0.36732951348803444
0.6,1715,140,1,OO_fraction,42,0.8949155216834096,1.3379705564008184e-15,0.17794623257405398,0.2595533431051606,0.0949639433186175,0.5496943832449583
0.6,1715,141,1,DCApost,42,0.9730850924916236,4.094880416048598e-27,0.21031500795850755,0.18126428181542797,0.18791021797261162,0.23337995619902976
0.6,1715,141,1,OO_fraction,42,0.9423625701914321,1.2687664180913198e-20,0.31517383245978164,0.042046489096517675,0.2534046900756785,0.10539518424432585
0.6,1715,142,1,DCApost,42,0.9785456290000173,4.61737141931452e-29,0.23844877969053643,0.1283302136814366,0.20168543878129813,0.20025164016341507
0.6,1715,142,1,OO_fraction,42,0.9338467001741422,1.8445353002200884e-19,0.4457396391078521,0.003092660130930858,0.3503567084155734,0.022925128209075787
0.6,1715,143,1,DCApost,42,0.9768276359613496,2.121611823883604e-28,0.1984027585691979,0.20782851707587055,0.0918077951543635,0.5630952081559097
0.6,1715,143,1,OO_fraction,42,0.6209954356723265,1.1440152183691622e-05,0.5363199325442092,0.0002512093995565938,0.3503567084155734,0.022925128209075787
0.6,1715,144,1,DCApost,42,0.9629531660579173,2.2233313394295615e-24,0.34943005580395076,0.02331379077123168,0.3188558463657727,0.0395781232423426
0.6,1715,144,1,OO_fraction,42,0.9051417232213628,1.9022894039329238e-16,0.4726016848623398,0.0015757949493809896,0.3693943311838622,0.016060419299729168
0.6,1715,145,2,DCApost,42,0.9821395381999811,1.2195012744417244e-30,0.30750857136315063,0.047587479529322074,0.2700753585608946,0.08367059292278535
0.6,1715,145,2,OO_fraction,42,0.8089802734564895,9.019721540941523e-11,0.5527013313765115,0.00014735446433219947,0.42461092981970694,0.005067271640220608
0.6,1715,146,1,DCApost,42,0.9883271945619618,2.6080257760167226e-34,0.2846098318464299,0.06772917414358073,0.2329632930880804,0.1376162846852167
0.6,1715,146,1,OO_fraction,42,0.8410695056165854,3.1241425771640256e-12,0.6286587201349627,8.264268920328945e-06,0.5147094645780103,0.00048763168367257323
0.6,1715,147,1,DCApost,42,0.9435116660285113,8.572364047609689e-21,0.37345055112677306,0.014848392209353961,0.29146746616967834,0.06109432811075046
0.6,1715,147,1,OO_fraction,42,0.949633695494729,9.149196399935732e-22,0.4748215081418698,0.0014867303199246795,0.3380911013623538,0.028531888944955914
0.6,1715,148,1,DCApost,42,0.9844529479663391,7.770511635198079e-32,0.21693166058805657,0.1676029426359833,0.15290495097642007,0.33367765621249923
0.6,1715,148,1,OO_fraction,42,0.8613944253207538,2.4651794896470447e-13,0.5647882190618517,9.76220286850581e-05,0.4403112141477452,0.0035214099374966065
0.6,1715,149,2,DCApost,42,0.9696420855048927,4.4067077412238326e-26,0.18774256986397203,0.2338048590840762,0.16830078599789322,0.286685792980509
0.6,1715,149,2,OO_fraction,42,0.9305595842381575,4.718187288816396e-19,0.3150389042831744,0.04213926920156701,0.2634565715758013,0.09183514674480725
0.6,1715,150,1,DCApost,42,0.9774788811287428,1.2068248649163253e-28,0.26077477930256043,0.09531332138124114,0.19244793776841423,0.22207878092071875
0.6,1715,150,1,OO_fraction,42,0.9041993599154795,2.297573535426996e-16,0.25508748550470944,0.10302447642038172,0.18595980775227333,0.2383558900428146
0.6,1715,151,1,DCApost,42,0.9432456162083982,9.393781371580671e-21,0.18088364960364844,0.2516422372784934,0.08289441698403696,0.60173685572545
0.6,1715,151,1,OO_fraction,42,0.9064477861980658,1.459537180919526e-16,0.4201720693026293,0.005599430963186817,0.29653943172586045,0.05652869368267735
0.6,1715,152,1,DCApost,42,0.9859889224876908,9.840012085289047e-33,0.30604041231364054,0.048713281671247194,0.26910299003322263,0.08483328843895566
0.6,1715,152,1,OO_fraction,42,0.7802197905964879,1.1189290127927805e-09,0.5775334642524842,6.213178901626174e-05,0.42947474344879866,0.004535167224421869
0.6,1715,153,2,DCApost,42,0.9425405584455742,1.19463648786621e-20,0.30602781109231136,0.04872303670703711,0.27347864840774655,0.07969865170555891
0.6,1715,153,2,OO_fraction,42,0.9067529757468735,1.37115272754367e-16,0.43121099643039407,0.004357377178420858,0.3556079346303482,0.02082346484089436
0.6,1715,154,2,DCApost,42,0.9795153461387124,1.8471358445113076e-29,0.24030752615026862,0.12529241387027773,0.18855846365772627,0.23174193903069004
0.6,1715,154,2,OO_fraction,42,0.9240203597186832,2.6847182980786617e-18,0.35267632253208686,0.02197589218381711,0.2522910569293074,0.10698680517095323
0.6,1715,155,1,DCApost,42,0.963850567440589,1.372770549868882e-24,0.396023489056045,0.009426718220030852,0.35434729762580014,0.02131266041531451
0.6,1715,155,1,OO_fraction,42,0.9474560003541149,2.09065015852969e-21,0.4623745116647149,0.0020500585461511824,0.38253195613485796,0.01241307297460221
0.6,1715,156,1,DCApost,42,0.9826321785179767,7.0014331689903245e-31,0.23247651656811408,0.13846377408068772,0.13750911595494694,0.3851739320567249
0.6,1715,156,1,OO_fraction,42,0.8417055768441173,2.9012932270748322e-12,0.6274898830443172,8.68939972719135e-06,0.5012561861777662,0.0007210688324413209
0.6,1715,157,1,DCApost,42,0.970307218665068,2.8467085551044383e-26,0.2819892984999578,0.0704102263467624,0.2334494773519164,0.13677367222160935
0.6,1715,157,1,OO_fraction,42,0.9141217149810831,2.832945196843575e-17,0.31556011463804834,0.04178179039679412,0.20476853704484133,0.19331405161936815
0.6,1715,158,1,DCApost,42,0.9737274872948137,2.540801808534216e-27,0.19855414826254134,0.20747475153502087,0.16943521594684388,0.2834025145330883
0.6,1715,158,1,OO_fraction,42,0.9108682256419015,5.779730496660833e-17,0.26566525808097713,0.08904492314307311,0.17477303640536238,0.2682836804264136
0.6,1715,159,1,DCApost,42,0.980491069707948,7.022061516053853e-30,0.18449492910668022,0.24214015944901557,0.12243740377603111,0.43984688860911136
0.6,1715,159,1,OO_fraction,42,0.797762888384211,2.52615250863847e-10,0.6374943566008191,5.618104861320551e-06,0.49051560449389975,0.0009743083050622293
0.6,1715,160,1,DCApost,42,0.9510724749076626,5.193146059883357e-22,0.3033594281653772,0.0508245345563697,0.293088080382465,0.059604638472817856
0.6,1715,160,1,OO_fraction,42,0.8182765751355344,3.64539878943259e-11,0.5563182402611258,0.00013048935631039811,0.4724384305057755,0.0015825277726376247
0.6,1715,161,1,DCApost,42,0.9620028439467155,3.657673369222089e-24,0.21103587576596797,0.17973848924316932,0.18904464792156228,0.2305185912006889
0.6,1715,161,1,OO_fraction,42,0.9542667496628159,1.386229446918994e-22,0.4135240967270131,0.006486958314859759,0.3262063580364311,0.03500392206971951
0.6,1715,162,1,DCApost,42,0.965969433281833,4.182279418816877e-25,0.27097479091200205,0.08260619461298147,0.2387975042541123,0.12775612758877575
0.6,1715,162,1,OO_fraction,42,0.9178764620277684,1.2002292861681711e-17,0.36941847504986464,0.01605296478944237,0.2459531022906524,0.1163960763467509
0.6,1715,163,1,DCApost,42,0.9744820120361934,1.428457643083375e-27,0.2692950007226877,0.0846027041527703,0.23588039867109636,0.13261796061306846
0.6,1715,163,1,OO_fraction,42,0.9782041006810173,6.312764548020582e-29,0.3728776487633669,0.015014728731535365,0.26653698687422617,0.08796192902267387
0.6,1715,164,1,DCApost,42,0.9765935240598221,2.5885104421175077e-28,0.21219615926757204,0.1773019469789402,0.13005429057612838,0.4116991666923271
0.6,1715,164,1,OO_fraction,42,0.9154756153047521,2.0880738809461835e-17,0.26184217769552043,0.09391699134566497,0.22017686260465116,0.16118147698563
0.6,1715,165,1,DCApost,42,0.9291874597032358,6.8891077427783675e-19,0.18226929995827243,0.2479671400946657,0.07819463576695569,0.6225633409042184
0.6,1715,165,1,OO_fraction,42,0.5258580027585321,0.0003482538621393348,0.42430198542818043,0.005102831233215297,0.24132621956343403,0.12365057347576155
0.6,1715,166,1,DCApost,42,0.9709276173112774,1.8767603280726003e-26,0.25325708040538836,0.10560510505377914,0.16668017178510655,0.2914188778287384
0.6,1715,166,1,OO_fraction,42,0.8749462240618372,3.5876740447052745e-14,0.49551478050989367,0.0008479748408914145,0.3642185772584848,0.01772748974297472
0.6,1715,167,1,DCApost,42,0.9817944511949204,1.7825301043787897e-30,0.2666871186430865,0.08777644823186109,0.21302973827080465,0.17556613753399233
0.6,1715,167,1,OO_fraction,42,0.9269204241390588,1.2666893483765391e-18,0.4320167636702273,0.0042769528395163545,0.36964983581097055,0.015981679469761974
0.6,1715,168,1,DCApost,42,0.9801961458210534,9.454107672921739e-30,0.24256035121476202,0.12168320975215832,0.1861275423385463,0.2379251526997732
0.6,1715,168,1,OO_fraction,42,0.8840656401673166,8.610527571775542e-15,0.41611914658880245,0.0061270041629007625,0.26980998519182425,0.08398667070681466
0.6,1715,169,1,DCApost,42,0.9796954658038711,1.550605265990137e-29,0.24266698906996037,0.1215143268797162,0.23361153877319504,0.13649365402180913
0.6,1715,169,1,OO_fraction,42,0.891178775555756,2.597249040297243e-15,0.32038242254778826,0.038590040707470505,0.249036644978559,0.1117430900106039
0.6,1715,170,2,DCApost,42,0.9602837037695244,8.723303013725759e-24,0.22194976245874887,0.15774978235144863,0.16684223320638522,0.29094330893762776
0.6,1715,170,2,OO_fraction,42,0.9149609250684868,2.3462401813531865e-17,0.2681393635994513,0.08599789267483762,0.19450662691873766,0.21707806187639633
0.6,1715,171,1,DCApost,42,0.9790322383641467,2.931239053518419e-29,0.3412013885180212,0.0270125553524665,0.3827080463495665,0.012369437090940448
0.6,1715,171,1,OO_fraction,42,0.8762427743036667,2.9490896204357136e-14,0.5594139734463429,0.00011746487701892927,0.4003729252347332,0.00860598782968964
0.6,1715,172,1,DCApost,42,0.9722242327685425,7.625693222569758e-27,0.31988670671056213,0.03890865958189105,0.3365205412851471,0.02932557985843679
0.6,1715,172,1,OO_fraction,42,0.8842425297951053,8.365668247361731e-15,0.5257283138328769,0.00034964370337048177,0.41221992659742135,0.006674663286804885
0.6,1715,173,1,DCApost,42,0.9577658881600017,2.91401463993372e-23,0.37300720578309504,0.014976975673990662,0.3551576047321935,0.020997125316122286
0.6,1715,173,1,OO_fraction,42,0.9356055616297518,1.0938226092943227e-19,0.35190036537400354,0.022289700904699276,0.2733463259549545,0.07985027754335723
0.6,1715,174,2,DCApost,42,0.9420421429969151,1.4133274796171765e-20,0.23390701819488552,0.13598420485463647,0.19050320071307028,0.22687507031180917
0.6,1715,174,2,OO_fraction,42,0.9011659562020401,4.164482279801635e-16,0.4789429053560926,0.0013331246659536273,0.3869111644518566,0.01136598832447564
0.6,1715,175,1,DCApost,42,0.9849085908315791,4.3041503709028634e-32,0.24240276179961168,0.1219331079604257,0.2551657078032574,0.10291527794352476
0.6,1715,175,1,OO_fraction,42,0.7419447092460194,1.8822670816134284e-08,0.3416687945952675,0.02679014872755746,0.1990110409903361,0.2064096387672957
0.6,1715,176,3,DCApost,42,0.9705669614983141,2.3936571506155176e-26,0.20401436596907654,0.19499518085645678,0.19471679766631556,0.21657196021463274
0.6,1715,176,3,OO_fraction,42,0.9370509468949032,7.040651002011177e-20,0.4545010299077552,0.0024968190623201663,0.31100488695721445,0.04499102459753328
0.6,1715,177,1,DCApost,42,0.9727054938003183,5.3998037480332786e-27,0.315256977281222,0.041989399400580524,0.27671987683331983,0.07605439430171164
0.6,1715,177,1,OO_fraction,42,0.896770510569989,9.536786639862226e-16,0.5130967001246446,0.0005114797833547474,0.4007130994740021,0.008544471125263272
0.6,1715,178,1,DCApost,42,0.9538177322030066,1.6784049693084515e-22,0.3836398151139766,0.012140709491397672,0.41268940928611947,0.006606558314873073
0.6,1715,178,1,OO_fraction,42,0.8805489723634367,1.5135087084522495e-14,0.4178379084088824,0.005898235554036051,0.3289559284475698,0.033408563005160145
0.6,1715,179,1,DCApost,42,0.9814731806439794,2.5217710712691205e-30,0.28291144570853877,0.06945739657011026,0.23652864435621104,0.1315258244578895
0.6,1715,179,1,OO_fraction,42,0.949640242805904,9.125992250157035e-22,0.3961350866991081,0.009404849606984768,0.34289886085096605,0.026212101071868704
0.6,1715,180,1,DCApost,42,0.9650376274803308,7.117499152821718e-25,0.23744302443112977,0.1299967358121443,0.185803419495989,0.23875796703113877
0.6,1715,180,1,OO_fraction,42,0.9142368274981597,2.760948928750615e-17,0.12143018553443143,0.4436468100256792,0.04863813629091718,0.7596963218056743
0.6,1715,181,1,DCApost,42,0.9816040991970005,2.1909289456425413e-30,0.23677411939453924,0.13111401398047373,0.1738108743213678,0.2709687389171182
0.6,1715,181,1,OO_fraction,42,0.8574127928747765,4.1795889607706236e-13,0.6071805553739184,2.012705017855015e-05,0.5020666246356122,0.0007045941503396956
0.6,1715,182,1,DCApost,42,0.970121785476738,3.218693052749306e-26,0.26836947744416145,0.08571866261413327,0.2642411473948627,0.09083636140026435
0.6,1715,182,1,OO_fraction,42,0.8153394825048832,4.880023676069323e-11,0.5246453877725914,0.000361445251120431,0.3697308993714554,0.015956766111914468
0.6,1715,183,1,DCApost,42,0.970459817413115,2.5715604407342878e-26,0.21751588828751106,0.16643346655240787,0.1845069281257597,0.24210899780268552
0.6,1715,183,1,OO_fraction,42,0.908627101496514,9.298678511296314e-17,0.4055829452613988,0.0077043920775447736,0.329981456330875,0.032829064208726944
0.6,1715,184,1,DCApost,42,0.9833539361572813,3.0155695423463015e-31,0.2938666243958113,0.05889937128610463,0.3041082570294142,0.05022755426788386
0.6,1715,184,1,OO_fraction,42,0.9590491444531918,1.5908302148657206e-23,0.3932501368417672,0.009984368433443462,0.33468505044913266,0.030276216909058715
0.6,1715,185,1,DCApost,42,0.9622537746851215,3.2111230609105348e-24,0.1305001758689014,0.4100839542627159,0.04270318450692813,0.7882999761637113
0.6,1715,185,1,OO_fraction,42,0.898205533799853,7.306751870520279e-16,0.2261933114971209,0.1497525784698743,0.10193823804568931,0.5206297571973484
0.6,1715,186,2,DCApost,42,0.9898111755086698,1.7424040313678964e-35,0.2681341976123774,0.0860041694085744,0.22340166923263918,0.15497931529310366
0.6,1715,186,2,OO_fraction,42,0.9190741262544009,9.047874629986379e-18,0.5210446625669635,0.00040330416890654576,0.4156939381663721,0.006184771255986094
0.6,1715,187,1,DCApost,42,0.9818196681862225,1.7341928500809584e-30,0.2795441453399122,0.07298671189469333,0.23555627582853905,0.13316655507035685
0.6,1715,187,1,OO_fraction,42,0.9487848649384607,1.2680409269735995e-21,0.39893636633697654,0.008869990392656294,0.32295722497169005,0.036969223360404396
0.6,1715,188,1,DCApost,42,0.9819118953211016,1.5677902266210725e-30,0.20026028235808985,0.20351690972497666,0.11968235961429383,0.45028341520779736
0.6,1715,188,1,OO_fraction,42,0.9255925750757086,1.7933967034000936e-18,0.37425018935891274,0.014618837752375553,0.2378558887732751,0.12931068143037378
0.6,1715,189,1,DCApost,42,0.9845006913720213,7.31011207704637e-32,0.22084165594266697,0.15988837829601188,0.17364881290008916,0.2714227325006554
0.6,1715,189,1,OO_fraction,42,0.9565578322151,5.065388561652076e-23,0.3578613378358033,0.019972467059940865,0.23980220358083001,0.12611288739527565
0.6,1715,190,1,DCApost,42,0.964203247597282,1.1320086198019521e-24,0.15294574477036385,0.33354716396942813,0.03152094643870027,0.8429172616496061
0.6,1715,190,1,OO_fraction,42,0.9085009280063039,9.547500327269642e-17,0.260764246663831,0.09532717901183758,0.19584956213142649,0.21385827253308914
0.6,1715,191,1,DCApost,42,0.9849466810047496,4.093431769066287e-32,0.25101887841850845,0.10882736271321486,0.17948302406612107,0.25539400986586946
0.6,1715,191,1,OO_fraction,42,0.7905920331255158,4.721004681117587e-10,0.4198634155287578,0.005638173604194194,0.3041927851307722,0.05016052343526573
0.6,1715,192,1,DCApost,42,0.975182348066472,8.240174516472011e-28,0.15658439240172997,0.3220353082046856,0.1170893768738352,0.46022801700843197
0.6,1715,192,1,OO_fraction,42,0.9188619844075121,9.51526222705046e-18,0.4574921489429652,0.002317909747512402,0.3411727664743158,0.02702622428381847
0.6,1715,193,1,DCApost,42,0.9859578884509178,1.028230692343162e-32,0.2825655311174244,0.06981361999770935,0.2765578154120412,0.07623344548554542
0.6,1715,193,1,OO_fraction,42,0.8125622391645283,6.399782162365255e-11,0.582969032406624,5.094706305023929e-05,0.500324295312568,0.0007404369795740377
0.6,1715,194,2,DCApost,42,0.9577561539782071,2.9272137439188156e-23,0.19049084434189473,0.22690577010584628,0.10444858601409934,0.510357975425485
0.6,1715,194,2,OO_fraction,42,0.8221287514456987,2.4667294236303483e-11,0.4254614718189676,0.004970484524447867,0.2955965613974046,0.05735610424779159
0.6,1715,195,1,DCApost,42,0.9688205299843894,7.460639159779006e-26,0.20527831014809625,0.19218352801801822,0.12097885098452313,0.44535538857927115
0.6,1715,195,1,OO_fraction,42,0.9804230146834553,7.523881994917008e-30,0.40731327897318886,0.007423547095614215,0.3168438313798792,0.04091185657370366
0.6,1715,196,1,DCApost,42,0.9727867226465491,5.091119557075036e-27,0.2782849869555001,0.07434213736709236,0.24511789968398026,0.11768122090513171
0.6,1715,196,1,OO_fraction,42,0.9240436822722251,2.668867645948411e-18,0.3212757625189706,0.038021236249144365,0.19139106630475908,0.2246765942959619
0.6,1715,197,3,DCApost,42,0.9621194527873729,3.443294862090184e-24,0.2130164156706644,0.17559378371479395,0.12146503524835914,0.44351503240976053
0.6,1715,197,3,OO_fraction,42,0.9024375082284748,3.2532498386784696e-16,0.3571095691423059,0.02025306661054159,0.2749980630174483,0.07797366941224039
0.6,1715,198,1,DCApost,42,0.9833163183895712,3.153749161579618e-31,0.28177877742584634,0.07062919135835702,0.2718580341949599,0.08157125700688583
0.6,1715,198,1,OO_fraction,42,0.9429723952668178,1.0314606347062677e-20,0.3322407484913111,0.031581567241110976,0.2582872730422787,0.09862941256779291
0.6,1715,199,1,DCApost,42,0.96296503021514,2.209375474679856e-24,0.27459581795994625,0.07842746379098714,0.2738027712503039,0.07932819631946705
0.6,1715,199,1,OO_fraction,42,0.9421154044266099,1.3789615673105446e-20,0.37333462318699895,0.01488192413447814,0.24093755388523708,0.12427507406224436
0.7,2001,0,1,DCApost,42,0.9722386513620858,7.547908660367416e-27,0.3119680686228718,0.04429629505748171,0.29146746616967834,0.06109432811075046
0.7,2001,0,1,OO_fraction,42,0.7988430260524002,2.294115004458823e-10,0.5576526553659046,0.00012472272369917152,0.3749898744453556,0.014409179939647328
0.7,2001,1,1,DCApost,42,0.9879901839509011,4.594123121658832e-34,0.2750470188384965,0.07791858035973029,0.24560408394781622,0.11693182245135807
0.7,2001,1,1,OO_fraction,42,0.9399146217330331,2.8495849955467394e-20,0.3075729507868242,0.04753859824015966,0.2047310053049542,0.19339747103570645
0.7,2001,2,2,DCApost,42,0.987737728085332,6.948592733234137e-34,0.2322323562322594,0.1388903165963027,0.16035977635523865,0.3103579581315686
0.7,2001,2,2,OO_fraction,42,0.7811613022892945,1.0366217501774691e-09,0.6047199102593411,2.21963137643179e-05,0.44455256569898294,0.003182291630324858
0.7,2001,3,1,DCApost,42,0.9832542040644503,3.395152069855482e-31,0.2196655279004693,0.16218123816389093,0.17235232152985983,0.27507271686207263
0.7,2001,3,1,OO_fraction,42,0.9268318331125883,1.2966810135744924e-18,0.31898895435945673,0.0394911549067882,0.27045666179982014,0.08321805758796619
0.7,2001,4,1,DCApost,42,0.9750503639526827,9.151290729824697e-28,0.2594739059460621,0.09703663250617309,0.2376630743051617,0.12963074276376854
0.7,2001,4,1,OO_fraction,42,0.9371289194150743,6.873258839183788e-20,0.45192635144944304,0.0026604335606444586,0.34879583280390597,0.023582959238150174
0.7,2001,5,2,DCApost,42,0.9840228883584344,1.3358321095674906e-31,0.291563107299308,0.061005597927626595,0.2759095697269265,0.07695295914214907
0.7,2001,5,2,OO_fraction,42,0.5918372766988851,3.657149248060611e-05,0.5517223237728394,0.000152246668991228,0.3838359588958214,0.012093022774678962
0.7,2001,6,1,DCApost,42,0.9786531514221939,4.18004666248657e-29,0.33102110706522697,0.03225005934845246,0.3773600194473706,0.013754474654867184
0.7,2001,6,1,OO_fraction,42,0.9314048330545853,3.7224454904632984e-19,0.4765603322364248,0.0014201094735819908,0.3534371237139981,0.02167180998481839
0.7,2001,7,1,DCApost,42,0.9893751991936577,4.012009018425728e-35,0.2839059068973132,0.06844129005445955,0.3233935661615752,0.036700156496051115
0.7,2001,7,1,OO_fraction,42,0.9373704088061431,6.378411921775276e-20,0.4715168373422036,0.0016210152383477135,0.3474982895988693,0.024141730545028824
0.7,2001,8,1,DCApost,42,0.9910871999951083,1.2133507182771181e-36,0.19341569554923163,0.21971822630111668,0.14010209869540557,0.3761889076538263
0.7,2001,8,1,OO_fraction,42,0.9806192721002384,6.161769319628421e-30,0.3795192239457509,0.013180201011148997,0.2771065707256328,0.07562849413915772
0.7,2001,9,1,DCApost,42,0.9860700952012559,8.76695719800081e-33,0.2118665859055086,0.1779916166498956,0.14480187991248686,0.3602241865513782
0.7,2001,9,1,OO_fraction,42,0.9649641967042364,7.417505551948927e-25,0.4116442383398941,0.0067590025278828495,0.3240154198108133,0.03631946909937623
0.7,2001,10,1,DCApost,42,0.9883675021117102,2.4345899218256017e-34,0.23334179472263986,0.13695996750435602,0.19520298193015154,0.21540433608086254
0.7,2001,10,1,OO_fraction,42,0.9430963570084621,9.886703983204402e-21,0.2764916477887936,0.07630664481047592,0.17443846462711035,0.26921535229641047
0.7,2001,11,1,DCApost,42,0.9692985059023349,5.501697335065739e-26,0.24756543037953077,0.11394518755945282,0.2282635118709991,0.14596095006037707
0.7,2001,11,1,OO_fraction,42,0.9577760400353167,2.9003092764098955e-23,0.46280535589517885,0.0020277887176103444,0.34484156381348346,0.02532029950054507
0.7,2001,12,1,DCApost,42,0.9890783416626052,6.942973025530767e-35,0.27984656073676684,0.0726640903114349,0.25873105907138805,0.0980313989414462
0.7,2001,12,1,OO_fraction,42,0.7213862980600869,7.056123865040179e-08,0.5231603178167564,0.0003782114128616845,0.3510862804599372,0.022622948171249796
0.7,2001,13,1,DCApost,42,0.9924312458276197,4.6718863264489214e-38,0.23897791697497614,0.1274598791366992,0.1968235961429382,0.21154378679210661
0.7,2001,13,1,OO_fraction,42,0.9395857936705709,3.1685353937274484e-20,0.3219503902154635,0.03759624951657332,0.19677871100456357,0.211650057848258
0.7,2001,14,1,DCApost,42,0.9854210900367427,2.1668065425994556e-32,0.2914582799498722,0.06110285595079917,0.27153391135240257,0.08194986512725227
0.7,2001,14,1,OO_fraction,42,0.9671281955364003,2.1140926905630713e-25,0.39656061237904544,0.009321862677344098,0.3063012928389567,0.04851167920394884
0.7,2001,15,1,DCApost,42,0.9851599144265414,3.083287227251661e-32,0.33908032542686356,0.028041174505594547,0.3289036544850499,0.03343832563913756
0.7,2001,15,1,OO_fraction,42,0.9771392259835018,1.6229869275545254e-28,0.38885005785670174,0.010927050570749615,0.2647535885435591,0.09018856074319569
0.7,2001,16,1,DCApost,42,0.990737516807255,2.6113917964078325e-36,0.2711819537148281,0.08236253812505362,0.2540312778543068,0.10450763563457215
0.7,2001,16,1,OO_fraction,42,0.7983835637859397,2.390261657430935e-10,0.5822168308850503,5.237678606279989e-05,0.43360898503352663,0.004121829890351425
0.7,2001,17,1,DCApost,42,0.9607457900960149,6.932341150785737e-24,0.33479536783083463,0.030218371042094582,0.29130540474839967,0.061244913779994685
0.7,2001,17,1,OO_fraction,42,0.9591051694492148,1.548662665484587e-23,0.4547587825824369,0.0024809375281108857,0.34717390379761015,0.02428313510136146
0.7,2001,18,1,DCApost,42,0.9913579554334992,6.562983660153923e-37,0.2455645371754533,0.1169926443569835,0.15630824082327202,0.3229001354972205
0.7,2001,18,1,OO_fraction,42,0.9029821190679639,2.9237114341743453e-16,0.5008559581542597,0.0007293309165085996,0.35627434833096827,0.020568686257122736
0.7,2001,19,1,DCApost,42,0.9835978655285491,2.2496313444223886e-31,0.28018846664173397,0.07230069290838895,0.26910299003322263,0.08483328843895566
0.7,2001,19,1,OO_fraction,42,0.9729928179291142,4.381287386929817e-27,0.38499780579026627,0.011813814186275522,0.2774376960513826,0.0752652864167109
0.7,2001,20,1,DCApost,42,0.9820714290918262,1.3151407029348825e-30,0.27346051546885153,0.07971941658312887,0.1966615347216595,0.21192766194267368
0.7,2001,20,1,OO_fraction,42,0.9714322050109018,1.3284334423455027e-26,0.456911843021172,0.00235170980846255,0.3434434670831299,0.025959504574845887
0.7,2001,21,1,DCApost,42,0.9882310198687412,3.0704611159369466e-34,0.3344957716994307,0.030375680012030424,0.3468924722469816,0.024406373970380937
0.7,2001,21,1,OO_fraction,42,0.9773032474836801,1.407414813920841e-28,0.42133977485737073,0.005454941060668328,0.30938295795091864,0.04618084894534424
0.7,2001,22,1,DCApost,42,0.9766780499470652,2.409695779871059e-28,0.21471426336139454,0.17209563806125072,0.1922858763471356,0.2224757823140918
0.7,2001,22,1,OO_fraction,42,0.9412116349989581,1.8641100045578938e-20,0.3539873643894083,0.02145408759263307,0.2574578680999216,0.09975456377743665
0.7,2001,23,1,DCApost,42,0.9735050310413398,3.001387854657727e-27,0.30094681836615067,0.052786883961977865,0.25565189206709343,0.10223854791484796
0.7,2001,23,1,OO_fraction,42,0.9631580365214443,1.993684217791795e-24,0.40691333514161,0.007487663698238459,0.3156615045280525,0.041712538512888066
0.7,2001,24,1,DCApost,42,0.9891680239360713,5.892257715069831e-35,0.30778924497075666,0.04737467006268217,0.2750992626205332,0.07785982505338489
0.7,2001,24,1,OO_fraction,42,0.954873666823826,1.067160843851014e-22,0.4589015399696885,0.0022375944429041694,0.338845682826723,0.028156933713655807
0.7,2001,25,1,DCApost,42,0.9698251331222613,3.9112192448652385e-26,0.2910554979339341,0.06147770368987828,0.27266834130135326,0.08063070813568775
0.7,2001,25,1,OO_fraction,42,0.9300778349909872,5.393507170048722e-19,0.43357117845501103,0.004125455527109085,0.30143550582006934,0.05238455801920706
0.7,2001,26,1,DCApost,42,0.9879435308940095,4.962424872773409e-34,0.27145406765366736,0.08204334071842995,0.26213434891824006,0.09353754825797773
0.7,2001,26,1,OO_fraction,42,0.871296207398434,6.158628843802874e-14,0.5034166623377534,0.0006778959205626656,0.3679345950781961,0.016516588086891625
0.7,2001,27,1,DCApost,42,0.9920716468160616,1.1782733013775375e-37,0.24363427517294822,0.11999047499533158,0.20427842152175674,0.19440540306895088
0.7,2001,27,1,OO_fraction,42,0.8620016426902893,2.2712179116260524e-13,0.61882423726606,1.2524679557720274e-05,0.4732490661106242,0.001549345064454596
0.7,2001,28,2,DCApost,42,0.9747281236292585,1.179415850316127e-27,0.26847070445933646,0.08559605280612217,0.24965561947978288,0.11082632778580959
0.7,2001,28,2,OO_fraction,42,0.9242748029081476,2.516505428289259e-18,0.44969645577942635,0.002809676093454808,0.2860037317738621,0.06633635886525309
0.7,2001,29,1,DCApost,42,0.9808211100606345,5.006949576961985e-30,0.22654008011323878,0.14911247457537313,0.19649947330038087,0.21231202101631844
0.7,2001,29,1,OO_fraction,42,0.8615924514457994,2.4002720435380067e-13,0.494853426595687,0.0008638026338826182,0.3385201438422845,0.02831819165895229
0.7,2001,30,1,DCApost,42,0.9867499263848444,3.242945868753886e-33,0.29435792376450537,0.05845775326203488,0.26586176160764935,0.08879989917039885
0.7,2001,30,1,OO_fraction,42,0.9668006315714391,2.570057060515194e-25,0.43867234558667056,0.003660677473691556,0.35203969081649744,0.022233081217178936
0.7,2001,31,1,DCApost,42,0.971277733140846,1.4776263889082346e-26,0.2309483293396406,0.141149513371304,0.19730978040677416,0.21039506308319963
0.7,2001,31,1,OO_fraction,42,0.942962386021358,1.0349911966641822e-20,0.37235201493638775,0.015168727102480734,0.268185961191006,0.0859412921504297
0.7,2001,32,1,DCApost,42,0.985842250267371,1.2102343776832609e-32,0.29174659304393263,0.06083565814590864,0.27720606109715584,0.07551921996253017
0.7,2001,32,1,OO_fraction,42,0.9286791580491757,7.910876736652436e-19,0.520365224945913,0.0004116740873088021,0.3936385678693352,0.009904602779657606
0.7,2001,33,1,DCApost,42,0.9885672095484414,1.7250429499568894e-34,0.3063534564035624,0.0484714493588634,0.29454663317397295,0.058288831368383344
0.7,2001,33,1,OO_fraction,42,0.9725069218720016,6.23089362764218e-27,0.35526986237260677,0.02095372230771155,0.2654286818803032,0.08934060912326675
0.7,2001,34,1,DCApost,42,0.9563975444281515,5.444517296100335e-23,0.1623154255002933,0.30441620816092396,0.10347621748642737,0.5143245561475968
0.7,2001,34,1,OO_fraction,42,0.9488849966584678,1.220499317300125e-21,0.34914666663482863,0.023433744327496224,0.2607216488485207,0.09538324013297922
0.7,2001,35,1,DCApost,42,0.9800415935987064,1.1028857695049468e-29,0.1730714529657189,0.2730442008995651,0.09845231342678877,0.5350612574765364
0.7,2001,35,1,OO_fraction,42,0.9117974785422439,4.728043436022766e-17,0.48254835746445085,0.0012104706824688934,0.3598249500467172,0.019254898144915485
0.7,2001,36,1,DCApost,42,0.9843743244528472,8.589214897746919e-32,0.2275297380815827,0.14729670394847688,0.18693784944493966,0.2358517569030522
0.7,2001,36,1,OO_fraction,42,0.9341777754995703,1.6735899496704962e-19,0.2584891905272478,0.09835697692059417,0.20148517089663148,0.20070825161206032
0.7,2001,37,1,DCApost,42,0.9771054386583531,1.6711244204835048e-28,0.2159685295863138,0.16954382894333087,0.17543148853415444,0.26645633786044637
0.7,2001,37,1,OO_fraction,42,0.9301769122333751,5.247555476179304e-19,0.2778026395879176,0.07486657200887764,0.15198619616971035,0.3366249805352073
0.7,2001,38,1,DCApost,42,0.9620927455235658,3.491316015408343e-24,0.29838579927724745,0.054936110466043575,0.2976258001782676,0.055587233642895306
0.7,2001,38,1,OO_fraction,42,0.7909903803365317,4.5627313092363525e-10,0.5119829131487267,0.0005285541749852869,0.37182722469330587,0.015323810565155166
0.7,2001,39,1,DCApost,42,0.9571045896798139,3.951764470668054e-23,0.2876010408306681,0.06476830040229721,0.19860627177700346,0.2073530472609036
0.7,2001,39,1,OO_fraction,42,0.9665318295578366,3.012404220488932e-25,0.3542911810601979,0.021334658561266113,0.25648510537410324,0.10108670789807869
0.7,2001,40,1,DCApost,42,0.9931448419276534,6.488838424437514e-39,0.2691831908597464,0.084736916445591,0.21400210679847664,0.1735567660055585
0.7,2001,40,1,OO_fraction,42,0.8715000300764757,5.978169837282429e-14,0.5249264845918125,0.0003583479889318774,0.40394141901796227,0.007979238683703083
0.7,2001,41,1,DCApost,42,0.979817448400224,1.3760868575801736e-29,0.3174155570940897,0.04052919655262818,0.31820760068065795,0.04000390291896109
0.7,2001,41,1,OO_fraction,42,0.9465191880767353,2.9512530175882326e-21,0.3637878959342623,0.01787255002626496,0.28988329229386633,0.06257904061560879
0.7,2001,42,1,DCApost,42,0.9509246667302527,5.508541988707757e-22,0.3641325257509725,0.017756393661650743,0.3120492666720688,0.04423812823261498
0.7,2001,42,1,OO_fraction,42,0.9388121718598259,4.0574334142534776e-20,0.530120872091344,0.0003052456829038613,0.39956221070096365,0.008754133308421461
0.7,2001,43,1,DCApost,42,0.9809641657976055,4.3162760151882966e-30,0.25461983665174504,0.10367916466288214,0.21302973827080465,0.17556613753399233
0.7,2001,43,1,OO_fraction,42,0.8320568996772937,8.621440428723533e-12,0.5864839133023345,4.4725811904184064e-05,0.4671966502634974,0.0018126955867970274
0.7,2001,44,1,DCApost,42,0.975721634544342,5.336475901372657e-28,0.23912509466909235,0.12721858552376647,0.16133214488291064,0.30739451731138623
0.7,2001,44,1,OO_fraction,42,0.9610217369674867,6.03543724126121e-24,0.33492246438030093,0.030151840130680112,0.19763204941713988,0.2096360243847549
0.7,2001,45,1,DCApost,42,0.9929276525572497,1.2084623348151282e-38,0.30313606000750404,0.0510037103363349,0.2810955352078438,0.07134354084130173
0.7,2001,45,1,OO_fraction,42,0.8844084364482818,8.141997272883724e-15,0.5762395368219625,6.510403124712447e-05,0.4644622801915567,0.0019441200977648842
0.7,2001,46,1,DCApost,42,0.9903174010837009,6.316904052031188e-36,0.252965072865767,0.10602131870509697,0.19601328903654486,0.2134680035558556
0.7,2001,46,1,OO_fraction,42,0.9589539779963702,1.6649632373817026e-23,0.3780883262015882,0.013558440640195277,0.2790339610363863,0.07353353861963868
0.7,2001,47,1,DCApost,42,0.9727270661723256,5.316136843866738e-27,0.2301084230262367,0.14264192272557272,0.19423061340247955,0.2177439584539554
0.7,2001,47,1,OO_fraction,42,0.965947865014886,4.2347741566471965e-25,0.40871381972283133,0.0072027389044313495,0.26932131149541305,0.08457114575975166
0.7,2001,48,2,DCApost,42,0.9855199624100281,1.892796582978603e-32,0.24727874798447874,0.114378090117526,0.1861275423385463,0.2379251526997732
0.7,2001,48,2,OO_fraction,42,0.8719250948136099,5.617747304076433e-14,0.543060954612233,0.00020236954642680903,0.4211251967188579,0.005481247247907069
0.7,2001,49,1,DCApost,42,0.9832748023647978,3.3132184205470943e-31,0.2562501423500381,0.1014105110550787,0.17024552305323717,0.2810723759228114
0.7,2001,49,1,OO_fraction,42,0.8423890144651592,2.6785627602007754e-12,0.5529913946770519,0.00014593256156994125,0.41318096779134145,0.006535895648385638
0.7,2001,50,1,DCApost,42,0.9814024707617928,2.7196505532635384e-30,0.25214729822814697,0.10719359489897828,0.18191394538530103,0.24890616703561388
0.7,2001,50,1,OO_fraction,42,0.9596403864747483,1.1958350817148698e-23,0.27063612430544326,0.08300573038403311,0.16632881959563148,0.29245164531917556
0.7,2001,51,1,DCApost,42,0.9491930730815267,1.0845948520709756e-21,0.24561046940841713,0.11692200401910574,0.19860627177700346,0.2073530472609036
0.7,2001,51,1,OO_fraction,42,0.9257797953131207,1.7082650104462792e-18,0.29443754883627704,0.058386429812278776,0.19077391734916657,0.22620318124187677
0.7,2001,52,1,DCApost,42,0.9809395297547975,4.428386379e-30,0.29787667167517645,0.05537162126050439,0.25873105907138805,0.0980313989414462
0.7,2001,52,1,OO_fraction,42,0.7959250644800984,2.9722329788509077e-10,0.663716901037977,1.6580639357992194e-06,0.5058366174255385,0.0006322931903167328
0.7,2001,53,1,DCApost,42,0.9594851754099444,1.2894046678904656e-23,0.1907642684250074,0.22622710531835163,0.19147556924074224,0.22446811935070762
0.7,2001,53,1,OO_fraction,42,0.8427599812282447,2.5645057089306025e-12,0.4221945610636375,0.0053512333630594084,0.29920560174962546,0.05424062293834194
0.7,2001,54,2,DCApost,42,0.9809143373335223,4.545883462341025e-30,0.28583053257601077,0.06650817828612526,0.31950409205088726,0.03915605010226844
0.7,2001,54,2,OO_fraction,42,0.8634800727423694,1.8573636334057158e-13,0.5804543338353773,5.5871022315340914e-05,0.4749514008808062,0.0014816596496329804
0.7,2001,55,1,DCApost,42,0.9820146893873547,1.4002088444485796e-30,0.3216427249146019,0.03778958085920129,0.28595737784620373,0.06638230901381578
0.7,2001,55,1,OO_fraction,42,0.9652882001432629,6.178067498975941e-25,0.470073463965777,0.0016829587470370989,0.38878083608539793,0.010942468284363948
0.7,2001,56,1,DCApost,42,0.9809756619542465,4.2648876359094056e-30,0.14762260387355614,0.350842093266424,0.0396240175026335,0.803251635829621
0.7,2001,56,1,OO_fraction,42,0.8593080082595621,3.2573823948382e-13,0.38025988368282565,0.01298796662130966,0.2656452877088926,0.08906985387419532
0.7,2001,57,1,DCApost,42,0.9930735543178825,7.97526545517474e-39,0.27937185697766137,0.07317101529287376,0.2564621991734868,0.10111824009928795
0.7,2001,57,1,OO_fraction,42,0.9828821680920149,5.25103907259529e-31,0.39710806620490324,0.009216021755652741,0.2939746323911088,0.058802057589356485
0.7,2001,58,1,DCApost,42,0.9774113987307849,1.2804536461876195e-28,0.2690479817691869,0.08489943748978798,0.1835345595980877,0.24464305975919637
0.7,2001,58,1,OO_fraction,42,0.9451674323697432,4.801449219083272e-21,0.4184815587218794,0.0058144907598357,0.30950644705139685,0.04608937202826613
0.7,2001,59,2,DCApost,42,0.9872928445731023,1.4115190262661332e-33,0.3103181273403002,0.045491750660643114,0.28320233368446646,0.06915895214634107
0.7,2001,59,2,OO_fraction,42,0.7882271613485332,5.771705629995303e-10,0.6236381813403375,1.0236544269017318e-05,0.5108265405328536,0.0005468199933923087
0.7,2001,60,1,DCApost,42,0.9881920824116285,3.278985155629488e-34,0.2438391635046831,0.11966955172603397,0.17073170731707318,0.2796803149363847
0.7,2001,60,1,OO_fraction,42,0.965489124888944,5.511015002963347e-25,0.33434916734296344,0.030452903764133846,0.21936589810150328,0.1627691616116245
0.7,2001,61,1,DCApost,42,0.9896076845258034,2.5829162320871215e-35,0.2537417555982389,0.1049170257362732,0.26116198039056804,0.09480496314113356
0.7,2001,61,1,OO_fraction,42,0.9771803745136161,1.5661380825288005e-28,0.4368131616511936,0.0038244757143764585,0.35225417916322077,0.022146151641602503
0.7,2001,62,1,DCApost,42,0.9886468446263026,1.5010709487505363e-34,0.22406471101283704,0.15372601666992214,0.14172271290819222,0.37063702350568184
0.7,2001,62,1,OO_fraction,42,0.9561308810768446,6.135493887821749e-23,0.3582022155901114,0.019846313107275387,0.2960441228907159,0.05696214963984933
0.7,2001,63,1,DCApost,42,0.9935937551518365,1.6813473482812417e-39,0.2701817589168846,0.08354412334108047,0.2472246981606029,0.11445984694971331
0.7,2001,63,1,OO_fraction,42,0.9550093235629975,1.0060594594805191e-22,0.3608731258373556,0.0188808144894204,0.28132358614200176,0.07110447654099855
0.7,2001,64,1,DCApost,42,0.9800936771875125,1.0472266447178066e-29,0.21003803988918793,0.18185296579704818,0.10866218296734464,0.4933490534831375
0.7,2001,64,1,OO_fraction,42,0.9729996304292713,4.359508929279483e-27,0.41963180100906794,0.005667398683283922,0.28148577904263133,0.07093483547892229
0.7,2001,65,1,DCApost,42,0.9805914813864216,6.339300595590864e-30,0.32897420203341066,0.03339816392351321,0.2956810631229236,0.057281557354092634
0.7,2001,65,1,OO_fraction,42,0.8630176770149355,1.9784690936731308e-13,0.4949900801421726,0.000860510765392766,0.37832363678285075,0.013495613048092762
0.7,2001,66,1,DCApost,42,0.9887879499046792,1.1703816430421009e-34,0.2874275684069834,0.06493715874766921,0.28498500931853177,0.0673520330849812
0.7,2001,66,1,OO_fraction,42,0.9619812904777421,3.698659179090769e-24,0.399283499036466,0.008805567157030417,0.3356031404073285,0.02979758540734208
0.7,2001,67,1,DCApost,42,0.9622109718150035,3.2834448273899572e-24,0.23510543581148208,0.1339324317930681,0.21124706263673934,0.17929323409075415
0.7,2001,67,1,OO_fraction,42,0.9646836805708187,8.677703431355962e-25,0.3841347632552556,0.012020683964511229,0.27856630683129896,0.07403760655703394
0.7,2001,68,1,DCApost,42,0.9794994278029238,1.875783703236447e-29,0.2389155993287272,0.12756215026280515,0.19585122761526622,0.2138543000980514
0.7,2001,68,1,OO_fraction,42,0.9602442715412368,8.894932214171649e-24,0.41935821893034764,0.0057020884024242355,0.3560945133322369,0.0206371805959182
0.7,2001,69,1,DCApost,42,0.9802523290670218,8.936481374411742e-30,0.3179540407184736,0.040171459234705525,0.3037841341868568,0.0504852534434816
0.7,2001,69,1,OO_fraction,42,0.9473901909165627,2.142339924501596e-21,0.46173868642998567,0.0020833177219907184,0.3830920325052694,0.01227473664425585
0.7,2001,70,1,DCApost,42,0.9866859052859418,3.5690581533915636e-33,0.21962255647555226,0.16226546042332632,0.13118872052507902,0.40759684316431133
0.7,2001,70,1,OO_fraction,42,0.9362244698761066,9.069143734099441e-20,0.4044118396548691,0.007899624640948177,0.34409223868564814,0.025661239562138748
0.7,2001,71,1,DCApost,42,0.9889733355020728,8.399284347665826e-35,0.2871556846023947,0.06520251343747155,0.26845474434810795,0.08561537520940776
0.7,2001,71,1,OO_fraction,42,0.9894487260975773,3.4940911057667787e-35,0.4252898366008899,0.004989885179675834,0.31100488695721445,0.04499102459753328
0.7,2001,72,1,DCApost,42,0.9899155593586728,1.4194352502437926e-35,0.22781898430303058,0.1467690941139958,0.11190341139291793,0.4804669156578609
0.7,2001,72,1,OO_fraction,42,0.9716821068047233,1.1169121981870937e-26,0.31352524013170163,0.043191566229552496,0.22374510641850184,0.15432921305490438
0.7,2001,73,1,DCApost,42,0.9836139807811944,2.206159918201221e-31,0.2196187026666406,0.16227301528421662,0.2071955271047727,0.1879735912430164
0.7,2001,73,1,OO_fraction,42,0.9683255420379699,1.0176818521073224e-25,0.357740727667481,0.020017264065441118,0.25910315875574974,0.097532135235135
0.7,2001,74,1,DCApost,42,0.9837036147944014,1.9785556745232385e-31,0.27357637263558204,0.0795868159099347,0.21870188801555793,0.16407756694806044
0.7,2001,74,1,OO_fraction,42,0.9398087498108799,2.9487990121426536e-20,0.4447336727111143,0.0031684714609641236,0.32331765558691483,0.036746850617031146
0.7,2001,75,1,DCApost,42,0.9890357738643285,7.501797423613656e-35,0.24299745089219868,0.12099209264573249,0.18288631391297303,0.2463423476743906
0.7,2001,75,1,OO_fraction,42,0.9540991497409578,1.4891407630055598e-22,0.44474640874868676,0.0031675015640208566,0.3586251915850293,0.01969070656165503
0.7,2001,76,1,DCApost,42,0.9788910708676158,3.3479100987126174e-29,0.21752322103277674,0.16641882584963053,0.2105988169516247,0.18066247038752464
0.7,2001,76,1,OO_fraction,42,0.97498863104573,9.609525577244402e-28,0.3764166738767645,0.014011963078411788,0.2389912390776821,0.12743802384598987
0.7,2001,77,1,DCApost,42,0.9759066295698777,4.587243978462966e-28,0.29032169885786574,0.06216531652385172,0.30135321286767686,0.05245213484781795
0.7,2001,77,1,OO_fraction,42,0.9387372768483321,4.1550270305529553e-20,0.4465647261867208,0.0030316720591945633,0.2979085847818677,0.055344241555800935
0.7,2001,78,1,DCApost,42,0.9789471981788004,3.175926776651306e-29,0.24689616416559249,0.11495774589650556,0.18288631391297303,0.2463423476743906
0.7,2001,78,1,OO_fraction,42,0.8953989427161174,1.225719893658756e-15,0.49186955298740453,0.0009385372504012843,0.40377759477509745,0.008007126045329483
0.7,2001,79,1,DCApost,42,0.9848464500421406,4.6701774799788034e-32,0.24998481940096895,0.11034108291959849,0.18418280528320236,0.24295170367039456
0.7,2001,79,1,OO_fraction,42,0.9627207128769824,2.514230326338683e-24,0.33086584156970217,0.03233599176761753,0.23086902026088688,0.14128994019361515
0.7,2001,80,2,DCApost,42,0.9596596578983193,1.1846770993547388e-23,0.12142387458131053,0.4436706760042161,0.060854063690138564,0.7018437885871385
0.7,2001,80,2,OO_fraction,42,0.9394911736104486,3.266399780459205e-20,0.22931079098781748,0.14406997121115445,0.15432654494904277,0.32914891357700093
0.7,2001,81,1,DCApost,42,0.9833888086653056,2.8926235372865413e-31,0.31131557429077183,0.044765971295458576,0.2997325986548902,0.05379728345379713
0.7,2001,81,1,OO_fraction,42,0.9718832078996316,9.70322578965205e-27,0.3874756353876689,0.011236673750365571,0.27061885470044966,0.08302614416847093
0.7,2001,82,1,DCApost,42,0.9649055339368496,7.665753090016282e-25,0.20358441570925667,0.19595818944255686,0.17543148853415444,0.26645633786044637
0.7,2001,82,1,OO_fraction,42,0.9539407798186464,1.5930050255542295e-22,0.3370306188836004,0.029065830667316526,0.20963432406372862,0.1827134884338288
0.7,2001,83,1,DCApost,42,0.975142878227025,8.503203120406515e-28,0.16101170121133776,0.30836912067235667,0.08046349566485698,0.6124715387912046
0.7,2001,83,1,OO_fraction,42,0.9558796605586708,6.861844181644529e-23,0.44194694355548486,0.0033870534803237184,0.37337875959327416,0.014869150211021623
0.7,2001,84,1,DCApost,42,0.979768529504693,1.4437081535899967e-29,0.1723989728824742,0.27494082403191883,0.14334332712097886,0.3651343681278443
0.7,2001,84,1,OO_fraction,42,0.9364211770832384,8.541426856193749e-20,0.2432104074359764,0.12065644999747546,0.1736275001239625,0.2714824746816445
0.7,2001,85,1,DCApost,42,0.9869518381885909,2.38978439936714e-33,0.2686873403152728,0.08533411377676092,0.24673851389676688,0.11519724865947993
0.7,2001,85,1,OO_fraction,42,0.9359304827659891,9.915712927173375e-20,0.512325207396805,0.0005232532354764017,0.3726217900754457,0.015089523073997788
0.7,2001,86,1,DCApost,42,0.9875124422319542,9.980170603431122e-34,0.266647849632629,0.08782493393272803,0.20978850984523137,0.18238449851023145
0.7,2001,86,1,OO_fraction,42,0.8220738481713973,2.48066148192171e-11,0.6124560749725283,1.627252390490868e-05,0.4738165110340181,0.0015264851861251775
0.7,2001,87,1,DCApost,42,0.9768053385144209,2.162376409724245e-28,0.24996092268166142,0.11037625255911254,0.21076087837290336,0.180319463184546
0.7,2001,87,1,OO_fraction,42,0.965871495496846,4.425717296345074e-25,0.40367124977822605,0.008025273753867593,0.2858768655130216,0.06646217995498122
0.7,2001,88,1,DCApost,42,0.9942959266107764,1.6597993055139577e-40,0.22383469212600102,0.15415996189154457,0.18369662101936635,0.2442194774078018
0.7,2001,88,1,OO_fraction,42,0.9484160874997402,1.4587087619103706e-21,0.5207554595468001,0.00040684796615248007,0.38756488267812506,0.011216343569944453
0.7,2001,89,1,DCApost,42,0.9864305622624766,5.206529252741447e-33,0.2594990651911943,0.09700307751574919,0.21400210679847664,0.1735567660055585
0.7,2001,89,1,OO_fraction,42,0.7911324403576736,4.507500215022175e-10,0.6506934401202668,3.0842506096026967e-06,0.4993111338789358,0.0007620200839191379
0.7,2001,90,1,DCApost,42,0.9831424218205101,3.874399185803456e-31,0.23188678734360116,0.13949568013783742,0.1935823677173649,0.21931343477637905
0.7,2001,90,1,OO_fraction,42,0.9511001240460474,5.136080712312897e-22,0.4159989885791582,0.006143280785028285,0.3223087164878112,0.037372104795322804
0.7,2001,91,2,DCApost,42,0.9863332951814767,6.000714469971088e-33,0.20041405646212232,0.2031628044974929,0.14382951138481487,0.3634931926530628
0.7,2001,91,2,OO_fraction,42,0.7857471899374195,7.106328682178384e-10,0.359200153431578,0.0194808308267738,0.24002920259567626,0.12574382099791245
0.7,2001,92,1,DCApost,42,0.98657757075549,4.1929043160878264e-33,0.25328878669363086,0.10555998756414056,0.1768900413256624,0.2624379448872069
0.7,2001,92,1,OO_fraction,42,0.9484025763157817,1.4661857297530536e-21,0.35904913801182625,0.019535772474519722,0.23557070676900882,0.13314209408782535
0.7,2001,93,1,DCApost,42,0.9840355787777887,1.3149228577165806e-31,0.33707494115173076,0.029043350446220303,0.317721416416822,0.040325684041007503
0.7,2001,93,1,OO_fraction,42,0.8647906170513844,1.5509609661655226e-13,0.5428136033007288,0.0002039978239994796,0.4248643031991777,0.005038269247192666
0.7,2001,94,1,DCApost,42,0.9817663318745651,1.8379380497115304e-30,0.2347047252246075,0.13461589628788617,0.14836723118061748,0.3483904586344878
0.7,2001,94,1,OO_fraction,42,0.936359604009154,8.7034024380189e-20,0.4506223377745996,0.002746839000773338,0.29774645766089797,0.05548345032560648
0.7,2001,95,1,DCApost,42,0.9850943553088997,3.365439653165968e-32,0.2064328064872751,0.18964050588773024,0.1386435459038976,0.3812275677315138
0.7,2001,95,1,OO_fraction,42,0.8965165881667665,9.992963216214057e-16,0.2805285147426063,0.0719406911918173,0.20363318674043426,0.195848783159394
0.7,2001,96,1,DCApost,42,0.9816804531669819,2.0174565748423267e-30,0.20748092070549543,0.18735254958873837,0.1371849931123896,0.3863058601370559
0.7,2001,96,1,OO_fraction,42,0.9443021936685296,6.514406237569764e-21,0.4563356500777283,0.002385698868617705,0.3075428101885756,0.0475614779999429
0.7,2001,97,1,DCApost,42,0.9822668977181576,1.0581019105789661e-30,0.263046095037694,0.09236106458190713,0.24236285552224293,0.12199645072950853
0.7,2001,97,1,OO_fraction,42,0.9824783735784259,8.339867420859715e-31,0.40723975533811235,0.007435298314407159,0.31005833185502574,0.04568234470757755
0.7,2001,98,1,DCApost,42,0.9824700571780127,8.418754902984297e-31,0.18956967304616443,0.22920247814647843,0.13912973016773358,0.3795436047473927
0.7,2001,98,1,OO_fraction,42,0.9475158193248299,2.0446927281612333e-21,0.2134901467650051,0.17461264618512334,0.150363278965549,0.3418704391040891
0.7,2001,99,1,DCApost,42,0.9716860591989256,1.1138388792593608e-26,0.32445314853570956,0.03605344549031856,0.3141560651486914,0.04275045134752954
0.7,2001,99,1,OO_fraction,42,0.9560070001683898,6.484046319459637e-23,0.3460699110651042,0.024769565360817765,0.29186612468292433,0.06072515407526394
0.7,2001,100,1,DCApost,42,0.988521074436229,1.868949655078427e-34,0.2865935048786478,0.06575392044892156,0.28093347378656514,0.07151381354577177
0.7,2001,100,1,OO_fraction,42,0.9284610713174195,8.391860950983989e-19,0.3111901614015613,0.044856706755055265,0.20849897375932158,0.18514904912278493
0.7,2001,101,1,DCApost,42,0.9856624293103461,1.5551959138592562e-32,0.28380151676842286,0.06854739701909454,0.25322097074791344,0.10565650638006567
0.7,2001,101,1,OO_fraction,42,0.9425456238639723,1.1925880781498907e-20,0.5359104967964361,0.00025449253206465323,0.41066799741631066,0.0069041292442576455
0.7,2001,102,1,DCApost,42,0.9751688478442084,8.329259467968557e-28,0.20963487022173166,0.1827123223370336,0.13880560732517624,0.38066575721803086
0.7,2001,102,1,OO_fraction,42,0.9528997532598384,2.467004161564232e-22,0.48569607568075224,0.001111694020351584,0.355283548829089,0.02094843575704589
0.7,2001,103,1,DCApost,42,0.9876054172222433,8.60188081721232e-34,0.2681573841332258,0.08597600030556948,0.2593793047565027,0.0971628824008816
0.7,2001,103,1,OO_fraction,42,0.9366376703020144,7.9942828019584e-20,0.40529508556091104,0.007751991000299533,0.2983538407081074,0.054963366968377725
0.7,2001,104,1,DCApost,42,0.9926587887659954,2.5424699289073943e-38,0.20133854968598136,0.2010430115324049,0.15630824082327202,0.3229001354972205
0.7,2001,104,1,OO_fraction,42,0.9804377543677532,7.412390123053302e-30,0.3779696099721407,0.013590231900775154,0.2749980630174483,0.07797366941224039
0.7,2001,105,1,DCApost,42,0.9829783858672763,4.695328312002931e-31,0.36432894351243217,0.017690476771500707,0.3784944493963212,0.013450161437436417
0.7,2001,105,1,OO_fraction,42,0.8521920316941021,8.156751971914375e-13,0.6128744342179147,1.59978658293788e-05,0.5067671676911193,0.0006155012388470528
0.7,2001,106,1,DCApost,42,0.9892800736459697,4.7907818211965885e-35,0.26662150241754945,0.08785747665368032,0.27720606109715584,0.07551921996253017
0.7,2001,106,1,OO_fraction,42,0.9515544332692726,4.279402619247685e-22,0.33642413574115093,0.029374888060782624,0.2488651306885262,0.11199813488691505
0.7,2001,107,1,DCApost,42,0.9706836688891629,2.2131820989420422e-26,0.28362950983712093,0.06872251645790657,0.2874159306377117,0.06494849946234775
0.7,2001,107,1,OO_fraction,42,0.9256627194196229,1.7610413198723474e-18,0.2673746432402088,0.08693091724013874,0.17670916523592445,0.2629340694925793
0.7,2001,108,1,DCApost,42,0.9769860241578031,1.8523417669964024e-28,0.26768420968742845,0.08655227729837822,0.20962644842395267,0.1827303042279394
0.7,2001,108,1,OO_fraction,42,0.9690501195599383,6.449054899640128e-26,0.3776734392714651,0.013669820240565848,0.26283359547022994,0.09263423929264024
0.7,2001,109,1,DCApost,42,0.9745598644334952,1.3447350773856053e-27,0.28063708457092346,0.0718260485164216,0.2572725062798801,0.10000736216742051
0.7,2001,109,1,OO_fraction,42,0.9674683802460302,1.7223595424766388e-25,0.3947220088415233,0.009684993315947178,0.26525650725300387,0.08955628023069177
0.7,2001,110,1,DCApost,42,0.9777483462229398,9.50956424250726e-29,0.2847121907716744,0.06762611415359078,0.21983631796450856,0.16184681020413608
0.7,2001,110,1,OO_fraction,42,0.968812935157793,7.496546689171764e-26,0.4288937914449425,0.004596050406752519,0.3559323204316073,0.02069911946053879
0.7,2001,111,1,DCApost,42,0.981178984491249,3.446540917020525e-30,0.3442111878894569,0.02560686453725182,0.3663398428004213,0.017027410711606735
0.7,2001,111,1,OO_fraction,42,0.986246153507942,6.808721439740733e-33,0.41449728940998476,0.006349881118470791,0.32576444091450596,0.03526607227482287
0.7,2001,112,1,DCApost,42,0.9848863811983709,4.431726608925736e-32,0.17119141548367614,0.27836821459904376,0.0850012154606596,0.5925000906144876
0.7,2001,112,1,OO_fraction,42,0.9567478239119687,4.6484036645538866e-23,0.3417992413365677,0.02672835017528874,0.2517144583654252,0.1078180525120323
0.7,2001,113,1,DCApost,42,0.9818306344790936,1.7135625904963632e-30,0.2983551232610344,0.05496227290874206,0.29389838748885827,0.05887073984415346
0.7,2001,113,1,OO_fraction,42,0.9601093656108456,9.506645431548648e-24,0.4687273721232824,0.0017426045020151187,0.35732817461727145,0.020171132577366538
0.7,2001,114,1,DCApost,42,0.9831999820240316,3.620125010144473e-31,0.23186793009324175,0.13952877016492937,0.1464224941252735,0.35481544829431155
0.7,2001,114,1,OO_fraction,42,0.9432685361926036,9.320182924672126e-21,0.37858528214892495,0.013426044731288703,0.25308043583373907,0.10585673656363827
0.7,2001,115,1,DCApost,42,0.986966187664564,2.338072853992137e-33,0.2820931693332409,0.07030238679958159,0.30167733571023425,0.052186378701582346
0.7,2001,115,1,OO_fraction,42,0.8595052188465602,3.173312108335598e-13,0.5116806046987306,0.0005332758275538511,0.3988167651060287,0.008892280375674102
0.7,2001,116,1,DCApost,42,0.9908224314788676,2.173757827959326e-36,0.2135607376187749,0.17446678418988268,0.15355319666153472,0.3316077794398259
0.7,2001,116,1,OO_fraction,42,0.9419472337426469,1.4590552828025955e-20,0.2961487372981894,0.05687037838277832,0.21579765428765257,0.16988986027385913
0.7,2001,117,1,DCApost,42,0.9868458915488972,2.8066070042790787e-33,0.2594368026746326,0.09708613358303694,0.2146503524835913,0.17222640093223796
0.7,2001,117,1,OO_fraction,42,0.9638258452900075,1.3913529893617967e-24,0.41600041568547075,0.006143087249497385,0.3072744502427342,0.047765583112360815
0.7,2001,118,1,DCApost,42,0.9898515575193891,1.6099580002282355e-35,0.19769389842249585,0.20949057013356465,0.1504740296572401,0.34151088915829964
0.7,2001,118,1,OO_fraction,42,0.9766257989809227,2.5187958541576297e-28,0.3412521860762011,0.02698831026838547,0.23736931007138634,0.13011951191259136
0.7,2001,119,1,DCApost,42,0.9784473737656908,5.054673729897463e-29,0.2196311545472252,0.16224860600973573,0.15614617940199335,0.32340834288418685
0.7,2001,119,1,OO_fraction,42,0.9281860919090456,9.037824759373672e-19,0.33308209102590386,0.03112711750516038,0.1934150340007709,0.2197198340102802
0.7,2001,120,1,DCApost,42,0.9860707775120262,8.758427193583227e-33,0.26469249335006384,0.09026560573504579,0.20654728141965806,0.18938965668241325
0.7,2001,120,1,OO_fraction,42,0.9462491372974797,3.2558747291144144e-21,0.25835835066422913,0.09853344560899997,0.16715306171978536,0.29003258906368135
0.7,2001,121,1,DCApost,42,0.9916590434351639,3.237994915290563e-37,0.28635488528789066,0.06598908220546532,0.2462523296329309,0.1159382384199288
0.7,2001,121,1,OO_fraction,42,0.9330198979941249,2.346510129848091e-19,0.3376678063129609,0.028744030927142415,0.26688873422433385,0.08752783909472671
0.7,2001,122,1,DCApost,42,0.9783027744834495,5.770313342207631e-29,0.23348092084898409,0.13671930919657127,0.1394538530102909,0.37842341145805236
0.7,2001,122,1,OO_fraction,42,0.9561419457316822,6.105241719104684e-23,0.34430256350289085,0.025565159303561888,0.24514164368857175,0.11764453820051807
0.7,2001,123,1,DCApost,42,0.9377255400620028,5.711586024681584e-20,0.39589142156906726,0.009452654429325514,0.40669313669880885,0.007523168001413408
0.7,2001,123,1,OO_fraction,42,0.8483476977430563,1.313206913948231e-12,0.5873473568100287,4.330752767842215e-05,0.40150852550851857,0.00840210094282979
0.7,2001,124,1,DCApost,42,0.9905031408349579,4.295348716056617e-36,0.21460870931007,0.17231164211671937,0.1559841179807147,0.3239170514233266
0.7,2001,124,1,OO_fraction,42,0.9043168725768822,2.2443532862620436e-16,0.4774980180909028,0.0013852929783270806,0.3766107513610476,0.01395865748010744
0.7,2001,125,1,DCApost,42,0.992564249781037,3.281138278757212e-38,0.22548615273223024,0.1510641746232419,0.1579288550360587,0.31784563584653125
0.7,2001,125,1,OO_fraction,42,0.9232540689324903,3.257930042250958e-18,0.45601586442870085,0.0024047486750294203,0.3230382885321749,0.03691911423931419
0.7,2001,126,1,DCApost,42,0.987209902797991,1.6064565500629243e-33,0.2655325617610793,0.08921068079791838,0.24203873267968562,0.12251184401090613
0.7,2001,126,1,OO_fraction,42,0.9435560075692027,8.442257941145753e-21,0.4572082883355662,0.0023343894519176206,0.3639252486021014,0.017826179253823994
0.7,2001,127,1,DCApost,42,0.9639509081592109,1.2997376570223616e-24,0.28285276574935836,0.06951772397467079,0.2472246981606029,0.11445984694971331
0.7,2001,127,1,OO_fraction,42,0.9707623833832207,2.0988316714108634e-26,0.4272069107897256,0.004776885348805979,0.3330091064718129,0.031166324972333855
0.7,2001,128,1,DCApost,42,0.9825673036440222,7.539010966582643e-31,0.2849638163464887,0.06737329258587246,0.2989222915484969,0.0544801684354712
0.7,2001,128,1,OO_fraction,42,0.9605334129353572,7.707203012489742e-24,0.47859952725707516,0.0013453620282553817,0.3559323204316073,0.02069911946053879
0.7,2001,129,1,DCApost,42,0.9806057394685953,6.2476200467260016e-30,0.25561140937802035,0.10229476628627061,0.25176241795640547,0.10774872510724319
0.7,2001,129,1,OO_fraction,42,0.9463264760542912,3.165720872993381e-21,0.5031298301125665,0.000683491420741697,0.4001297345532786,0.008650199169309295
0.7,2001,130,1,DCApost,42,0.9760331283342228,4.133617205294739e-28,0.11819880894023997,0.45595872897683876,0.05113037841341869,0.747776132545068
0.7,2001,130,1,OO_fraction,42,0.8486461162173532,1.2661453836575849e-12,0.13613630563695267,0.38998153176812556,0.09873541667056185,0.5338820323912061
0.7,2001,131,1,DCApost,42,0.9848341089091446,4.746303566049985e-32,0.26382404224289013,0.09136629564967205,0.21578478243254196,0.16991594705572946
0.7,2001,131,1,OO_fraction,42,0.9012052992507673,4.1329922537570306e-16,0.4921609099824412,0.000930994369421734,0.32122303969687777,0.038054614241462704
0.7,2001,132,1,DCApost,42,0.9918193089708784,2.1998390058458113e-37,0.2864068164841778,0.06593784687928267,0.2509521108500122,0.10892462155834517
0.7,2001,132,1,OO_fraction,42,0.8478862584952382,1.3892313421976313e-12,0.5685748762442431,8.55239871104047e-05,0.4247021102985481,0.0050568179923454505
0.7,2001,133,1,DCApost,42,0.9684648458601028,9.330023500144103e-26,0.2555414831606912,0.1023919286546329,0.2165950895389353,0.1682793619913312
0.7,2001,133,1,OO_fraction,42,0.933616229874238,1.973155040155153e-19,0.2956830353093273,0.05727981842951646,0.23736931007138634,0.13011951191259136
0.7,2001,134,1,DCApost,42,0.9612315727794333,5.428278830364516e-24,0.3071816624545902,0.04783631874054782,0.28222996515679444,0.0701605631580175
0.7,2001,134,1,OO_fraction,42,0.9611570679361268,5.636903119942853e-24,0.34045575105163894,0.02737052510006523,0.2485606202148272,0.11245203522581466
0.7,2001,135,1,DCApost,42,0.9638327833571484,1.386114044364589e-24,0.32417777037698087,0.036220615695269166,0.28903654485049834,0.06338431385869077
0.7,2001,135,1,OO_fraction,42,0.9109720507724213,5.652090892893612e-17,0.5153179607633707,0.0004788960893958986,0.41212714150503815,0.006688194636484303
0.7,2001,136,2,DCApost,42,0.9834425659237968,2.7123756405554296e-31,0.26312216673030336,0.09226342348431799,0.22048456364962324,0.16058202220915793
0.7,2001,136,2,OO_fraction,42,0.7928023077349436,3.903532457287648e-10,0.5506238591131157,0.0001579104107299735,0.35222117030672523,0.022159511200028844
0.7,2001,137,1,DCApost,42,0.9746350047329045,1.2683605744775131e-27,0.3334181645283002,0.030947102998812016,0.3246900575318046,0.03591013497687464
0.7,2001,137,1,OO_fraction,42,0.7688375603742351,2.7388797668708493e-09,0.5962638740559834,3.0880075852839346e-05,0.5136997827925702,0.0005024422905270986
0.7,2001,138,1,DCApost,42,0.9885623021905131,1.7398348259273545e-34,0.2670574443863513,0.08732022532578515,0.23393566161575238,0.13593489464567757
0.7,2001,138,1,OO_fraction,42,0.8560036651064675,5.019134188905784e-13,0.5599639464704081,0.00011527834449441793,0.365839848468182,0.01719028572036147
0.7,2001,139,1,DCApost,42,0.9840872174591266,1.2330016623269956e-31,0.24102744356888342,0.12413043108740707,0.23717689004132567,0.130440407954314
0.7,2001,139,1,OO_fraction,42,0.782107373754315,9.596514306834955e-10,0.5685245157888718,8.567551684813815e-05,0.4538713994244461,0.002535990594802501
0.7,2001,140,1,DCApost,42,0.9721585357051588,7.989839285545245e-27,0.11863359236271961,0.4542914707774327,0.07527753018393972,0.6356392226862325
0.7,2001,140,1,OO_fraction,42,0.9734657727703694,3.0904843702830443e-27,0.34900395767071535,0.02349434523740239,0.24838747809689443,0.11271074049771847
0.7,2001,141,1,DCApost,42,0.9865904794104239,4.113472042911342e-33,0.24804737256498202,0.11322023234515427,0.19439267482375822,0.21735280608082716
0.7,2001,141,1,OO_fraction,42,0.926530333992122,1.4038650222790922e-18,0.26850059634630336,0.08555987276195873,0.20087590742973147,0.2021018666711315
0.7,2001,142,3,DCApost,42,0.977915177649363,8.193230561061907e-29,0.23259367498331193,0.13825944599864215,0.14723280123166682,0.3521296760691087
0.7,2001,142,3,OO_fraction,42,0.9473119968892298,2.2053312971034657e-21,0.3677596012167003,0.016572001260446122,0.281290554882471,0.07113906382336231
0.7,2001,143,1,DCApost,42,0.9703531351729935,2.761110371263415e-26,0.31157669711837555,0.04457752822805948,0.2509521108500122,0.10892462155834517
0.7,2001,143,1,OO_fraction,42,0.9495437650824926,9.473628197065518e-22,0.30695192947750466,0.04801181723182824,0.25471685519312376,0.10354308212832794
0.7,2001,144,1,DCApost,42,0.980968834082794,4.295338085568235e-30,0.23543689081123137,0.13336904547404588,0.1783485941171704,0.2584600159535866
0.7,2001,144,1,OO_fraction,42,0.8739767413435487,4.148116933555543e-14,0.5378457729227749,0.00023930778011190324,0.4316634595818899,0.004312055676537201
0.7,2001,145,1,DCApost,42,0.9758704846785257,4.725296312567663e-28,0.2826628767090412,0.06971322782403211,0.28320233368446646,0.06915895214634107
0.7,2001,145,1,OO_fraction,42,0.9408934929084286,2.0704522228260584e-20,0.2945178898447232,0.058314535548511355,0.18806266827999485,0.23299402948861536
0.7,2001,146,1,DCApost,42,0.9868700639455958,2.7058331686269544e-33,0.25529154490073597,0.10273979491888022,0.2319909245604084,0.13931304851054416
0.7,2001,146,1,OO_fraction,42,0.9132308489479941,3.453299066598177e-17,0.5588474516183949,0.00011975644449549493,0.4293126163278289,0.004552086902522886
0.7,2001,147,1,DCApost,42,0.9807039005077594,5.649757920042589e-30,0.2966323474240572,0.05644767595057647,0.25046592658617617,0.1096348304285546
0.7,2001,147,1,OO_fraction,42,0.951919660888789,3.690797021981405e-22,0.3827308185048871,0.01236380360908332,0.2315303656487216,0.1401220996661858
0.7,2001,148,1,DCApost,42,0.9853837209450442,2.2798578055043125e-32,0.33167595527263544,0.03188969854716266,0.33457580422980315,0.030333591243433267
0.7,2001,148,1,OO_fraction,42,0.9552103969224651,9.215609428083364e-23,0.4362868748581582,0.0038719902546763725,0.37367668625815065,0.01478316729602862
0.7,2001,149,1,DCApost,42,0.9881899218378171,3.290940914079957e-34,0.23893714777634836,0.1275267795974267,0.17154201442346648,0.2773702470462537
0.7,2001,149,1,OO_fraction,42,0.950536545605896,6.425401582307743e-22,0.322909409900745,0.03699880616606367,0.2530939379889624,0.10583748651301168
0.7,2001,150,1,DCApost,42,0.9885196785109598,1.8734766957023355e-34,0.2540693223104448,0.10445393086207916,0.19974070172595418,0.20471657692729328
0.7,2001,150,1,OO_fraction,42,0.842556664928451,2.6264383938545115e-12,0.5540815238010869,0.00014069905186457035,0.39962720356387477,0.008742176618831568
0.7,2001,151,1,DCApost,42,0.9790306554183844,2.9356256136971475e-29,0.2597511090039285,0.09666741793956479,0.23215298598168704,0.13902918401810843
0.7,2001,151,1,OO_fraction,42,0.9341891691583795,1.6679828351112127e-19,0.4383920077402865,0.0036849761630868036,0.31031130953605157,0.045496744165711166
0.7,2001,152,1,DCApost,42,0.9782957388271656,5.807477698803633e-29,0.20673359522160187,0.18898188991524387,0.14933959970828944,0.34520481347449394
0.7,2001,152,1,OO_fraction,42,0.8412325181008059,3.0655441911921504e-12,0.6285561234963474,8.300805877482083e-06,0.49481197319959735,0.0008648034279330112
0.7,2001,153,1,DCApost,42,0.9806632768223079,5.890278113581863e-30,0.22267956369892616,0.15635273012028478,0.2105988169516247,0.18066247038752464
0.7,2001,153,1,OO_fraction,42,0.9802053984369503,9.366948326101124e-30,0.4075766655578003,0.007381581622981132,0.30127331291943976,0.05251781365582608
0.7,2001,154,1,DCApost,42,0.9837988476204792,1.7612368903287228e-31,0.32640494289890154,0.03488664146185673,0.2997325986548902,0.05379728345379713
0.7,2001,154,1,OO_fraction,42,0.89384707156702,1.6214536423087993e-15,0.2794848127132362,0.0730501409675729,0.1885538416877889,0.2317535901718157
0.7,2001,155,1,DCApost,42,0.9848362013820532,4.733313784565993e-32,0.20620775529625898,0.19013434748592326,0.17024552305323717,0.2810723759228114
0.7,2001,155,1,OO_fraction,42,0.7842801931832204,8.026564051112139e-10,0.36162712594564916,0.0186155153530995,0.22893527923864834,0.14474591056281186
0.7,2001,156,1,DCApost,42,0.991952145786739,1.5875119458732213e-37,0.2535659566055317,0.10516620572635199,0.2282635118709991,0.14596095006037707
0.7,2001,156,1,OO_fraction,42,0.8713291712428058,6.129099495163311e-14,0.5135050398243752,0.0005053448388938502,0.3584569299052967,0.019752484342338117
0.7,2001,157,1,DCApost,42,0.984112966313065,1.1939863127405226e-31,0.24833339447444597,0.11279164351306338,0.186289603759825,0.2375094863610007
0.7,2001,157,1,OO_fraction,42,0.9516319723280761,4.1474527849219085e-22,0.27378800790458824,0.07934504072169185,0.1742762717264808,0.26966777374527395
0.7,2001,158,1,DCApost,42,0.9930532214612192,8.4552299172082e-39,0.2361255759544957,0.132204105130313,0.20168543878129813,0.20025164016341507
0.7,2001,158,1,OO_fraction,42,0.9774825393055013,1.2029505688494875e-28,0.44594198013216496,0.0030776049637943137,0.30188069924562594,0.0520201897068458
0.7,2001,159,2,DCApost,42,0.9914439790497828,5.37709147264996e-37,0.2616925929012351,0.09411171623265499,0.2512762336925695,0.10845309701467813
0.7,2001,159,2,OO_fraction,42,0.8703419802008874,7.073942817701615e-14,0.5198819496156128,0.000417722077438388,0.3605640698956964,0.018990472623884487
0.7,2001,160,1,DCApost,42,0.9759326257050867,4.490329466781967e-28,0.35671348429003713,0.020402231854838936,0.33457580422980315,0.030333591243433267
0.7,2001,160,1,OO_fraction,42,0.96681690307061,2.545362014900672e-25,0.4430974447411467,0.0032952617638937333,0.310382915295858,0.04544432074555153
0.7,2001,161,1,DCApost,42,0.9868615921227377,2.7407543509095032e-33,0.22174629822053582,0.15814088862335107,0.2031439915728061,0.19694812835564213
0.7,2001,161,1,OO_fraction,42,0.9650403355979739,7.106658055761607e-25,0.43438184927013973,0.004048319379445165,0.335278886165389,0.029965910403812267
0.7,2001,162,2,DCApost,42,0.974370195337798,1.5574000134157692e-27,0.31657741047531507,0.04109117694525993,0.31237338951462607,0.044006557807846666
0.7,2001,162,2,OO_fraction,42,0.9452083405955157,4.73210761555727e-21,0.3550606785017322,0.0210346612108012,0.2397860169148393,0.12613923545160446
0.7,2001,163,1,DCApost,42,0.9641284713603574,1.1794408321668903e-24,0.3285645498322039,0.03363192802076985,0.3276071631148206,0.03418350294636049
0.7,2001,163,1,OO_fraction,42,0.6669696759504182,1.4132517359986163e-06,0.6416422974245738,4.667359683277582e-06,0.4523057033238663,0.002635750009302435
0.7,2001,164,2,DCApost,42,0.9770005365617478,1.8293625231243384e-28,0.17540164193055935,0.2665389897452342,0.10509683169921402,0.5077221647056107
0.7,2001,164,2,OO_fraction,42,0.9594871459621797,1.2881743696617467e-23,0.2899167207559893,0.0625474172625304,0.24580334090412434,0.11662573369276746
0.7,2001,165,1,DCApost,42,0.9886066115604265,1.610529786020053e-34,0.306718978424363,0.048190305029782624,0.26521351592253467,0.08961019532082508
0.7,2001,165,1,OO_fraction,42,0.9563650342377467,5.524625862272559e-23,0.33979388793726994,0.02769156520122452,0.2462710967530106,0.11590956890205377
0.7,2001,166,1,DCApost,42,0.9854542035812649,2.0710955953865628e-32,0.23830612215159802,0.12856561803846622,0.20119925451746212,0.20136140767111999
0.7,2001,166,1,OO_fraction,42,0.9766662820812172,2.4338686065649403e-28,0.3814108407281876,0.0126939760426257,0.2423826844414975,0.12196497342521855
0.7,2001,167,1,DCApost,42,0.9873647919197063,1.2608174595692316e-33,0.25740210617527554,0.0998305608641834,0.17996920832995708,0.2540874827788524
0.7,2001,167,1,OO_fraction,42,0.9093321811400477,8.017275084429194e-17,0.28539210703656304,0.0669446870323258,0.22391026788573834,0.1540172847767651
0.7,2001,168,1,DCApost,42,0.9799444913715728,1.2142324899511109e-29,0.21569615491525812,0.17009564267366273,0.10768981443967264,0.49724808314364766
0.7,2001,168,1,OO_fraction,42,0.9275627413480347,1.0680713451770775e-18,0.5040722222681515,0.0006652607296324311,0.3787178913514473,0.013390902091006367
0.7,2001,169,1,DCApost,42,0.9910172104938411,1.4179190643246339e-36,0.23554264470867647,0.13318966339967267,0.20492666720687144,0.19296286492987103
0.7,2001,169,1,OO_fraction,42,0.9851453248844467,3.1440635626614695e-32,0.39956109513582666,0.008754338660727324,0.2367055966157969,0.13122887134725578
0.7,2001,170,1,DCApost,42,0.9842051230148148,1.0637332348851353e-31,0.19004845389567918,0.22800678086815684,0.14237095859330687,0.36843004570030624
0.7,2001,170,1,OO_fraction,42,0.7375331016730994,2.5250753280310022e-08,0.5178559121614594,0.00044395466614064637,0.41081125428214993,0.006882665795863357
0.7,2001,171,1,DCApost,42,0.982645704613595,6.894032020305695e-31,0.3107001198691352,0.04521268007552447,0.2841747022121384,0.06816867163757029
0.7,2001,171,1,OO_fraction,42,0.9780470021314461,7.277411242566388e-29,0.3989719919721612,0.008863360156682204,0.2563229782531335,0.1013100508546454
0.7,2001,172,1,DCApost,42,0.9724294698561062,6.58684051499723e-27,0.2386532082733762,0.1279934406841195,0.1454501255976015,0.3580547454747742
0.7,2001,172,1,OO_fraction,42,0.8670313470012021,1.1345543914100963e-13,0.5166288185350449,0.0004605524075246162,0.3659882802706411,0.017141796914596823
0.7,2001,173,1,DCApost,42,0.9824252797266365,8.855823156273255e-31,0.30694393636995143,0.0480179327110419,0.3149663722550847,0.042189212907897886
0.7,2001,173,1,OO_fraction,42,0.9483760402839737,1.4809763522970677e-21,0.4414367070743185,0.003428473591071457,0.3497081999316945,0.023196556257787927
0.7,2001,174,1,DCApost,42,0.9728957650594451,4.702981166425095e-27,0.24071169093658037,0.12463907194768198,0.22793938902844177,0.14654987592257723
0.7,2001,174,1,OO_fraction,42,0.8942289541521291,1.5141797826038014e-15,0.4164047510381824,0.006088465944070861,0.33998057267351106,0.027600698204761798
0.7,2001,175,1,DCApost,42,0.9684403551893062,9.473884241254935e-26,0.30970444029909633,0.045943011073833535,0.25046592658617617,0.1096348304285546
0.7,2001,175,1,OO_fraction,42,0.9507962693477345,5.797170650869984e-22,0.3186945497561853,0.03968371852579859,0.23313205637777779,0.13732336368567594
0.7,2001,176,1,DCApost,42,0.9786907654244336,4.0365654182192933e-29,0.21985720120750554,0.16180595262606842,0.12600275504416175,0.4265412855295967
0.7,2001,176,1,OO_fraction,42,0.9051542202101903,1.8975075881703196e-16,0.2640326066565757,0.09110101549518265,0.1840078457642554,0.24340741439749997
0.7,2001,177,1,DCApost,42,0.9883866051270027,2.3562723893525607e-34,0.25116979545205737,0.10860776866335817,0.19115144639818493,0.2252684777595646
0.7,2001,177,1,OO_fraction,42,0.8456292737709133,1.8246230155654086e-12,0.5416789102928297,0.00021161999840309817,0.41350522203328083,0.006489641977984826
0.7,2001,178,1,DCApost,42,0.9767403821033264,2.2854097341729916e-28,0.2985027416423958,0.05483646622321062,0.3054047483996435,0.04920734149430761
0.7,2001,178,1,OO_fraction,42,0.9429317014196658,1.0458860499796824e-20,0.4865777132962463,0.0010853445421752472,0.40207773733097424,0.008301476700672154
0.7,2001,179,1,DCApost,42,0.9891203916897239,6.429911676866339e-35,0.3135664371379331,0.04316264608992549,0.32274532047646065,0.037100474448753355
0.7,2001,179,1,OO_fraction,42,0.8204779323928078,2.919475597684369e-11,0.6565453663502336,2.3422401451817996e-06,0.5389916136638472,0.00023070715287718845
0.7,2001,180,1,DCApost,42,0.9798685880562634,1.308615148057029e-29,0.26807388389493353,0.08607747761303244,0.2214569321772952,0.15869833433630695
0.7,2001,180,1,OO_fraction,42,0.957296101085052,3.6198667292625704e-23,0.37149906913847175,0.015421465956911459,0.26267140256960037,0.09284316276829424
0.7,2001,181,1,DCApost,42,0.9773319592428403,1.3725917026833735e-28,0.28698745251913443,0.06536713581418012,0.19974070172595418,0.20471657692729328
0.7,2001,181,1,OO_fraction,42,0.9781923650031291,6.380409369970565e-29,0.3842113585965976,0.012002200183382127,0.29328796183423056,0.05942293029330258
0.7,2001,182,1,DCApost,42,0.9795070023721638,1.8620997394760796e-29,0.3159779770957834,0.041496980535454114,0.28498500931853177,0.0673520330849812
0.7,2001,182,1,OO_fraction,42,0.9545737971479311,1.2149392568275523e-22,0.3328046211501162,0.03127639206752579,0.2344358169222208,0.13507600657447547
0.7,2001,183,1,DCApost,42,0.9936235206413742,1.532227447371418e-39,0.26153136842979113,0.0943219417677092,0.21935013370067258,0.16280013674391752
0.7,2001,183,1,OO_fraction,42,0.9658577680628303,4.4608937579911055e-25,0.34215703570114586,0.026559454170569975,0.22228537031283568,0.15710620574267195
0.7,2001,184,1,DCApost,42,0.9575541866814165,3.214203634395763e-23,0.2388538182586653,0.12766360139204103,0.21254355400696864,0.17657705881272448
0.7,2001,184,1,OO_fraction,42,0.8916621857373543,2.3869370498667387e-15,0.5776366810371529,6.19000947046833e-05,0.4390145126151916,0.003631209577374345
0.7,2001,185,1,DCApost,42,0.99410956570078,3.1518504037316605e-40,0.23615516242057563,0.1321542287749367,0.184831050968317,0.24126827215366625
0.7,2001,185,1,OO_fraction,42,0.9564622846222447,5.288258508408973e-23,0.37556653358648656,0.014247504654250571,0.27726876362626235,0.07545041501393221
0.7,2001,186,1,DCApost,42,0.9847020386419053,5.638264737758438e-32,0.2671722193682489,0.08717920247649738,0.21967425654322992,0.16216413425425089
0.7,2001,186,1,OO_fraction,42,0.9580373577683137,2.5678432804011826e-23,0.38684080713870606,0.011382195166780417,0.2928392820867018,0.05983143502148914
0.7,2001,187,1,DCApost,42,0.9895678347286354,2.7873770960281397e-35,0.2702316990480158,0.08348481487485972,0.2669961915566,0.08739555847351126
0.7,2001,187,1,OO_fraction,42,0.9536338104573006,1.814184744561658e-22,0.4153375832744816,0.006233546806462617,0.3208495723990836,0.03829173726177824
0.7,2001,188,1,DCApost,42,0.9914767798067646,4.980973088644023e-37,0.23269391047877536,0.1380848094994411,0.1371849931123896,0.3863058601370559
0.7,2001,188,1,OO_fraction,42,0.8502354501165239,1.041108148331493e-12,0.4794099715153647,0.0013166378131008885,0.3617866704439389,0.018559782676408367
0.7,2001,189,2,DCApost,42,0.984429273597782,8.008890514358949e-32,0.25949855969371083,0.09700375161199631,0.19617535045782356,0.21308219164567446
0.7,2001,189,2,OO_fraction,42,0.9673212698987,1.882464193027611e-25,0.43654937238040253,0.0038482272340609478,0.30938295795091864,0.04618084894534424
0.7,2001,190,1,DCApost,42,0.9828387622369138,5.521668984710047e-31,0.26886656681885424,0.08511787868850995,0.21643302811765663,0.16860576497574073
0.7,2001,190,1,OO_fraction,42,0.9347533694366496,1.4115329942969977e-19,0.34837923029586043,0.02376117550979543,0.2574812297494539,0.09972273773253688
0.7,2001,191,1,DCApost,42,0.9875318851675436,9.675657012009094e-34,0.28734723393471506,0.06501547469820482,0.2838505793695811,0.06849751133270414
0.7,2001,191,1,OO_fraction,42,0.9279544657281846,9.618183264578957e-19,0.48111376392652955,0.0012580189198407254,0.30924687325294503,0.046281826533623914
0.7,2001,192,1,DCApost,42,0.9881522353495416,3.506260117277679e-34,0.25940016281313194,0.09713503545971489,0.23069443319017907,0.14159943268321268
0.7,2001,192,1,OO_fraction,42,0.9470941164384784,2.3902386262344194e-21,0.39664031995500953,0.009306388002324851,0.27078373551432106,0.08283140399979193
0.7,2001,193,1,DCApost,42,0.9832603087071717,3.3706713064851387e-31,0.2779497218147307,0.07470634907011924,0.2629446560246334,0.0924913898178848
0.7,2001,193,1,OO_fraction,42,0.9410350872869602,1.9760787952693933e-20,0.39433962514636234,0.009762019620882498,0.25421532568052707,0.10424802349977527
0.7,2001,194,1,DCApost,42,0.9846352844232232,6.14752960799949e-32,0.31983930506831754,0.03893923900011685,0.3212867676849526,0.03801427207264569
0.7,2001,194,1,OO_fraction,42,0.9560890316497265,6.251205548768377e-23,0.4150166073963743,0.006277764600677468,0.33203634374599456,0.031692798482171304
0.7,2001,195,1,DCApost,42,0.9855155956141386,1.9041699617937995e-32,0.2137644496412109,0.17404634438333955,0.12081678956324447,0.445969769729501
0.7,2001,195,1,OO_fraction,42,0.9401400584015166,2.648756910920494e-20,0.4106353664662717,0.0069090262506688,0.3046793638326609,0.049776067352090156
0.7,2001,196,1,DCApost,42,0.9669503982252508,2.3510856787677544e-25,0.23145455803428006,0.14025560134763443,0.16619398752127057,0.29284859879357683
0.7,2001,196,1,OO_fraction,42,0.8271463811497168,1.4621602544081587e-11,0.4431875031918205,0.0032881693630751486,0.2922341355479274,0.06038594113010147
0.7,2001,197,1,DCApost,42,0.9841676250504071,1.115014943432832e-31,0.2655393060626502,0.08920225038935872,0.1994165788833968,0.20546744934970324
0.7,2001,197,1,OO_fraction,42,0.9509107073640986,5.539248998797928e-22,0.3082157243661726,0.04705278308035591,0.21887931939961455,0.16372720170623545
0.7,2001,198,1,DCApost,42,0.984627155153805,6.212448989600715e-32,0.2619415929859014,0.09378774757506274,0.19098938497690626,0.22566939120432108
0.7,2001,198,1,OO_fraction,42,0.8306417177161842,1.0056433875839268e-11,0.5105375118478137,0.0005514728347031596,0.3651913399843031,0.017403495881311494
0.7,2001,199,2,DCApost,42,0.9678105457894208,1.3984500371205116e-25,0.25847163003539136,0.09838064730750601,0.184344866704481,0.24253010315088658
0.7,2001,199,2,OO_fraction,42,0.9421329976613398,1.3708274913817286e-20,0.4591936615081392,0.002221257832624759,0.33111680663528203,0.03219718777699667
0.8,2286,0,1,DCApost,42,0.9927485807877043,1.9893705023740868e-38,0.18383107468547713,0.24386843003403735,0.11384814844826191,0.47282315826505517
0.8,2286,0,1,OO_fraction,42,0.9794505391514785,1.966426965711949e-29,0.4002625799265408,0.00862602414625144,0.32992869117338813,0.03285867705984505
0.8,2286,1,1,DCApost,42,0.985842301317876,1.2101476651569676e-32,0.29993711563281006,0.05362601787650742,0.2812575966291224,0.07117358788009197
0.8,2286,1,1,OO_fraction,42,0.8179064822583073,3.7829586950664636e-11,0.6356751813139762,6.08876946301574e-06,0.4926232570665061,0.0009191355541275027
0.8,2286,2,1,DCApost,42,0.9885236827917223,1.8605184769290727e-34,0.32167185406181126,0.037771241839615693,0.2934122032250223,0.05931020793204042
0.8,2286,2,1,OO_fraction,42,0.9801009892197297,1.0396294488314374e-29,0.42361024035949635,0.005183238664855104,0.3275485628214313,0.034217504118247526
0.8,2286,3,1,DCApost,42,0.9847975323586214,4.978905490540696e-32,0.28384182489842075,0.06850641056652189,0.2428490397860789,0.1212264198124957
0.8,2286,3,1,OO_fraction,42,0.9168032841384705,1.5404694500440847e-17,0.5288300975450633,0.00031773382617039886,0.39567123872661114,0.009496031346278338
0.8,2286,4,1,DCApost,42,0.9927858468774782,1.795186008013939e-38,0.22929898196013232,0.14409119252136315,0.13378170326553765,0.3983086113169343
0.8,2286,4,1,OO_fraction,42,0.9468472877460478,2.6174388097613974e-21,0.25872808382822676,0.09803539886381805,0.1885538416877889,0.2317535901718157
0.8,2286,5,1,DCApost,42,0.9882431058371794,3.008340064297026e-34,0.2735325783715504,0.07963691896785904,0.25111417227129085,0.10868866472089951
0.8,2286,5,1,OO_fraction,42,0.9357599924100433,1.044038468062364e-19,0.44268512103706636,0.0033279049952107008,0.31760702997968915,0.04040169664558545
0.8,2286,6,1,DCApost,42,0.9796115035511102,1.6827191129488802e-29,0.2924173213172659,0.060217654219540104,0.23280123166680175,0.13789800918558284
0.8,2286,6,1,OO_fraction,42,0.9514933378060589,4.386162007593248e-22,0.3905090005827284,0.010563069427142604,0.26980789019730184,0.08398916968143823
0.8,2286,7,1,DCApost,42,0.9926389183063458,2.6832171778710206e-38,0.24192948205294149,0.12268593351673301,0.19617535045782356,0.21308219164567446
0.8,2286,7,1,OO_fraction,42,0.9620362798019488,3.594943295014894e-24,0.33963402681088745,0.027769573125719416,0.2438391899384648,0.11966951036370549
0.8,2286,8,1,DCApost,42,0.994810138129399,2.5205482512066256e-41,0.2507256054321104,0.10925505971195436,0.22032250222834454,0.1608975435295874
0.8,2286,8,1,OO_fraction,42,0.8664384546961175,1.2330731360528288e-13,0.5381573229027852,0.00023694113260575513,0.37823162827673973,0.013520149672716314
0.8,2286,9,1,DCApost,42,0.9863920136969067,5.5085350119270265e-33,0.312917366999781,0.04362012434516235,0.2857953164249251,0.06654315697964329
0.8,2286,9,1,OO_fraction,42,0.961292867297398,5.262155776200747e-24,0.3189859902537177,0.039493089855042705,0.2427043000916767,0.12145527889427969
0.8,2286,10,1,DCApost,42,0.9878396279127833,5.885968458025415e-34,0.23325776967257714,0.13710546495096687,0.16392512762336925,0.2995804200634634
0.8,2286,10,1,OO_fraction,42,0.9819544256971504,1.4962679261231935e-30,0.4247946975301348,0.005046222250582263,0.3390642587661313,0.028049088273278174
0.8,2286,11,1,DCApost,42,0.98988106360985,1.519289198566305e-35,0.2929261925965896,0.05975213208608607,0.2527347864840775,0.10635043948970117
0.8,2286,11,1,OO_fraction,42,0.9769387026764238,1.929189306898518e-28,0.3329119336322005,0.031218589689911837,0.2235829135178723,0.15463598390380864
0.8,2286,12,1,DCApost,42,0.977872383039906,8.513340519279033e-29,0.23862134440480254,0.1280458892794032,0.15938740782756666,0.3133394765358233
0.8,2286,12,1,OO_fraction,42,0.9824243630853332,8.864991448286996e-31,0.363586667305578,0.017940669046899654,0.2722407837067454,0.0811259263069453
0.8,2286,13,1,DCApost,42,0.9950808541132267,8.654446109059178e-42,0.2463396023383928,0.11580496209842567,0.185803419495989,0.23875796703113877
0.8,2286,13,1,OO_fraction,42,0.9651003791834443,6.870276869378962e-25,0.4310013129204154,0.004378520789210546,0.3404669540364202,0.02736511772955749
0.8,2286,14,1,DCApost,42,0.9793987984662555,2.0668785756622263e-29,0.16469025952502261,0.29729922952643556,0.10039705048213272,0.526986301970527
0.8,2286,14,1,OO_fraction,42,0.9484518516819085,1.4390911753894088e-21,0.32933983648763715,0.033190648838405626,0.23801808167390467,0.12904190765226406
0.8,2286,15,1,DCApost,42,0.9903313830237396,6.137729363990717e-36,0.22564174059464434,0.1507748795874982,0.19844421035572482,0.20773161125340445
0.8,2286,15,1,OO_fraction,42,0.9010311766240554,4.2740865702795424e-16,0.5113755909599649,0.0005380779900123773,0.41877435346479686,0.00577673786517601
0.8,2286,16,1,DCApost,42,0.9920499945486366,1.244083154823634e-37,0.2020805231594801,0.1993529865925207,0.12146503524835914,0.44351503240976053
0.8,2286,16,1,OO_fraction,42,0.9794296632698813,2.0063855840909645e-29,0.31886571817665993,0.03957166796664174,0.21870948618815758,0.1640625520748318
0.8,2286,17,1,DCApost,42,0.9927619486946677,1.9175260004146554e-38,0.2339369121028957,0.1359327422101851,0.19423061340247955,0.2177439584539554
0.8,2286,17,1,OO_fraction,42,0.9839160423541216,1.5248318998811653e-31,0.39599192449249565,0.00943291150181294,0.28521621575711165,0.0671204456108253
0.8,2286,18,1,DCApost,42,0.9869292836982231,2.4732650437412687e-33,0.1964360171667335,0.21246265102258544,0.11060692002268863,0.48559850330010956
0.8,2286,18,1,OO_fraction,42,0.9849131635480467,4.2783202805372777e-32,0.3970981689873272,0.009217926021661403,0.2988602031463124,0.05453277887069334
0.8,2286,19,1,DCApost,42,0.9914911963704123,4.815783058351922e-37,0.2628013570458,0.0926757372273713,0.263592901709748,0.09166098842220284
0.8,2286,19,1,OO_fraction,42,0.969162243176661,6.003700481419081e-26,0.3642514597638211,0.01771645528439292,0.2595897374576384,0.09688222156534819
0.8,2286,20,1,DCApost,42,0.9936459218095932,1.4283789708886864e-39,0.2362874012910025,0.13193147413811085,0.1820760068065797,0.24847762238588442
0.8,2286,20,1,OO_fraction,42,0.9601777122746653,9.191916748391641e-24,0.36108266268138356,0.01880677069587526,0.2949092330439278,0.05796534744124891
0.8,2286,21,1,DCApost,42,0.9892052419582724,5.502158722385526e-35,0.2920637009008745,0.06054285048492224,0.24365934689247226,0.11995116957221504
0.8,2286,21,1,OO_fraction,42,0.9678019536708534,1.4058236597656062e-25,0.3631352076219609,0.018094291304674413,0.26737499668785814,0.08693048419567491
0.8,2286,22,1,DCApost,42,0.9951085314326668,7.732849633100114e-42,0.2509833109407774,0.1088791648470793,0.19325824487480756,0.22010109534820677
0.8,2286,22,1,OO_fraction,42,0.9810510639702475,3.941957777680411e-30,0.41516122527605137,0.006257808479639488,0.3090585721496595,0.04642184452658608
0.8,2286,23,1,DCApost,42,0.990012767508542,1.1704860044844485e-35,0.2429537683169295,0.12106102789241266,0.17348675147881049,0.27187722694999156
0.8,2286,23,1,OO_fraction,42,0.9468896596781897,2.5770345492298973e-21,0.40719723734508095,0.0074421012469282136,0.29851603360873696,0.05482514958531652
0.8,2286,24,1,DCApost,42,0.992573940844703,3.196943641996526e-38,0.26638510643990204,0.08814987939754834,0.2363665829349324,0.13179822771425134
0.8,2286,24,1,OO_fraction,42,0.8271907885756115,1.455300055058172e-11,0.5225762000193142,0.0003849952079041611,0.41432176465825515,0.0063744174067765095
0.8,2286,25,1,DCApost,42,0.9925558360024652,3.355939736141336e-38,0.3075959271520674,0.04752116283579183,0.27963698241633583,0.07288755213261686
0.8,2286,25,1,OO_fraction,42,0.9884441385210615,2.134594815857326e-34,0.3494815707072142,0.023292040593740956,0.26007631615952714,0.09623564416336905
0.8,2286,26,2,DCApost,42,0.9926933814967955,2.3140164591533914e-38,0.24254458473404344,0.12170819417352155,0.1830483753342517,0.2459167816986085
0.8,2286,26,2,OO_fraction,42,0.9774924935046743,1.192467956049366e-28,0.3701099756288739,0.01584069954478986,0.27597122042122574,0.0768843023685553
0.8,2286,27,1,DCApost,42,0.9896316170575933,2.467055660822514e-35,0.26713804496076393,0.08722117372712443,0.19844421035572482,0.20773161125340445
0.8,2286,27,1,OO_fraction,42,0.8678304987970235,1.0134593454788096e-13,0.49603975085786367,0.0008355956818114896,0.3191472376289015,0.039387941014960674
0.8,2286,28,1,DCApost,42,0.9915701811511297,3.999201614836029e-37,0.27510553301143625,0.07785277547080571,0.20930232558139536,0.18342331765503472
0.8,2286,28,1,OO_fraction,42,0.9652291871150581,6.388093299654831e-25,0.3532969523282723,0.021727568431965695,0.2216093442282322,0.15840454393579445
0.8,2286,29,1,DCApost,42,0.9912319061597633,8.757452871719954e-37,0.28732592144334046,0.06503626425391217,0.265537638765092,0.08920433446168448
0.8,2286,29,1,OO_fraction,42,0.8237644718973309,2.0838381146383256e-11,0.6010159985093684,2.5679905660842032e-05,0.43441962063837525,0.004044756295123034
0.8,2286,30,1,DCApost,42,0.9940986026004812,3.270945406129387e-40,0.27621539665260575,0.07661284921003302,0.24058017988817768,0.12485138155896941
0.8,2286,30,1,OO_fraction,42,0.9665024234291045,3.064955961128409e-25,0.35012119325977314,0.023023392752060078,0.26005190203543715,0.09626800689062255
0.8,2286,31,1,DCApost,42,0.9874813229316698,1.0486571192603943e-33,0.2368111588895534,0.13105195988369545,0.12324771088242446,0.43680293961286554
0.8,2286,31,1,OO_fraction,42,0.9298457090427656,5.750644969795055e-19,0.37077110130588886,0.015639982728386008,0.27926396587034946,0.07328661683717737
0.8,2286,32,1,DCApost,42,0.9919177436787521,1.7283500463386863e-37,0.25363822354241206,0.10506371891695557,0.22891175755611376,0.14478832838068292
0.8,2286,32,1,OO_fraction,42,0.9618490154892072,3.959888338042766e-24,0.4187672002420969,0.0057776576613391886,0.32255479432706813,0.03721880957916468
0.8,2286,33,1,DCApost,42,0.9923028910138109,6.532070684231345e-38,0.2550311262723253,0.10310320892624478,0.23507009156470304,0.13399261202442098
0.8,2286,33,1,OO_fraction,42,0.9729178975274838,4.6277061193386526e-27,0.4310994800778616,0.00436861091607451,0.34441662448690735,0.025513179429968242
0.8,2286,34,1,DCApost,42,0.985652890460716,1.5758838971770544e-32,0.2783224153714069,0.07430156415305167,0.17770034843205576,0.26022299233968244
0.8,2286,34,1,OO_fraction,42,0.9439584691536711,7.343902924026435e-21,0.4089898135110397,0.007159901067307899,0.3090585721496595,0.04642184452658608
0.8,2286,35,1,DCApost,42,0.9898880357313236,1.4985843152089844e-35,0.2704816160819399,0.08318850816114788,0.26035167328417474,0.09587121746279341
0.8,2286,35,1,OO_fraction,42,0.9639124738375919,1.3272655526925447e-24,0.35429294346691353,0.021333967394503925,0.25162129174501147,0.10795282546978612
0.8,2286,36,1,DCApost,42,0.9941560536824195,2.691081090444287e-40,0.213204489575315,0.17520379426238508,0.11368608702698323,0.4734576681824797
0.8,2286,36,1,OO_fraction,42,0.9619824631677498,3.696418050058096e-24,0.2837622103371636,0.06858738358152999,0.1940638056032892,0.2181470748124208
0.8,2286,37,2,DCApost,42,0.9948109366249883,2.512821703977611e-41,0.27555893264913667,0.07734435760718397,0.23312535450935903,0.13733498723576187
0.8,2286,37,2,OO_fraction,42,0.9331047462116127,2.289582720687888e-19,0.5377301475343182,0.0002401915228840511,0.4429046172128525,0.003310492640605329
0.8,2286,38,1,DCApost,42,0.9882141329050131,3.1593015718581434e-34,0.2542979092110913,0.10413169400834403,0.23588039867109636,0.13261796061306846
0.8,2286,38,1,OO_fraction,42,0.9404684983668358,2.3800151046722253e-20,0.40921023103990795,0.007125847509629967,0.3327387356415778,0.031311924115480595
0.8,2286,39,1,DCApost,42,0.983920437842783,1.516580015057464e-31,0.23438943132008672,0.13515549180588182,0.14820516975933878,0.34892314109781597
0.8,2286,39,1,OO_fraction,42,0.8854878481734727,6.818913445408146e-15,0.5672902024847558,8.946652275297688e-05,0.4165924652670692,0.0060632510989169774
0.8,2286,40,1,DCApost,42,0.9950223435043712,1.0957544857370214e-41,0.22309429580735288,0.15556284563156642,0.19860627177700346,0.2073530472609036
0.8,2286,40,1,OO_fraction,42,0.9506275465310319,6.198283164602708e-22,0.3469517066457051,0.024380392009530096,0.2887844595709623,0.06362563596367206
0.8,2286,41,1,DCApost,42,0.9920744937507475,1.1698703961674883e-37,0.28112784061282253,0.07130963682894909,0.23912162709666968,0.1272242665742078
0.8,2286,41,1,OO_fraction,42,0.9705128527746442,2.4819877314795293e-26,0.47324895839023035,0.0015493494326570564,0.4004548201268129,0.008591143367374534
0.8,2286,42,1,DCApost,42,0.9832602680019145,3.3708339858946144e-31,0.20275247250716788,0.19783109614358058,0.11319990276314726,0.47536389781868327
0.8,2286,42,1,OO_fraction,42,0.8337144985811576,7.185742681590483e-12,0.4677010048314068,0.0017893311191047067,0.3577334924196958,0.020019954059011653
0.8,2286,43,1,DCApost,42,0.9874654056756484,1.07549285975046e-33,0.21553212715046693,0.17042857645436252,0.17170407584474517,0.27690973816726566
0.8,2286,43,1,OO_fraction,42,0.8042033115992795,1.409817172705274e-10,0.5958935881219811,3.1323138955351055e-05,0.44674128183207423,0.0030187594357252334
0.8,2286,44,1,DCApost,42,0.986028242984397,9.305525375508742e-33,0.28182218578130214,0.07058399800215429,0.2806093509440078,0.07185531972446446
0.8,2286,44,1,OO_fraction,42,0.9879368788752722,5.0171684294777055e-34,0.35751755256082507,0.020100378143224747,0.2381647407045244,0.12879923499245874
0.8,2286,45,1,DCApost,42,0.9933583565451569,3.4527902913069276e-39,0.26202593557320025,0.09367820652065453,0.2258325905518192,0.15042057426572858
0.8,2286,45,1,OO_fraction,42,0.969087028242486,6.299104381025172e-26,0.40638021687430154,0.007573872154753742,0.3392264516667609,0.02796928373844162
0.8,2286,46,1,DCApost,42,0.988775083043354,1.1973988236084623e-34,0.2836706525250305,0.0686805971438992,0.30070496718256223,0.05298691160149908
0.8,2286,46,1,OO_fraction,42,0.9828654859295254,5.353525614754146e-31,0.3690238011092371,0.016175189448157098,0.2654286818803032,0.08934060912326675
0.8,2286,47,1,DCApost,42,0.9854037724994711,2.2185183964430218e-32,0.23337819288491515,0.13689697616559685,0.1739729357426465,0.2705152461431434
0.8,2286,47,1,OO_fraction,42,0.9291933299980145,6.878072193419546e-19,0.45855399260689256,0.0022571685012140776,0.3065888686031511,0.04829022867266747
0.8,2286,48,1,DCApost,42,0.9933482127647524,3.5594759185285723e-39,0.2047877480543103,0.1932713623654434,0.14172271290819222,0.37063702350568184
0.8,2286,48,1,OO_fraction,42,0.8563546602514579,4.796300642692393e-13,0.5704547596963224,8.00387627202505e-05,0.4531161417817124,0.002583689979211267
0.8,2286,49,1,DCApost,42,0.9872284021899721,1.5608812882195566e-33,0.22944566513303344,0.14382776026160923,0.14447775706992952,0.3613118770104655
0.8,2286,49,1,OO_fraction,42,0.9752300399598792,7.932649841877167e-28,0.4153820152287635,0.00622744713403997,0.2968941046024412,0.05621993682352045
0.8,2286,50,1,DCApost,42,0.9906111180519711,3.420598961209587e-36,0.258206736717776,0.09873823711689918,0.23685276719876835,0.13098227755504546
0.8,2286,50,1,OO_fraction,42,0.9638827743651107,1.3489149945061214e-24,0.43529229831547817,0.003963192702536551,0.33009081829435793,0.03276775808080175
0.8,2286,51,1,DCApost,42,0.9895968383243796,2.63710862925629e-35,0.20770349903268936,0.1868692119239344,0.14658455554655217,0.35427730115576406
0.8,2286,51,1,OO_fraction,42,0.96497807715841,7.359892253874978e-25,0.39089942849336223,0.010478931174773255,0.2978672620062187,0.05537969631534953
0.8,2286,52,1,DCApost,42,0.9903419588689304,6.005419760297617e-36,0.27085209517120734,0.08275076912195779,0.2282635118709991,0.14596095006037707
0.8,2286,52,1,OO_fraction,42,0.9658020626012479,4.606378525174937e-25,0.3820860491420854,0.012524157321020829,0.28793776684222966,0.06444152549329836
0.8,2286,53,1,DCApost,42,0.9901921987198347,8.158389385072335e-36,0.2990640554672676,0.054360197802310176,0.2434972854711936,0.12020540775264267
0.8,2286,53,1,OO_fraction,42,0.9703073681883739,2.846425770234393e-26,0.4298258017984774,0.004498718192864096,0.35512135592845945,0.0210111565426334
0.8,2286,54,1,DCApost,42,0.9884324347445193,2.1780198602164955e-34,0.18302159244972016,0.2459870781244032,0.11903411392917915,0.45275852604782685
0.8,2286,54,1,OO_fraction,42,0.845440238471666,1.866397746349815e-12,0.5176455355036467,0.0004467615386467768,0.3983305020313211,0.008983400984639352
0.8,2286,55,1,DCApost,42,0.989889309775197,1.4948298986509696e-35,0.29266574791957867,0.05999003031966753,0.2705615428247306,0.08309391853123566
0.8,2286,55,1,OO_fraction,42,0.9491191408200136,1.1158358813145547e-21,0.41171645922668415,0.006748371785256474,0.27597122042122574,0.0768843023685553
0.8,2286,56,1,DCApost,42,0.9936740691413839,1.3073506606367051e-39,0.2815898229783101,0.07082618182737752,0.2608378575480107,0.09523036277678323
0.8,2286,56,1,OO_fraction,42,0.9434685947190555,8.700559820189901e-21,0.35998188252959984,0.019198497140543384,0.2592653516563793,0.0973151260308519
0.8,2286,57,1,DCApost,42,0.9869201751466767,2.507757028034118e-33,0.30700611527973615,0.047970376590130835,0.3126975123571834,0.04377597256093689
0.8,2286,57,1,OO_fraction,42,0.8657339775198246,1.3606147374079747e-13,0.5987504877415183,2.8049935149247317e-05,0.5033021356588528,0.00068012516926516
0.8,2286,58,1,DCApost,42,0.9841832839023887,1.093321078346137e-31,0.28979087897411315,0.06266652986958755,0.25986548902033874,0.09651538733538641
0.8,2286,58,1,OO_fraction,42,0.9570188339893889,4.1095540026810994e-23,0.44757603358510584,0.0029583597516909853,0.3595573065819469,0.019351409578429294
0.8,2286,59,1,DCApost,42,0.9786686904909561,4.120194738255437e-29,0.25390486530298106,0.10468623511304384,0.2149744753261486,0.1715639770711536
0.8,2286,59,1,OO_fraction,42,0.9599034099392921,1.0517994561031412e-23,0.41118106851060093,0.006827524683729285,0.3098695366528074,0.04582125629847762
0.8,2286,60,1,DCApost,42,0.9816302869683853,2.1298956230363714e-30,0.25823523321298086,0.0986997207491011,0.2707236042460092,0.08290238354958529
0.8,2286,60,1,OO_fraction,42,0.9885230018671047,1.8627159894240716e-34,0.3818775613893519,0.01257638549823687,0.2478923679627079,0.11345301364881996
0.8,2286,61,1,DCApost,42,0.9902557474015906,7.16791368999549e-36,0.25356426681591865,0.10516860304820283,0.20638521999837942,0.18974485154037588
0.8,2286,61,1,OO_fraction,42,0.9688953129648228,7.115677558674407e-26,0.346947907612187,0.0243820576859577,0.2081745879580624,0.1858491468786438
0.8,2286,62,1,DCApost,42,0.9888781673519641,9.965758063050795e-35,0.23905513977720352,0.12733323190047605,0.17996920832995708,0.2540874827788524
0.8,2286,62,1,OO_fraction,42,0.9844867055806388,7.442226132846062e-32,0.4344671201242045,0.004040279414408397,0.30111112001881024,0.05265134170638648
0.8,2286,63,1,DCApost,42,0.9902355928622943,7.468960075755372e-36,0.25799529179347563,0.09902439045860278,0.22599465197309784,0.15012019338641175
0.8,2286,63,1,OO_fraction,42,0.9884406528352706,2.1474411934215998e-34,0.42264005588328835,0.005297865162217121,0.28943323117348063,0.06300603821540211
0.8,2286,64,1,DCApost,42,0.986301905055402,6.280670343984993e-33,0.2831996431610424,0.0691617079124735,0.2548415849607001,0.10336833126077326
0.8,2286,64,1,OO_fraction,42,0.9639689104869854,1.287030818247312e-24,0.4138534574236905,0.006440283061373335,0.2965697188011821,0.05650227468394877
0.8,2286,65,1,DCApost,42,0.9953317116271267,3.044995153818063e-42,0.284937412968616,0.06739978627889537,0.22745320476460582,0.14743654030370376
0.8,2286,65,1,OO_fraction,42,0.9848528835538602,4.6309535185492864e-32,0.3493392965434321,0.023352151614810298,0.23850466037579338,0.1282380908389838
0.8,2286,66,1,DCApost,42,0.9861681576896875,7.618584332167142e-33,0.282255567471031,0.07013404495422054,0.2527347864840775,0.10635043948970117
0.8,2286,66,1,OO_fraction,42,0.9652923308921945,6.163614206936869e-25,0.3910872788281006,0.01043865364881147,0.27207859080611585,0.08131440612334943
0.8,2286,67,1,DCApost,42,0.9900255175131207,1.141092362779606e-35,0.2977977574520436,0.055439371976674326,0.25905518191394544,0.0975963980412849
0.8,2286,67,1,OO_fraction,42,0.9570062532767589,4.1331986878852116e-23,0.43741412786746825,0.0037708425763786856,0.341497152275575,0.026871644238873338
0.8,2286,68,1,DCApost,42,0.9909523548577096,1.63637285110846e-36,0.2585726357237898,0.09824455806804971,0.18839640223644763,0.2321507051832747
0.8,2286,68,1,OO_fraction,42,0.9587789373549896,1.8099471856690656e-23,0.4323753196128211,0.004241583208671753,0.30123219076174707,0.05255164237500766
0.8,2286,69,1,DCApost,42,0.9912192334859924,9.013067273477078e-37,0.22704360013802397,0.14818660085140817,0.185317235232153,0.24001089452618418
0.8,2286,69,1,OO_fraction,42,0.9892085245486422,5.468955289310719e-35,0.3617558740706939,0.018570529630534727,0.25034474212175256,0.10981240131328422
0.8,2286,70,1,DCApost,42,0.9875135432219283,9.962686720451214e-34,0.206417031968471,0.1896750910821247,0.14788104691678147,0.34998999790449903
0.8,2286,70,1,OO_fraction,42,0.9557616325155305,7.230569158166501e-23,0.3913898681394337,0.010374053133213953,0.2915417388816652,0.06102541336947562
0.8,2286,71,1,DCApost,42,0.9854302400979903,2.1399476827717104e-32,0.3160200148851246,0.041468415845241316,0.318693784944494,0.039684219768624365
0.8,2286,71,1,OO_fraction,42,0.8631420409661421,1.945185346410748e-13,0.5711552294188906,7.807804398475642e-05,0.44468758182011375,0.0031719836305311184
0.8,2286,72,1,DCApost,42,0.9921049732379321,1.083402476896682e-37,0.2066080580497565,0.18925657233838222,0.1491775382870108,0.3457345098301726
0.8,2286,72,1,OO_fraction,42,0.9802386483177933,9.059987905782071e-30,0.37075703837839125,0.015644229706528522,0.25988977491446746,0.09648313091982533
0.8,2286,73,1,DCApost,42,0.9907895940512939,2.3340186126849864e-36,0.28641200398532063,0.0659327306224872,0.2540312778543068,0.10450763563457215
0.8,2286,73,1,OO_fraction,42,0.9834807301635108,2.5909390116636543e-31,0.39152348748337634,0.01034563549159701,0.28132358614200176,0.07110447654099855
0.8,2286,74,1,DCApost,42,0.9912255624097747,8.884536677975136e-37,0.3103511457980889,0.04546757352338088,0.2741268940928612,0.07895908902266026
0.8,2286,74,1,OO_fraction,42,0.9805890070294736,6.355340356005607e-30,0.36434551730050596,0.01768492413300202,0.24953377761860465,0.1110063345492231
0.8,2286,75,1,DCApost,42,0.9942831147841957,1.7357711418265698e-40,0.2663635370126349,0.08817659656358653,0.24852118953083221,0.11251091208060539
0.8,2286,75,1,OO_fraction,42,0.9854042333310967,2.2171272628371616e-32,0.3680615213415102,0.016476493888875513,0.2732139411105229,0.08000220043313834
0.8,2286,76,1,DCApost,42,0.9880278718154519,4.315703365640757e-34,0.27017821702380007,0.08354833090854981,0.23620452151365368,0.13207105127529187
0.8,2286,76,1,OO_fraction,42,0.9576412166363731,3.08741110033521e-23,0.42435713418699206,0.005096467738532229,0.2939746323911088,0.058802057589356485
0.8,2286,77,1,DCApost,42,0.9890959973739704,6.722989323424697e-35,0.1947062256636034,0.2165973985981378,0.15014990681468277,0.34256380406644915
0.8,2286,77,1,OO_fraction,42,0.9388464870655322,4.013447052303034e-20,0.3241224671884016,0.03625426437476084,0.2709460272347372,0.082640069666462
0.8,2286,78,1,DCApost,42,0.9838313971415562,1.6923039325244052e-31,0.30918630502490607,0.046326826838692416,0.2509521108500122,0.10892462155834517
0.8,2286,78,1,OO_fraction,42,0.9696938786545424,4.260779940302101e-26,0.39056723578639957,0.010550483039549563,0.2642933315758962,0.09077022881881604
0.8,2286,79,1,DCApost,42,0.9900506950609688,1.0850945358764325e-35,0.2619249223339287,0.0938094104957435,0.23701482862004702,0.1307111332554512
0.8,2286,79,1,OO_fraction,42,0.9665101993081014,3.0509757427232364e-25,0.37231743723071725,0.015178904274505947,0.28278332224766795,0.06958917056252124
0.8,2286,80,1,DCApost,42,0.9891872584402873,5.687485618254023e-35,0.26721802204689055,0.08712297456891316,0.1861275423385463,0.2379251526997732
0.8,2286,80,1,OO_fraction,42,0.9808773206996529,4.723909092368638e-30,0.4343726321808013,0.004049189270309327,0.3050037496339201,0.04952108618636146
0.8,2286,81,1,DCApost,42,0.995061248655585,9.369388218636959e-42,0.2674140293408637,0.08688267164911818,0.21935013370067258,0.16280013674391752
0.8,2286,81,1,OO_fraction,42,0.8498829214472656,1.087504440709723e-12,0.49529385542697607,0.0008532331068069477,0.3311446445806611,0.03218182144137915
0.8,2286,82,1,DCApost,42,0.9916161249492736,3.586622147355729e-37,0.27609929562712493,0.07674182601036603,0.23928368851794832,0.12695895829580023
0.8,2286,82,1,OO_fraction,42,0.9803830360556948,7.834351336803003e-30,0.42917550417540795,0.004566438886519136,0.3380350472218744,0.02855990676884341
0.8,2286,83,1,DCApost,42,0.9724895367465386,6.3091652837789516e-27,0.2215396318410646,0.15853887276936934,0.14366744996353617,0.3640397572009485
0.8,2286,83,1,OO_fraction,42,0.978556789310098,4.570036027286302e-29,0.4126678556056479,0.006609671764307313,0.29981357681377363,0.053729418689222944
0.8,2286,84,1,DCApost,42,0.9916051937723306,3.680951419168377e-37,0.298712489835127,0.05465810717405131,0.2841747022121384,0.06816867163757029
0.8,2286,84,1,OO_fraction,42,0.9739087974768712,2.2158559996900487e-27,0.4537769529708289,0.0025419128148536953,0.349982095077395,0.02308159408279892
0.8,2286,85,1,DCApost,42,0.9882558149093629,2.9443043875331555e-34,0.3130852266524069,0.04350143745373471,0.30767360829754475,0.04746225349923044
0.8,2286,85,1,OO_fraction,42,0.9769274264550101,1.9479425539195364e-28,0.40120520611667604,0.008456148354723287,0.2771065707256328,0.07562849413915772
0.8,2286,86,1,DCApost,42,0.9922468290315161,7.548563431297207e-38,0.22775404872339725,0.14688742095952387,0.19585122761526622,0.2138543000980514
0.8,2286,86,1,OO_fraction,42,0.9865923983223926,4.101786869564234e-33,0.4302989416492135,0.004449997800481107,0.33776671556109467,0.028694344187042243
0.8,2286,87,1,DCApost,42,0.9723392773667969,7.025646989019734e-27,0.32536882045556115,0.035502123781873944,0.33749290981281904,0.02883206398854629
0.8,2286,87,1,OO_fraction,42,0.9718414961397348,9.991397314734644e-27,0.3600982322253826,0.019156771153341298,0.2495136391724051,0.11103610805919098
0.8,2286,88,1,DCApost,42,0.9874565020466589,1.0907870024815074e-33,0.2968242414721955,0.056280648410965625,0.2644032088161413,0.0906311040798686
0.8,2286,88,1,OO_fraction,42,0.9759865366508925,4.295504363497011e-28,0.36544344861430017,0.017320346675133626,0.26588847839034724,0.08876662589983236
0.8,2286,89,1,DCApost,42,0.9893838426735979,3.94754432319458e-35,0.2718960580235568,0.08152693095708041,0.27445101693541857,0.07859132675433088
0.8,2286,89,1,OO_fraction,42,0.8761134354316007,3.007615722760621e-14,0.511104696941368,0.0005423754060612052,0.3755674757263654,0.014247241775392928
0.8,2286,90,1,DCApost,42,0.9896309699170396,2.4701225716775143e-35,0.2443330215454018,0.1188986642273526,0.19876833319828216,0.20697496499044213
0.8,2286,90,1,OO_fraction,42,0.8501878144544747,1.0472667077617438e-12,0.5346222885909527,0.0002650761028008808,0.40191313288394565,0.008330468059552915
0.8,2286,91,1,DCApost,42,0.9905274865187,4.081306343188209e-36,0.2558020243980363,0.10203026536883358,0.21270561542824734,0.17623962249580385
0.8,2286,91,1,OO_fraction,42,0.9145722556657511,2.5608954511898236e-17,0.5126823573203876,0.0005177730577359324,0.39589918665778306,0.009451127782702108
0.8,2286,92,1,DCApost,42,0.9783836046808548,5.359220158496069e-29,0.31304476316132085,0.04353002355387929,0.2856332550036464,0.06670431351681415
0.8,2286,92,1,OO_fraction,42,0.9609969367812217,6.111308749301112e-24,0.36258649465248544,0.018282496942308244,0.25697148673701237,0.10041894226249784
0.8,2286,93,1,DCApost,42,0.9902609466201425,7.092143932880892e-36,0.255598543126333,0.10231263862315063,0.24025605704562028,0.12537579884052702
0.8,2286,93,1,OO_fraction,42,0.9859340958335197,1.0634110767863134e-32,0.3837841943271183,0.012105592307711223,0.2861893731608891,0.0661525870635554
0.8,2286,94,1,DCApost,42,0.9933215086242592,3.855504473849305e-39,0.2844165063769465,0.06792416266334927,0.2733165869864679,0.07988438588822189
0.8,2286,94,1,OO_fraction,42,0.9624504937196529,2.8977271489027872e-24,0.4047069936336225,0.007850022837021887,0.2846952244228352,0.06764318812183318
0.8,2286,95,1,DCApost,42,0.9894935824120062,3.2100112509601226e-35,0.27751725741712796,0.0751782208499405,0.2146503524835913,0.17222640093223796
0.8,2286,95,1,OO_fraction,42,0.9610254099784876,6.02427657507151e-24,0.45866421376798233,0.002250944515633556,0.3532279294857176,0.021755068956361576
0.8,2286,96,2,DCApost,42,0.9879753014140802,4.708696515208713e-34,0.27300003506068793,0.0802481531647031,0.24690057531804552,0.11495104988303047
0.8,2286,96,2,OO_fraction,42,0.966917576644706,2.3975032043488183e-25,0.3729999179410586,0.014979097222488505,0.28647862275350217,0.06586705474955903
0.8,2286,97,1,DCApost,42,0.9945531351807763,6.611479649402302e-41,0.30549555286921104,0.04913651857721009,0.30929422251033145,0.04624667216840775
0.8,2286,97,1,OO_fraction,42,0.986678669680266,3.607813867736856e-33,0.384825039603316,0.011854981108542044,0.28132358614200176,0.07110447654099855
0.8,2286,98,1,DCApost,42,0.9920156124165579,1.3558058410803888e-37,0.24268261419186934,0.12148959611758187,0.1908273235556276,0.22607079434450117
0.8,2286,98,1,OO_fraction,42,0.9591867781354657,1.489131069233666e-23,0.32743332225218125,0.034284450300022494,0.2389912390776821,0.12743802384598987
0.8,2286,99,1,DCApost,42,0.9926363592715836,2.701872230684388e-38,0.21551452649237837,0.17046432910217113,0.13118872052507902,0.40759684316431133
0.8,2286,99,1,OO_fraction,42,0.9720527260082965,8.611216742360935e-27,0.36649395090537923,0.01697747273242505,0.267050610886599,0.08732862715819315
0.8,2286,100,1,DCApost,42,0.9912824175804797,7.805388745020485e-37,0.2870320247028707,0.06532348793912457,0.2961672473867596,0.05685415303993093
0.8,2286,100,1,OO_fraction,42,0.9673942485305527,1.8013523259188801e-25,0.35745027198748985,0.02012549127954946,0.2827496989711985,0.06962378452484977
0.8,2286,101,1,DCApost,42,0.9899670292977698,1.2819567187609798e-35,0.20845990134939166,0.18523327665349948,0.13702293169111093,0.3868725558687177
0.8,2286,101,1,OO_fraction,42,0.9821522417985614,1.2024094484858496e-30,0.38333099199210563,0.012216115709405676,0.30567645540379007,0.04899566892092051
0.8,2286,102,1,DCApost,42,0.9935759762892711,1.7768853798717572e-39,0.27836017169932953,0.07426065311054734,0.23847338141155497,0.1282896500942747
0.8,2286,102,1,OO_fraction,42,0.977434037690263,1.2552901594035974e-28,0.4413354324299429,0.003436747416496513,0.31679639437484053,0.04094373832809971
0.8,2286,103,1,DCApost,42,0.992279649028534,6.936611793280492e-38,0.3118821054628385,0.04435794303610156,0.3002187829187262,0.053390862529560594
0.8,2286,103,1,OO_fraction,42,0.9643907699725972,1.0208874723878395e-24,0.43634544195173663,0.0038666772928006203,0.31760702997968915,0.04040169664558545
0.8,2286,104,1,DCApost,42,0.9759230065520073,4.525961333311214e-28,0.21784328674694342,0.1657806836623536,0.2013613159387408,0.20099100681857637
0.8,2286,104,1,OO_fraction,42,0.9656610108067276,4.995149197784172e-25,0.3962374061524641,0.00938483739774574,0.3191466681983293,0.039388311936024656
0.8,2286,105,1,DCApost,42,0.9879684474432636,4.762369509980676e-34,0.23478522405774307,0.13447838723762845,0.156794425087108,0.3213785207607576
0.8,2286,105,1,OO_fraction,42,0.9621065013365449,3.466503542266382e-24,0.3684698879518061,0.01634805401700601,0.2709432405017088,0.08264335218415163
0.8,2286,106,1,DCApost,42,0.9824839951737511,8.286940246418291e-31,0.12247157143597966,0.4397183005473955,0.04724090430273074,0.7664034663227215
0.8,2286,106,1,OO_fraction,42,0.8997494840802411,5.461755298655378e-16,0.4015273812221984,0.008398750941111206,0.3027723984109594,0.05129651121534892
0.8,2286,107,1,DCApost,42,0.9813602245074884,2.8448162717337246e-30,0.26343496829619234,0.09186276784845798,0.18823434081516896,0.2325599633376457
0.8,2286,107,1,OO_fraction,42,0.9539783509575347,1.5677609756697043e-22,0.42292441477587167,0.005264042514175702,0.301943745834219,0.05196875448359103
0.8,2286,108,1,DCApost,42,0.9936131483730927,1.582704155644841e-39,0.259857950175675,0.09652540208251119,0.19374442913864354,0.21892033533970504
0.8,2286,108,1,OO_fraction,42,0.9761680276009347,3.6969101991070412e-28,0.3983518171541102,0.008979390016004484,0.29993517379398926,0.05362764193998533
0.8,2286,109,1,DCApost,42,0.9878350660945021,5.930041083269353e-34,0.25265453941791366,0.1064653098752864,0.18872052507900497,0.23133366474201603
0.8,2286,109,1,OO_fraction,42,0.9887538434125188,1.2432965496575442e-34,0.38533868477379657,0.011732946645520315,0.24645211250664267,0.1156333159780533
0.8,2286,110,1,DCApost,42,0.9953883843683647,2.386262968588454e-42,0.2608574399165829,0.09520461995457954,0.240904302730735,0.12432861107557784
0.8,2286,110,1,OO_fraction,42,0.9595964911576985,1.2216231618864497e-23,0.4365771555456862,0.0038457195886299764,0.31035611535469615,0.04546393556201944
0.8,2286,111,1,DCApost,42,0.9861400764456479,7.93193875462825e-33,0.3369941985261567,0.029084313823309425,0.3115630824082327,0.04458733755030943
0.8,2286,111,1,OO_fraction,42,0.9625969232748337,2.683519817585624e-24,0.37102530750747803,0.0155633809416738,0.23751623222064555,0.12987488905642844
0.8,2286,112,1,DCApost,42,0.981862818380886,1.654353406175158e-30,0.29258712753247906,0.06006199286203171,0.2836885179483024,0.0686624007802494
0.8,2286,112,1,OO_fraction,42,0.944773481338337,5.520345233221778e-21,0.4374800355592232,0.003765000841665782,0.31927672488932285,0.039303668411897474
0.8,2286,113,1,DCApost,42,0.9920608831834447,1.2105637524661786e-37,0.2753119438190947,0.07762099393297381,0.24706263673932424,0.11470524942968356
0.8,2286,113,1,OO_fraction,42,0.971577102676393,1.2015702390386893e-26,0.39144695133233276,0.010361904740223419,0.29263945335035163,0.060014090516914996
0.8,2286,114,1,DCApost,42,0.9934743260207204,2.4300967404939928e-39,0.265089431851983,0.0897659491605878,0.2237257920751965,0.1543657207611616
0.8,2286,114,1,OO_fraction,42,0.9851981003614555,2.929449735206636e-32,0.45572111305840196,0.00242242560780692,0.33663136525668763,0.029268981747112777
0.8,2286,115,1,DCApost,42,0.990236031353503,7.462284487698453e-36,0.25656433669824635,0.10097769779544447,0.24916943521594687,0.11154593138555777
0.8,2286,115,1,OO_fraction,42,0.9795119043947444,1.8532944626977163e-29,0.43709874082771366,0.003798906711950628,0.35586903052854396,0.020723331096648288
0.8,2286,116,1,DCApost,42,0.992581970693086,3.1287397965305926e-38,0.2813738862800401,0.071051832355326,0.25970342759906007,0.09673084906433423
0.8,2286,116,1,OO_fraction,42,0.9854905144255467,1.9707610800193614e-32,0.4218282633180965,0.00539546322348473,0.31765479588302714,0.04036994083033532
0.8,2286,117,1,DCApost,42,0.9919330902636219,1.6641167383801177e-37,0.27343682362673044,0.07974655359417576,0.26488939307997733,0.09001748475855613
0.8,2286,117,1,OO_fraction,42,0.9638776556652262,1.3526799397079878e-24,0.37295412346931844,0.014992434182583062,0.29312583471326087,0.059570282857219714
0.8,2286,118,1,DCApost,42,0.9730865386412226,4.0905364541053645e-27,0.18968382548369236,0.22891700731816247,0.1170893768738352,0.46022801700843197
0.8,2286,118,1,OO_fraction,42,0.7826866090696885,9.152024691502537e-10,0.5276764250288444,0.00032928258950831957,0.36065178059715086,0.018959297135268966
0.8,2286,119,1,DCApost,42,0.9836881883858782,2.0160695618277024e-31,0.20210483260066658,0.19929778537989196,0.11870999108662184,0.45399884748094754
0.8,2286,119,1,OO_fraction,42,0.9429325049012142,1.04559938657765e-20,0.3157919741297577,0.04162356197354984,0.2091477453618399,0.18375448744907616
0.8,2286,120,1,DCApost,42,0.9893590833657584,4.134882274837828e-35,0.1779848954121374,0.25944815194641163,0.07997731140102099,0.6146282081781129
0.8,2286,120,1,OO_fraction,42,0.9588862527396257,1.7197020816546938e-23,0.38510753365845846,0.011787731461074313,0.2696456972966722,0.08418281421467277
0.8,2286,121,1,DCApost,42,0.9887475761727801,1.2571557478500814e-34,0.2803930101821118,0.07208397737417556,0.2585689976501094,0.09824945728674368
0.8,2286,121,1,OO_fraction,42,0.9765271824300802,2.7376016997074855e-28,0.34930671630607807,0.02336593501618052,0.25194554598695096,0.1074843188717483
0.8,2286,122,1,DCApost,42,0.9935132947682201,2.1565173127674712e-39,0.24437546643729213,0.1188325850284779,0.18807227939389026,0.23296971363083496
0.8,2286,122,1,OO_fraction,42,0.9697620602162118,4.075656411177048e-26,0.37682321537714214,0.013900499292155033,0.23639615266760886,0.1317484936679248
0.8,2286,123,1,DCApost,42,0.9919263313153187,1.692121925539794e-37,0.22256865079662136,0.15656446603078306,0.17996920832995708,0.2540874827788524
0.8,2286,123,1,OO_fraction,42,0.9745622322053941,1.3422632299835047e-27,0.37987386279980595,0.013087856603796442,0.2806835304597053,0.07177704866187844
0.8,2286,124,1,DCApost,42,0.981270163093339,3.130139326218291e-30,0.2928944630432172,0.0597810745188362,0.2678064986629933,0.08640305544442797
0.8,2286,124,1,OO_fraction,42,0.8586660116557294,3.5458328636889914e-13,0.5292049083626827,0.000314061027440867,0.37863932651974813,0.013411713032551644
0.8,2286,125,1,DCApost,42,0.9936874535092248,1.2532791380397832e-39,0.23856623016193,0.1281366464195472,0.16019771493395998,0.3108536226268049
0.8,2286,125,1,OO_fraction,42,0.9809534842860638,4.3645491245060464e-30,0.3742182892046831,0.014627937460350043,0.2886222666703328,0.06378128932772476
0.8,2286,126,1,DCApost,42,0.9888594703121156,1.0304482494786628e-34,0.3186249293728404,0.039729367560839154,0.32177295194878863,0.037707649491453825
0.8,2286,126,1,OO_fraction,42,0.9877820557855258,6.465705588636007e-34,0.38032785234732364,0.012970445800609104,0.2769443778250032,0.07580690300738975
0.8,2286,127,1,DCApost,42,0.993579598093648,1.7570142467381983e-39,0.23899386000257136,0.12743372447382567,0.1921238149258569,0.2228732721703648
0.8,2286,127,1,OO_fraction,42,0.9812243093179938,3.285643678188512e-30,0.4057846333772541,0.00767119227084854,0.2806420463985921,0.07182081259079356
0.8,2286,128,1,DCApost,42,0.9943344961478395,1.4496935870159184e-40,0.2710407972906529,0.08252849966351516,0.25759662912243747,0.09956564110960747
0.8,2286,128,1,OO_fraction,42,0.9880317946875681,4.287661967663518e-34,0.38939840591907177,0.010805572089076676,0.2795394642350764,0.07299171461714911
0.8,2286,129,1,DCApost,42,0.9846664882828681,5.904269702346406e-32,0.21948190142851415,0.16254136065195143,0.12600275504416175,0.4265412855295967
0.8,2286,129,1,OO_fraction,42,0.963724371519131,1.4701545006297494e-24,0.37112692913266776,0.015532847513255862,0.2780480124630765,0.0745994271319362
0.8,2286,130,1,DCApost,42,0.9898605686525304,1.581736760925346e-35,0.2081373147929304,0.18592971119193957,0.14755692407422413,0.3510588431812668
0.8,2286,130,1,OO_fraction,42,0.9482121124943629,1.5755279212371326e-21,0.29756700007372705,0.05563786679416673,0.20395757254169342,0.19512219582451024
0.8,2286,131,1,DCApost,42,0.9850338781711409,3.647310797829004e-32,0.2804467168709401,0.07202715960241185,0.2985981687059396,0.05475526218237403
0.8,2286,131,1,OO_fraction,42,0.9409776802727834,2.0138389801681312e-20,0.5290826198894033,0.00031525511989139034,0.3919423149443076,0.010256992149384827
0.8,2286,132,2,DCApost,42,0.9901358765188166,9.143636866103222e-36,0.19412082394509705,0.21800922334531797,0.11741349971639252,0.4589785163723016
0.8,2286,132,2,OO_fraction,42,0.9476410124953997,1.9515890741910945e-21,0.4006702703331744,0.008552195433459498,0.29867822650936654,0.05468721109815555
0.8,2286,133,1,DCApost,42,0.9929791722249357,1.0445538687508447e-38,0.2706984704204817,0.08293206581291837,0.23361153877319504,0.13649365402180913
0.8,2286,133,1,OO_fraction,42,0.9676573794916652,1.5355641414244252e-25,0.4032123705499384,0.008103987878347041,0.28002604293696515,0.07247314736125181
0.8,2286,134,1,DCApost,42,0.9930731732505272,7.984017819488961e-39,0.23138680104729983,0.1403750050250896,0.1798071469086784,0.25452249370601016
0.8,2286,134,1,OO_fraction,42,0.9477422202456605,1.87927379830873e-21,0.39244213619537577,0.010152058328445691,0.2748358701168187,0.07815639994003905
0.8,2286,135,1,DCApost,42,0.9838852405901193,1.5838649419450256e-31,0.24338338581055122,0.12038433356531356,0.23750101288388298,0.12990021303666793
0.8,2286,135,1,OO_fraction,42,0.9671931469695851,2.0333104145564726e-25,0.4134677794007437,0.0064949685310207094,0.2788906926325581,0.0736876749150883
0.8,2286,136,1,DCApost,42,0.9927571062572299,1.9432617629709902e-38,0.21987214007078998,0.16177672968366924,0.1657078032574346,0.29428284144882927
0.8,2286,136,1,OO_fraction,42,0.9792947820308266,2.283744329211506e-29,0.36628840391841855,0.01704410679682329,0.26121166646393423,0.09473988160981436
0.8,2286,137,2,DCApost,42,0.9872227108279131,1.5747701717784353e-33,0.17394783864702623,0.27058544200208223,0.09132161089052751,0.5651729088300829
0.8,2286,137,2,OO_fraction,42,0.9855554971546596,1.8026137886660755e-32,0.38032022195672893,0.012972411744375948,0.290693927898715,0.061815755223244936
0.8,2286,138,1,DCApost,42,0.9924941307271596,3.9561444620448585e-38,0.1895008051259037,0.22937481989404368,0.12243740377603111,0.43984688860911136
0.8,2286,138,1,OO_fraction,42,0.967762802686399,1.4398917582127471e-25,0.32408614063964736,0.03627638084561438,0.26786248454683065,0.0863348059744535
0.8,2286,139,1,DCApost,42,0.9905287092449004,4.070828061196156e-36,0.25641784357249314,0.10117932052529896,0.2191880722793939,0.1631188157319794
0.8,2286,139,1,OO_fraction,42,0.947291595840518,2.2220522801908794e-21,0.45430436868194507,0.002508996497739193,0.40304802273073365,0.008132340555766691
0.8,2286,140,1,DCApost,42,0.9882486652904258,2.9801672921918165e-34,0.2843148857918352,0.0680268353239031,0.2676444372417146,0.0866008523234534
0.8,2286,140,1,OO_fraction,42,0.9753093573658449,7.445180985733636e-28,0.3585078449435798,0.019733773582903815,0.2579678084513427,0.09906163100809938
0.8,2286,141,1,DCApost,42,0.9966323692502554,4.4878933456560204e-45,0.2616577978534653,0.09415705595896741,0.21270561542824734,0.17623962249580385
0.8,2286,141,1,OO_fraction,42,0.976912752224163,1.972606088150639e-28,0.36015217078951567,0.01913745327770893,0.26591526058219195,0.08873328086743934
0.8,2286,142,1,DCApost,42,0.9899134942246304,1.425233378920113e-35,0.25166415783912327,0.10789080031770916,0.18515517381087435,0.24042952578153742
0.8,2286,142,1,OO_fraction,42,0.8824766694859019,1.1134602266562946e-14,0.5087233155099198,0.0005814965852958427,0.36251624248830266,0.018306711647918056
0.8,2286,143,1,DCApost,42,0.9841016338209,1.2110109730182098e-31,0.2170342853202942,0.16739708523035599,0.16311482051697593,0.30200850898769027
0.8,2286,143,1,OO_fraction,42,0.9655321897639411,5.377221640084454e-25,0.34832441766117866,0.023784706949266737,0.26799613096295366,0.08617205391155473
0.8,2286,144,1,DCApost,42,0.9934044311088771,3.0052863630324184e-39,0.2288530762772569,0.14489419117721358,0.19957864030467548,0.2050917728483448
0.8,2286,144,1,OO_fraction,42,0.9313209235216647,3.8115935276764615e-19,0.46961079546998785,0.0017032528493718722,0.3442544315862778,0.025587120400501477
0.8,2286,145,1,DCApost,42,0.9914825884587478,4.913778523926173e-37,0.25579355543740334,0.10204200592958633,0.24673851389676688,0.11519724865947993
0.8,2286,145,1,OO_fraction,42,0.9813773634753495,2.793392344205131e-30,0.3802534956919636,0.012989614338766232,0.25115570662490044,0.10862825453767219
0.8,2286,146,1,DCApost,42,0.994206249769159,2.26566432204191e-40,0.2757587805404277,0.07712108677913453,0.24965561947978288,0.11082632778580959
0.8,2286,146,1,OO_fraction,42,0.9826034895741126,7.234511669374294e-31,0.4146907840871551,0.006322927594202703,0.3140865520691764,0.042798879191208714
0.8,2286,147,1,DCApost,42,0.99378228187984,9.267237379986997e-40,0.26553831310167947,0.08920349155647667,0.24301110120735764,0.12097055721274198
0.8,2286,147,1,OO_fraction,42,0.9636835473059953,1.503035986487669e-24,0.46381559621846963,0.001976405535718466,0.36527240354478796,0.017376723266522766
0.8,2286,148,1,DCApost,42,0.9944584452917139,9.324514379006152e-41,0.28048619332878044,0.07198541888080229,0.2585689976501094,0.09824945728674368
0.8,2286,148,1,OO_fraction,42,0.8339795245382087,6.978198199529904e-12,0.5700930849034687,8.106856025546778e-05,0.42631326458988905,0.004875170159426367
0.8,2286,149,1,DCApost,42,0.9786383729421975,4.237733804833176e-29,0.2435447990806765,0.12013082750013088,0.18142776112146503,0.25019478226484265
0.8,2286,149,1,OO_fraction,42,0.9740330905282553,2.016318582670575e-27,0.3707929166683784,0.015633396459467003,0.2634823670727483,0.09180217404474063
0.8,2286,150,1,DCApost,42,0.9912091483562119,9.221535866011084e-37,0.2500142107916475,0.11029783825618511,0.16846284741917186,0.28621524685746436
0.8,2286,150,1,OO_fraction,42,0.9662500442273863,3.5531496624663733e-25,0.39684866347534276,0.009266043607497002,0.31054520701627414,0.04532568629190518
0.8,2286,151,1,DCApost,42,0.991235829790866,8.679717143823355e-37,0.25383771266094396,0.10478120514814337,0.19374442913864354,0.21892033533970504
0.8,2286,151,1,OO_fraction,42,0.9566436149535033,4.872907398386018e-23,0.4647927928176051,0.001927799871336551,0.36426376647401476,0.017712326981993837
0.8,2286,152,1,DCApost,42,0.9885022341858365,1.930934596051945e-34,0.3055728037499726,0.049076331565498746,0.27153391135240257,0.08194986512725227
0.8,2286,152,1,OO_fraction,42,0.8711764820120844,6.267012481121524e-14,0.5032521129796793,0.0006811009089326215,0.35926736836314277,0.01945641881947335
0.8,2286,153,1,DCApost,42,0.9904199171636715,5.110404982300227e-36,0.2851390667218284,0.0671976516034223,0.2810955352078438,0.07134354084130173
0.8,2286,153,1,OO_fraction,42,0.9669908981506694,2.294983481124012e-25,0.41602322391677,0.00613999485146076,0.3304157592638242,0.03258615866898721
0.8,2286,154,1,DCApost,42,0.9892876639703148,4.723719238461568e-35,0.2512176584029074,0.10853819544621639,0.19601328903654486,0.2134680035558556
0.8,2286,154,1,OO_fraction,42,0.8753180284554417,3.39233586077542e-14,0.5542665208557211,0.00013982797470053776,0.4222600865656459,0.005343354551492571
0.8,2286,155,1,DCApost,42,0.9909606563551732,1.6067258696379065e-36,0.2545440877410022,0.10378550846853751,0.18953083218539826,0.22929966637278293
0.8,2286,155,1,OO_fraction,42,0.8695602290991186,7.917894925854259e-14,0.5520247194960549,0.00015072010635505654,0.4303788618205833,0.00444181377074976
0.8,2286,156,1,DCApost,42,0.9905295157406239,4.0639306972992674e-36,0.2757849021936727,0.07709194093637772,0.22923588039867113,0.14420462769899864
0.8,2286,156,1,OO_fraction,42,0.9739777016891875,2.1030357002529993e-27,0.40296767475874684,0.008146232936228025,0.29186612468292433,0.06072515407526394
0.8,2286,157,1,DCApost,42,0.9906140814306451,3.3991624866693096e-36,0.2908819711126491,0.061639759186355024,0.24981768090106152,0.1105872450633964
0.8,2286,157,1,OO_fraction,42,0.9472419435998225,2.263251288953599e-21,0.43085598802401986,0.004393227158229393,0.36219198824636323,0.018418826680552468
0.8,2286,158,1,DCApost,42,0.9926146363796916,2.8652663242991547e-38,0.25151905650278533,0.10810086448137218,0.21124706263673934,0.17929323409075415
0.8,2286,158,1,OO_fraction,42,0.9523796218169481,3.0582583278155026e-22,0.36755966759566305,0.016635503895415134,0.26134891900319496,0.0945602796723966
0.8,2286,159,1,DCApost,42,0.9929261476998932,1.2135989099383046e-38,0.23981940876399296,0.1260848859548323,0.19568916619398755,0.2142410814475441
0.8,2286,159,1,OO_fraction,42,0.9626784992791934,2.5707882942760904e-24,0.376767538039442,0.013915720030361288,0.27240297660737506,0.08093778774862502
0.8,2286,160,1,DCApost,42,0.9936058076976848,1.6193776371643607e-39,0.2793486453024545,0.07319587366863513,0.25970342759906007,0.09673084906433423
0.8,2286,160,1,OO_fraction,42,0.9740325972651693,2.017075644085821e-27,0.36988961773153123,0.015908082096782995,0.25942754455700884,0.09709848826444066
0.8,2286,161,1,DCApost,42,0.9885567929082224,1.7565845115445598e-34,0.186926929173407,0.23587961744979247,0.12681306215055507,0.42354909829012555
0.8,2286,161,1,OO_fraction,42,0.9424623042183652,1.2267083227123953e-20,0.24210005091160747,0.12241421555241871,0.15984110357044842,0.31194608579178756
0.8,2286,162,1,DCApost,42,0.9911723950651664,1.002067596617957e-36,0.24171371873374822,0.12303029564175044,0.20995057126651,0.1820391598075473
0.8,2286,162,1,OO_fraction,42,0.9532846244580253,2.1011084142856913e-22,0.3184640911638291,0.03983499063107068,0.1774659962750435,0.260862304492883
0.8,2286,163,1,DCApost,42,0.9962326024167202,4.2151100418785527e-44,0.2395252226363749,0.12656431538340618,0.17364881290008916,0.2714227325006554
0.8,2286,163,1,OO_fraction,42,0.9743019336905663,1.641465491856157e-27,0.40399748506327593,0.00796971393980019,0.3061390999383271,0.048636938739420564
0.8,2286,164,1,DCApost,42,0.977569329355282,1.1144208964958881e-28,0.28204979579184725,0.07034740170447679,0.2366907057774897,0.1312538411802707
0.8,2286,164,1,OO_fraction,42,0.9815362966301411,2.3567565365384034e-30,0.3836046944315833,0.012149264968495855,0.27775534232815113,0.07491815224670408
0.8,2286,165,1,DCApost,42,0.9903700827110744,5.666625255818016e-36,0.2785691538710152,0.07403452963641832,0.2848229478972531,0.06751473825845113
0.8,2286,165,1,OO_fraction,42,0.969036312746103,6.506013752234572e-26,0.32890271895297135,0.033438858491078374,0.22682677153046382,0.14858478654123783
0.8,2286,166,1,DCApost,42,0.9952289078415826,4.703101781692453e-42,0.2349605068445214,0.13417932851215553,0.14739486265294546,0.3515940112281648
0.8,2286,166,1,OO_fraction,42,0.960850745033347,6.5772607542153e-24,0.4541341689323481,0.00251957755113173,0.33998057267351106,0.027600698204761798
0.8,2286,167,1,DCApost,42,0.9862187346666822,7.08362525909176e-33,0.21998784666189977,0.16155051781151797,0.1762417956405478,0.26421889857035663
0.8,2286,167,1,OO_fraction,42,0.8727029342029329,5.0106475330969506e-14,0.5413720850976003,0.00021372474783650606,0.45535656851753825,0.0024444462974955797
0.8,2286,168,1,DCApost,42,0.9939447425055815,5.465402752570031e-40,0.22793915545437743,0.14655030095228716,0.20071307025362614,0.20247548273089278
0.8,2286,168,1,OO_fraction,42,0.9410133437511432,1.9903012930688097e-20,0.32218495562537974,0.03744939724582233,0.24773024084173817,0.11369687913411121
0.8,2286,169,1,DCApost,42,0.9840274348800795,1.3283050547362798e-31,0.2591765374940782,0.09743391066572615,0.23555627582853905,0.13316655507035685
0.8,2286,169,1,OO_fraction,42,0.9693291587148218,5.394390737818897e-26,0.42326660968611574,0.005223589435473757,0.3160328668767313,0.041459686110089954
0.8,2286,170,1,DCApost,42,0.9914311164041916,5.540446456141741e-37,0.23085534036171365,0.14131417263612495,0.1499878453934041,0.34309100931703307
0.8,2286,170,1,OO_fraction,42,0.9716457137368127,1.1455914544931972e-26,0.33884517872972414,0.028157182831912153,0.24434360479845815,0.11888218537978748
0.8,2286,171,1,DCApost,42,0.9703543787666181,2.758826361048028e-26,0.24199156564505783,0.12258698130210685,0.1464224941252735,0.35481544829431155
0.8,2286,171,1,OO_fraction,42,0.9586365779797296,1.936606313450766e-23,0.4225130985510288,0.005313026755380301,0.31165365855973276,0.0445221108617768
0.8,2286,172,1,DCApost,42,0.9794004527723412,2.0635928201420112e-29,0.263200698796089,0.09216270806762568,0.1564703022445507,0.32239242931408896
0.8,2286,172,1,OO_fraction,42,0.9690675409875136,6.377859059928975e-26,0.39938753344358785,0.008786338212371647,0.32036319103617444,0.038602361779065016
0.8,2286,173,1,DCApost,42,0.9892470804746267,5.092933310676854e-35,0.21923516730856135,0.1630261610589984,0.15938740782756666,0.3133394765358233
0.8,2286,173,1,OO_fraction,42,0.8263333404244803,1.593262591614288e-11,0.48129879753776117,0.0012517944586526613,0.38464659450066996,0.01189762957272266
0.8,2286,174,1,DCApost,42,0.9877944644758939,6.336347406025725e-34,0.20613835871025368,0.19028681166259503,0.1486913540231748,0.34732658610591094
0.8,2286,174,1,OO_fraction,42,0.8484388089237042,1.298666569549129e-12,0.6189213937011341,1.2474202006584086e-05,0.481319400114754,0.001251103090083294
0.8,2286,175,1,DCApost,42,0.9949528930707693,1.4447456518656934e-41,0.27820875966675246,0.07442482324249249,0.2632687788671907,0.09207546582540607
0.8,2286,175,1,OO_fraction,42,0.8636551601184405,1.8133578946243845e-13,0.5324844135427076,0.00028351832862328783,0.4030310450868281,0.008135274335651225
0.8,2286,176,1,DCApost,42,0.9942720861503884,1.8038030314382464e-40,0.27491725732444894,0.07806466523566372,0.2501418037436189,0.11011025520583889
0.8,2286,176,1,OO_fraction,42,0.9667875218163428,2.5901186851278574e-25,0.46600515840490253,0.0018689658024430155,0.337280136859206,0.02893946280237128
0.8,2286,177,1,DCApost,42,0.9900911497281364,1.0005475738387983e-35,0.2979155194145878,0.05533829345466967,0.2861194392674824,0.06622176923404101
0.8,2286,177,1,OO_fraction,42,0.9681334022178834,1.1465053579052112e-25,0.3883765161919706,0.011032894052501995,0.2774309565268919,0.07527266524678264
0.8,2286,178,1,DCApost,42,0.9899659570730706,1.2846870393206162e-35,0.27531841150970365,0.07761374001867,0.25630013775220817,0.10134154580889934
0.8,2286,178,1,OO_fraction,42,0.969336586174058,5.368689798590281e-26,0.43867874729144807,0.0036601242365871733,0.3417052173361721,0.02677288169095213
0.8,2286,179,1,DCApost,42,0.9947027051636401,3.7934886616603727e-41,0.2575254881751575,0.09966246494772119,0.1861275423385463,0.2379251526997732
0.8,2286,179,1,OO_fraction,42,0.8512657548409966,9.15961991275197e-13,0.5271497252735239,0.00033467953990770746,0.37409792530212,0.014662315228916733
0.8,2286,180,1,DCApost,42,0.9958967561575253,2.3184851688043716e-43,0.2630114275246128,0.09240558820526606,0.21351592253464063,0.17455937552445347
0.8,2286,180,1,OO_fraction,42,0.9745444859499068,1.360894953822555e-27,0.3847676031460743,0.01186869419865337,0.28437097018089574,0.06797015512692432
0.8,2286,181,1,DCApost,42,0.9811910159573137,3.403116624133318e-30,0.2700883979894285,0.08365508598648455,0.21610890527509927,0.1692599414626057
0.8,2286,181,1,OO_fraction,42,0.8766795763774521,2.7592767940941483e-14,0.46097889154572336,0.0021236849576811577,0.3228761614112052,0.03701938816804898
0.8,2286,182,1,DCApost,42,0.9898469362086368,1.6246159361879282e-35,0.27965921268430316,0.07286382361041421,0.24430759257758694,0.11893826590663166
0.8,2286,182,1,OO_fraction,42,0.83800992588153,4.440052632125142e-12,0.5635629086256053,0.00010185719505896346,0.3964818743314598,0.00933717079538571
0.8,2286,183,3,DCApost,42,0.9924346897346191,4.629698667233675e-38,0.21797339958837544,0.165521773508793,0.1462604327039948,0.35535409155029873
0.8,2286,183,3,OO_fraction,42,0.9494717194978466,9.741372736940151e-22,0.44546122441854363,0.003113481082368616,0.371884336833078,0.015306868235869122
0.8,2286,184,1,DCApost,42,0.9901876908489184,8.233375762600825e-36,0.2204527279362999,0.1606439684084426,0.18791021797261162,0.23337995619902976
0.8,2286,184,1,OO_fraction,42,0.972164899622006,7.95385647858485e-27,0.40230126066612765,0.008262247102582998,0.3307924208340228,0.03237669247194031
0.8,2286,185,1,DCApost,42,0.9891213822500667,6.418271069139613e-35,0.2590705458551181,0.09757581519658712,0.2572725062798801,0.10000736216742051
0.8,2286,185,1,OO_fraction,42,0.9652822466432762,6.198955065252659e-25,0.4000522324311186,0.008664329780176939,0.271267626302968,0.08226193746157065
0.8,2286,186,1,DCApost,42,0.9859692801583568,1.0117804847658322e-32,0.253656715744486,0.10503750608450246,0.24058017988817768,0.12485138155896941
0.8,2286,186,1,OO_fraction,42,0.9595844877212046,1.2287663399094174e-23,0.3467202783307196,0.024482034401008622,0.28230644766386664,0.07008136807053474
0.8,2286,187,1,DCApost,42,0.9454200619541175,4.3881301275767736e-21,0.171566661770218,0.27730017754887376,0.06814682764767847,0.668059391390502
0.8,2286,187,1,OO_fraction,42,0.9530596675336753,2.308190155095721e-22,0.21815671674377185,0.16515748947618347,0.14005356969363997,0.37635591540411395
0.8,2286,188,1,DCApost,42,0.992752885379071,1.9659614199020757e-38,0.243564637869107,0.12009969764596196,0.17413499716392514,0.2700622541215475
0.8,2286,188,1,OO_fraction,42,0.9717209700035423,1.0870389878804604e-26,0.45274633253235574,0.0026073321495674985,0.35998714294734674,0.019196608972218806
0.8,2286,189,1,DCApost,42,0.9911678150475771,1.0124749161590804e-36,0.28511435848140504,0.06722239294240107,0.2507900494287335,0.10916096788420836
0.8,2286,189,1,OO_fraction,42,0.9685651030763808,8.762420127656335e-26,0.4464148509264768,0.0030426713651694874,0.3503066785182272,0.022945972940833212
0.8,2286,190,1,DCApost,42,0.9859214354897301,1.0825937909152627e-32,0.17660255826807125,0.26322677301099734,0.11806174540150718,0.45648501021881105
0.8,2286,190,1,OO_fraction,42,0.963178279381806,1.9722569128773698e-24,0.3605630315059808,0.018990841962372156,0.2745114843155595,0.07852286675559428
0.8,2286,191,1,DCApost,42,0.9934248096334675,2.8254497014958595e-39,0.25205376611853175,0.10732829961500492,0.18969289360667696,0.22889434032511327
0.8,2286,191,1,OO_fraction,42,0.9766767263858804,2.4124031437623676e-28,0.3477023612781894,0.02405312500404842,0.27110543340233845,0.08245247285603488
0.8,2286,192,1,DCApost,42,0.9907849060358809,2.357793319913052e-36,0.24666475124935383,0.11530943862997908,0.2319909245604084,0.13931304851054416
0.8,2286,192,1,OO_fraction,42,0.9486399636150886,1.3399552149265833e-21,0.46965881018926736,0.0017011367557327715,0.34506539608942566,0.025219191018797774
0.8,2286,193,1,DCApost,42,0.9932727621691178,4.457150798293301e-39,0.2812162013094748,0.07121696855039965,0.2656997001863707,0.08900193880832666
0.8,2286,193,1,OO_fraction,42,0.9801245525458674,1.0155014703976412e-29,0.36615974516590866,0.017085927483833356,0.2779175352287807,0.07474138824363406
0.8,2286,194,1,DCApost,42,0.9908449777389023,2.0698339314310842e-36,0.22171412669332802,0.15820279450269426,0.17932096264484243,0.25583051527882505
0.8,2286,194,1,OO_fraction,42,0.8849412420777397,7.46124383076089e-15,0.5562311173102042,0.00013087412303222705,0.4287451714044349,0.004611739496458313
0.8,2286,195,1,DCApost,42,0.9868109759434784,2.958478550768329e-33,0.2439654838378724,0.1194720145942223,0.20022688598979016,0.2035938707129327
0.8,2286,195,1,OO_fraction,42,0.9671595843765808,2.0746805612166446e-25,0.43726955322107525,0.003783684715353418,0.31765479588302714,0.04036994083033532
0.8,2286,196,1,DCApost,42,0.9767374037072849,2.291207392486016e-28,0.23098066631828146,0.14109228625512615,0.1738108743213678,0.2709687389171182
0.8,2286,196,1,OO_fraction,42,0.8555493468616349,5.322062523582433e-13,0.5904588910942227,3.8529974863921626e-05,0.4706550321751085,0.0016577528741295716
0.8,2286,197,3,DCApost,42,0.9936354695548724,1.4759733931770158e-39,0.3261105635937611,0.03506061215880044,0.3054047483996435,0.04920734149430761
0.8,2286,197,3,OO_fraction,42,0.9800969002121613,1.0438714534813962e-29,0.43662161350298473,0.0038417098839688586,0.34776267448005777,0.024026989693787023
0.8,2286,198,1,DCApost,42,0.9773269758660807,1.3785765686675674e-28,0.16626057605528924,0.29265251481015264,0.10347621748642737,0.5143245561475968
0.8,2286,198,1,OO_fraction,42,0.9662597669710257,3.5330492858936685e-25,0.3823823168377136,0.012450257188983285,0.26786157538974686,0.08633591394580133
0.8,2286,199,2,DCApost,42,0.9911718814882002,1.003229536881992e-36,0.25360863195175676,0.10510567560374363,0.21562272101126329,0.17024463642069373
0.8,2286,199,2,OO_fraction,42,0.9611107657527052,5.77036227993931e-24,0.35046342251370605,0.022880719111849995,0.2490471989167159,0.1117274105180771
0.9,2572,0,1,DCApost,42,0.9949018980547311,1.765674927955217e-41,0.24800448156305188,0.11328460852630112,0.20476460578559275,0.19332278818769824
0.9,2572,0,1,OO_fraction,42,0.961573979066368,4.560120617154629e-24,0.4014098726235598,0.008419646856902784,0.29182881774550307,0.06075962623913941
0.9,2572,1,1,DCApost,42,0.9939472703677396,5.420075219001787e-40,0.27660343760287126,0.07618300706907795,0.2428490397860789,0.1212264198124957
0.9,2572,1,1,OO_fraction,42,0.987556514820728,9.30256307578444e-34,0.36838182481525905,0.016375679942293345,0.22925966503990747,0.14416186326233968
0.9,2572,2,1,DCApost,42,0.9959265405426727,2.0046705413909545e-43,0.2931211711419603,0.05957452574962114,0.25176241795640547,0.10774872510724319
0.9,2572,2,1,OO_fraction,42,0.9683795730880287,9.840070168412672e-26,0.427574582448608,0.004736951561959563,0.31068050115595525,0.04522697893800461
0.9,2572,3,1,DCApost,42,0.9949154708997581,1.6742050149548034e-41,0.23432399116806307,0.13526768755276414,0.1908273235556276,0.22607079434450117
0.9,2572,3,1,OO_fraction,42,0.9845483070750717,6.876814589119121e-32,0.38628750499585585,0.011510337583397506,0.2784041139306694,0.07421306160033779
0.9,2572,4,1,DCApost,42,0.9963446827450715,2.30633558022998e-44,0.271876568291607,0.0815496486461798,0.24560408394781622,0.11693182245135807
0.9,2572,4,1,OO_fraction,42,0.9875879010619844,8.846888041206211e-34,0.40282785634273177,0.008170456617898782,0.29575875429803417,0.057213087085882706
0.9,2572,5,1,DCApost,42,0.9958186002590839,3.3789663799035438e-43,0.2741438264754761,0.07893984361815987,0.2363665829349324,0.13179822771425134
0.9,2572,5,1,OO_fraction,42,0.9899694406217624,1.2758366212820007e-35,0.41851085764277457,0.0058107033569757965,0.31992549649184115,0.038883650386555724
0.9,2572,6,1,DCApost,42,0.9949984568775693,1.205593995902642e-41,0.23568549010009615,0.13294765116668686,0.20946438700267403,0.1830765771974892
0.9,2572,6,1,OO_fraction,42,0.9701699434189954,3.117885222651046e-26,0.40069033850291136,0.008548575357883188,0.31197804436099186,0.044289145520510366
0.9,2572,7,1,DCApost,42,0.9970817895671087,2.5683474433379908e-46,0.2518205101692,0.10766479608486643,0.19439267482375822,0.21735280608082716
0.9,2572,7,1,OO_fraction,42,0.9885535530184821,1.7665060133562603e-34,0.41134760555725636,0.006802818110390241,0.28456744415459334,0.06777188851836029
0.9,2572,8,1,DCApost,42,0.9978200140507765,7.573552783376481e-49,0.2726959786564545,0.08059877862850771,0.26667206871404264,0.08779502802169131
0.9,2572,8,1,OO_fraction,42,0.9886738235884663,1.4316688854366842e-34,0.38868595122731886,0.010963632120596818,0.28323608033410763,0.06912439453874906
0.9,2572,9,1,DCApost,42,0.9951505510879811,6.509797368835237e-42,0.2160982122784372,0.16928155427194785,0.18272425249169436,0.2467684098297391
0.9,2572,9,1,OO_fraction,42,0.9793512771707621,2.1634125425721057e-29,0.41661899603323654,0.006059694640758372,0.2863515660615187,0.06599235802723695
0.9,2572,10,1,DCApost,42,0.9950901134745656,8.335099572487631e-42,0.2540489632973367,0.10448266767421896,0.21400210679847664,0.1735567660055585
0.9,2572,10,1,OO_fraction,42,0.9831671848064849,3.7629970566998113e-31,0.3543850773186547,0.021297861174093685,0.25375079303497367,0.1049042281384452
0.9,2572,11,1,DCApost,42,0.9931504706422556,6.383432988309553e-39,0.25585519484299335,0.10195657855124549,0.17235232152985983,0.27507271686207263
0.9,2572,11,1,OO_fraction,42,0.8402279283189604,3.4438078221903264e-12,0.5229545129194308,0.00038058922400432027,0.39583336584758094,0.009464075113270996
0.9,2572,12,1,DCApost,42,0.9956631385358555,7.00243436597727e-43,0.23219671595282082,0.1389526606667132,0.19115144639818493,0.2252684777595646
0.9,2572,12,1,OO_fraction,42,0.8794888889864684,1.7878176545729357e-14,0.5423248769706838,0.00020724986201256255,0.3950227302427323,0.00962478334762581
0.9,2572,13,1,DCApost,42,0.9941856412376409,2.431954840437334e-40,0.23029342030596547,0.14231220930197994,0.20071307025362614,0.20247548273089278
0.9,2572,13,1,OO_fraction,42,0.9657992751220649,4.613775470304383e-25,0.4314587476412675,0.004332509726013309,0.3147353236716947,0.04234862825226571
0.9,2572,14,1,DCApost,42,0.9796599117148147,1.6053003433074398e-29,0.30581219661820613,0.048890195778529016,0.30556680982092216,0.04908099937116703
0.9,2572,14,1,OO_fraction,42,0.9853467803126363,2.3971009746342454e-32,0.38211402276211376,0.012517163733890209,0.2642933315758962,0.09077022881881604
0.9,2572,15,1,DCApost,42,0.9967634559793075,2.030950910807177e-45,0.2632248514085777,0.09213175002879184,0.24025605704562028,0.12537579884052702
0.9,2572,15,1,OO_fraction,42,0.9679243225528505,1.3042029019844779e-25,0.4278523143184905,0.0047069793082564655,0.3401996090705384,0.027494399813761363
0.9,2572,16,1,DCApost,42,0.9937654031851287,9.78206747932928e-40,0.23191769250043345,0.13944146144057123,0.20233368446641278,0.1987786413959235
0.9,2572,16,1,OO_fraction,42,0.9855544895465913,1.8051137962313753e-32,0.4164760385513362,0.006078879523544873,0.29738068330432993,0.05579854948989459
0.9,2572,17,1,DCApost,42,0.9922912789907172,6.731299765896032e-38,0.29780469280890776,0.05543341506021894,0.25921724333522406,0.09737945474827972
0.9,2572,17,1,OO_fraction,42,0.9921935218809556,8.653062050004249e-38,0.40762030946211186,0.007374647625858173,0.28943323117348063,0.06300603821540211
0.9,2572,18,1,DCApost,42,0.997888950110859,3.985353442559903e-49,0.2622799993332939,0.09334883425633524,0.22161899359857384,0.15838595709179668
0.9,2572,18,1,OO_fraction,42,0.9359316949323533,9.912073561114632e-20,0.46181603337045984,0.002079246546158371,0.3544725843259411,0.021263615566961325
0.9,2572,19,1,DCApost,42,0.9979032418590147,3.479524311986395e-49,0.23744333584851712,0.12999621730959038,0.16749047889149987,0.289046056798181
0.9,2572,19,1,OO_fraction,42,0.870166942966946,7.255187643903885e-14,0.5657721946599872,9.433741315892933e-05,0.44755191743692285,0.002960089724776514
0.9,2572,20,1,DCApost,42,0.9960366007798697,1.1602850450926707e-43,0.2712105492855173,0.08232894923966345,0.25046592658617617,0.1096348304285546
0.9,2572,20,1,OO_fraction,42,0.9829247410632527,4.997866658820675e-31,0.38757878875009666,0.011213178651958255,0.263968945774637,0.09118192469337401
0.9,2572,21,1,DCApost,42,0.9931015131742342,7.357385023673278e-39,0.24198357334067505,0.12259971650809537,0.2015233773600195,0.2006210843830456
0.9,2572,21,1,OO_fraction,42,0.9670146696923028,2.262647974022552e-25,0.3742657059451254,0.014614413289349811,0.28245893644640885,0.06992368160010953
0.9,2572,22,1,DCApost,42,0.9907716555933077,2.4262411984669978e-36,0.21401670569006898,0.17352672430654426,0.18045539259379306,0.25278543750789223
0.9,2572,22,1,OO_fraction,42,0.9647763998211032,8.2402657161799375e-25,0.3597891544003122,0.019267782465921545,0.2561836865444173,0.10150223794886076
0.9,2572,23,1,DCApost,42,0.9975523613805073,7.658062374697149e-48,0.2624800276113691,0.09309014381885117,0.23912162709666968,0.1272242665742078
0.9,2572,23,1,OO_fraction,42,0.9803121367585204,8.415070090779597e-30,0.43696185589475156,0.003811143847265732,0.3206874452781139,0.03839505088230085
0.9,2572,24,1,DCApost,42,0.9960000987432511,1.3933172653502369e-43,0.2506808230653357,0.10932048077846343,0.19957864030467548,0.2050917728483448
0.9,2572,24,1,OO_fraction,42,0.9669419868109416,2.3628995136065087e-25,0.4296783006121687,0.004514001466356151,0.3298192634302454,0.0329201601830768
0.9,2572,25,1,DCApost,42,0.9875770836204885,9.001490918564385e-34,0.2742702185077221,0.07879630191843971,0.2537071550117495,0.10496603343417961
0.9,2572,25,1,OO_fraction,42,0.9636701843736699,1.5139496863179429e-24,0.3616438014089765,0.018609683636251602,0.2654286818803032,0.08934060912326675
0.9,2572,26,1,DCApost,42,0.9957594197128238,4.473247478006033e-43,0.2556985073019153,0.1021738425636769,0.22939794181994977,0.1439134288298177
0.9,2572,26,1,OO_fraction,42,0.8585990119250163,3.577284886795031e-13,0.5848576039697992,4.751271492238045e-05,0.45257785818698437,0.0026181657408247054
0.9,2572,27,1,DCApost,42,0.9954025270057941,2.2443763033289348e-42,0.2866763373283503,0.06567244384081264,0.2841747022121384,0.06816867163757029
0.9,2572,27,1,OO_fraction,42,0.9881139667861712,3.7385514466837084e-34,0.3946996738140121,0.009689478051743847,0.301943745834219,0.05196875448359103
0.9,2572,28,1,DCApost,42,0.9976801165310479,2.624211914854683e-48,0.25107964058760485,0.10873890923788307,0.21562272101126329,0.17024463642069373
0.9,2572,28,1,OO_fraction,42,0.9883002683477733,2.730351683025036e-34,0.4004767008310569,0.0085871809471252,0.2647799102777849,0.09015538302585752
0.9,2572,29,1,DCApost,42,0.9972724653935616,6.660046251347544e-47,0.24368620895391624,0.1199090681578748,0.2251843448667045,0.15162650602083466
0.9,2572,29,1,OO_fraction,42,0.986371305049045,5.67756849639572e-33,0.3823678699532029,0.01245385214459321,0.27905288553318774,0.07351319754560606
0.9,2572,30,1,DCApost,42,0.9976758744339096,2.721764681455334e-48,0.26363482180501974,0.09160748790263373,0.21821570375172192,0.16504039525288175
0.9,2572,30,1,OO_fraction,42,0.9928212455836286,1.627510554170109e-38,0.3855146491555378,0.011691387296439527,0.2685103469922652,0.08554807350943329
0.9,2572,31,1,DCApost,42,0.9966051739659015,5.269830604182074e-45,0.2711510018741661,0.08239890677084669,0.24803500526699618,0.11323879188802076
0.9,2572,31,1,OO_fraction,42,0.9949608339074025,1.4000579562860235e-41,0.3831182294452267,0.012268298403303346,0.2745114843155595,0.07852286675559428
0.9,2572,32,2,DCApost,42,0.9966744869889851,3.4905348159187427e-45,0.2531813369591567,0.10571294620443339,0.22761526618588446,0.14714054836272036
0.9,2572,32,2,OO_fraction,42,0.9770018239665842,1.8273371351195857e-28,0.40541763528730906,0.007731695955754611,0.3067878715408454,0.04813746317490168
0.9,2572,33,1,DCApost,42,0.9946852481279607,4.050857726167605e-41,0.2432992319542472,0.12051666023880055,0.22307754639008187,0.15559468943365845
0.9,2572,33,1,OO_fraction,42,0.9577527564586189,2.9318339525732637e-23,0.4326414949451821,0.004215491660002338,0.319601110690582,0.0390931986607132
0.9,2572,34,1,DCApost,42,0.9954759771565552,1.6274098241443525e-42,0.21736411235786451,0.16673671455231737,0.13199902763147234,0.40468101897021924
0.9,2572,34,1,OO_fraction,42,0.8722072134538962,5.3899545162577104e-14,0.5303082009309008,0.00030347048353060235,0.396709625115629,0.009292950803308523
0.9,2572,35,1,DCApost,42,0.9944255370731075,1.049360505920717e-40,0.2643227126213933,0.09073301085473892,0.22161899359857384,0.15838595709179668
0.9,2572,35,1,OO_fraction,42,0.9899011603465903,1.4603333354205313e-35,0.3751206772297002,0.014372371572882299,0.27856630683129896,0.07403760655703394
0.9,2572,36,1,DCApost,42,0.9946423216810312,4.756097235701765e-41,0.2640763120038864,0.09104550074650428,0.20476460578559275,0.19332278818769824
0.9,2572,36,1,OO_fraction,42,0.9814216101628688,2.6646819651739815e-30,0.4129013085773186,0.006576016715060158,0.3019220845219581,0.05198642179022744
0.9,2572,37,1,DCApost,42,0.9956102036335224,8.921073954717016e-43,0.24756595511366689,0.11394439632798156,0.19455473624503689,0.21696214005711348
0.9,2572,37,1,OO_fraction,42,0.9912902708759475,7.666501904306509e-37,0.3672156163573194,0.01674526202042752,0.2365583455682385,0.13147594629898432
0.9,2572,38,1,DCApost,42,0.9965991258252578,5.46051566894419e-45,0.2233516680264267,0.15507413058769215,0.13848148448261893,0.3817898675403334
0.9,2572,38,1,OO_fraction,42,0.9913297221922468,7.003581305518344e-37,0.3698492129929205,0.01592046359375753,0.25002035632049335,0.1102887977354423
0.9,2572,39,1,DCApost,42,0.9971344120065218,1.785680189046586e-46,0.22895173470966268,0.14471624104008735,0.1733246900575318,0.2723322223204144
0.9,2572,39,1,OO_fraction,42,0.9743960324771405,1.5266599974154332e-27,0.44073633866690054,0.0034860499109221205,0.30840980054714123,0.046906890305637994
0.9,2572,40,1,DCApost,42,0.9888534047408,1.0416697720694152e-34,0.22763038368130922,0.14711295979365588,0.18045539259379306,0.25278543750789223
0.9,2572,40,1,OO_fraction,42,0.950090344364067,7.657887403089547e-22,0.3154179113649085,0.04187907653404111,0.24320825449405115,0.12065983975692998
0.9,2572,41,1,DCApost,42,0.9794639423777308,1.9411711707480962e-29,0.24387284904523795,0.11961685092766432,0.20735758852605138,0.1876207522563543
0.9,2572,41,1,OO_fraction,42,0.969788614961613,4.0056419585587e-26,0.3719991077575069,0.015272869366602302,0.2764267412533793,0.07637850258586919
0.9,2572,42,1,DCApost,42,0.9983866077366392,1.850348077592125e-51,0.22607531596683614,0.14997084676744443,0.16862490884045053,0.2857452028932895
0.9,2572,42,1,OO_fraction,42,0.9748746166603657,1.0513648152544177e-27,0.35931716342554004,0.01943835016874861,0.2615110461241647,0.09434846632044286
0.9,2572,43,1,DCApost,42,0.9907341252153841,2.630501379219788e-36,0.18321422412412638,0.2454817838592662,0.12130297382708048,0.4441280196310875
0.9,2572,43,1,OO_fraction,42,0.9831043123348618,4.05197968190407e-31,0.422412648583971,0.005325049454064057,0.3054903283358088,0.04914059121852307
0.9,2572,44,1,DCApost,42,0.9957830018871867,4.002009336011634e-43,0.2940285085622761,0.05875356392994551,0.2817437808929585,0.07066564360562233
0.9,2572,44,1,OO_fraction,42,0.9589111673354495,1.699369466523586e-23,0.4162868961746397,0.006104343247922954,0.3141156248654291,0.04277861955275333
0.9,2572,45,1,DCApost,42,0.9934157029669901,2.904513238343291e-39,0.2097121562726719,0.18254736312219694,0.12551657078032574,0.4283422733968941
0.9,2572,45,1,OO_fraction,42,0.9737305666159745,2.53492392304184e-27,0.3393096962119617,0.027928397688128288,0.23493641656194267,0.1342204007997328
0.9,2572,46,1,DCApost,42,0.9979177953731937,3.0274606071127182e-49,0.24556054404438668,0.11699878701635405,0.18547929665343166,0.2395927577305687
0.9,2572,46,1,OO_fraction,42,0.945006293774747,5.0840644464978795e-21,0.4387440612859289,0.00365448395928467,0.3067878715408454,0.04813746317490168
0.9,2572,47,1,DCApost,42,0.9941111107769129,3.135400719940311e-40,0.2565616182082896,0.10098143652610497,0.2105988169516247,0.18066247038752464
0.9,2572,47,1,OO_fraction,42,0.9893669572861161,4.074408733572663e-35,0.4094275053632326,0.00709241649337964,0.28793776684222966,0.06444152549329836
0.9,2572,48,1,DCApost,42,0.9970098310826324,4.17785133882477e-46,0.22490886922365247,0.15214111217634307,0.1678146017340572,0.2881004445418897
0.9,2572,48,1,OO_fraction,42,0.9884968666988986,1.9489479384498805e-34,0.4391737675418503,0.00361756520707619,0.3420882252461175,0.02659186694663545
0.9,2572,49,1,DCApost,42,0.9876084512323454,8.560102659392474e-34,0.26023736384457224,0.09602237329642486,0.17932096264484243,0.25583051527882505
0.9,2572,49,1,OO_fraction,42,0.8632355678218621,1.9205030040422467e-13,0.5458055969028284,0.00018507346246289703,0.3989137811460057,0.008874195896421199
0.9,2572,50,2,DCApost,42,0.9988775290702208,1.3118563324491902e-54,0.2515129962506763,0.10810964471742768,0.21270561542824734,0.17623962249580385
0.9,2572,50,2,OO_fraction,42,0.9823079182856229,1.0105884881676358e-30,0.3583338507883649,0.01979777621113779,0.2310437869468328,0.1409806303904079
0.9,2572,51,1,DCApost,42,0.9957927756276567,3.820866958152931e-43,0.24775959476383094,0.11365269666328881,0.19277206061097155,0.22128624289091486
0.9,2572,51,1,OO_fraction,42,0.9723141589438135,7.152705650969343e-27,0.4249942707091371,0.005023448585321069,0.3174926029823975,0.04047785306660907
0.9,2572,52,1,DCApost,42,0.9978748025887493,4.5543544400993195e-49,0.23804770981729736,0.128992855262911,0.17089376873835183,0.27921729808761603
0.9,2572,52,1,OO_fraction,42,0.9937243241651759,1.1150936925757587e-39,0.4048245092863654,0.00783034866765138,0.27775534232815113,0.07491815224670408
0.9,2572,53,1,DCApost,42,0.9946354074093054,4.880066139828416e-41,0.29509756214329547,0.05779790166442462,0.28628150068876107,0.06606153725503738
0.9,2572,53,1,OO_fraction,42,0.9627809799468123,2.4355254407770687e-24,0.44427783611929117,0.003203356929245291,0.33614478655479885,0.029518153289577267
0.9,2572,54,1,DCApost,42,0.9969851480523545,4.923355584637247e-46,0.2784525886358604,0.07416058902128161,0.2750992626205332,0.07785982505338489
0.9,2572,54,1,OO_fraction,42,0.9908461193187242,2.0646995233116104e-36,0.40128372855512545,0.008442128117494101,0.29458497880198836,0.05825455427467047
0.9,2572,55,1,DCApost,42,0.9966337374497826,4.4516221569497194e-45,0.2268475672064957,0.14854656316867118,0.17932096264484243,0.25583051527882505
0.9,2572,55,1,OO_fraction,42,0.9806826526175616,5.7743726582144605e-30,0.39146417202676365,0.010358242238858718,0.30597690703769753,0.048762459331877825
0.9,2572,56,1,DCApost,42,0.9929661998969512,1.0837116609087217e-38,0.21554270821420254,0.170407085481653,0.1637630662020906,0.300065032929542
0.9,2572,56,1,OO_fraction,42,0.9848722480573603,4.514770192083638e-32,0.4133985487289846,0.006504827180475242,0.308085414745882,0.04715094649104273
0.9,2572,57,1,DCApost,42,0.9964386962373236,1.3707913629392858e-44,0.26173168402716623,0.09406079858187034,0.2520865407989628,0.107281082930688
0.9,2572,57,1,OO_fraction,42,0.9448498783612911,5.373414229707139e-21,0.4998796791493862,0.0007498403810403493,0.40938086474970026,0.007099581437065873
0.9,2572,58,1,DCApost,42,0.9961362492397551,6.978830110405292e-44,0.2602574916166637,0.09599574425856353,0.25062798800745484,0.10939770405540161
0.9,2572,58,1,OO_fraction,42,0.9839241097876013,1.5097189931052615e-31,0.3849403106214221,0.011827500643861632,0.2715629276242875,0.08191591543308906
0.9,2572,59,1,DCApost,42,0.9979598150344997,2.014496322830177e-49,0.2749841420059537,0.07798934002973143,0.25046592658617617,0.1096348304285546
0.9,2572,59,1,OO_fraction,42,0.9838806424864638,1.5928613659363707e-31,0.37307823927738226,0.0149563105902859,0.25131789952553,0.10839259562766881
0.9,2572,60,1,DCApost,42,0.9923248788296392,6.170064022172323e-38,0.2573148200890208,0.09994961091738397,0.2527347864840775,0.10635043948970117
0.9,2572,60,1,OO_fraction,42,0.9957666571814823,4.323290340834144e-43,0.3573673304928492,0.020156486242402738,0.24645211250664267,0.1156333159780533
0.9,2572,61,1,DCApost,42,0.9964696919950983,1.1512374992485136e-44,0.26442090355868003,0.09060871472228893,0.26391702455230537,0.091247954613112
0.9,2572,61,1,OO_fraction,42,0.9842560466502085,9.976660712730846e-32,0.4130689964308804,0.0065519340381878,0.29527217559614544,0.057642996321789326
0.9,2572,62,1,DCApost,42,0.9954702046377679,1.66936028318814e-42,0.30927150261443476,0.04626353781201073,0.30734948545498747,0.04770844279753207
0.9,2572,62,1,OO_fraction,42,0.9776557569158193,1.032428850831863e-28,0.3329472197384146,0.031199602589406756,0.22244756321346523,0.15679586442674445
0.9,2572,63,1,DCApost,42,0.9954896350141712,1.5321054906566064e-42,0.2573583708630004,0.09989019813327166,0.18596548091726767,0.2383413128814551
0.9,2572,63,1,OO_fraction,42,0.9861268946525006,8.08321652051765e-33,0.417401757331734,0.005955575170257445,0.3056525212364384,0.04901428519455357
0.9,2572,64,1,DCApost,42,0.9961828643429944,5.476914176137943e-44,0.277516545469954,0.07517899959687668,0.2422007941009643,0.12225394320981654
0.9,2572,64,1,OO_fraction,42,0.9830037664079834,4.558326995135051e-31,0.3535218019748195,0.021638184088822923,0.2589409658551201,0.09774951624763616
0.9,2572,65,1,DCApost,42,0.9980892277136254,5.438301239987341e-50,0.25557768430597644,0.10234161840712856,0.23247710882424444,0.1384627406043392
0.9,2572,65,1,OO_fraction,42,0.8515282835444299,8.864183854095872e-13,0.5310217888316555,0.00029679306315374314,0.3903210437346103,0.010603780237644288
0.9,2572,66,1,DCApost,42,0.9980108388325934,1.214439102556337e-49,0.2515861725476648,0.1080036614697439,0.18077951543635037,0.2519198959840988
0.9,2572,66,1,OO_fraction,42,0.8730608311145138,4.7526026947574225e-14,0.5355600202698251,0.00025733356082404454,0.3976167641782479,0.009118599678417697
0.9,2572,67,1,DCApost,42,0.9882030443642037,3.2189587618509376e-34,0.31195820533424035,0.044303364923692926,0.2875779920589904,0.06479071602082262
0.9,2572,67,1,OO_fraction,42,0.9401115239477184,2.6734145071310284e-20,0.48322041485691514,0.001188750157574553,0.3278210386007817,0.03405964326623266
0.9,2572,68,1,DCApost,42,0.9954153620520255,2.1225766057016622e-42,0.2329022139085804,0.13772241340998598,0.18142776112146503,0.25019478226484265
0.9,2572,68,1,OO_fraction,42,0.961245494869687,5.390115798553775e-24,0.39422817607921995,0.009784568178073738,0.29458497880198836,0.05825455427467047
0.9,2572,69,1,DCApost,42,0.9961573979431038,6.254491695815389e-44,0.24186459194608392,0.12278942304487403,0.1687869702617292,0.2852756610626098
0.9,2572,69,1,OO_fraction,42,0.9659149514317411,4.316088106447649e-25,0.44016011767941066,0.003534052857161494,0.30273304902510595,0.05132827421205797
0.9,2572,70,1,DCApost,42,0.9970299580113793,3.650644171252264e-46,0.23177928518057975,0.1396843989502124,0.18061745401507173,0.25235241794341345
0.9,2572,70,1,OO_fraction,42,0.993239846717956,4.9127291992383785e-39,0.39180006074411855,0.010287026556461253,0.2641311386752666,0.09097589663737136
0.9,2572,71,1,DCApost,42,0.996131764864638,7.142334906142522e-44,0.21996973140738588,0.1615859188169516,0.133133457580423,0.400619092353786
0.9,2572,71,1,OO_fraction,42,0.9892628224683763,4.946578629550372e-35,0.3886270035241905,0.010976797868940794,0.2988404194099961,0.054549551124797285
0.9,2572,72,1,DCApost,42,0.9979059958091318,3.3893379878235152e-49,0.27017018348186655,0.08355787491105254,0.23782513572644035,0.12936169017654794
0.9,2572,72,1,OO_fraction,42,0.962685938847521,2.5607339407290653e-24,0.45271948442010645,0.0026090559493386414,0.32803514152332003,0.033936021642269144
0.9,2572,73,1,DCApost,42,0.9974939156418107,1.227034471437914e-47,0.2808077857470291,0.0716460903082839,0.260189611862896,0.09608557190512187
0.9,2572,73,1,OO_fraction,42,0.8671136428488428,1.1214812304686159e-13,0.5913093915679538,3.7310544434013274e-05,0.45797877252878855,0.002289896757654563
0.9,2572,74,1,DCApost,42,0.996598989374871,5.464892334980845e-45,0.27932914359232336,0.07321676402033268,0.2588931204926668,0.09781371264928179
0.9,2572,74,1,OO_fraction,42,0.9697804763603318,4.026978078613017e-26,0.4426220588742557,0.003332922444553401,0.3396563184315716,0.027758684493884127
0.9,2572,75,1,DCApost,42,0.9974160033261276,2.26191121154011e-47,0.24326346097796994,0.120572941015934,0.2342597844583097,0.13537783584091392
0.9,2572,75,1,OO_fraction,42,0.9829273400839609,4.982792248153641e-31,0.40481685196281714,0.007831629342145525,0.27856630683129896,0.07403760655703394
0.9,2572,76,1,DCApost,42,0.9951881533404582,5.573183737540212e-42,0.23222431313865313,0.13890438423738968,0.19585122761526622,0.2138543000980514
0.9,2572,76,1,OO_fraction,42,0.9701884542309938,3.079939793038245e-26,0.3661246690958681,0.017097344012009668,0.2621848238677117,0.09347211638205935
0.9,2572,77,1,DCApost,42,0.995865254160783,2.7009102620644143e-43,0.27169866374322865,0.08175724679810871,0.2316668017178511,0.1398820646373815
0.9,2572,77,1,OO_fraction,42,0.9909063424534814,1.8103454131540472e-36,0.3752736456517116,0.014329426915732777,0.2741870985143004,0.07889067714352542
0.9,2572,78,1,DCApost,42,0.9871242579073254,1.8344207412167437e-33,0.335856357672584,0.02966668104347466,0.3225832590551819,0.03720111062569842
0.9,2572,78,1,OO_fraction,42,0.9870142919622431,2.1723590093617874e-33,0.36925204724611815,0.016104409469622945,0.25877877295449053,0.09796726943849204
0.9,2572,79,1,DCApost,42,0.989623826737146,2.5042167400886627e-35,0.25080544059221793,0.10913850504777581,0.21902601085811524,0.16343794691357602
0.9,2572,79,1,OO_fraction,42,0.9682789783761324,1.0475767920611759e-25,0.40016281777606294,0.008644173290072044,0.29348805368922004,0.059241473880598756
0.9,2572,80,1,DCApost,42,0.9930978223836623,7.436263495799316e-39,0.2843597945916473,0.06798144645798837,0.2551657078032574,0.10291527794352476
0.9,2572,80,1,OO_fraction,42,0.9661647310133862,3.73423406405131e-25,0.46070260585376277,0.0021385338398366683,0.31862795328680454,0.039727383936166843
0.9,2572,81,1,DCApost,42,0.9969240301130662,7.350933775469614e-46,0.28330510079293364,0.06905375795064381,0.25986548902033874,0.09651538733538641
0.9,2572,81,1,OO_fraction,42,0.9652448515161232,6.331693452163914e-25,0.46014189777698344,0.0021689505456827947,0.34127758964126886,0.026976192220259376
0.9,2572,82,1,DCApost,42,0.996029390055402,1.2031629155558397e-43,0.27601376005634687,0.07683695647042119,0.2237257920751965,0.1543657207611616
0.9,2572,82,1,OO_fraction,42,0.9705744793225253,2.3816231499541047e-26,0.413914363118928,0.006431683734734898,0.3072308942376268,0.04779877695989955
0.9,2572,83,1,DCApost,42,0.9975234378976716,9.68375154569907e-48,0.25525891152976354,0.10278528098202185,0.20606109715582205,0.1904566570192716
0.9,2572,83,1,OO_fraction,42,0.9645949719971931,9.116762539965176e-25,0.45458741578994133,0.0024914864272637264,0.3528506553196454,0.021905900262278535
0.9,2572,84,1,DCApost,42,0.9963007741021961,2.9272863235449247e-44,0.2503934730544998,0.10974096990199031,0.21448829106231265,0.17255830214781628
0.9,2572,84,1,OO_fraction,42,0.9598270521973369,1.0918236919621485e-23,0.4118634574665435,0.006726778626292583,0.29316366788796094,0.059535871347191655
0.9,2572,85,1,DCApost,42,0.992680358134626,2.3976351766745626e-38,0.29189480034984217,0.06069866792934478,0.28028522810145046,0.07219810949582128
0.9,2572,85,1,OO_fraction,42,0.9841383684664347,1.1566466420677025e-31,0.4140396312646085,0.006414028240477077,0.2835603345760472,0.06879304308008519
0.9,2572,86,1,DCApost,42,0.9951182969092662,7.430532119233837e-42,0.2685966997590567,0.08544363326464383,0.24122842557329227,0.1238074846991267
0.9,2572,86,1,OO_fraction,42,0.984211057614241,1.0558252878057512e-31,0.4002176791821855,0.008634188618277246,0.306950064441475,0.04801324410353928
0.9,2572,87,1,DCApost,42,0.9944267376739528,1.0448609974872857e-40,0.2411546655631996,0.12392593206214392,0.1733246900575318,0.2723322223204144
0.9,2572,87,1,OO_fraction,42,0.9643539370307646,1.0418627046242023e-24,0.4728883657599202,0.0015640331925890452,0.3408483806730567,0.02718154180953386
0.9,2572,88,1,DCApost,42,0.9969191180655284,7.588967693994775e-46,0.23148509207400877,0.14020181778820168,0.18920670934284098,0.2301117916680788
0.9,2572,88,1,OO_fraction,42,0.8763848632546141,2.8860331181578993e-14,0.5237531466828601,0.00037143645925459323,0.389348281008792,0.010816628376660612
0.9,2572,89,1,DCApost,42,0.9963878884199663,1.818922388881378e-44,0.2653705855899925,0.08941333725971382,0.25630013775220817,0.10134154580889934
0.9,2572,89,1,OO_fraction,42,0.9882072995226597,3.1959403166251117e-34,0.35057879015785803,0.022832789709996026,0.2389912390776821,0.12743802384598987
0.9,2572,90,1,DCApost,42,0.9943550804802407,1.3481605565052876e-40,0.2098227662143937,0.18231146226895706,0.10963455149501662,0.48946583356433104
0.9,2572,90,1,OO_fraction,42,0.969933970134875,3.6421699815925997e-26,0.41970023770978176,0.005658749707832123,0.32592663381513554,0.03516967107055433
0.9,2572,91,1,DCApost,42,0.9949195967352684,1.6473044487127838e-41,0.24530818581188873,0.11738748565170877,0.21448829106231265,0.17255830214781628
0.9,2572,91,1,OO_fraction,42,0.9852494659154198,2.733978266281409e-32,0.42344205384915085,0.005202953970183341,0.337280136859206,0.02893946280237128
0.9,2572,92,1,DCApost,42,0.9973992533720657,2.5735436245404964e-47,0.2744392158688011,0.07860469314023713,0.2673203143991573,0.08699750091530443
0.9,2572,92,1,OO_fraction,42,0.9672732768828377,1.9376810938147189e-25,0.4328807806034777,0.004192155539400888,0.3126268159635102,0.04382618304676227
0.9,2572,93,1,DCApost,42,0.9975157459917282,1.0302649081919055e-47,0.2710355949155017,0.08253462121888888,0.25241066364152015,0.10681498868284899
0.9,2572,93,1,OO_fraction,42,0.9854119560437703,2.1939372166966533e-32,0.38625659369442583,0.011517532674756447,0.2664018392840807,0.08812915743330173
0.9,2572,94,1,DCApost,42,0.9984379065376149,9.7005429857719e-52,0.2759378640382956,0.07692144345719093,0.26035167328417474,0.09587121746279341
0.9,2572,94,1,OO_fraction,42,0.9727608929946407,5.1874136710647116e-27,0.4133704683844001,0.006508829591389446,0.3208495723990836,0.03829173726177824
0.9,2572,95,1,DCApost,42,0.9902219240851845,7.679919929483072e-36,0.2144571372901664,0.17262215765256658,0.13475407179320964,0.3948574061139791
0.9,2572,95,1,OO_fraction,42,0.9612731090229162,5.315171698243267e-24,0.45855600603958674,0.002257054670588404,0.3531750411209045,0.02177616078639717
0.9,2572,96,1,DCApost,42,0.9952678467925703,3.9935354275082624e-42,0.25449349098126034,0.10385658762694476,0.1870999108662183,0.23543855787235374
0.9,2572,96,1,OO_fraction,42,0.986935512572599,2.4499375714857284e-33,0.3650151398389553,0.017461808954517096,0.25131789952553,0.10839259562766881
0.9,2572,97,1,DCApost,42,0.99681529020852,1.4711951894977052e-45,0.2511953731589067,0.10857058488471324,0.17445912000648248,0.26915777210202363
0.9,2572,97,1,OO_fraction,42,0.9862628855564278,6.645973388992236e-33,0.41446708990002284,0.0063540968231108625,0.29510998269551586,0.057786872001385214
0.9,2572,98,1,DCApost,42,0.9946558482526808,4.5221706176894463e-41,0.29112056971859857,0.06141702113967981,0.26667206871404264,0.08779502802169131
0.9,2572,98,1,OO_fraction,42,0.9873946503991458,1.2028740359075887e-33,0.39257166739612626,0.010125014644361168,0.2970562975030708,0.05607919216770606
0.9,2572,99,1,DCApost,42,0.9955977930047403,9.438217333506517e-43,0.2683972115994664,0.08568505643674468,0.23393566161575238,0.13593489464567757
0.9,2572,99,1,OO_fraction,42,0.9957027962093082,5.829256947895779e-43,0.3861640789893954,0.011539089865733345,0.2772373768582279,0.07548485029267732
0.9,2572,100,1,DCApost,42,0.9963686485826473,2.0224643496626775e-44,0.2525369453520812,0.10663381181137903,0.23101855603273644,0.1410252542268886
0.9,2572,100,1,OO_fraction,42,0.9701217755510695,3.2187141450377804e-26,0.38666733137453224,0.011422239705426964,0.30123219076174707,0.05255164237500766
0.9,2572,101,1,DCApost,42,0.9959036892043381,2.2415224218378677e-43,0.25179177335337544,0.10770630752160978,0.22016044080706587,0.16121351511777388
0.9,2572,101,1,OO_fraction,42,0.9786141368026007,4.3339771488713187e-29,0.40257365947466944,0.008214655310403076,0.30973374841419343,0.045921377899153806
0.9,2572,102,1,DCApost,42,0.9959120396348647,2.1520456936959494e-43,0.2640423025117195,0.09108869751299178,0.24333522404991495,0.12046005152467429
0.9,2572,102,1,OO_fraction,42,0.9790536545485794,2.8724998829485297e-29,0.4070605809029046,0.00746400281644928,0.3189040469474469,0.039546612546934985
0.9,2572,103,1,DCApost,42,0.9961737384779266,5.744353136609646e-44,0.2430866022546076,0.12085149501135958,0.22129487075601653,0.15901115989505313
0.9,2572,103,1,OO_fraction,42,0.9724426549819091,6.524913335611121e-27,0.45157712965074553,0.0026833359573840377,0.33699875744410407,0.029081999661884364
0.9,2572,104,1,DCApost,42,0.9904465878408723,4.834433426601767e-36,0.2575519388796154,0.09962645673119094,0.22858763471355648,0.14537376835580684
0.9,2572,104,1,OO_fraction,42,0.9858771367744115,1.1523327353652737e-32,0.3286001495148642,0.033611560154069596,0.22942185794053707,0.1438704920739504
0.9,2572,105,1,DCApost,42,0.9963570686831519,2.1552089521091263e-44,0.2307018607864039,0.14158625550361414,0.19974070172595418,0.20471657692729328
0.9,2572,105,1,OO_fraction,42,0.8582758204783665,3.732729300831718e-13,0.5768724293097572,6.363444363177058e-05,0.45489910638897363,0.0024723288348067712
0.9,2572,106,1,DCApost,42,0.9947247974869745,3.4900016446276164e-41,0.27578636261261846,0.07709031169480937,0.2781784296248278,0.07445774318087882
0.9,2572,106,1,OO_fraction,42,0.9889212601308361,9.224879748372682e-35,0.3877862655282829,0.011166048986427441,0.2691591185947835,0.08476583353305726
0.9,2572,107,1,DCApost,42,0.9950069898552462,1.1652075760021252e-41,0.2656567653364251,0.08905552470485441,0.22259136212624583,0.1565210924316753
0.9,2572,107,1,OO_fraction,42,0.9822337475849688,1.0980404979075555e-30,0.3863075954945974,0.011505663261036313,0.2814526820034407,0.07096942644235277
0.9,2572,108,1,DCApost,42,0.9925751203026759,3.1868378602050523e-38,0.25565318692782896,0.10223675013015823,0.22923588039867113,0.14420462769899864
0.9,2572,108,1,OO_fraction,42,0.9579971561424684,2.616524811705856e-23,0.4396781382638349,0.0035746479927759103,0.3127890088641398,0.0437110586431195
0.9,2572,109,1,DCApost,42,0.9960424273318792,1.1267023482584755e-43,0.2562810461505982,0.10136787712929697,0.23215298598168704,0.13902918401810843
0.9,2572,109,1,OO_fraction,42,0.9809500850318631,4.380018599830406e-30,0.3368394752874299,0.0291629436079068,0.22017686260465116,0.16118147698563
0.9,2572,110,1,DCApost,42,0.9981583719089886,2.6037250754975527e-50,0.2798944136021762,0.07261314314825701,0.2580828133862734,0.0989058683279164
0.9,2572,110,1,OO_fraction,42,0.9826460353116591,6.891425869169396e-31,0.42853688119484573,0.004633806143707017,0.3170060242805088,0.04080300178287856
0.9,2572,111,1,DCApost,42,0.9948073535523193,2.5476698053551046e-41,0.23842583723673033,0.12836805009095695,0.20735758852605138,0.1876207522563543
0.9,2572,111,1,OO_fraction,42,0.8618125852119779,2.33000970917435e-13,0.4898744714990896,0.0009916664872925017,0.3311446445806611,0.03218182144137915
0.9,2572,112,1,DCApost,42,0.9950994580631477,8.024180561528533e-42,0.22675052488971129,0.14872499304186387,0.1752694271128758,0.26690532603500594
0.9,2572,112,1,OO_fraction,42,0.9645530102192603,9.33171378593394e-25,0.4649134526279145,0.0019218720758755674,0.37863932651974813,0.013411713032551644
0.9,2572,113,1,DCApost,42,0.9939686864228999,5.0501278348609814e-40,0.2698676257892287,0.083917937914354,0.2571104448586014,0.10022878555903568
0.9,2572,113,1,OO_fraction,42,0.9836597285241703,2.0870567316462e-31,0.38809555204667034,0.011096106725236098,0.2749980630174483,0.07797366941224039
0.9,2572,114,1,DCApost,42,0.9965138648899458,8.953052323788801e-45,0.2063620593146528,0.18979565203258317,0.14042622153796291,0.3750745997102676
0.9,2572,114,1,OO_fraction,42,0.9779786595837556,7.739340607943727e-29,0.29516705934366977,0.05773620859122312,0.18108837355292304,0.2510969692389478
0.9,2572,115,1,DCApost,42,0.9959763254559199,1.5682956487856962e-43,0.28533417838986164,0.0670025316835411,0.2520865407989628,0.107281082930688
0.9,2572,115,1,OO_fraction,42,0.9821566513947335,1.1965299822002973e-30,0.4140786024943357,0.006408544131209227,0.33192777113842986,0.03175201186063197
0.9,2572,116,1,DCApost,42,0.997750220602253,1.4215101244177875e-48,0.25840978828641,0.09846404075208892,0.19957864030467548,0.2050917728483448
0.9,2572,116,1,OO_fraction,42,0.9910875609725418,1.212372233427717e-36,0.374119947818431,0.014656020147931006,0.2522910569293074,0.10698680517095323
0.9,2572,117,1,DCApost,42,0.9986354455099704,6.505042218022844e-53,0.24806604071932206,0.11319222150437722,0.23101855603273644,0.1410252542268886
0.9,2572,117,1,OO_fraction,42,0.8690997697330051,8.458510678398012e-14,0.526430062981459,0.0003421823427238841,0.38172830632321497,0.012613889112605716
0.9,2572,118,1,DCApost,42,0.9941660287425427,2.6009226104503325e-40,0.25482428496960446,0.1033925556886807,0.19909245604083947,0.20622024486129698
0.9,2572,118,1,OO_fraction,42,0.9761261029783392,3.827709173097786e-28,0.3752713021377857,0.014330084016531013,0.23266571595312863,0.13813391521443302
0.9,2572,119,1,DCApost,42,0.9977111480310883,2.0051721943115048e-48,0.24377769977978894,0.1197657563828079,0.20703346568349407,0.18832690095327942
0.9,2572,119,1,OO_fraction,42,0.9687967970949629,7.573390701228844e-26,0.4402554960317647,0.003526067509275356,0.28846007376970323,0.06393724503434113
0.9,2572,120,1,DCApost,42,0.998027958461023,1.0217974131082895e-49,0.2469248501155091,0.11491420665881472,0.20330605299408475,0.19658345507267877
0.9,2572,120,1,OO_fraction,42,0.9887491254088557,1.2537162263708901e-34,0.4021954443172733,0.008280798537629067,0.30840980054714123,0.046906890305637994
0.9,2572,121,1,DCApost,42,0.9983318720065818,3.604343765996871e-51,0.26078213357053015,0.09530364640415985,0.2422007941009643,0.12225394320981654
0.9,2572,121,1,OO_fraction,42,0.9879958732229297,4.551027573241665e-34,0.428636632022195,0.004623226913402223,0.32024988229310036,0.03867502069593213
0.9,2572,122,1,DCApost,42,0.9948197174362706,2.4293257333918686e-41,0.24731782910044747,0.1143190027929034,0.18564135807471036,0.2391751152730542
0.9,2572,122,1,OO_fraction,42,0.9632484844314411,1.8996235715605656e-24,0.43026328727229185,0.004453653135976409,0.3033818206276243,0.05080660034070151
0.9,2572,123,1,DCApost,42,0.9942791387689913,1.7600119519025427e-40,0.2699965989078435,0.083764304210731,0.266510007292764,0.08799529323628927
0.9,2572,123,1,OO_fraction,42,0.9682497105948868,1.0667916844671274e-25,0.4163979420603048,0.006089382269107746,0.3022464703232173,0.05172235273752696
0.9,2572,124,1,DCApost,42,0.9958720229792348,2.614001581796544e-43,0.19391602368360764,0.21850464299238945,0.10007292763957543,0.5283279608074001
0.9,2572,124,1,OO_fraction,42,0.9656241927492457,5.101635902576488e-25,0.3801766935589022,0.013009438594491536,0.27857373809429553,0.07402957547663523
0.9,2572,125,1,DCApost,42,0.9966337752471653,4.450624105561724e-45,0.26192482810844164,0.09380953294938912,0.20703346568349407,0.18832690095327942
0.9,2572,125,1,OO_fraction,42,0.9848900551343659,4.410377940311372e-32,0.3813462089142665,0.01271033360240909,0.28099920034074266,0.07144471820989372
0.9,2572,126,1,DCApost,42,0.9976967344134157,2.2731141255363284e-48,0.22596466423693917,0.1501757424595146,0.19244793776841423,0.22207878092071875
0.9,2572,126,1,OO_fraction,42,0.9848107608279676,4.893559616093944e-32,0.38377847532595766,0.012106981685049624,0.2728599445920453,0.08040955143012625
0.9,2572,127,1,DCApost,42,0.9957842459831263,3.978506866623615e-43,0.2472554850149946,0.11441327272450144,0.17737622558949842,0.2611074752793159
0.9,2572,127,1,OO_fraction,42,0.9697634926003798,4.0718503441104756e-26,0.41382560156467507,0.006444219367381529,0.2899198098753694,0.0625444955947173
0.9,2572,128,1,DCApost,42,0.9945753931014258,6.092840924346374e-41,0.25558182796432033,0.10233586099849776,0.2206466250709019,0.16026695087909726
0.9,2572,128,1,OO_fraction,42,0.9593211531133591,1.39580900492782e-23,0.40219466013908184,0.008280936151285428,0.2715920121042272,0.08188189694583344
0.9,2572,129,1,DCApost,42,0.9962359915244573,4.140044539039554e-44,0.266471228999455,0.08804326548119575,0.2457661453690949,0.11668282564775194
0.9,2572,129,1,OO_fraction,42,0.9795007280356914,1.8734279810790083e-29,0.3947572055616211,0.009677929642775043,0.3041927851307722,0.05016052343526573
0.9,2572,130,1,DCApost,42,0.9943088102123399,1.5865932931875382e-40,0.254171026570203,0.10431046537590183,0.2071955271047727,0.1879735912430164
0.9,2572,130,1,OO_fraction,42,0.9704888134694895,2.5222152262918542e-26,0.4620583628997549,0.0020665368604603604,0.3275485628214313,0.034217504118247526
0.9,2572,131,1,DCApost,42,0.9965098375462562,9.161863570147583e-45,0.2542864210730862,0.10414787058198013,0.23750101288388298,0.12990021303666793
0.9,2572,131,1,OO_fraction,42,0.9869039478256039,2.5703405733252037e-33,0.456725676070968,0.002362644695664734,0.33338750724409605,0.03096348856938799
0.9,2572,132,1,DCApost,42,0.9972871806336164,5.977881340227271e-47,0.2636113528389356,0.09163743719467325,0.2593793047565027,0.0971628824008816
0.9,2572,132,1,OO_fraction,42,0.9689139435212331,7.032122604868217e-26,0.4503043030126436,0.002768282546048155,0.3447410102881665,0.025365830773595513
0.9,2572,133,1,DCApost,42,0.9918859658570611,1.8689195279723273e-37,0.2436960082625264,0.11989371228843804,0.2055749128919861,0.19152790797311203
0.9,2572,133,1,OO_fraction,42,0.981322216125286,2.9620812355827873e-30,0.31077807393800333,0.045155900404330866,0.21514888268513424,0.1712082932681485
0.9,2572,134,1,DCApost,42,0.9936587095992486,1.3721310470229972e-39,0.28377677538814605,0.06857256435724683,0.2224293007049672,0.15683078571760245
0.9,2572,134,1,OO_fraction,42,0.9877564753354561,6.7403321585135834e-34,0.4026736626506748,0.008197242686560786,0.2871625305646666,0.06519582133710557
0.9,2572,135,1,DCApost,42,0.9970391014898103,3.4326073423066233e-46,0.23906947215120108,0.12730973682987531,0.1934203062960862,0.2197070213914168
0.9,2572,135,1,OO_fraction,42,0.9774288976227563,1.2609618893406653e-28,0.41844578409751815,0.005819118163392041,0.32036319103617444,0.038602361779065016
0.9,2572,136,1,DCApost,42,0.9972012568126699,1.1144297250150027e-46,0.259803767910883,0.0965974023769249,0.23134267887529378,0.14045279904265257
0.9,2572,136,1,OO_fraction,42,0.9946520293000368,4.587083615230938e-41,0.4152013201566035,0.006252285436045527,0.3155462881748426,0.04179124147234721
0.9,2572,137,1,DCApost,42,0.9954496236838649,1.8274422833316404e-42,0.22449845322852577,0.1529101658028537,0.17170407584474517,0.27690973816726566
0.9,2572,137,1,OO_fraction,42,0.9668023197566751,2.5674843974360822e-25,0.33875172345341764,0.028203398800181655,0.22812431473550043,0.146213655139551
0.9,2572,138,1,DCApost,42,0.99532880049144,3.083116663429263e-42,0.2664464508518792,0.0880739289030302,0.27347864840774655,0.07969865170555891
0.9,2572,138,1,OO_fraction,42,0.9877144380552992,7.215833463118605e-34,0.4131370775379714,0.006542178285541201,0.3061390999383271,0.048636938739420564
0.9,2572,139,1,DCApost,42,0.994505182575759,7.874865878145725e-41,0.25501285097069987,0.10312874896490726,0.22323960781136054,0.15528677976857674
0.9,2572,139,1,OO_fraction,42,0.8255151049408931,1.7362986481473866e-11,0.5912125627481296,3.7447576941207674e-05,0.43895918002552753,0.003635960790464073
0.9,2572,140,1,DCApost,42,0.9929545916098379,1.1199303052999861e-38,0.21425989382000937,0.17302683968957763,0.1579288550360587,0.31784563584653125
0.9,2572,140,1,OO_fraction,42,0.9791099982745428,2.723251986515788e-29,0.4209927003790912,0.0054975455485980936,0.32852172022520876,0.03365644584208836
0.9,2572,141,1,DCApost,42,0.9951895981360244,5.539883744684093e-42,0.2458978814597152,0.11648071704384519,0.19844421035572482,0.20773161125340445
0.9,2572,141,1,OO_fraction,42,0.97804086838982,7.31777580414142e-29,0.4071938267512203,0.0074426471787443025,0.3155462881748426,0.04179124147234721
0.9,2572,142,1,DCApost,42,0.9953281836286542,3.091252516367309e-42,0.24187112157010937,0.12277900635318324,0.17137995300218783,0.2778312574354037
0.9,2572,142,1,OO_fraction,42,0.9945107529761535,7.717120393624313e-41,0.3669855209455072,0.016819006984891735,0.25066912792301166,0.10933757072679058
0.9,2572,143,1,DCApost,42,0.9954666939881699,1.6953732342363767e-42,0.2475536563690132,0.1139629423445003,0.18272425249169436,0.2467684098297391
0.9,2572,143,1,OO_fraction,42,0.9896817502434229,2.2401495500896933e-35,0.40245378706273954,0.008235569514490483,0.2887844595709623,0.06362563596367206
0.9,2572,144,1,DCApost,42,0.9939196230004528,5.935824163411153e-40,0.2813745184437172,0.07105117092766147,0.25419333927558546,0.10427901089882938
0.9,2572,144,1,OO_fraction,42,0.9818386717865764,1.698590621498212e-30,0.433926769169546,0.004091464247187673,0.33387408594598483,0.030704267752928022
0.9,2572,145,1,DCApost,42,0.996548730410005,7.32490063976493e-45,0.26366516194306483,0.09156878136229124,0.236042460092375,0.1323442954665303
0.9,2572,145,1,OO_fraction,42,0.873744402908034,4.294189829777933e-14,0.5451952306196681,0.0001887999654247042,0.4031290862912185,0.00811834511810141
0.9,2572,146,1,DCApost,42,0.9949161570746827,1.6697023975962017e-41,0.24505605569897482,0.11777680574560134,0.22178105501985257,0.15807402788021294
0.9,2572,146,1,OO_fraction,42,0.9828208300143458,5.637294485168366e-31,0.3741846875547214,0.014637527722439992,0.25212886402867785,0.10722013359052436
0.9,2572,147,1,DCApost,42,0.9979007275973986,3.563847880811183e-49,0.26938409630586885,0.08449587568001878,0.22307754639008187,0.15559468943365845
0.9,2572,147,1,OO_fraction,42,0.9817042782728301,1.9660519799018622e-30,0.37202986470389904,0.015263769032319414,0.26994165641459034,0.08382972530094354
0.9,2572,148,1,DCApost,42,0.9911980255229147,9.456761995374353e-37,0.21859870147544008,0.1642815741578435,0.15857710072117334,0.3158378800919136
0.9,2572,148,1,OO_fraction,42,0.9528962782639506,2.4705675806196023e-22,0.44605251924599915,0.0030694074826371183,0.33310375615411686,0.03111548678812688
0.9,2572,149,1,DCApost,42,0.9939856535784769,4.774191567343225e-40,0.24808767604411172,0.11315976510993578,0.21140912405801798,0.17895208775761093
0.9,2572,149,1,OO_fraction,42,0.9862134085048517,7.138233951824498e-33,0.39651745435962443,0.009330250717641514,0.29235270338481306,0.06027697390578154
0.9,2572,150,1,DCApost,42,0.9954235143453183,2.0485033780163066e-42,0.2692033533424444,0.08471270193632006,0.2357183372498177,0.13289204703958993
0.9,2572,150,1,OO_fraction,42,0.9726949047287464,5.441328355147721e-27,0.40627287815686036,0.0075913325766833765,0.2848918299558525,0.06744554461698382
0.9,2572,151,1,DCApost,42,0.9958435541830547,2.998408628848801e-43,0.25901750053537753,0.09764689335685553,0.22194311644113124,0.15776254641969287
0.9,2572,151,1,OO_fraction,42,0.9846053655435347,6.389683603365842e-32,0.4189388624534659,0.0057556195049704535,0.33387408594598483,0.030704267752928022
0.9,2572,152,1,DCApost,42,0.9966704978966636,3.575107627863248e-45,0.23064682377975312,0.14168391729941998,0.18321043675553034,0.2454917117938883
0.9,2572,152,1,OO_fraction,42,0.97586264490712,4.755755507355568e-28,0.35608339721792637,0.020641420695103635,0.2527776356311962,0.10628914140925881
0.9,2572,153,1,DCApost,42,0.9958305519784739,3.1913059660536732e-43,0.24259030943901114,0.12163574695181367,0.20476460578559275,0.19332278818769824
0.9,2572,153,1,OO_fraction,42,0.9888708739543888,1.0096611374733889e-34,0.4003463393142752,0.008610811594836001,0.28310770804892715,0.06925592450412088
0.9,2572,154,1,DCApost,42,0.9932092311359789,5.3758885930715596e-39,0.2948996130313495,0.057973911113311266,0.25662426059476545,0.10089531158548697
0.9,2572,154,1,OO_fraction,42,0.9636929174270457,1.4954278160674182e-24,0.439903192841012,0.003555642095587998,0.3218718112993961,0.037645549962828984
0.9,2572,155,1,DCApost,42,0.9980389509215651,9.138104329893553e-50,0.2666961342868337,0.08776531948987498,0.24268697836480024,0.12148268937128538
0.9,2572,155,1,OO_fraction,42,0.9772485820210453,1.4760463961855915e-28,0.3642905579586266,0.017703342546189993,0.28310770804892715,0.06925592450412088
0.9,2572,156,1,DCApost,42,0.9950510108038357,9.764675416475721e-42,0.285375472470158,0.06696129343039768,0.25792075196499475,0.09912541857115763
0.9,2572,156,1,OO_fraction,42,0.9530924214695732,2.2768800922363093e-22,0.4085767673578232,0.007224093288396001,0.27872849973192854,0.07386247779041663
0.9,2572,157,1,DCApost,42,0.9978828464869227,4.222016146038323e-49,0.24326663346836888,0.12056794873333129,0.20200956162385544,0.1995141855637269
0.9,2572,157,1,OO_fraction,42,0.9774182064302964,1.2728369138507202e-28,0.4293613179330602,0.004546998607918829,0.32498917013331013,0.035729863988167715
0.9,2572,158,1,DCApost,42,0.9977180810112707,1.8872493167431606e-48,0.22877263502892703,0.14503940228156087,0.17316262863625315,0.2727877186662613
0.9,2572,158,1,OO_fraction,42,0.9825839209039104,7.397698860167412e-31,0.3612484184525639,0.01874837093358185,0.27918290230986453,0.0733735681048753
0.9,2572,159,1,DCApost,42,0.9912721989362938,7.989686826275683e-37,0.22769564309773155,0.14699390872853213,0.15809091645733733,0.3173429443138689
0.9,2572,159,1,OO_fraction,42,0.9854427194475749,2.103825226486494e-32,0.3681913351547199,0.01643557262707858,0.2521076731079207,0.10725064716507073
0.9,2572,160,1,DCApost,42,0.9927099480483946,2.2116458025518308e-38,0.27744996969167895,0.07525184996833992,0.2687788671906653,0.08522363415744265
0.9,2572,160,1,OO_fraction,42,0.9873792943300131,1.2323507480712388e-33,0.3710216068877429,0.015564493794704714,0.26137385936456375,0.09452767213683026
0.9,2572,161,1,DCApost,42,0.9943021345329672,1.6241336367187467e-40,0.21343445055091861,0.17472779314863074,0.14026416011668422,0.3756315082198459
0.9,2572,161,1,OO_fraction,42,0.9693123812441163,5.45287536159384e-26,0.30819741022969643,0.047066569290163715,0.22098782710779907,0.1596050735274774
0.9,2572,162,2,DCApost,42,0.9948958450091347,1.8079801890664033e-41,0.2550874387464408,0.10302454172150483,0.21951219512195122,0.16248190967599746
0.9,2572,162,2,OO_fraction,42,0.9855163427565798,1.9022194297582114e-32,0.37249292440917303,0.01512731329388136,0.2784041139306694,0.07421306160033779
0.9,2572,163,1,DCApost,42,0.9966198575345979,4.832858335173922e-45,0.27667462078455485,0.07610436154462774,0.24690057531804552,0.11495104988303047
0.9,2572,163,1,OO_fraction,42,0.9914417787504395,5.404706996333134e-37,0.36642498713987065,0.01699980480336623,0.2727273624086342,0.08056253287564717
0.9,2572,164,1,DCApost,42,0.9930259814284315,9.141363062404433e-39,0.2918438699672633,0.06074571588664052,0.2618102260756827,0.09395855885971266
0.9,2572,164,1,OO_fraction,42,0.9884361325039082,2.1642100694080075e-34,0.3861565783662294,0.011540839121396602,0.2529398285318258,0.10605735945236093
0.9,2572,165,1,DCApost,42,0.9970547599613789,3.0876582401554876e-46,0.2487727244553061,0.11213572757133984,0.21076087837290336,0.180319463184546
0.9,2572,165,1,OO_fraction,42,0.9835890156379046,2.2738488314990337e-31,0.4025334370574791,0.008221667836394733,0.29523348728586724,0.05767728933720472
0.9,2572,166,1,DCApost,42,0.9971254206622647,1.9009877507561024e-46,0.2754569911297703,0.07745844197630064,0.26813062150555056,0.08600851462802706
0.9,2572,166,1,OO_fraction,42,0.9796867369580906,1.563867179378704e-29,0.45383213853437093,0.0025384509550506005,0.3680285646012733,0.016486896543074316
0.9,2572,167,1,DCApost,42,0.9983948575229685,1.6701605665316222e-51,0.23750544840837307,0.12989283223359718,0.1963374118791022,0.21269686419144393
0.9,2572,167,1,OO_fraction,42,0.9874093440642036,1.1752965007011923e-33,0.37926893245363485,0.01324570737880279,0.281290554882471,0.07113906382336231
0.9,2572,168,1,DCApost,42,0.9946739501546918,4.2261718098414413e-41,0.2680786782064991,0.08607164859949809,0.2507900494287335,0.10916096788420836
0.9,2572,168,1,OO_fraction,42,0.9751907716843515,8.185047782478824e-28,0.3890037886560784,0.010892876606349373,0.2939746323911088,0.058802057589356485
0.9,2572,169,1,DCApost,42,0.9864283276553629,5.2235980015286826e-33,0.24772962500524065,0.11369780620844147,0.19277206061097155,0.22128624289091486
0.9,2572,169,1,OO_fraction,42,0.9764619974965986,2.892004580756409e-28,0.33581902494030536,0.029685950800404412,0.25439956463749197,0.10398863552516371
0.9,2572,170,1,DCApost,42,0.9943091999431456,1.5844273199688754e-40,0.24296231474932456,0.12104753848652469,0.18677578802366096,0.23626544913831007
0.9,2572,170,1,OO_fraction,42,0.9848646187546669,4.5602102779773586e-32,0.392592100544962,0.01012075422401382,0.2642933315758962,0.09077022881881604
0.9,2572,171,1,DCApost,42,0.995960617079924,1.695156062378523e-43,0.233256133731143,0.13710829887835546,0.18240012964913704,0.24762202310872636
0.9,2572,171,1,OO_fraction,42,0.950774707229609,5.847024625096663e-22,0.46887027411772203,0.0017361850198323336,0.34946500925023993,0.023299031180578383
0.9,2572,172,1,DCApost,42,0.9981157489604757,4.1130516047335034e-50,0.2715603669316529,0.08191891105987512,0.2512762336925695,0.10845309701467813
0.9,2572,172,1,OO_fraction,42,0.9699093485186627,3.7014530025223766e-26,0.4433914950550352,0.003272153750370367,0.3690699453826031,0.01616085877154158
0.9,2572,173,1,DCApost,42,0.9982317960338153,1.1547619448401612e-50,0.28540865731959403,0.0669281680112804,0.2900089133781703,0.06246026882944831
0.9,2572,173,1,OO_fraction,42,0.9924813994604,4.092062434946697e-38,0.3732187720024151,0.014915497934971383,0.25245324982993705,0.1067538639078193
0.9,2572,174,1,DCApost,42,0.9975744530152226,6.389306101805898e-48,0.2561624652443476,0.1015315424351668,0.20703346568349407,0.18832690095327942
0.9,2572,174,1,OO_fraction,42,0.9598114153193669,1.1001962335333251e-23,0.3985489712416142,0.00894236342736262,0.30305743482636516,0.05106690080303765
0.9,2572,175,1,DCApost,42,0.9958111485366669,3.5012247149284293e-43,0.2801876869173164,0.0723015200133078,0.2699132971396159,0.08386350880351123
0.9,2572,175,1,OO_fraction,42,0.8717985564722629,5.722841177700039e-14,0.5421567676702742,0.00020837925208561407,0.41188395082358364,0.006723773023349618
0.9,2572,176,1,DCApost,42,0.9895898907898487,2.6723869636703504e-35,0.30512531840309426,0.049425799798141296,0.2864435621100397,0.0659016126915335
0.9,2572,176,1,OO_fraction,42,0.9827292969663614,6.264191147007548e-31,0.39438320742452204,0.009753214103397209,0.30046234841629194,0.05318818565860514
0.9,2572,177,1,DCApost,42,0.9960464035472603,1.1043167486283717e-43,0.2794765593478756,0.07305896759786189,0.25759662912243747,0.09956564110960747
0.9,2572,177,1,OO_fraction,42,0.9814378676529706,2.6188201546266568e-30,0.4341576685069793,0.0040695234452150075,0.32900829892709754,0.033378767278837575
0.9,2572,178,1,DCApost,42,0.9982029773284827,1.5951555914583792e-50,0.22969355899737576,0.14338336869581136,0.1477189854955028,0.3505241720374067
0.9,2572,178,1,OO_fraction,42,0.9780783934114148,7.074119582777872e-29,0.38722311215097166,0.01129436811342471,0.28842414820513884,0.06397183000638049
0.9,2572,179,1,DCApost,42,0.9966632719395497,3.733284475418035e-45,0.26729271014152517,0.08703134696871444,0.22988412608378578,0.14304243443310374
0.9,2572,179,1,OO_fraction,42,0.989727638549824,2.0499501659525916e-35,0.37944800401370443,0.01319881261437875,0.2874869163659257,0.06487935008204777
0.9,2572,180,1,DCApost,42,0.9935186968259158,2.1209855527670833e-39,0.2666222515023694,0.08785655129357998,0.2434972854711936,0.12020540775264267
0.9,2572,180,1,OO_fraction,42,0.9424472257682958,1.2329810796137243e-20,0.5160679017074552,0.0004683230941433945,0.366799244773789,0.016878908638196192
0.9,2572,181,1,DCApost,42,0.9920729842171417,1.1743187654125363e-37,0.21621937221976967,0.1690367808891141,0.14755692407422413,0.3510588431812668
0.9,2572,181,1,OO_fraction,42,0.9860523204604478,8.991969803435327e-33,0.3919265236447218,0.01026032248943623,0.2978672620062187,0.05537969631534953
0.9,2572,182,1,DCApost,42,0.9916482411001735,3.322579126334703e-37,0.2756741343557731,0.07721559207106268,0.2031439915728061,0.19694812835564213
0.9,2572,182,1,OO_fraction,42,0.9899730018450998,1.2668487246549474e-35,0.36800116329226495,0.016495549872475233,0.2709432405017088,0.08264335218415163
0.9,2572,183,1,DCApost,42,0.9966661363206428,3.669803737125562e-45,0.22377295949456505,0.15427657666526862,0.16992140021067986,0.28200292564877655
0.9,2572,183,1,OO_fraction,42,0.9565389266250787,5.108767825470462e-23,0.33044975230261525,0.03256720900864961,0.26394295293871056,0.09121497601444344
0.9,2572,184,1,DCApost,42,0.9964329525819945,1.4156178651357124e-44,0.2657783681787327,0.0889038201153825,0.24949355805850418,0.11106580284394892
0.9,2572,184,1,OO_fraction,42,0.9868933645928623,2.6119525121580102e-33,0.3949126480741003,0.00964678648679293,0.2926770891860722,0.05997965514836925
0.9,2572,185,1,DCApost,42,0.995326525335543,3.113225089285829e-42,0.25803970689326916,0.09896422971445303,0.22729114334332715,0.1477329697931992
0.9,2572,185,1,OO_fraction,42,0.9815327172095311,2.3658338511115082e-30,0.37235605073191075,0.01516753963326633,0.2697795292936206,0.0840230051462548
0.9,2572,186,1,DCApost,42,0.9929550035761954,1.1186255011926191e-38,0.2275734282257363,0.1472169200959821,0.16635604894254924,0.29237152274366507
0.9,2572,186,1,OO_fraction,42,0.9825120431188065,8.027598752263531e-31,0.407228057837384,0.0074371693942722455,0.29332586078859046,0.059388527030271046
0.9,2572,187,1,DCApost,42,0.9913902291409731,6.091587286491291e-37,0.21211868855592073,0.17746389085441405,0.1386435459038976,0.3812275677315138
0.9,2572,187,1,OO_fraction,42,0.986633799881551,3.857216090642402e-33,0.45161239270049486,0.002681015526529743,0.32965707052961585,0.033011464175669206
0.9,2572,188,1,DCApost,42,0.9973925892224027,2.708529455127166e-47,0.24705915475406962,0.1147105264127088,0.19909245604083947,0.20622024486129698
0.9,2572,188,1,OO_fraction,42,0.9657811237069267,4.66221887096353e-25,0.3990810645664243,0.008843087275519928,0.3126549993816839,0.043806160819835495
0.9,2572,189,1,DCApost,42,0.9931756869901063,5.930862224782703e-39,0.30596377026611127,0.04877263727929497,0.30005672149744755,0.05352606122002633
0.9,2572,189,1,OO_fraction,42,0.875446339953997,3.327284596055647e-14,0.6022378046325552,2.4479120397438273e-05,0.45533401924346956,0.0024458141755732002
0.9,2572,190,1,DCApost,42,0.9963560875407248,2.1668285871588048e-44,0.24424107333669273,0.11904190635316295,0.2159468438538206,0.16958771549002255
0.9,2572,190,1,OO_fraction,42,0.9765425278773198,2.7024080143250153e-28,0.39403906942424277,0.009822930667884637,0.25196667112804827,0.10745384952659709
0.9,2572,191,1,DCApost,42,0.9965569480240896,6.984381594494643e-45,0.25180757284395944,0.10768348304093839,0.21205736974313263,0.1775921460878987
0.9,2572,191,1,OO_fraction,42,0.9770910947964673,1.6919674099261263e-28,0.41136069883345305,0.006800878939677464,0.29507136016489754,0.057821174989807024
0.9,2572,192,1,DCApost,42,0.9957321834982512,5.083053263558849e-43,0.29811406660688733,0.05516820913892612,0.2614861032331253,0.09438102949427125
0.9,2572,192,1,OO_fraction,42,0.9683472369249777,1.0040312574827244e-25,0.41621990516539425,0.006113384192354896,0.3183035674855454,0.039940635513013835
0.9,2572,193,1,DCApost,42,0.9888692328289821,1.0126279370131579e-34,0.28229607576524535,0.07009210368870808,0.26683413013532126,0.08759511655996573
0.9,2572,193,1,OO_fraction,42,0.978161141953499,6.563745597883741e-29,0.3592361208688041,0.01946776449864015,0.2581300013519722,0.09884201138081997
0.9,2572,194,1,DCApost,42,0.995055615743017,9.584956172965667e-42,0.2988329419489316,0.054555891443590326,0.25694838343732274,0.1004505846815816
0.9,2572,194,1,OO_fraction,42,0.986450951564898,5.0532150547295804e-33,0.36412446973546936,0.017759101635831314,0.2683481540916356,0.08574450762551517
0.9,2572,195,1,DCApost,42,0.9954118831646755,2.154954723797777e-42,0.26850423418944125,0.0855554704615788,0.23020824892634312,0.1424639369382056
0.9,2572,195,1,OO_fraction,42,0.973015599204084,4.308861179155783e-27,0.44869247962838266,0.0028792362723415307,0.326899791218913,0.034595796377922094
0.9,2572,196,1,DCApost,42,0.9954764086995725,1.6243142440717047e-42,0.2690979455476657,0.08483935291041295,0.263106717445912,0.09228324681089517
0.9,2572,196,1,OO_fraction,42,0.9737543683230647,2.4899239133909938e-27,0.40978242726679653,0.007038097505207424,0.2863515660615187,0.06599235802723695
0.9,2572,197,1,DCApost,42,0.9961956352917537,5.122443735999285e-44,0.24984042204021517,0.11055372734140556,0.2091402641601167,0.18377052583606449
0.9,2572,197,1,OO_fraction,42,0.9906540958765224,3.121911722427412e-36,0.3468112461955388,0.02444203963632871,0.23266571595312863,0.13813391521443302
0.9,2572,198,1,DCApost,42,0.9872991719347926,1.3976088487062806e-33,0.23934501124481217,0.1268586758773666,0.18029333117251442,0.2532189547726401
0.9,2572,198,1,OO_fraction,42,0.9846124906796285,6.33120690965566e-32,0.3983598528724973,0.008977878295650069,0.2795394642350764,0.07299171461714911
0.9,2572,199,1,DCApost,42,0.9963938589495672,1.7598218788980696e-44,0.25275393789905676,0.10632303899810852,0.2105988169516247,0.18066247038752464
0.9,2572,199,1,OO_fraction,42,0.9728833530463477,4.745702740367334e-27,0.45058645091242333,0.0027492513530463078,0.3569054778353848,0.02032981255517443
1.0,2858,0,1,DCApost,42,1.0,0.0,0.25448429128410166,0.10386951550877975,0.21302973827080465,0.17556613753399233
1.0,2858,0,1,OO_fraction,42,1.0,0.0,0.40032536095041515,0.008614619561931212,0.28278332224766795,0.06958917056252124
