realization,null_type,max_relative_margin_error,metric,n_regions,pearson_r,pearson_p,spearman_rho,spearman_p
0,strength_preserving,8.051854437408171e-16,DCApost,41,0.0558316419346077,0.7288078064679193,-0.02630662020905924,0.8703109878897114
0,strength_preserving,8.051854437408171e-16,OO_fraction,41,0.36287808180058445,0.01971092510952946,0.27755993920286615,0.0789187768994754
0,root_pair_preserving,7.328133927748998e-16,DCApost,41,0.10203624205343778,0.5255550470160156,0.021951219512195128,0.8916426817338191
0,root_pair_preserving,7.328133927748998e-16,OO_fraction,41,0.5482519263795467,0.00020656711661256702,0.4216122404594872,0.006043059394310075
1,strength_preserving,7.195369476051647e-16,DCApost,41,-0.0262972742906558,0.8703566704695705,0.01358885017421603,0.932798788842143
1,strength_preserving,7.195369476051647e-16,OO_fraction,41,0.26412784548249363,0.09517233850728984,0.16617268739143584,0.2991023724424338
1,root_pair_preserving,6.669683393696421e-16,DCApost,41,0.17391888419543106,0.27681631028781234,0.10714285714285716,0.5049279467645615
1,root_pair_preserving,6.669683393696421e-16,OO_fraction,41,0.4745061277051027,0.0017218928049559015,0.3384749776652849,0.030417152155852886
2,strength_preserving,6.41539634805529e-16,DCApost,41,0.07436917418143521,0.6440028596918759,-0.003135888501742161,0.9844753074670255
2,strength_preserving,6.41539634805529e-16,OO_fraction,41,0.363691915122232,0.019417117147257267,0.26884534142569616,0.08919390758317075
2,root_pair_preserving,1.0049665212960534e-15,DCApost,41,0.13415820592519853,0.4030110085943313,0.0407665505226481,0.8002173067941821
2,root_pair_preserving,1.0049665212960534e-15,OO_fraction,41,0.5344694561927401,0.0003187403792400674,0.41307775071386305,0.007269519839511979
3,strength_preserving,5.596513784021019e-16,DCApost,41,-0.24897488416323102,0.11647357396340405,-0.1383275261324042,0.38841574025826875
3,strength_preserving,5.596513784021019e-16,OO_fraction,41,0.34789334801352173,0.02582383492517265,0.2610022034262431,0.09930017652647774
3,root_pair_preserving,8.794671795013811e-16,DCApost,41,0.14214953621106033,0.37531213319176693,0.03623693379790941,0.8220354691493817
3,root_pair_preserving,8.794671795013811e-16,OO_fraction,41,0.4992604281186082,0.000890614807260086,0.34657606380812217,0.02642928608903458
4,strength_preserving,9.86864910777917e-16,DCApost,41,0.026890593123475026,0.8674573757612767,0.14843205574912893,0.35435182053108694
4,strength_preserving,9.86864910777917e-16,OO_fraction,41,0.3116382240549241,0.047317189007767504,0.22657954220642137,0.1542863041725615
4,root_pair_preserving,6.098533985960628e-16,DCApost,41,0.111322288065828,0.48835661257505636,0.024564459930313594,0.8788336476036955
4,root_pair_preserving,6.098533985960628e-16,OO_fraction,41,0.5190330700276535,0.0005070374406074189,0.3696601230533515,0.01737280229879128
5,strength_preserving,6.763299511232037e-16,DCApost,41,-0.08306604233019776,0.6056257957688214,-0.025783972125435543,0.8728663110864799
5,strength_preserving,6.763299511232037e-16,OO_fraction,41,0.278588890359362,0.07776934404843584,0.21394951461625575,0.17920955656737714
5,root_pair_preserving,9.056908004112012e-16,DCApost,41,0.08282371626397603,0.6066816938268013,0.01428571428571429,0.9293610278368879
5,root_pair_preserving,9.056908004112012e-16,OO_fraction,41,0.476803751665911,0.0016230040733438505,0.3942484034391732,0.010753929974387974
6,strength_preserving,8.764524446110901e-16,DCApost,41,-0.22633134113865036,0.15475031588896038,-0.24494773519163768,0.12269802598896586
6,strength_preserving,8.764524446110901e-16,OO_fraction,41,0.2629621878004145,0.09669602087073685,0.16148149681096108,0.3131429685875791
6,root_pair_preserving,7.144031171876113e-16,DCApost,41,0.11275452572038173,0.4827434003124387,0.030662020905923352,0.849069592172181
6,root_pair_preserving,7.144031171876113e-16,OO_fraction,41,0.37281845835227645,0.01636643279227571,0.20148150060817166,0.20651166197169574
7,strength_preserving,6.463855028091571e-16,DCApost,41,-0.06807093398763642,0.6723839590133023,-0.01707317073170732,0.9156232594099637
7,strength_preserving,6.463855028091571e-16,OO_fraction,41,0.26986371160869904,0.08794234105910877,0.1794737786437234,0.26152236274041013
7,root_pair_preserving,6.427027605360385e-16,DCApost,41,0.07517710181167309,0.6403969568930555,0.009407665505226483,0.9534485067767938
7,root_pair_preserving,6.427027605360385e-16,OO_fraction,41,0.47698283825716603,0.0016155114989770765,0.32205766381110384,0.04002683727707724
8,strength_preserving,1.1814427896075478e-15,DCApost,41,0.04601402892187445,0.7751284260128193,0.0980836236933798,0.5418000793619503
8,strength_preserving,1.1814427896075478e-15,OO_fraction,41,0.3463237155151694,0.026546604832123046,0.25352849313263837,0.10972589450295926
8,root_pair_preserving,9.109522253334617e-16,DCApost,41,0.18687576597609612,0.24203114213908936,0.09250871080139374,0.5651140110074844
8,root_pair_preserving,9.109522253334617e-16,OO_fraction,41,0.5765573915388343,7.968686076160737e-05,0.42387803588155143,0.005749234057854186
9,strength_preserving,7.011619556888721e-16,DCApost,41,-0.2819581933295996,0.07409698974760623,-0.23240418118466905,0.1436868413006476
9,strength_preserving,7.011619556888721e-16,OO_fraction,41,0.3020029139028957,0.05497977693333194,0.21237474782963423,0.182507794354629
9,root_pair_preserving,7.424067766117469e-16,DCApost,41,0.07671567993391229,0.6335526208161486,-0.014111498257839724,0.9302203517686983
9,root_pair_preserving,7.424067766117469e-16,OO_fraction,41,0.5065512667484988,0.0007264289533510639,0.38727128929315735,0.012365766234315267
10,strength_preserving,8.573350497295602e-16,DCApost,41,-0.17949972384135685,0.2614522735545407,-0.2766550522648084,0.07994055344809488
10,strength_preserving,8.573350497295602e-16,OO_fraction,41,0.286791267976222,0.06906858899114454,0.20174375583619228,0.20590909052019576
10,root_pair_preserving,7.645623510937241e-16,DCApost,41,0.07151107029222326,0.6568232957217756,-0.01846689895470384,0.9087631969911985
10,root_pair_preserving,7.645623510937241e-16,OO_fraction,41,0.5267166005210199,0.0004035477546405771,0.3717647411740745,0.01669657205683127
11,strength_preserving,5.730183352904034e-16,DCApost,41,-0.2940588458480771,0.06201859272404586,-0.33344947735191643,0.033131669803867926
11,strength_preserving,5.730183352904034e-16,OO_fraction,41,0.3212653492232581,0.04054691928467096,0.22530057843333434,0.1566882257397674
11,root_pair_preserving,8.815068589996882e-16,DCApost,41,0.15599375939472954,0.33008777875011425,0.09111498257839724,0.571014026451105
11,root_pair_preserving,8.815068589996882e-16,OO_fraction,41,0.4469817151933977,0.0033915926822622668,0.3213103376883747,0.04051724182959473
12,strength_preserving,6.82227624396008e-16,DCApost,41,0.016875612614390374,0.9165961595925726,0.10975609756097562,0.494533297431324
12,strength_preserving,6.82227624396008e-16,OO_fraction,41,0.27466235803640043,0.08222706304222481,0.21220583479053243,0.18286412173027283
12,root_pair_preserving,7.102566216424952e-16,DCApost,41,0.15738666199532958,0.32573379248276135,0.07491289198606273,0.6415752728249815
12,root_pair_preserving,7.102566216424952e-16,OO_fraction,41,0.58241161447385,6.471637354491357e-05,0.42632971738936054,0.005445320573112368
13,strength_preserving,6.408747292987354e-16,DCApost,41,-0.16195042831271383,0.31172101812961756,-0.23658536585365858,0.1364158586152793
13,strength_preserving,6.408747292987354e-16,OO_fraction,41,0.29750499821470205,0.05888193718762056,0.19389980054203368,0.22446613939933882
13,root_pair_preserving,9.02836284177122e-16,DCApost,41,0.10951817421034644,0.4954751092939192,0.036062717770034856,0.8228773884322806
13,root_pair_preserving,9.02836284177122e-16,OO_fraction,41,0.4921366648759778,0.00108215105203232,0.35267468735426816,0.023722202399813572
14,strength_preserving,8.415889901316785e-16,DCApost,41,-0.023883134222862423,0.8821704252372314,-0.07804878048780489,0.6276465897923017
14,strength_preserving,8.415889901316785e-16,OO_fraction,41,0.27026648863989333,0.08745110449232586,0.15420805252397593,0.3357222974549551
14,root_pair_preserving,7.821034862641658e-16,DCApost,41,0.17023250324385084,0.28728267812318503,0.07195121951219514,0.6548424906673422
14,root_pair_preserving,7.821034862641658e-16,OO_fraction,41,0.4588326836984382,0.00255035036909193,0.33237475922126586,0.03373729053663616
15,strength_preserving,6.496777439892339e-16,DCApost,41,0.21572379996907776,0.17554471719807785,0.1618466898954704,0.31203523330512156
15,strength_preserving,6.496777439892339e-16,OO_fraction,41,0.2848578198658131,0.07104683231037914,0.21760350649593624,0.1717210630315257
15,root_pair_preserving,6.128051084950498e-16,DCApost,41,0.16068123208335722,0.3155790879331898,0.051567944250871085,0.7488184942066445
15,root_pair_preserving,6.128051084950498e-16,OO_fraction,41,0.49939185587862056,0.0008873846769604286,0.3793343845702775,0.014444931181233248
16,strength_preserving,9.20318025215304e-16,DCApost,41,-0.24220422200618197,0.1270792809510666,-0.15783972125435544,0.3243253741235267
16,strength_preserving,9.20318025215304e-16,OO_fraction,41,0.24266366731118327,0.1263375296696262,0.17039069662053055,0.28682833621806053
16,root_pair_preserving,7.376586549023015e-16,DCApost,41,0.1698443747589548,0.2883993851816423,0.12717770034843207,0.42814126334743463
16,root_pair_preserving,7.376586549023015e-16,OO_fraction,41,0.47368776954077146,0.0017583786653515376,0.3367045743471801,0.031351682997206184
17,strength_preserving,7.078502779158792e-16,DCApost,41,-0.06480296450231895,0.6872919515250343,-0.12125435540069689,0.4501355633876156
17,strength_preserving,7.078502779158792e-16,OO_fraction,41,0.3503456102633622,0.024727408363342272,0.27393210062113926,0.08307763593934273
17,root_pair_preserving,6.689920572070087e-16,DCApost,41,0.1014588384032344,0.5279131211271387,0.02717770034843206,0.8660550183471097
17,root_pair_preserving,6.689920572070087e-16,OO_fraction,41,0.5321414284030951,0.00034234399359365126,0.4336383853919819,0.004620483753490173
18,strength_preserving,7.462214487798886e-16,DCApost,41,-0.1547865162282003,0.3338905677907494,-0.1874564459930314,0.24054479036073056
18,strength_preserving,7.462214487798886e-16,OO_fraction,41,0.35427880801895917,0.02304987598479638,0.2711273782229453,0.08640827686503222
18,root_pair_preserving,6.851345478173616e-16,DCApost,41,0.1203944298149572,0.45337891203319997,0.008362369337979096,0.9586161564772357
18,root_pair_preserving,6.851345478173616e-16,OO_fraction,41,0.5294542566704493,0.000371532367726789,0.4012200816609093,0.00932609511862555
19,strength_preserving,5.459971194794706e-16,DCApost,41,0.16001184859833484,0.3176259467116795,0.12003484320557495,0.4547388989890372
19,strength_preserving,5.459971194794706e-16,OO_fraction,41,0.3650912129156319,0.018920540815904687,0.265899986611963,0.09289137932971026
19,root_pair_preserving,9.152915482451474e-16,DCApost,41,0.1237088161937078,0.44094802855686677,0.04703832752613241,0.7702564655090929
19,root_pair_preserving,9.152915482451474e-16,OO_fraction,41,0.5080390435801029,0.0006964529488663729,0.3812510948276377,0.013917484682173452
20,strength_preserving,6.647612789085121e-16,DCApost,41,0.0017278164842153502,0.9914458207062061,-0.03623693379790941,0.8220354691493817
20,strength_preserving,6.647612789085121e-16,OO_fraction,41,0.3100280703018566,0.04853390599446233,0.23557114445522537,0.1381539667591069
20,root_pair_preserving,6.464070375074117e-16,DCApost,41,0.11172898249137911,0.4867592702160346,0.05731707317073171,0.721877009021699
20,root_pair_preserving,6.464070375074117e-16,OO_fraction,41,0.4563170441082815,0.0027117263835997395,0.3227887016663788,0.03955181258817841
21,strength_preserving,6.51909113357533e-16,DCApost,41,0.07586861883935261,0.637317074992817,0.064808362369338,0.6872672287628555
21,strength_preserving,6.51909113357533e-16,OO_fraction,41,0.3642511393060758,0.019217365587135143,0.2563209343813333,0.1057373849388387
21,root_pair_preserving,7.112373034392401e-16,DCApost,41,0.1469824416659316,0.3591239181973601,0.04059233449477353,0.8010538151143001
21,root_pair_preserving,7.112373034392401e-16,OO_fraction,41,0.5159812893555241,0.0005543353922292878,0.37192690682679186,0.016645401339824915
22,strength_preserving,6.259426715574179e-16,DCApost,41,-0.26962722027184866,0.08823176622788108,-0.3008710801393729,0.055941622240225565
22,strength_preserving,6.259426715574179e-16,OO_fraction,41,0.29497057375807784,0.061176108027475855,0.20627452938561516,0.19569219311327207
22,root_pair_preserving,5.921189464667501e-16,DCApost,41,0.10301853158233854,0.5215553806404359,0.017944250871080144,0.9113349811075081
22,root_pair_preserving,5.921189464667501e-16,OO_fraction,41,0.4625476908962543,0.0023274651392291394,0.3448998695280798,0.027216689419788963
23,strength_preserving,6.67256965165258e-16,DCApost,41,-0.16934457307435447,0.28984153012261776,-0.1585365853658537,0.32216649363985345
23,strength_preserving,6.67256965165258e-16,OO_fraction,41,0.25821822869647365,0.10309113895750632,0.17559914520997655,0.2721296570232357
23,root_pair_preserving,8.5125469318112e-16,DCApost,41,0.05043626446579287,0.7541578019751659,-0.08101045296167249,0.6146076519591139
23,root_pair_preserving,8.5125469318112e-16,OO_fraction,41,0.538560815952566,0.00028077806836564726,0.36496735490788185,0.018964060193685756
24,strength_preserving,7.931063455617425e-16,DCApost,41,0.04185533410015443,0.7949944719675949,-0.08031358885017423,0.6176653229473923
24,strength_preserving,7.931063455617425e-16,OO_fraction,41,0.27168086881598985,0.08574292653653988,0.17163269122725006,0.2832774498778705
24,root_pair_preserving,6.405644102168763e-16,DCApost,41,0.22890655579318403,0.14998526514949553,0.1439024390243903,0.36939126349376183
24,root_pair_preserving,6.405644102168763e-16,OO_fraction,41,0.5176260614311959,0.0005283754391690751,0.34751538926666486,0.025996361900473205
25,strength_preserving,9.416451578776065e-16,DCApost,41,0.07255627444122144,0.6521233680546294,0.027874564459930317,0.8626529220590764
25,strength_preserving,9.416451578776065e-16,OO_fraction,41,0.33410422735837186,0.032767109921633626,0.2716653168476989,0.08576156705883047
25,root_pair_preserving,7.54141543758647e-16,DCApost,41,0.14024801765654415,0.3817982788191637,0.04686411149825785,0.7710844953639957
25,root_pair_preserving,7.54141543758647e-16,OO_fraction,41,0.5488014156290384,0.00020294600763503563,0.4019338825189816,0.009189531446079629
26,strength_preserving,7.083292069882618e-16,DCApost,41,-0.30618223036996894,0.051542337278371916,-0.33379790940766557,0.03293725252354856
26,strength_preserving,7.083292069882618e-16,OO_fraction,41,0.3263236512428368,0.03731924791170983,0.23244468030167673,0.14361507162754317
26,root_pair_preserving,8.503817790848472e-16,DCApost,41,0.14498711864465894,0.36575560202479884,0.04634146341463416,0.7735700858323896
26,root_pair_preserving,8.503817790848472e-16,OO_fraction,41,0.5134602790357001,0.0005963431683768876,0.35154687433104,0.024204617302017794
27,strength_preserving,6.155632499309159e-16,DCApost,41,0.07531610094719869,0.6397774015738237,0.09459930313588853,0.5563171812945464
27,strength_preserving,6.155632499309159e-16,OO_fraction,41,0.3088458006225537,0.04944326389069585,0.22300622870580683,0.16106513987485663
27,root_pair_preserving,6.798213182764641e-16,DCApost,41,0.08847073486850132,0.5822845767534628,-0.04843205574912893,0.763641355770892
27,root_pair_preserving,6.798213182764641e-16,OO_fraction,41,0.5456936277452851,0.00022420539143761087,0.38135079872896155,0.01389050079584894
28,strength_preserving,6.168156675299616e-16,DCApost,41,0.008596192960731226,0.9574600458426252,-0.07038327526132405,0.6619092760401217
28,strength_preserving,6.168156675299616e-16,OO_fraction,41,0.31884778422044696,0.04216793965128575,0.24671026307168423,0.11994379478649936
28,root_pair_preserving,6.51909113357533e-16,DCApost,41,0.17948053523222668,0.2615041090746591,0.10801393728223,0.5014508183081454
28,root_pair_preserving,6.51909113357533e-16,OO_fraction,41,0.5450351240913952,0.00022895981949389252,0.39170587804960216,0.011319177653661177
29,strength_preserving,1.0758158289246845e-15,DCApost,41,-0.39618396177265663,0.010339947346335747,-0.4085365853658537,0.00800551004239898
29,strength_preserving,1.0758158289246845e-15,OO_fraction,41,0.26444004472843335,0.09476740330131284,0.1791721302986163,0.2623381612220209
29,root_pair_preserving,7.875947277806743e-16,DCApost,41,0.20846246721409922,0.19088842259859964,0.14059233449477354,0.38061892961861554
29,root_pair_preserving,7.875947277806743e-16,OO_fraction,41,0.5418085256299368,0.00025359551633804015,0.3926797758392826,0.01109973928097083
30,strength_preserving,7.918978683264503e-16,DCApost,41,-0.20527464759519318,0.197915610618235,-0.1458188153310105,0.36298248786178133
30,strength_preserving,7.918978683264503e-16,OO_fraction,41,0.2642141019980346,0.09506032738413468,0.1968614523241669,0.21732916698572785
30,root_pair_preserving,6.337574136969479e-16,DCApost,41,0.10857411382070573,0.49922119297592693,0.043379790940766556,0.7876965953382998
30,root_pair_preserving,6.337574136969479e-16,OO_fraction,41,0.5045956587903992,0.0007675796616683169,0.3606100560192968,0.0205494677298607
31,strength_preserving,6.428276820549601e-16,DCApost,41,-0.2376213831820469,0.1346571950879343,-0.3379790940766551,0.030676562503141665
31,strength_preserving,6.428276820549601e-16,OO_fraction,41,0.2949247390384552,0.06121824316753499,0.20087191592333062,0.2079170262235654
31,root_pair_preserving,7.1416937712833e-16,DCApost,41,0.12429897278106056,0.43875446246978883,0.056794425087108025,0.7243131378868738
31,root_pair_preserving,7.1416937712833e-16,OO_fraction,41,0.5718153863635903,9.404556185579889e-05,0.4378380042391347,0.004197534871182533
32,strength_preserving,7.659386502498501e-16,DCApost,41,0.0661442056283982,0.6811588728352563,-0.004006968641114984,0.9801636539473231
32,strength_preserving,7.659386502498501e-16,OO_fraction,41,0.32124234240854926,0.0405621029870824,0.22301664971001725,0.16104506127300036
32,root_pair_preserving,9.462638098113106e-16,DCApost,41,0.09314137164259098,0.5624451202835055,0.02630662020905924,0.8703109878897114
32,root_pair_preserving,9.462638098113106e-16,OO_fraction,41,0.5536596232919905,0.00017333641567263735,0.41655777374872854,0.006745705222560031
33,strength_preserving,6.687461042448002e-16,DCApost,41,-0.04230294784041982,0.7928498380193594,-0.057839721254355415,0.7194435877452519
33,strength_preserving,6.687461042448002e-16,OO_fraction,41,0.2958278509375217,0.06039227025342572,0.18400418470657467,0.24947264211610035
33,root_pair_preserving,7.657935433611992e-16,DCApost,41,0.09226147037494611,0.5661585864639606,-0.007142857142857145,0.9646471793522318
33,root_pair_preserving,7.657935433611992e-16,OO_fraction,41,0.5104904406908716,0.0006494637240448093,0.3358605983321339,0.031805445744613005
34,strength_preserving,6.722308302397932e-16,DCApost,41,0.13869656553526935,0.3871389546876194,0.14163763066202095,0.37705179161896396
34,strength_preserving,6.722308302397932e-16,OO_fraction,41,0.3274804670248678,0.03661142757080503,0.22448803873990056,0.15822827728281227
34,root_pair_preserving,8.902758713991001e-16,DCApost,41,0.12651955571444323,0.43055494332677674,0.04878048780487806,0.7619901455885987
34,root_pair_preserving,8.902758713991001e-16,OO_fraction,41,0.5643387351878824,0.00012149759346448335,0.4054030885939509,0.008549954887858856
35,strength_preserving,7.112373034392401e-16,DCApost,41,0.2459775107590805,0.12108313131447099,0.18571428571428575,0.24502275154995207
35,strength_preserving,7.112373034392401e-16,OO_fraction,41,0.3172991004080362,0.04323376292683537,0.2154855292148449,0.17603372485989177
35,root_pair_preserving,7.447339514767001e-16,DCApost,41,0.1459396304386706,0.36258071055402813,0.09216027874564463,0.5665863714622094
35,root_pair_preserving,7.447339514767001e-16,OO_fraction,41,0.5564883792114229,0.00015795076864691783,0.4456845634548898,0.0034969712753249757
36,strength_preserving,7.793650873452509e-16,DCApost,41,-0.041273165880929885,0.7977860180434797,-0.07979094076655055,0.6199627651306494
36,strength_preserving,7.793650873452509e-16,OO_fraction,41,0.3436786889764391,0.027802511409069527,0.27302834835873774,0.08413975364667957
36,root_pair_preserving,7.011079047759087e-16,DCApost,41,0.18047349572663599,0.25883071535040847,0.08780487804878051,0.5851383002762269
36,root_pair_preserving,7.011079047759087e-16,OO_fraction,41,0.6249012243052307,1.2575521511933451e-05,0.4533890990591925,0.0029107779162860334
37,strength_preserving,7.004734302009613e-16,DCApost,41,-0.0738723311183582,0.6462243569917513,-0.11289198606271779,0.48220644459441486
37,strength_preserving,7.004734302009613e-16,OO_fraction,41,0.30196673565424714,0.05501031530172837,0.23260688875149568,0.14332788206340052
37,root_pair_preserving,9.936574912847463e-16,DCApost,41,0.16372120517707783,0.3063884096222683,0.06602787456445994,0.6816900240892849
37,root_pair_preserving,9.936574912847463e-16,OO_fraction,41,0.5123397860052382,0.0006159106600635432,0.386050713415151,0.012667880242161318
38,strength_preserving,7.625341217073199e-16,DCApost,41,0.17945154083593517,0.2615824465962855,0.10696864111498261,0.5056248344856
38,strength_preserving,7.625341217073199e-16,OO_fraction,41,0.3519148660631092,0.024046321168492656,0.22704304230366176,0.15342251223861791
38,root_pair_preserving,1.003488085810513e-15,DCApost,41,0.17723006202995265,0.2676308424859846,0.09303135888501746,0.5629087906388235
38,root_pair_preserving,1.003488085810513e-15,OO_fraction,41,0.5343016750773947,0.00032039123653520294,0.37925929526244073,0.014465934516259864
39,strength_preserving,6.319391346121079e-16,DCApost,41,-0.11711118334446749,0.46587800297922655,-0.1865853658536586,0.24277679595193177
39,strength_preserving,6.319391346121079e-16,OO_fraction,41,0.297261457387575,0.059099365583066006,0.19232788477728618,0.22831879666506613
39,root_pair_preserving,7.122206971192801e-16,DCApost,41,0.1668640498147233,0.2970678364487602,0.09181184668989549,0.5680604973135441
39,root_pair_preserving,7.122206971192801e-16,OO_fraction,41,0.4734764928360339,0.0017679084399131798,0.3254922509771605,0.037834836440797506
40,strength_preserving,8.910717924637404e-16,DCApost,41,-0.06192284372705907,0.7005284327809803,-0.08414634146341465,0.6009282154875436
40,strength_preserving,8.910717924637404e-16,OO_fraction,41,0.2543869758422597,0.10848773057225163,0.14716657729105126,0.35851560544880146
40,root_pair_preserving,6.602595988879993e-16,DCApost,41,0.12547411323668306,0.4344045538241714,0.0378048780487805,0.8144671640110046
40,root_pair_preserving,6.602595988879993e-16,OO_fraction,41,0.5177782638617761,0.0005260290766211194,0.3923279607877551,0.011178587579346153
41,strength_preserving,5.818904042053283e-16,DCApost,41,-0.1363753173056302,0.39521079544764026,-0.20000000000000004,0.20993874257441786
41,strength_preserving,5.818904042053283e-16,OO_fraction,41,0.3607530268675756,0.020495739760608044,0.25823898218962904,0.10306247552477311
41,root_pair_preserving,6.946021588719261e-16,DCApost,41,0.18139136339677273,0.2563757388318598,0.09337979094076657,0.5614408640313842
41,root_pair_preserving,6.946021588719261e-16,OO_fraction,41,0.5255121307785813,0.0004184010499712836,0.43382754063997103,0.004600665560884031
42,strength_preserving,7.966340607041127e-16,DCApost,41,-0.07997435295046872,0.6191561192960362,-0.11602787456445995,0.47004205640641517
42,strength_preserving,7.966340607041127e-16,OO_fraction,41,0.23056656555389085,0.14697120746891393,0.11834423781396933,0.46116241747443854
42,root_pair_preserving,8.337104242120526e-16,DCApost,41,0.1137706710544936,0.4787814582702007,-0.01271777003484321,0.9370976773433037
42,root_pair_preserving,8.337104242120526e-16,OO_fraction,41,0.5334212330418897,0.0003291808584144155,0.3874510171729805,0.012321802512708261
43,strength_preserving,9.599521886909989e-16,DCApost,41,-0.24285013124141447,0.12603741896120682,-0.22909407665505227,0.14964253450011433
43,strength_preserving,9.599521886909989e-16,OO_fraction,41,0.24390321434410137,0.1243525058804612,0.1963398879196413,0.21857451240959277
43,root_pair_preserving,7.640244470538712e-16,DCApost,41,0.14490769732807676,0.36602107822004876,0.05261324041811848,0.7438970010744057
43,root_pair_preserving,7.640244470538712e-16,OO_fraction,41,0.537074014487288,0.00029407522543888374,0.41167759899351336,0.007489955839168694
44,strength_preserving,7.404848254106466e-16,DCApost,41,-0.22247586441045758,0.16208941667176738,-0.25783972125435545,0.1036149790297242
44,strength_preserving,7.404848254106466e-16,OO_fraction,41,0.2849618635160135,0.07093925435809072,0.17491841541528905,0.27402204779080597
44,root_pair_preserving,1.010549668636587e-15,DCApost,41,0.1348032089245116,0.4007326770897256,0.03763066202090593,0.8153072788059138
44,root_pair_preserving,1.010549668636587e-15,OO_fraction,41,0.5800887512362776,7.03200866994234e-05,0.4346841371252423,0.004511840928693164
45,strength_preserving,6.303367679292579e-16,DCApost,41,0.0600668618021829,0.709105001740322,-0.08205574912891987,0.6100332003465745
45,strength_preserving,6.303367679292579e-16,OO_fraction,41,0.26602495846499014,0.09273213124165175,0.19511777249844353,0.22151184143765054
45,root_pair_preserving,7.105427357601002e-16,DCApost,41,0.15263886200577614,0.34072243360550825,0.06027874564459932,0.7081240607262523
45,root_pair_preserving,7.105427357601002e-16,OO_fraction,41,0.5624566685858101,0.00012946383176718393,0.4453737652556865,0.003522640976643656
46,strength_preserving,7.453347279433954e-16,DCApost,41,0.1195394485044227,0.4566161351721849,-0.010627177700348435,0.947421972944924
46,strength_preserving,7.453347279433954e-16,OO_fraction,41,0.2939778774172952,0.062093855561965734,0.21621629838969617,0.17453704094230943
46,root_pair_preserving,8.413781306152055e-16,DCApost,41,0.17895720120679282,0.2629204595544303,0.1491289198606272,0.3520715244404651
46,root_pair_preserving,8.413781306152055e-16,OO_fraction,41,0.5377891220071618,0.0002876105837181655,0.3868269792126854,0.01247502331853234
47,strength_preserving,7.540112902881024e-16,DCApost,41,0.07411531793177195,0.6451375279208378,0.10662020905923347,0.507020068202238
47,strength_preserving,7.540112902881024e-16,OO_fraction,41,0.2953918750570855,0.060789892330234435,0.18047086196236733,0.2588377821959462
47,root_pair_preserving,7.640244470538712e-16,DCApost,41,0.15974492666901993,0.3184444743143401,0.06933797909407667,0.6666366428152829
47,root_pair_preserving,7.640244470538712e-16,OO_fraction,41,0.5705726380055289,9.817768782595389e-05,0.4432244429468689,0.0037047103992268577
48,strength_preserving,7.376586549023015e-16,DCApost,41,-0.13605260139448094,0.39634068416221296,-0.1374564459930314,0.3914392196622982
48,strength_preserving,7.376586549023015e-16,OO_fraction,41,0.2615098417365803,0.09862059474410421,0.16954173458285715,0.28927207735164095
48,root_pair_preserving,6.052537944362876e-16,DCApost,41,0.1134793293655259,0.47991564884472604,0.06062717770034844,0.7065119658337982
48,root_pair_preserving,6.052537944362876e-16,OO_fraction,41,0.5541915721589848,0.00017034375995740752,0.4216122404594872,0.006043059394310075
49,strength_preserving,6.956580981330541e-16,DCApost,41,-0.09375054578835519,0.5598808492371555,-0.1780487804878049,0.2653910704256567
49,strength_preserving,6.956580981330541e-16,OO_fraction,41,0.2889451810958553,0.06691624145220623,0.16080839773082792,0.3151911805308834
49,root_pair_preserving,8.907881506101158e-16,DCApost,41,0.08866076341739183,0.5814713011255531,-0.01672473867595819,0.917339238498545
49,root_pair_preserving,8.907881506101158e-16,OO_fraction,41,0.5287151637797881,0.00037994282086846557,0.38204024981598733,0.013705119142343996
50,strength_preserving,7.003655488779672e-16,DCApost,41,0.08405663638153443,0.6013176870123456,0.0372822299651568,0.8169881197910096
50,strength_preserving,7.003655488779672e-16,OO_fraction,41,0.33683354744333543,0.031282813103493186,0.21604193040712383,0.1748933308807841
50,root_pair_preserving,8.764524446110901e-16,DCApost,41,0.16442547373203842,0.30428378510064413,0.09668989547038329,0.5475850631403533
50,root_pair_preserving,8.764524446110901e-16,OO_fraction,41,0.4635714442343664,0.002269137840758127,0.294204820957261,0.06188308728306769
51,strength_preserving,6.094532490835051e-16,DCApost,41,-0.0528935457191196,0.742578958026462,-0.0186411149825784,0.9079061384762451
51,strength_preserving,6.094532490835051e-16,OO_fraction,41,0.19888987708753056,0.21253252398958156,0.13986929432357934,0.3830979612234545
51,root_pair_preserving,7.348586140539087e-16,DCApost,41,0.13833028026376096,0.38840620252393426,0.057839721254355415,0.7194435877452519
51,root_pair_preserving,7.348586140539087e-16,OO_fraction,41,0.5293056536966182,0.00037320983502390603,0.4084335312047453,0.008022929580751114
52,strength_preserving,7.929334801856393e-16,DCApost,41,-0.1069104084851803,0.5058578813488193,-0.054181184668989565,0.7365336276996157
52,strength_preserving,7.929334801856393e-16,OO_fraction,41,0.27177768067619945,0.08562695899403475,0.21726250628513016,0.17241023168075462
52,root_pair_preserving,9.722017122105058e-16,DCApost,41,0.13144433938259392,0.4126785048849744,0.08031358885017423,0.6176653229473923
52,root_pair_preserving,9.722017122105058e-16,OO_fraction,41,0.5400366687630981,0.0002681163684009115,0.41168280685328434,0.007489125378492027
53,strength_preserving,5.637043567398102e-16,DCApost,41,-0.09907445179678687,0.5377053293587772,-0.06794425087108015,0.6729596132151034
53,strength_preserving,5.637043567398102e-16,OO_fraction,41,0.3455189984445987,0.0269236144084918,0.2687010611439692,0.08937233579504873
53,root_pair_preserving,8.334703033855466e-16,DCApost,41,0.1639601629122997,0.3056732757980483,0.07351916376306622,0.6478052944772175
53,root_pair_preserving,8.334703033855466e-16,OO_fraction,41,0.49542208377316577,0.000989688851703477,0.37420482855168213,0.015940477618550167
54,strength_preserving,6.318437848482462e-16,DCApost,41,0.19289986081897,0.22691172008557142,0.15679442508710806,0.3275806235650518
54,strength_preserving,6.318437848482462e-16,OO_fraction,41,0.2667501085856893,0.09181224550882279,0.19132253296194984,0.230806436886647
54,root_pair_preserving,6.798213182764641e-16,DCApost,41,0.09651139472454083,0.5483280853655018,0.007665505226480838,0.9620621978789157
54,root_pair_preserving,6.798213182764641e-16,OO_fraction,41,0.5155284518189484,0.0005616801361490408,0.3595643042860364,0.020946056753481046
55,strength_preserving,7.461564019160032e-16,DCApost,41,0.29192892931361103,0.06402270597623998,0.29320557491289206,0.06281539122050309
55,strength_preserving,7.461564019160032e-16,OO_fraction,41,0.2966631828500173,0.059636212119516994,0.2138003168891734,0.17952020158103515
55,root_pair_preserving,7.54141543758647e-16,DCApost,41,0.09852432317023824,0.5399769758517559,-0.03310104529616725,0.8372192632557991
55,root_pair_preserving,7.54141543758647e-16,OO_fraction,41,0.45841969616609973,0.0025762497860577723,0.29778707543895466,0.05863090228348556
56,strength_preserving,6.82227624396008e-16,DCApost,41,0.051593361728892534,0.7486987053170129,0.022299651567944258,0.8899331677861008
56,strength_preserving,6.82227624396008e-16,OO_fraction,41,0.28866627846797155,0.0671919130640729,0.19916362037842317,0.21189087191207095
56,root_pair_preserving,7.867548055804582e-16,DCApost,41,0.11051290179185225,0.4915436395719412,0.02439024390243903,0.8796866723115377
56,root_pair_preserving,7.867548055804582e-16,OO_fraction,41,0.5128701379005899,0.0006065785825909531,0.3482128611969542,0.02567872957474646
57,strength_preserving,6.127509201998801e-16,DCApost,41,2.486777534839446e-05,0.9998768808341183,-0.05487804878048781,0.7332684209500597
57,strength_preserving,6.127509201998801e-16,OO_fraction,41,0.2602554123028517,0.10030643354842154,0.18962964763122037,0.23503700336576616
57,root_pair_preserving,7.399379260244301e-16,DCApost,41,0.15971045956157132,0.31855026587381896,0.07770034843205577,0.6291880557436493
57,root_pair_preserving,7.399379260244301e-16,OO_fraction,41,0.558514114093911,0.00014770301492572543,0.4085403437937321,0.008004875359966062
58,strength_preserving,8.978507005008084e-16,DCApost,41,0.2720002876444201,0.08536076791876189,0.25540069686411154,0.10703938109421558
58,strength_preserving,8.978507005008084e-16,OO_fraction,41,0.34381613767658803,0.027736057611185715,0.20697169720778877,0.19415236174048706
58,root_pair_preserving,9.770507845933852e-16,DCApost,41,0.12727980729299385,0.427767475618156,0.08362369337979096,0.6031989279036312
58,root_pair_preserving,9.770507845933852e-16,OO_fraction,41,0.5001918764722627,0.00086794637894779,0.33328977774547536,0.03322109342626583
59,strength_preserving,6.58457702641034e-16,DCApost,41,0.005448158641302905,0.9730313636649751,-0.021428571428571432,0.8942078579537028
59,strength_preserving,6.58457702641034e-16,OO_fraction,41,0.30452682438539674,0.052882614889237234,0.20209152245257353,0.20511193794950594
59,root_pair_preserving,8.636834899913061e-16,DCApost,41,0.13320541738252684,0.4063901342821265,0.07770034843205577,0.6291880557436493
59,root_pair_preserving,8.636834899913061e-16,OO_fraction,41,0.6015038476605392,3.190622502784859e-05,0.4681481925895753,0.0020238173273393074
60,strength_preserving,9.14846554114498e-16,DCApost,41,-0.0945044274098242,0.5567150066225862,-0.16149825783972127,0.3130920731826154
60,strength_preserving,9.14846554114498e-16,OO_fraction,41,0.38064379801025017,0.014082805509984444,0.2671317493008181,0.09133095491667372
60,root_pair_preserving,7.363658790376813e-16,DCApost,41,0.14800204744686843,0.3557633658339658,0.07961672473867598,0.6207293735160058
60,root_pair_preserving,7.363658790376813e-16,OO_fraction,41,0.5147295757070952,0.0005748498841351261,0.4023349076585994,0.009113562606344435
61,strength_preserving,8.721659970971694e-16,DCApost,41,-0.042950334201465844,0.7897507072869371,-0.010278745644599305,0.9491435593558076
61,strength_preserving,8.721659970971694e-16,OO_fraction,41,0.347622314768019,0.02594745675015981,0.23610385442936427,0.13723900918825493
61,root_pair_preserving,6.386305362744588e-16,DCApost,41,0.08940767568353757,0.5782796569908852,-0.0017421602787456448,0.9913748092201911
61,root_pair_preserving,6.386305362744588e-16,OO_fraction,41,0.4669516843281667,0.002085582401023343,0.3024917278888387,0.05456849462701095
62,strength_preserving,6.777711125099546e-16,DCApost,41,-0.23528223562385542,0.13865206808846903,-0.18327526132404182,0.251385781098174
62,strength_preserving,6.777711125099546e-16,OO_fraction,41,0.3539988985931231,0.02316603425261207,0.27599131160297563,0.08069657843220034
62,root_pair_preserving,7.363658790376813e-16,DCApost,41,0.11717742968152509,0.46562400394036135,0.02735191637630663,0.8652042682019494
62,root_pair_preserving,7.363658790376813e-16,OO_fraction,41,0.5228715517860253,0.0004526928186977719,0.3676598766390839,0.018036737192099306
63,strength_preserving,8.328706060191651e-16,DCApost,41,0.0006968541491799221,0.9965499187687098,-0.01550522648083624,0.9233480299809393
63,strength_preserving,8.328706060191651e-16,OO_fraction,41,0.33192014054056035,0.03399619821205301,0.20104577071931315,0.20751553599325925
63,root_pair_preserving,6.508594341339499e-16,DCApost,41,0.1895196829564867,0.2353136205534341,0.13118466898954706,0.41361038655223226
63,root_pair_preserving,6.508594341339499e-16,OO_fraction,41,0.52578438448071,0.00041500143802217535,0.3949455712613469,0.010603215755748149
64,strength_preserving,7.62998910883329e-16,DCApost,41,0.12373524447656002,0.4408496677088331,0.07177700348432058,0.655626237496992
64,strength_preserving,7.62998910883329e-16,OO_fraction,41,0.28454285331378787,0.07137328158039574,0.1896621621510416,0.23495525517295393
64,root_pair_preserving,7.640244470538712e-16,DCApost,41,0.2052548903900731,0.19795972248174043,0.07090592334494776,0.6595504258565263
64,root_pair_preserving,7.640244470538712e-16,OO_fraction,41,0.5461780150790508,0.00022076509712487942,0.4392157279693707,0.004066335690072926
65,strength_preserving,7.15767700172984e-16,DCApost,41,-0.1972346774133791,0.216441028571768,-0.17334494773519168,0.27842919502301067
65,strength_preserving,7.15767700172984e-16,OO_fraction,41,0.3310742378002914,0.03448228693453772,0.26817795719625215,0.09002156363213394
65,root_pair_preserving,9.025003242599139e-16,DCApost,41,0.18382982939344106,0.2499293644756847,0.08432055749128921,0.6001721367707257
65,root_pair_preserving,9.025003242599139e-16,OO_fraction,41,0.5527908417288392,0.00017832625682501164,0.4102832633491661,0.0077151742268022
66,strength_preserving,8.57003252553996e-16,DCApost,41,-0.2662741433580245,0.09241523064782327,-0.3381533101045297,0.03058521812287645
66,strength_preserving,8.57003252553996e-16,OO_fraction,41,0.23901439015250642,0.13231915068420877,0.13164782684211337,0.4119490838021058
66,root_pair_preserving,7.0114844217933795e-16,DCApost,41,0.12343984434333108,0.44194977577881583,0.06411149825783974,0.6904615839686084
66,root_pair_preserving,7.0114844217933795e-16,OO_fraction,41,0.5493868031556017,0.0001991514121074369,0.4130719346378605,0.007270423811062269
67,strength_preserving,5.637043567398102e-16,DCApost,41,0.026044463748232237,0.8715925583549863,-0.0348432055749129,0.8287762604741155
67,strength_preserving,5.637043567398102e-16,OO_fraction,41,0.26943112913692935,0.08847230750591026,0.1564732555554016,0.3285848838094808
67,root_pair_preserving,7.052624504862771e-16,DCApost,41,0.12249395679569063,0.44548252119514153,0.04477351916376308,0.7810401634357148
67,root_pair_preserving,7.052624504862771e-16,OO_fraction,41,0.46290658094763604,0.0023068693592937116,0.31389981193366534,0.04564995249515138
68,strength_preserving,7.118148267101779e-16,DCApost,41,-0.08488778885085632,0.5977132842052991,-0.031184668989547044,0.8465273830462203
68,strength_preserving,7.118148267101779e-16,OO_fraction,41,0.32676040704558296,0.0370507067655375,0.24812563920043354,0.11776593180327426
68,root_pair_preserving,8.56418184771702e-16,DCApost,41,0.14291210502447907,0.3727294754272271,0.04616724738675959,0.77439911341833
68,root_pair_preserving,8.56418184771702e-16,OO_fraction,41,0.5621357123808259,0.00013086856705747158,0.37228761704070473,0.016532054917740756
69,strength_preserving,6.229082445659737e-16,DCApost,41,-0.23815513022449902,0.13375774675097815,-0.18954703832752617,0.23524478717675026
69,strength_preserving,6.229082445659737e-16,OO_fraction,41,0.29379425832037354,0.062264804635246626,0.20732028111887557,0.19338565894315732
69,root_pair_preserving,6.292243928942394e-16,DCApost,41,0.10382736098275877,0.5182733430232888,0.014111498257839724,0.9302203517686983
69,root_pair_preserving,6.292243928942394e-16,OO_fraction,41,0.5518475717529161,0.0001838904561885775,0.3986757335309118,0.009827120642534966
70,strength_preserving,6.797207623875152e-16,DCApost,41,-0.2158394730074006,0.17530767059230618,-0.20714285714285718,0.1937756317107866
70,strength_preserving,6.797207623875152e-16,OO_fraction,41,0.2638351558402596,0.09555317711738458,0.17465669210045323,0.274751917962401
70,root_pair_preserving,6.611301442497661e-16,DCApost,41,0.12684504941191407,0.4293602804807614,-0.0029616724738675965,0.9853376943397918
70,root_pair_preserving,6.611301442497661e-16,OO_fraction,41,0.5258841654902056,0.0004137616971052217,0.42755029326736693,0.005299281452601484
71,strength_preserving,8.501005661255765e-16,DCApost,41,-0.10825705628315706,0.5004825295082533,-0.2519163763066202,0.11207996035687763
71,strength_preserving,8.501005661255765e-16,OO_fraction,41,0.29343257736473727,0.06260262297223922,0.2147276892294701,0.17759554151337453
71,root_pair_preserving,7.133291778611202e-16,DCApost,41,0.155905211680277,0.3303657827487481,0.06341463414634146,0.693661245790126
71,root_pair_preserving,7.133291778611202e-16,OO_fraction,41,0.5487883619992817,0.00020303136214928707,0.3829194263288521,0.013471772327013607
72,strength_preserving,5.590010459575465e-16,DCApost,41,0.25854387264504475,0.10264208127196718,0.21968641114982584,0.1675544390955983
72,strength_preserving,5.590010459575465e-16,OO_fraction,41,0.3476035003325033,0.025956056475489514,0.24078433658320858,0.12939219767539653
72,root_pair_preserving,1.1034395235934087e-15,DCApost,41,0.10480514240751197,0.5143194853307728,0.02125435540069687,0.8950631543275183
72,root_pair_preserving,1.1034395235934087e-15,OO_fraction,41,0.5593063237941136,0.00014386171827220336,0.41167759899351336,0.007489955839168694
73,strength_preserving,6.121365969558529e-16,DCApost,41,0.14801133874991373,0.35573283023002095,0.15087108013937287,0.34640995802189234
73,strength_preserving,6.121365969558529e-16,OO_fraction,41,0.34457296139156346,0.027372500717269564,0.28210490060600796,0.07394023677401401
73,root_pair_preserving,8.49424465363036e-16,DCApost,41,0.09998751350194743,0.5339452324027745,0.013414634146341465,0.9336584197629874
73,root_pair_preserving,8.49424465363036e-16,OO_fraction,41,0.5654580992203464,0.00011697278579440435,0.4188235691707928,0.006422455768967711
74,strength_preserving,7.430512269386669e-16,DCApost,41,-0.16700322814135848,0.2966593413454199,-0.16846689895470388,0.29238527100666745
74,strength_preserving,7.430512269386669e-16,OO_fraction,41,0.29496408547608916,0.06118207120099257,0.20130720865262822,0.2069128042113687
74,root_pair_preserving,6.759027212937933e-16,DCApost,41,0.12662130912612288,0.43018127772716075,0.051567944250871085,0.7488184942066445
74,root_pair_preserving,6.759027212937933e-16,OO_fraction,41,0.5633085107597973,0.00012580147057829344,0.4431085622242608,0.0037147559368046978
75,strength_preserving,7.552374521676797e-16,DCApost,41,-0.2950789936355933,0.061076531183914866,-0.35853658536585375,0.02134203003713212
75,strength_preserving,7.552374521676797e-16,OO_fraction,41,0.28314873206372265,0.0728324361055157,0.1959435217071019,0.21952420886228308
75,root_pair_preserving,6.977327976777355e-16,DCApost,41,0.16070309954580622,0.3155123617588695,0.05818815331010454,0.7178228218804686
75,root_pair_preserving,6.977327976777355e-16,OO_fraction,41,0.5025994010209199,0.0008117170599207297,0.355462629546792,0.022563967357341553
76,strength_preserving,6.829747447606469e-16,DCApost,41,-0.0067971429658654145,0.9663572557388463,-0.038850174216027884,0.8094308115215135
76,strength_preserving,6.829747447606469e-16,OO_fraction,41,0.3192606599655473,0.04188742903332502,0.24551011946184853,0.12181410292789856
76,root_pair_preserving,7.572023742515794e-16,DCApost,41,0.12183336101189682,0.44795888744231405,-0.010975609756097564,0.9457006224111282
76,root_pair_preserving,7.572023742515794e-16,OO_fraction,41,0.5607747393843715,0.00013697967432938773,0.41586060592655494,0.00684795086596447
77,strength_preserving,6.529270266505821e-16,DCApost,41,0.029598035803056533,0.8542495522135061,-0.009407665505226483,0.9534485067767938
77,strength_preserving,6.529270266505821e-16,OO_fraction,41,0.30995290053876423,0.04859131916167491,0.20836973917394103,0.1910903051237952
77,root_pair_preserving,1.0933480016805178e-15,DCApost,41,0.12553348526898594,0.43418541912412895,0.05435540069686412,0.7357168947486066
77,root_pair_preserving,1.0933480016805178e-15,OO_fraction,41,0.47131170710761694,0.0018682114315820195,0.325054497088443,0.038108637823654416
78,strength_preserving,8.380508654899131e-16,DCApost,41,-0.08805445738172357,0.5840679237335845,-0.11951219512195126,0.4567195297611142
78,strength_preserving,8.380508654899131e-16,OO_fraction,41,0.33166121426519424,0.0341443859573471,0.2155991490071871,0.1758004191794388
78,root_pair_preserving,8.289665250534502e-16,DCApost,41,0.19888266478311573,0.2125494477849645,0.10731707317073172,0.5042315457627341
78,root_pair_preserving,8.289665250534502e-16,OO_fraction,41,0.527605786047066,0.0003928878550293632,0.3873497183737836,0.01234656509917189
79,strength_preserving,6.722059880065988e-16,DCApost,41,-0.10156797391591954,0.527467022888526,-0.13013937282229968,0.41737373787415766
79,strength_preserving,6.722059880065988e-16,OO_fraction,41,0.3168244668332274,0.04356475501602084,0.26329565368422675,0.09625823141906806
79,root_pair_preserving,8.662627751505701e-16,DCApost,41,0.08714115895118182,0.5879890600259037,-0.02560975609756098,0.8737183701266704
79,root_pair_preserving,8.662627751505701e-16,OO_fraction,41,0.5501261628534744,0.00019445026180661055,0.4130841939542719,0.00726851850319479
80,strength_preserving,7.019610223339834e-16,DCApost,41,-0.2440690381561451,0.12408873688782983,-0.2862369337979095,0.06963126687938584
80,strength_preserving,7.019610223339834e-16,OO_fraction,41,0.30315663138317966,0.05401301451567289,0.20470590178572454,0.19918821305509404
80,root_pair_preserving,7.803932679623344e-16,DCApost,41,0.152636786085264,0.3407290786113083,0.06846689895470384,0.670585865955303
80,root_pair_preserving,7.803932679623344e-16,OO_fraction,41,0.5274616657664414,0.0003945982800865707,0.3925054838837392,0.011138741828163852
81,strength_preserving,6.528425672866567e-16,DCApost,41,-0.1372339569855205,0.3922136638179652,-0.11184668989547039,0.4862974666861867
81,strength_preserving,6.528425672866567e-16,OO_fraction,41,0.30525476997796724,0.052289837014210715,0.2285838996951705,0.15057632748114885
81,root_pair_preserving,8.902758713991001e-16,DCApost,41,0.10665537352865166,0.506879170254248,0.01550522648083624,0.9233480299809393
81,root_pair_preserving,8.902758713991001e-16,OO_fraction,41,0.5066962805658074,0.0007234573935642935,0.3845617761812598,0.013044895551374981
82,strength_preserving,6.288776865691502e-16,DCApost,41,0.07745787517102692,0.6302616766953847,0.07055749128919862,0.6611226329182627
82,strength_preserving,6.288776865691502e-16,OO_fraction,41,0.32728973710220904,0.03672736694371006,0.23522240849008075,0.13875538063828674
82,root_pair_preserving,7.74734480909267e-16,DCApost,41,0.20841108474332065,0.1910002711200993,0.12648083623693385,0.43069717907551053
82,root_pair_preserving,7.74734480909267e-16,OO_fraction,41,0.5716682626512593,9.452637783315177e-05,0.4291067945478534,0.00511798789037806
83,strength_preserving,5.982779767449267e-16,DCApost,41,0.0056928237100923335,0.9718207339098386,0.006271777003484322,0.9689562624854111
83,strength_preserving,5.982779767449267e-16,OO_fraction,41,0.26917373230276187,0.08878882180923785,0.18309369929834282,0.2518638362394623
83,root_pair_preserving,6.764242657168619e-16,DCApost,41,0.119240403499274,0.45775135131720585,0.02247386759581882,0.8890785947041647
83,root_pair_preserving,6.764242657168619e-16,OO_fraction,41,0.4882741011134742,0.0012006084535327202,0.33864926962082825,0.030326406338683973
84,strength_preserving,7.867601226409414e-16,DCApost,41,-0.30031742493849983,0.056417004181056794,-0.2855400696864112,0.0703437430562989
84,strength_preserving,7.867601226409414e-16,OO_fraction,41,0.3062276397746122,0.05150596074705699,0.23836103217638277,0.13341196567708602
84,root_pair_preserving,9.168293364646454e-16,DCApost,41,0.16910878536318744,0.2905234968194523,0.04407665505226482,0.7843664844974358
84,root_pair_preserving,9.168293364646454e-16,OO_fraction,41,0.5594858103299506,0.00014300406855340627,0.39860570232775827,0.009841230537666515
85,strength_preserving,5.479090036660586e-16,DCApost,41,-0.20579116221745847,0.19676484031584995,-0.20731707317073172,0.193392705000066
85,strength_preserving,5.479090036660586e-16,OO_fraction,41,0.2856571308557437,0.0702236594194741,0.19600156819846304,0.21938495144110787
85,root_pair_preserving,8.497766478455801e-16,DCApost,41,0.1362853109512717,0.3955257362126103,0.0818815331010453,0.6107945994147315
85,root_pair_preserving,8.497766478455801e-16,OO_fraction,41,0.5637967059911931,0.00012374507220149592,0.39198260801710894,0.011256451847556874
86,strength_preserving,8.337104242120526e-16,DCApost,41,0.036252301794563235,0.8219612109494548,0.043379790940766556,0.7876965953382998
86,strength_preserving,8.337104242120526e-16,OO_fraction,41,0.3040190019616426,0.05329932856818485,0.23450982618364616,0.13999028792933627
86,root_pair_preserving,7.197362416594217e-16,DCApost,41,0.16791444958668597,0.29399378682520183,0.07247386759581882,0.6524934449041754
86,root_pair_preserving,7.197362416594217e-16,OO_fraction,41,0.5138009985221436,0.0005905042806899747,0.40488245553296326,0.008643427824658486
87,strength_preserving,6.021866317003058e-16,DCApost,41,-0.019385292484034818,0.9042463169508993,-0.0456445993031359,0.7768876763839239
87,strength_preserving,6.021866317003058e-16,OO_fraction,41,0.3023850491515056,0.05465804186383855,0.18626938773800034,0.24358988710747206
87,root_pair_preserving,8.4500988492926375e-16,DCApost,41,0.13886849617748545,0.3865449578835457,0.04930313588850175,0.7595152834871683
87,root_pair_preserving,8.4500988492926375e-16,OO_fraction,41,0.538746354512664,0.00027915726099955594,0.4020915414386263,0.009159600558112406
88,strength_preserving,6.764242657168619e-16,DCApost,41,-0.09610726526123264,0.55001206944181,-0.15209059233449482,0.34248021149814967
88,strength_preserving,6.764242657168619e-16,OO_fraction,41,0.26601500680808654,0.09274480463368469,0.1639444228220033,0.30572034874593484
88,root_pair_preserving,8.902758713991001e-16,DCApost,41,0.11655417867367113,0.46801657007021563,0.047560975609756105,0.7677738888861805
88,root_pair_preserving,8.902758713991001e-16,OO_fraction,41,0.5317576150753002,0.0003463827512666653,0.35712421690842877,0.0218964075061522
89,strength_preserving,7.123026240793588e-16,DCApost,41,0.018087997068933756,0.9106275619231852,-0.011149825783972129,0.944840038005003
89,strength_preserving,7.123026240793588e-16,OO_fraction,41,0.2938369632303685,0.06222501309124163,0.23764476987094638,0.13461769094879172
89,root_pair_preserving,6.563490698825877e-16,DCApost,41,0.07110204432643537,0.6586661167068907,-0.009581881533101046,0.9525874089875824
89,root_pair_preserving,6.563490698825877e-16,OO_fraction,41,0.5264765529833356,0.0004064696637149289,0.4144662702822077,0.007056460717821842
90,strength_preserving,5.914370867611472e-16,DCApost,41,-0.055684739331169034,0.7294944010878751,-0.12160278745644601,0.4488250012833226
90,strength_preserving,5.914370867611472e-16,OO_fraction,41,0.27723347027577927,0.07928623406581183,0.212754838566977,0.18170779052430153
90,root_pair_preserving,7.241199854880002e-16,DCApost,41,0.14196468463034023,0.37593978186827254,0.06167247386759582,0.7016832914576352
90,root_pair_preserving,7.241199854880002e-16,OO_fraction,41,0.5179483013591373,0.000523418799017881,0.36504618083359275,0.018936353799823818
91,strength_preserving,6.800357604237094e-16,DCApost,41,-0.11501863989652152,0.47393908770898013,-0.23885017421602792,0.13259319143661746
91,strength_preserving,6.800357604237094e-16,OO_fraction,41,0.2932454131536416,0.06277800953757594,0.177731314773396,0.26625808569147474
91,root_pair_preserving,9.238490056989761e-16,DCApost,41,0.10251078852356339,0.5236209178382795,0.011149825783972129,0.944840038005003
91,root_pair_preserving,9.238490056989761e-16,OO_fraction,41,0.5368028508959656,0.0002965605457496666,0.44363130138535906,0.003669628014203329
92,strength_preserving,6.544304384046974e-16,DCApost,41,0.03830117252972325,0.8120750303369304,-0.03083623693379791,0.8482220202077351
92,strength_preserving,6.544304384046974e-16,OO_fraction,41,0.27394553253072684,0.08306192943267661,0.2126938138565959,0.18183606478124292
92,root_pair_preserving,6.862168833522047e-16,DCApost,41,0.08898192225182741,0.58009798163471,-0.00017421602787456451,0.9991374649399968
92,root_pair_preserving,6.862168833522047e-16,OO_fraction,41,0.5523805461349731,0.00018072756932206022,0.41238027878357364,0.007378618638045433
93,strength_preserving,8.656392531121347e-16,DCApost,41,0.17182209883474187,0.28273845585001284,0.16620209059233454,0.2990156634493986
93,strength_preserving,8.656392531121347e-16,OO_fraction,41,0.2754744142851921,0.08128919808542402,0.20165579256371502,0.2061110626278233
93,root_pair_preserving,8.328706060191651e-16,DCApost,41,0.12027488048937243,0.4538308127583592,0.004181184668989548,0.9793013861880097
93,root_pair_preserving,8.328706060191651e-16,OO_fraction,41,0.506092240243102,0.0007359070419048238,0.358518552552776,0.021349033479831744
94,strength_preserving,6.540774554282116e-16,DCApost,41,0.07064333292920148,0.660735161612663,0.04930313588850175,0.7595152834871683
94,strength_preserving,6.540774554282116e-16,OO_fraction,41,0.2956620150301913,0.060543272389712986,0.20566450754121324,0.19704658428168587
94,root_pair_preserving,7.241199854880002e-16,DCApost,41,0.18425427418284282,0.2488185137822026,0.09721254355400699,0.5454122584174252
94,root_pair_preserving,7.241199854880002e-16,OO_fraction,41,0.5401372448609157,0.0002672725061289891,0.4364871995170166,0.004329736279226782
95,strength_preserving,6.344989089959167e-16,DCApost,41,-0.019439293708485225,0.9039808172186817,-0.002264808362369338,0.9887873967891802
95,strength_preserving,6.344989089959167e-16,OO_fraction,41,0.31742050909768815,0.04314942567667728,0.24690713042539428,0.11963907041941402
95,root_pair_preserving,7.590587464590711e-16,DCApost,41,0.12296454453214284,0.44372301837493033,0.030487804878048783,0.8499173318310476
95,root_pair_preserving,7.590587464590711e-16,OO_fraction,41,0.5157562311982848,0.0005579748875973895,0.40156946386408887,0.009259035893075097
96,strength_preserving,6.149389464320002e-16,DCApost,41,-0.16021343978425298,0.31700863782166816,-0.23972125435540073,0.1311443587446389
96,strength_preserving,6.149389464320002e-16,OO_fraction,41,0.31509250415120515,0.04479004727782983,0.2227451191844666,0.1615688242251427
96,root_pair_preserving,6.862168833522047e-16,DCApost,41,0.13575783212879014,0.39737436208311716,0.06742160278745646,0.6753364958836108
96,root_pair_preserving,6.862168833522047e-16,OO_fraction,41,0.47639633818527455,0.0016401638562938419,0.3086710532673633,0.049578830336440026
97,strength_preserving,9.1912638029982e-16,DCApost,41,-0.03554525957292934,0.8253792176413238,0.006794425087108015,0.9663707003346182
97,strength_preserving,9.1912638029982e-16,OO_fraction,41,0.28105955243471464,0.07506286732851367,0.2091503466520813,0.18939551722016856
97,root_pair_preserving,7.084125401742085e-16,DCApost,41,0.10926631826549514,0.49647307467486723,0.028048780487804882,0.8618027778764923
97,root_pair_preserving,7.084125401742085e-16,OO_fraction,41,0.4902875668511512,0.001137497358617764,0.3694117997742386,0.017454091142209367
98,strength_preserving,6.594364136984688e-16,DCApost,41,-0.008584208990494158,0.9575192969615576,-0.09564459930313592,0.5519429723500718
98,strength_preserving,6.594364136984688e-16,OO_fraction,41,0.3234239988676158,0.03914274253763907,0.25649530236390566,0.10549204688476764
98,root_pair_preserving,6.722059880065988e-16,DCApost,41,0.16885563369167067,0.2912568389874525,0.07090592334494776,0.6595504258565263
98,root_pair_preserving,6.722059880065988e-16,OO_fraction,41,0.5091338598432491,0.0006751046785714176,0.34716665330152024,0.026156397661296252
99,strength_preserving,6.956580981330541e-16,DCApost,41,-0.10047316129967875,0.5319504898746061,-0.09878048780487808,0.5389186211321588
99,strength_preserving,6.956580981330541e-16,OO_fraction,41,0.24949851154823982,0.1156820846118745,0.14636696510750258,0.36116173411999575
99,root_pair_preserving,6.522792506141011e-16,DCApost,41,0.16394960230882327,0.3057048582542016,0.0642857142857143,0.689662495744899
99,root_pair_preserving,6.522792506141011e-16,OO_fraction,41,0.542021639922736,0.0002518975807855926,0.4029644077246676,0.008995398550949444
100,strength_preserving,9.256060317633082e-16,DCApost,41,-0.14251655188127726,0.3740678061470731,-0.20749128919860632,0.19301031262787555
100,strength_preserving,9.256060317633082e-16,OO_fraction,41,0.27305443139747804,0.0841089527912752,0.20871461676322278,0.19034021901627718
100,root_pair_preserving,7.288986677870119e-16,DCApost,41,0.10732244875782465,0.504210065449839,0.037979094076655055,0.8136272542116401
100,root_pair_preserving,7.288986677870119e-16,OO_fraction,41,0.4894581076611239,0.0011631304742379333,0.35503271344190795,0.022739431111237295
101,strength_preserving,6.450031128215439e-16,DCApost,41,-0.11492987134253989,0.4742826706822088,-0.1822299651567945,0.2541463983553646
101,strength_preserving,6.450031128215439e-16,OO_fraction,41,0.3127051886565074,0.046524597999687035,0.19215688098659964,0.22874062759304417
101,root_pair_preserving,6.946021588719261e-16,DCApost,41,0.1132828861436605,0.4806811945050342,0.039895470383275275,0.8044020322106595
101,root_pair_preserving,6.946021588719261e-16,OO_fraction,41,0.5099910335426723,0.000658800126587743,0.39337416868318914,0.010945504965100442
102,strength_preserving,9.062943498500204e-16,DCApost,41,0.11124108090759274,0.4886758886345138,0.16463414634146345,0.3036619672273689
102,strength_preserving,9.062943498500204e-16,OO_fraction,41,0.2926275193072052,0.06335979422140328,0.21094899175769027,0.18553103971836077
102,root_pair_preserving,6.375125778637823e-16,DCApost,41,0.15129071206360853,0.34505463734775166,0.05487804878048781,0.7332684209500597
102,root_pair_preserving,6.375125778637823e-16,OO_fraction,41,0.49068640049402257,0.0011253515581157764,0.33995470110087805,0.029653808587551435
103,strength_preserving,6.413869424796525e-16,DCApost,41,-0.22599228227259152,0.15538583098829117,-0.21463414634146344,0.17778900729215935
103,strength_preserving,6.413869424796525e-16,OO_fraction,41,0.33604522185855235,0.03170572365232942,0.24760253525271653,0.11856734003799585
103,root_pair_preserving,8.249385050094588e-16,DCApost,41,0.1177393355442341,0.463472543344191,0.07351916376306622,0.6478052944772175
103,root_pair_preserving,8.249385050094588e-16,OO_fraction,41,0.5362728887125586,0.0003014724652195535,0.4216122404594872,0.006043059394310075
104,strength_preserving,7.105427357601002e-16,DCApost,41,-0.2281800739278324,0.15131848331491618,-0.225609756097561,0.1561051020485974
104,strength_preserving,7.105427357601002e-16,OO_fraction,41,0.3209053687785425,0.040785025060687465,0.24392612942700662,0.1243160308148518
104,root_pair_preserving,7.423234588417631e-16,DCApost,41,0.16565807090177936,0.3006225684977348,0.06742160278745646,0.6753364958836108
104,root_pair_preserving,7.423234588417631e-16,OO_fraction,41,0.5746841170297214,8.51025710140161e-05,0.4385185601471971,0.004132272407637854
105,strength_preserving,6.430435700070417e-16,DCApost,41,-0.08020504800752504,0.6181421491810608,0.009059233449477353,0.9551708580650319
105,strength_preserving,6.430435700070417e-16,OO_fraction,41,0.3290457449980472,0.035671212079185964,0.2505663045530818,0.11408065954574745
105,root_pair_preserving,8.534847641270881e-16,DCApost,41,0.16115229878420612,0.31414364982477083,0.032404181184669,0.8406015705913977
105,root_pair_preserving,8.534847641270881e-16,OO_fraction,41,0.5177323577029143,0.0005267357849062093,0.3597717674042899,0.020866873369847265
106,strength_preserving,7.657935433611992e-16,DCApost,41,-0.1450842921534191,0.3654309439201097,-0.0799651567944251,0.6191965534600608
106,strength_preserving,7.657935433611992e-16,OO_fraction,41,0.30868968184373846,0.049564364310644926,0.20540548347021134,0.19762366805744538
106,root_pair_preserving,6.149389464320002e-16,DCApost,41,0.12209409380875606,0.44698058544106334,0.038153310104529624,0.8127875503048548
106,root_pair_preserving,6.149389464320002e-16,OO_fraction,41,0.5409328016441728,0.00026068134765479695,0.40191819982923355,0.00919251331951552
107,strength_preserving,7.084125401742085e-16,DCApost,41,0.21983132561812158,0.1672672931020781,0.21045296167247393,0.18659114337581145
107,strength_preserving,7.084125401742085e-16,OO_fraction,41,0.35041900728232134,0.024695198642581535,0.2700818999007488,0.08767596864991782
107,root_pair_preserving,6.58457702641034e-16,DCApost,41,0.09489057022289038,0.5550966964278613,-0.039721254355400706,0.8052396279983494
107,root_pair_preserving,6.58457702641034e-16,OO_fraction,41,0.4996154044189711,0.0008819144237452435,0.3351634305099603,0.032184344845139545
108,strength_preserving,6.53050093271411e-16,DCApost,41,-0.18386248528076052,0.24984377995103957,-0.25696864111498263,0.10482824088993464
108,strength_preserving,6.53050093271411e-16,OO_fraction,41,0.31343069873888135,0.04599181365571284,0.22948249172212015,0.14893445762144852
108,root_pair_preserving,9.168293364646454e-16,DCApost,41,0.11074259353350871,0.49063811997371287,0.018118466898954706,0.9104776192585139
108,root_pair_preserving,9.168293364646454e-16,OO_fraction,41,0.5043151582226871,0.0007736494195391228,0.3771677917959199,0.01506143571755765
109,strength_preserving,8.812488404998245e-16,DCApost,41,-0.1939556628935796,0.22433005124805122,-0.2177700348432056,0.1713852266298571
109,strength_preserving,8.812488404998245e-16,OO_fraction,41,0.26474736226067774,0.09437009666286834,0.18448132556153107,0.24822564233270566
109,root_pair_preserving,8.662627751505701e-16,DCApost,41,0.13749115673300097,0.39131847831562194,0.0372822299651568,0.8169881197910096
109,root_pair_preserving,8.662627751505701e-16,OO_fraction,41,0.5193157231101361,0.0005028451164361172,0.37044781883160777,0.01711705663353755
110,strength_preserving,9.309174393458752e-16,DCApost,41,-0.09176547077211811,0.5682568346918179,-0.06724738675958189,0.6761294833670366
110,strength_preserving,9.309174393458752e-16,OO_fraction,41,0.2953927744078483,0.060789069957719336,0.20644882134115858,0.19530643141232304
110,root_pair_preserving,7.572023742515794e-16,DCApost,41,0.08952475168404256,0.577780096029703,-0.004878048780487806,0.9758525572256787
110,root_pair_preserving,7.572023742515794e-16,OO_fraction,41,0.5116903830649163,0.0006275121562301058,0.35197770180613713,0.024019377999894533
111,strength_preserving,8.697056674854681e-16,DCApost,41,0.051104469124773656,0.7510038041802906,0.08745644599303137,0.5866340918040509
111,strength_preserving,8.697056674854681e-16,OO_fraction,41,0.30727075431571954,0.050676011799502534,0.2127289387382494,0.1817622242161564
111,root_pair_preserving,9.86864910777917e-16,DCApost,41,0.12708123143309535,0.4284945794238323,0.02526132404181185,0.8754229095575513
111,root_pair_preserving,9.86864910777917e-16,OO_fraction,41,0.5060949785356648,0.0007358501754851727,0.39703707472786764,0.01016185314549598
112,strength_preserving,6.841263717569086e-16,DCApost,41,0.16707810514960697,0.29643972315798917,0.12299651567944254,0.4436036184676019
112,strength_preserving,6.841263717569086e-16,OO_fraction,41,0.2642039946778889,0.0950734473133304,0.1938971966204372,0.22447248428283695
112,root_pair_preserving,1.5757190838873288e-10,DCApost,41,0.14970173722036045,0.35020383878877254,0.07229965156794427,0.6532760936486242
112,root_pair_preserving,1.5757190838873288e-10,OO_fraction,41,0.5324940652356461,0.00033867063989094856,0.4081917598826453,0.008063924881753117
113,strength_preserving,5.869196746499943e-16,DCApost,41,-0.06442409893985909,0.6890279945323075,-0.129616724738676,0.4192626615107983
113,strength_preserving,5.869196746499943e-16,OO_fraction,41,0.3633507545497009,0.019539831408704245,0.2822791469930407,0.073754397480084
113,root_pair_preserving,7.0262787971275e-16,DCApost,41,0.13722156109110584,0.3922568379372682,0.05017421602787458,0.7553957784220293
113,root_pair_preserving,7.0262787971275e-16,OO_fraction,41,0.5153358788201959,0.0005648298388583364,0.3261002488217034,0.03745722188955243
114,strength_preserving,6.603301319745365e-16,DCApost,41,0.007050544482096674,0.9651037892735569,0.04651567944250873,0.7727413063866813
114,strength_preserving,6.603301319745365e-16,OO_fraction,41,0.3126447658008972,0.04656919423281572,0.19829238844325947,0.2139377130698295
114,root_pair_preserving,8.04506591572692e-16,DCApost,41,0.05736548546084846,0.7216514898921497,-0.05836236933797911,0.7170128958609399
114,root_pair_preserving,8.04506591572692e-16,OO_fraction,41,0.4567076375532248,0.002686097123175658,0.3248802051328996,0.0382181015731643
115,strength_preserving,6.996113090560986e-16,DCApost,41,0.0015278852808080015,0.9924356219463858,0.09982578397212546,0.5346103226686483
115,strength_preserving,6.996113090560986e-16,OO_fraction,41,0.30237990556917577,0.05466236241388493,0.22702711330918096,0.1534521392078574
115,root_pair_preserving,8.10872351965165e-16,DCApost,41,0.12756328035686823,0.4267307099822499,0.007142857142857145,0.9646471793522318
115,root_pair_preserving,8.10872351965165e-16,OO_fraction,41,0.5779018430308668,7.599492486546209e-05,0.4477560337909973,0.0033300208790591566
116,strength_preserving,9.082080736685645e-16,DCApost,41,-0.0512147346207301,0.7504837217388434,0.006620209059233451,0.9672325179275898
116,strength_preserving,9.082080736685645e-16,OO_fraction,41,0.2801511104770298,0.07604929157490493,0.20000007601046893,0.20993856573469466
116,root_pair_preserving,8.497766478455801e-16,DCApost,41,0.10712716234630133,0.5049907081359836,0.010627177700348435,0.947421972944924
116,root_pair_preserving,8.497766478455801e-16,OO_fraction,41,0.4980237654137476,0.0009215249911700768,0.3660131066411422,0.018599248388968283
117,strength_preserving,5.267629840556082e-16,DCApost,41,0.007213745200581077,0.964296550383063,-0.03135888501742161,0.8456803196898756
117,strength_preserving,5.267629840556082e-16,OO_fraction,41,0.34829035220038973,0.025643639687413688,0.22894516111747668,0.14991465947020194
117,root_pair_preserving,1.222439115286194e-15,DCApost,41,0.10626951553094743,0.5084263177258207,0.0073170731707317095,0.9637854778951255
117,root_pair_preserving,1.222439115286194e-15,OO_fraction,41,0.49092920847520194,0.0011180137720860747,0.36113293188592704,0.02035354430381225
118,strength_preserving,8.389250477107157e-16,DCApost,41,-0.20704989717937725,0.19398017636279918,-0.16637630662020908,0.2985022373412322
118,strength_preserving,8.389250477107157e-16,OO_fraction,41,0.23245298195757047,0.14360036328282394,0.14239652767895866,0.37447446512232097
118,root_pair_preserving,9.152915482451474e-16,DCApost,41,0.16807188520945857,0.2935348162477918,0.08414634146341465,0.6009282154875436
118,root_pair_preserving,9.152915482451474e-16,OO_fraction,41,0.5708375499967061,9.728330464622118e-05,0.4303268382366572,0.0049796715436567504
119,strength_preserving,7.038206982320635e-16,DCApost,41,0.041483204603310814,0.7967785760093741,0.02874564459930314,0.8584037485824217
119,strength_preserving,7.038206982320635e-16,OO_fraction,41,0.3451234203997384,0.0271105642814049,0.25472769302668063,0.1079992796383292
119,root_pair_preserving,6.430435700070417e-16,DCApost,41,0.10740243326519588,0.5038905100963844,0.0186411149825784,0.9079061384762451
119,root_pair_preserving,6.430435700070417e-16,OO_fraction,41,0.5043101277542805,0.0007737586634364563,0.3153859605292615,0.04458049637722847
120,strength_preserving,6.961839419572322e-16,DCApost,41,0.09527060087481577,0.5535061621990081,0.1329268292682927,0.407381226423588
120,strength_preserving,6.961839419572322e-16,OO_fraction,41,0.25545803280184093,0.10695790464151617,0.1694856790603102,0.2894339062812723
120,root_pair_preserving,6.619320973602098e-16,DCApost,41,0.13176118033428222,0.411543075798,0.02857142857142858,0.8592532719338759
120,root_pair_preserving,6.619320973602098e-16,OO_fraction,41,0.5603620141537029,0.00013888326371654124,0.38623097348417673,0.012622871567736768
121,strength_preserving,8.33532537335301e-16,DCApost,41,-0.06212697709784279,0.6995873369163417,-0.042857142857142864,0.7901966318733724
121,strength_preserving,8.33532537335301e-16,OO_fraction,41,0.35347171459212817,0.023386133849931715,0.2773856472473228,0.07911478526742893
121,root_pair_preserving,8.76283555037025e-16,DCApost,41,0.18838960883820832,0.238169164580723,0.0829268292682927,0.6062322983458468
121,root_pair_preserving,8.76283555037025e-16,OO_fraction,41,0.4781648865328063,0.0015668196729188095,0.32522878904398644,0.0379994303420415
122,strength_preserving,5.982697777867693e-16,DCApost,41,0.07409992976602642,0.6452063343896833,0.07648083623693382,0.6345953902969056
122,strength_preserving,5.982697777867693e-16,OO_fraction,41,0.301546706795866,0.05536586077188099,0.2256927384934428,0.15594886294953023
122,root_pair_preserving,7.546532238829803e-16,DCApost,41,0.2228604999458022,0.16134611220286418,0.1482578397212544,0.3549232919569044
122,root_pair_preserving,7.546532238829803e-16,OO_fraction,41,0.588219874884311,5.243510361943939e-05,0.44328280861129354,0.003699659750126192
123,strength_preserving,7.93375053827661e-16,DCApost,41,-0.18901777476082862,0.23657898657789145,-0.16219512195121955,0.3109806554412506
123,strength_preserving,7.93375053827661e-16,OO_fraction,41,0.3208733802637965,0.04080623853463243,0.25125438224241026,0.11305763426074214
123,root_pair_preserving,7.363658790376813e-16,DCApost,41,0.16554718632606913,0.3009507723014715,0.037979094076655055,0.8136272542116401
123,root_pair_preserving,7.363658790376813e-16,OO_fraction,41,0.516162395035159,0.0005514221028348472,0.3409150650428925,0.029166908356880968
124,strength_preserving,8.049293485835026e-16,DCApost,41,-0.19361723264633487,0.22515538117865996,-0.2318815331010453,0.1446154139612517
124,strength_preserving,8.049293485835026e-16,OO_fraction,41,0.32811734932777886,0.036226453017670183,0.22718956405082327,0.15315018663549362
124,root_pair_preserving,6.481104193991932e-16,DCApost,41,0.09629510675681463,0.5492290403562208,-0.007142857142857145,0.9646471793522318
124,root_pair_preserving,6.481104193991932e-16,OO_fraction,41,0.4981597486428479,0.0009180800247433236,0.3691503618409235,0.017540019041239432
125,strength_preserving,6.202333657986042e-16,DCApost,41,-0.05659740464559525,0.7252321733161379,-0.07351916376306622,0.6478052944772175
125,strength_preserving,6.202333657986042e-16,OO_fraction,41,0.3344464304918462,0.03257789080762668,0.2343307637572736,0.1403018770812056
125,root_pair_preserving,9.152915482451474e-16,DCApost,41,0.16360376206275262,0.30674027424678624,0.08257839721254358,0.6077514378608551
125,root_pair_preserving,9.152915482451474e-16,OO_fraction,41,0.551697489264149,0.00018479007771434738,0.45007841770557044,0.0031511762966068726
126,strength_preserving,6.48777415190399e-16,DCApost,41,0.06200588493472116,0.7001455427293096,-0.06585365853658538,0.6824857534526003
126,strength_preserving,6.48777415190399e-16,OO_fraction,41,0.39514169858823156,0.01056114347146164,0.30316283968485264,0.05400784936489636
126,root_pair_preserving,7.743016361084013e-16,DCApost,41,0.14869550520471153,0.3534887030287748,0.09303135888501746,0.5629087906388235
126,root_pair_preserving,7.743016361084013e-16,OO_fraction,41,0.5788474650556771,7.349197470845847e-05,0.4073203001049283,0.008213190071210675
127,strength_preserving,7.703349048585246e-16,DCApost,41,-0.06292836977913552,0.6958970528137985,-0.13693379790940768,0.3932598771863264
127,strength_preserving,7.703349048585246e-16,OO_fraction,41,0.29262769084006107,0.06335963212087618,0.18029649397979503,0.2593059274949858
127,root_pair_preserving,9.898107761832242e-16,DCApost,41,0.17516211801311107,0.27334357778881074,0.11724738675958188,0.4653558576154423
127,root_pair_preserving,9.898107761832242e-16,OO_fraction,41,0.5216519863581859,0.0004693644533040387,0.38657955739526356,0.012536220226082133
128,strength_preserving,6.359778520195001e-16,DCApost,41,-0.04607118465758761,0.7748563451043882,-0.028222996515679447,0.8609527875089777
128,strength_preserving,6.359778520195001e-16,OO_fraction,41,0.360843244782656,0.020461896772064534,0.24471129937151415,0.12307107630211718
128,root_pair_preserving,9.936574912847463e-16,DCApost,41,0.14718117065283884,0.3584674212829524,0.0407665505226481,0.8002173067941821
128,root_pair_preserving,9.936574912847463e-16,OO_fraction,41,0.5215893913035369,0.00047023478836728333,0.3882209503089473,0.01213496929907194
129,strength_preserving,6.259426715574179e-16,DCApost,41,0.04074197595013948,0.8003352897067787,0.09843205574912894,0.5403584271723293
129,strength_preserving,6.259426715574179e-16,OO_fraction,41,0.28685246393009667,0.06900669253381929,0.17106755436584814,0.2848896228555059
129,root_pair_preserving,1.2483260612569603e-15,DCApost,41,0.13312999026627628,0.4066583336601192,0.052961672473867606,0.7422587238413587
129,root_pair_preserving,1.2483260612569603e-15,OO_fraction,41,0.5863462270741902,5.614287420841956e-05,0.41917215308187955,0.006373932847786718
130,strength_preserving,8.374913803475478e-16,DCApost,41,-0.10493701360616767,0.5137873932655533,-0.05313588850174217,0.7414400053143427
130,strength_preserving,8.374913803475478e-16,OO_fraction,41,0.2953807830640601,0.060800035653050685,0.2061029554005007,0.19607246295437236
130,root_pair_preserving,8.115619942482524e-16,DCApost,41,0.12911015554838984,0.4210980753007508,0.02334494773519164,0.8848076059343333
130,root_pair_preserving,8.115619942482524e-16,OO_fraction,41,0.5631736664269271,0.0001263748932066613,0.47355124321142067,0.0017645315750607743
131,strength_preserving,5.292375337637057e-16,DCApost,41,-0.12224343637273319,0.4464207599906818,-0.13536585365853662,0.3987513439581568
131,strength_preserving,5.292375337637057e-16,OO_fraction,41,0.3389249623377996,0.03018332216086244,0.25161299885188027,0.11252720866733285
131,root_pair_preserving,8.440786095340401e-16,DCApost,41,0.1412527279080391,0.37836298537826835,0.06707317073170732,0.6769228162283478
131,root_pair_preserving,8.440786095340401e-16,OO_fraction,41,0.5812899754832096,6.736947605178917e-05,0.4393919599969101,0.004049813982081187
132,strength_preserving,6.695666516119717e-16,DCApost,41,-0.2016936083802832,0.20602421695043316,-0.13519163763066205,0.39936423276509536
132,strength_preserving,6.695666516119717e-16,OO_fraction,41,0.3112715312476161,0.04759209103033374,0.20909566443928942,0.18951389064525404
132,root_pair_preserving,9.485760343897875e-16,DCApost,41,0.13814779734621188,0.3890384489136453,0.058885017421602806,0.7145849550965229
132,root_pair_preserving,9.485760343897875e-16,OO_fraction,41,0.42223782218414724,0.005960664393430681,0.2891503542465024,0.06671401691880784
133,strength_preserving,6.261379356676034e-16,DCApost,41,-0.19683520451393066,0.21739172176326385,-0.21707317073170737,0.17279374000242131
133,strength_preserving,6.261379356676034e-16,OO_fraction,41,0.28734898268547426,0.06850610747735776,0.20767226724365173,0.1926136436611447
133,root_pair_preserving,6.43527002614315e-16,DCApost,41,0.13746066757357953,0.3914245337291679,0.06062717770034844,0.7065119658337982
133,root_pair_preserving,6.43527002614315e-16,OO_fraction,41,0.5186555446316353,0.0005126857158243246,0.40034888798608254,0.009495124727913851
134,strength_preserving,7.203205241246833e-16,DCApost,41,-0.2426307757365308,0.12639052356034028,-0.3257839721254356,0.0376532682201189
134,strength_preserving,7.203205241246833e-16,OO_fraction,41,0.32494031058114264,0.03818032347823652,0.21952071800691367,0.1678831934996514
134,root_pair_preserving,8.10872351965165e-16,DCApost,41,0.1702455657324706,0.2872451441188087,0.05836236933797911,0.7170128958609399
134,root_pair_preserving,8.10872351965165e-16,OO_fraction,41,0.5696878941206637,0.0001012189989978891,0.43021432958383793,0.004992289280166192
135,strength_preserving,5.380829473586323e-16,DCApost,41,-0.0720474080704997,0.6544099230260668,-0.06637630662020907,0.6800995863762873
135,strength_preserving,5.380829473586323e-16,OO_fraction,41,0.28678211413691,0.06907785137980373,0.1977332922370286,0.21525843015156015
135,root_pair_preserving,6.594244606738772e-16,DCApost,41,0.11929279505205903,0.45755235584401743,0.05017421602787458,0.7553957784220293
135,root_pair_preserving,6.594244606738772e-16,OO_fraction,41,0.4965009653099739,0.0009608963532752983,0.3757630024433832,0.015472950710791068
136,strength_preserving,9.048798147178671e-16,DCApost,41,-0.01294170842443457,0.9359923404867636,-0.027874564459930317,0.8626529220590764
136,strength_preserving,9.048798147178671e-16,OO_fraction,41,0.3314399355326556,0.034271447349277444,0.2484753479086889,0.11723245157706147
136,root_pair_preserving,7.128574339709924e-16,DCApost,41,0.13530908148577425,0.39895100762702973,0.052090592334494784,0.7463565048814087
136,root_pair_preserving,7.128574339709924e-16,OO_fraction,41,0.5342393676962364,0.00032100625498466076,0.36896265112306215,0.017601934195554583
137,strength_preserving,7.128574339709924e-16,DCApost,41,0.056672003386185776,0.724884149955491,0.03641114982578398,0.821193746760066
137,strength_preserving,7.128574339709924e-16,OO_fraction,41,0.3710321526196292,0.01692939414658266,0.2707788854488798,0.08682925047680567
137,root_pair_preserving,7.353661301940598e-16,DCApost,41,0.1080185982189929,0.5014322458773978,-0.0019163763066202095,0.9905123274328824
137,root_pair_preserving,7.353661301940598e-16,OO_fraction,41,0.48022191033808304,0.001485172832254153,0.3466435493538032,0.02639798455464349
138,strength_preserving,7.200116388227431e-16,DCApost,41,0.15173980324148723,0.34360777469258685,0.17421602787456447,0.2759836816074373
138,strength_preserving,7.200116388227431e-16,OO_fraction,41,0.2569274458430953,0.10488588587229457,0.1543822989110087,0.3351698859076502
138,root_pair_preserving,7.052624504862771e-16,DCApost,41,0.16096357103350245,0.3147182462674741,0.08344947735191639,0.6039566553185256
138,root_pair_preserving,7.052624504862771e-16,OO_fraction,41,0.5536187551678404,0.00017356828517178715,0.39389727263090607,0.010830527916298946
139,strength_preserving,7.84089402897077e-16,DCApost,41,-0.022591137266538053,0.8885034273969205,-0.05993031358885018,0.7097374134568688
139,strength_preserving,7.84089402897077e-16,OO_fraction,41,0.30979224589018106,0.048714207676788614,0.2174368742677025,0.17205758236666527
139,root_pair_preserving,7.197362416594217e-16,DCApost,41,0.14691700404670685,0.35934024876535936,0.06794425087108015,0.6729596132151034
139,root_pair_preserving,7.197362416594217e-16,OO_fraction,41,0.48676025566193376,0.0012500855623271722,0.3494553708645191,0.025120874507044033
140,strength_preserving,6.76823428885829e-16,DCApost,41,-0.061521512109871765,0.7023799395705297,-0.1860627177700349,0.2441226942227253
140,strength_preserving,6.76823428885829e-16,OO_fraction,41,0.2818323452528515,0.07423166304381967,0.20278996373162633,0.20351748502650124
140,root_pair_preserving,7.734456176315403e-16,DCApost,41,0.18212906781870797,0.2544139358155196,0.11672473867595821,0.4673611665166766
140,root_pair_preserving,7.734456176315403e-16,OO_fraction,41,0.49236107552545244,0.0010755996001605944,0.37647062397374625,0.015264489423946235
141,strength_preserving,7.330385728215425e-16,DCApost,41,-0.2638161292144229,0.0955779744924513,-0.25156794425087114,0.1125937446648634
141,strength_preserving,7.330385728215425e-16,OO_fraction,41,0.25103420520305286,0.11338423213244177,0.153511066975845,0.3379375714019951
141,root_pair_preserving,8.084397349092696e-16,DCApost,41,0.17974023285974539,0.26080314874355115,0.09634146341463416,0.5490358810363665
141,root_pair_preserving,8.084397349092696e-16,OO_fraction,41,0.562490682694851,0.00012931576402783255,0.425446663481442,0.005553139840860566
142,strength_preserving,6.768752431949354e-16,DCApost,41,-0.17815773962682466,0.2650939286027207,-0.229616724738676,0.14869032449620745
142,strength_preserving,6.768752431949354e-16,OO_fraction,41,0.28526201427176356,0.07062962662272207,0.19808202820217324,0.2144339728748716
142,root_pair_preserving,6.678253890943943e-16,DCApost,41,0.15573588477908148,0.3308978060629544,0.07055749128919862,0.6611226329182627
142,root_pair_preserving,6.678253890943943e-16,OO_fraction,41,0.503923407745304,0.0007821981280902286,0.3610385139318397,0.02038880676869471
143,strength_preserving,8.881784197001252e-16,DCApost,41,0.2668067055822136,0.09174074712327492,0.24303135888501745,0.12574624756140482
143,strength_preserving,8.881784197001252e-16,OO_fraction,41,0.2951320388012289,0.061027859547243477,0.2038682728283072,0.20107290219451793
143,root_pair_preserving,9.178806065105345e-16,DCApost,41,0.16252561135850632,0.3099824740249909,0.11393728222996519,0.47813347533024175
143,root_pair_preserving,9.178806065105345e-16,OO_fraction,41,0.5621746147489892,0.00013069757095465328,0.38588238957308996,0.012710031727605849
144,strength_preserving,6.557353623921886e-16,DCApost,41,0.05599116422244957,0.72806246655521,0.03170731707317073,0.843986708023791
144,strength_preserving,6.557353623921886e-16,OO_fraction,41,0.3130461952103477,0.04627355869778983,0.19703705574181493,0.21691098224982655
144,root_pair_preserving,7.5886082751183e-16,DCApost,41,0.11360429104337097,0.47942900179701964,0.047212543554006975,0.7694286872385656
144,root_pair_preserving,7.5886082751183e-16,OO_fraction,41,0.5437406410555357,0.0002385717927989882,0.4439408836291665,0.0036431282329172643
145,strength_preserving,7.714119607912877e-16,DCApost,41,-0.039041571805734705,0.8085094513762536,-0.08902439024390245,0.5799164920708009
145,strength_preserving,7.714119607912877e-16,OO_fraction,41,0.32614962564242744,0.03742669077476559,0.245315927427337,0.12211878035516027
145,root_pair_preserving,8.362400715087608e-16,DCApost,41,0.13248719396126665,0.40894806621771157,0.048083623693379804,0.7652935996918648
145,root_pair_preserving,8.362400715087608e-16,OO_fraction,41,0.5504568330656348,0.00019238032125704023,0.4063616943494396,0.008380119064149283
146,strength_preserving,7.428994909315321e-16,DCApost,41,-0.13791293788409834,0.3898530488858542,-0.14337979094076658,0.3711507707319104
146,strength_preserving,7.428994909315321e-16,OO_fraction,41,0.29107643144529527,0.0648391067587,0.19982572703050933,0.21034446425885667
146,root_pair_preserving,7.54141543758647e-16,DCApost,41,0.10314128821628504,0.5210566028091724,-0.0013937282229965161,0.9930998008834637
146,root_pair_preserving,7.54141543758647e-16,OO_fraction,41,0.48199440262762455,0.0014178633691730137,0.34884126683954786,0.025395318508705574
147,strength_preserving,8.376006462989362e-16,DCApost,41,-0.027208559226558106,0.8659043141102342,-0.020209059233449483,0.9001973615141668
147,strength_preserving,8.376006462989362e-16,OO_fraction,41,0.34478571681033965,0.027271013241207797,0.2458588554269932,0.12126838799166485
147,root_pair_preserving,9.1912638029982e-16,DCApost,41,0.022332881110385235,0.8897701590751453,-0.06062717770034844,0.7065119658337982
147,root_pair_preserving,9.1912638029982e-16,OO_fraction,41,0.5173811378505901,0.0005321708642090678,0.3476215421303186,0.02594780986174539
148,strength_preserving,7.743016361084013e-16,DCApost,41,-0.03258587386460099,0.8397194298730074,-0.02874564459930314,0.8584037485824217
148,strength_preserving,7.743016361084013e-16,OO_fraction,41,0.3402265217831222,0.02951532026474918,0.22563216944860226,0.15606289099047488
148,root_pair_preserving,8.006583366994715e-16,DCApost,41,0.14849568721052062,0.3541432330063445,0.056445993031358895,0.7259387172118275
148,root_pair_preserving,8.006583366994715e-16,OO_fraction,41,0.5865141684298845,5.5801061686468105e-05,0.4359041808140461,0.004387906463921193
149,strength_preserving,6.183463315585737e-16,DCApost,41,0.21591882239669286,0.1751451941220145,0.1942508710801394,0.22361182567800383
149,strength_preserving,6.183463315585737e-16,OO_fraction,41,0.3713319892838208,0.016833775065879842,0.28851430838813763,0.06734250015291748
149,root_pair_preserving,7.420887547995784e-16,DCApost,41,0.13718558043968165,0.39238217196512953,0.05627177700348433,0.7267519524622796
149,root_pair_preserving,7.420887547995784e-16,OO_fraction,41,0.5940605487519531,4.226069712782927e-05,0.4380123722217071,0.004180728717284783
150,strength_preserving,5.987456891197684e-16,DCApost,41,-0.017725890157111193,0.9124097302886154,-0.051393728222996524,0.7496397057485917
150,strength_preserving,5.987456891197684e-16,OO_fraction,41,0.3749411807232671,0.015718070691863605,0.24740743089385786,0.11886729441928434
150,root_pair_preserving,7.102566216424952e-16,DCApost,41,0.11802932673309549,0.46236429267300055,0.008710801393728224,0.956893410537476
150,root_pair_preserving,7.102566216424952e-16,OO_fraction,41,0.5648841541509376,0.00011927342117672525,0.43084971410328743,0.004921394351120979
151,strength_preserving,8.534847641270881e-16,DCApost,41,0.12309766147924575,0.4432259940826444,0.08501742160278748,0.5971519661049731
151,strength_preserving,8.534847641270881e-16,OO_fraction,41,0.28919019431041243,0.06667480552831649,0.1809380516565135,0.25758624079949555
151,root_pair_preserving,8.662627751505701e-16,DCApost,41,0.15664116610808862,0.32805960775788856,0.08606271777003487,0.5926342127438715
151,root_pair_preserving,8.662627751505701e-16,OO_fraction,41,0.574796685852832,8.476793373885655e-05,0.39693326966058445,0.0101833821231552
152,strength_preserving,5.329070518200751e-16,DCApost,41,0.06639008643650625,0.6800367156779515,-0.032404181184669,0.8406015705913977
152,strength_preserving,5.329070518200751e-16,OO_fraction,41,0.28601518815383575,0.06985736014630128,0.1961655959640979,0.21899176728326472
152,root_pair_preserving,4.7738183441474964e-15,DCApost,41,0.09206193084953118,0.5670022773353357,0.0047038327526132415,0.9767147262197864
152,root_pair_preserving,4.7738183441474964e-15,OO_fraction,41,0.5249386464437008,0.00042564394227525177,0.36261441350804596,0.019806910182483636
153,strength_preserving,6.932413211948789e-16,DCApost,41,0.015482394351213576,0.923460569792986,-0.047909407665505235,0.7661201071700466
153,strength_preserving,6.932413211948789e-16,OO_fraction,41,0.3235037943344295,0.03909160687658137,0.2313725709838649,0.14552391024376954
153,root_pair_preserving,6.590720412858526e-16,DCApost,41,0.19730230082178676,0.21628037874206527,0.14163763066202095,0.37705179161896396
153,root_pair_preserving,6.590720412858526e-16,OO_fraction,41,0.5438343982246594,0.00023786359422088918,0.42736387499241946,0.005321363679378508
154,strength_preserving,4.584146682323227e-16,DCApost,41,-0.06651925135278366,0.6794475020340569,-0.16027874564459932,0.3168088216564034
154,strength_preserving,4.584146682323227e-16,OO_fraction,41,0.29667599372702863,0.05962467602132433,0.20209249180133695,0.20510971902000383
154,root_pair_preserving,6.669683393696421e-16,DCApost,41,0.12303222456737434,0.4434702803917641,0.010278745644599305,0.9491435593558076
154,root_pair_preserving,6.669683393696421e-16,OO_fraction,41,0.46699886622580317,0.0020831157261861056,0.3257516649106166,0.037673341199526034
155,strength_preserving,6.207307546907783e-16,DCApost,41,-0.18462550034738107,0.24784966977012413,-0.20888501742160284,0.18997037878114384
155,strength_preserving,6.207307546907783e-16,OO_fraction,41,0.3272749781978549,0.0367363509784849,0.2380122962112381,0.13399800584719881
155,root_pair_preserving,8.075603913719978e-16,DCApost,41,0.08932230590912257,0.5786440511120827,0.009756097560975611,0.9517263643870901
155,root_pair_preserving,8.075603913719978e-16,OO_fraction,41,0.5417200629766185,0.0002543033425277694,0.40348587708297345,0.008898510664890462
156,strength_preserving,5.826359396367253e-16,DCApost,41,-0.09104606338421428,0.5713065089348602,-0.16672473867595822,0.29747708310512766
156,strength_preserving,5.826359396367253e-16,OO_fraction,41,0.29922083478054606,0.057368098223952856,0.2399128768054916,0.13082722965936486
156,root_pair_preserving,6.197875847274136e-16,DCApost,41,0.18727786012890424,0.2410012525164917,0.10923344947735193,0.4966033913810666
156,root_pair_preserving,6.197875847274136e-16,OO_fraction,41,0.5003296033707884,0.0008646385226353314,0.35712421690842877,0.0218964075061522
157,strength_preserving,7.993691159134187e-16,DCApost,41,-0.19327328144205422,0.22599630782044006,-0.1590592334494774,0.3205532612496162
157,strength_preserving,7.993691159134187e-16,OO_fraction,41,0.3753446881277333,0.015597311948827864,0.28526601948834107,0.07062550215735615
157,root_pair_preserving,7.137957110055683e-16,DCApost,41,0.1844347727665026,0.24834712247575555,0.07682926829268294,0.6330485085057206
157,root_pair_preserving,7.137957110055683e-16,OO_fraction,41,0.5490874450692738,0.00020108383694745314,0.3818736745955918,0.013749714958249587
158,strength_preserving,6.848604682025062e-16,DCApost,41,-0.04139249581910433,0.7972136171208731,-0.015853658536585366,0.9216307888483508
158,strength_preserving,6.848604682025062e-16,OO_fraction,41,0.350011611392508,0.024874423056329698,0.26936821729232635,0.08854958778369973
158,root_pair_preserving,7.724903240865032e-16,DCApost,41,0.11632070878632164,0.4689145072909328,0.04878048780487806,0.7619901455885987
158,root_pair_preserving,7.724903240865032e-16,OO_fraction,41,0.549784698222538,0.0001966088443116918,0.4357298888585026,0.004405427874256944
159,strength_preserving,6.18888071635557e-16,DCApost,41,-0.3979534250786388,0.009973486463733396,-0.3581881533101046,0.02147769209010953
159,strength_preserving,6.18888071635557e-16,OO_fraction,41,0.3224288288933057,0.0397850783232309,0.22823531578408374,0.1512168013865555
159,root_pair_preserving,7.420887547995784e-16,DCApost,41,0.12290234367751364,0.44395536511262845,0.043902439024390255,0.7851986590973921
159,root_pair_preserving,7.420887547995784e-16,OO_fraction,41,0.5658638235410963,0.00011537077968038155,0.43451369874397056,0.0045293946131185255
160,strength_preserving,8.534534791755054e-16,DCApost,41,0.14906205788183358,0.3522899238465325,0.11428571428571432,0.4767798463822097
160,strength_preserving,8.534534791755054e-16,OO_fraction,41,0.3049679512692983,0.05252275757361425,0.2345249365597914,0.13996401756785504
160,root_pair_preserving,8.902758713991001e-16,DCApost,41,0.10694734471142778,0.5057100563481883,-0.010975609756097564,0.9457006224111282
160,root_pair_preserving,8.902758713991001e-16,OO_fraction,41,0.5150280033784052,0.0005698982390925289,0.3466666995758247,0.02638725397653463
161,strength_preserving,7.819910595184457e-16,DCApost,41,0.1464665100724027,0.360831673593808,0.13379790940766553,0.4042869166567691
161,strength_preserving,7.819910595184457e-16,OO_fraction,41,0.32781857561851907,0.03640663711839197,0.25178736683445263,0.11226998515345826
161,root_pair_preserving,8.520355540937322e-16,DCApost,41,0.07698168351023524,0.6323723374001441,-0.03205574912891987,0.8422937892105641
161,root_pair_preserving,8.520355540937322e-16,OO_fraction,41,0.5767922844375712,7.903032316745807e-05,0.40855437993368515,0.008002505471886563
162,strength_preserving,4.799127771376179e-16,DCApost,41,0.04124028146674473,0.7979437761247076,0.026480836236933803,0.8694595012468752
162,strength_preserving,4.799127771376179e-16,OO_fraction,41,0.2951315605157037,0.06102829826058304,0.20717895418192925,0.19369624654393905
162,root_pair_preserving,8.276127639405592e-16,DCApost,41,0.1559226984545325,0.3303108698162932,0.060452961672473875,0.7073178556539552
162,root_pair_preserving,8.276127639405592e-16,OO_fraction,41,0.4414012197843612,0.0038655439158670713,0.2753812897585737,0.08139632464934216
163,strength_preserving,1.3682527435138172e-15,DCApost,41,-0.012419405227674561,0.9385705560042974,0.056620209059233456,0.7251257787489997
163,strength_preserving,1.3682527435138172e-15,OO_fraction,41,0.30627419542329126,0.051468687418577685,0.1905011074089374,0.23285266074386757
163,root_pair_preserving,6.155285331495764e-16,DCApost,41,0.14748824336816568,0.35745444049134817,0.07055749128919862,0.6611226329182627
163,root_pair_preserving,6.155285331495764e-16,OO_fraction,41,0.5615740403956149,0.00013336006989362608,0.42498693797285575,0.005610000379418104
164,strength_preserving,7.191457982884533e-16,DCApost,41,-0.1058106524894843,0.5102692806849948,-0.1054006968641115,0.5119186482680083
164,strength_preserving,7.191457982884533e-16,OO_fraction,41,0.2720234248424148,0.08533313761821427,0.20034860289713954,0.2091288008150327
164,root_pair_preserving,7.122206971192801e-16,DCApost,41,0.10831944269290894,0.500234212046216,0.062195121951219526,0.6992732740570011
164,root_pair_preserving,7.122206971192801e-16,OO_fraction,41,0.5692731648078402,0.00010267381362010117,0.40599408178628693,0.008444903005385598
165,strength_preserving,6.567045096063384e-16,DCApost,41,-0.23050087185744067,0.1470896342719274,-0.25801393728223,0.10337361869027711
165,strength_preserving,6.567045096063384e-16,OO_fraction,41,0.2820506291571672,0.07399819404704971,0.19917144259007727,0.21187255650111644
165,root_pair_preserving,1.102287921080863e-15,DCApost,41,0.1200040416440136,0.45485549569423783,0.039372822299651576,0.8069154631640196
165,root_pair_preserving,1.102287921080863e-15,OO_fraction,41,0.49987689647001127,0.0008755538032706206,0.3892664286311438,0.01188513665965963
166,strength_preserving,6.27162033391093e-16,DCApost,41,0.1150199013306904,0.47393420621469745,0.08658536585365856,0.5903809992429288
166,strength_preserving,6.27162033391093e-16,OO_fraction,41,0.35471346643861673,0.022870462611177193,0.2653874412435458,0.09354670864762028
166,root_pair_preserving,7.888805070983547e-16,DCApost,41,0.16989566945948203,0.28825164117868124,0.08815331010452963,0.5836442141354536
166,root_pair_preserving,7.888805070983547e-16,OO_fraction,41,0.5759670158861889,8.135890480870112e-05,0.4543751909880815,0.0028423550963373586
167,strength_preserving,7.867601226409414e-16,DCApost,41,-0.197615683575596,0.21553696654796337,-0.2320557491289199,0.14430540012914833
167,strength_preserving,7.867601226409414e-16,OO_fraction,41,0.28566323818695594,0.0702173988381458,0.203661803644488,0.2015393777689646
167,root_pair_preserving,6.747243605274144e-16,DCApost,41,0.16493822751260678,0.3027572975407113,0.07264808362369339,0.6517111636309028
167,root_pair_preserving,6.747243605274144e-16,OO_fraction,41,0.4766818407614124,0.0016281221033690517,0.34074077308734907,0.02925477931527512
168,strength_preserving,5.691456206338725e-16,DCApost,41,0.0016650690506743084,0.9917564637070813,-0.04912891986062719,0.76033997596351
168,strength_preserving,5.691456206338725e-16,OO_fraction,41,0.33382329323741883,0.03292312566162236,0.23000523088321834,0.14798539289239332
168,root_pair_preserving,7.239038517742937e-16,DCApost,41,0.15641985180039358,0.32875205701719623,0.08066202090592337,0.616135687334558
168,root_pair_preserving,7.239038517742937e-16,OO_fraction,41,0.5246014993685629,0.0004299542674550489,0.35859906451338136,0.02131777974040576
169,strength_preserving,4.799760943454994e-16,DCApost,41,0.0661583810848612,0.6810941600729795,-0.03344947735191638,0.8355291891772417
169,strength_preserving,4.799760943454994e-16,OO_fraction,41,0.21877796723328277,0.16936261725746016,0.09914619422162974,0.5374094236247482
169,root_pair_preserving,7.330385728215425e-16,DCApost,41,0.08177327380786882,0.6112679430650009,-0.0036585365853658547,0.981888255314301
169,root_pair_preserving,7.330385728215425e-16,OO_fraction,41,0.49970785912496185,0.0008796608386285932,0.36678864470392014,0.01833252637720047
170,strength_preserving,6.762985187696636e-16,DCApost,41,-0.139979513595448,0.3827194482414985,-0.15731707317073176,0.3259504602459733
170,strength_preserving,6.762985187696636e-16,OO_fraction,41,0.2950322226654373,0.06111947154909693,0.1954684281419243,0.2206662819957578
170,root_pair_preserving,9.281347411578483e-16,DCApost,41,0.1099140698252502,0.4939084778363071,0.007665505226480838,0.9620621978789157
170,root_pair_preserving,9.281347411578483e-16,OO_fraction,41,0.43113023835539144,0.004890373407326904,0.2584749700708638,0.10273697187086558
171,strength_preserving,7.404848254106466e-16,DCApost,41,0.19791337435522155,0.2148324189474666,0.17717770034843208,0.26777451206875713
171,strength_preserving,7.404848254106466e-16,OO_fraction,41,0.3450752369497793,0.027133409103148726,0.2596950137596676,0.10106665309965035
171,root_pair_preserving,8.534847641270881e-16,DCApost,41,0.16025651873418922,0.31687682036024645,0.06271777003484322,0.6968661647496374
171,root_pair_preserving,8.534847641270881e-16,OO_fraction,41,0.6036296730592371,2.940707559451459e-05,0.42928108650339686,0.005098026469385135
172,strength_preserving,5.730183352904034e-16,DCApost,41,0.01703892249239463,0.9157919105761223,-0.01271777003484321,0.9370976773433037
172,strength_preserving,5.730183352904034e-16,OO_fraction,41,0.24194800344884038,0.12749434464769102,0.14196079779010015,0.3759529860022657
172,root_pair_preserving,6.567045096063384e-16,DCApost,41,0.12422905687861766,0.4390140193565618,0.048257839721254366,0.7644673489407048
172,root_pair_preserving,6.567045096063384e-16,OO_fraction,41,0.5330882589465115,0.0003325610688688759,0.3803050469957011,0.014175742902103185
173,strength_preserving,7.420887547995784e-16,DCApost,41,-0.294191415819724,0.061895521148401085,-0.30505226480836245,0.052454201680546
173,strength_preserving,7.420887547995784e-16,OO_fraction,41,0.3078736488882816,0.050201251890961536,0.20801744894104915,0.19185866887735528
173,root_pair_preserving,7.950997283557454e-16,DCApost,41,0.12437886920761619,0.438457957498571,0.05121951219512196,0.7504611901102358
173,root_pair_preserving,7.950997283557454e-16,OO_fraction,41,0.5309738664082246,0.0003547631107307001,0.3923311919281958,0.011177861252163425
174,strength_preserving,8.405681162411536e-16,DCApost,41,0.14417107821206795,0.36848882562035956,0.11655052264808365,0.46803062427532405
174,strength_preserving,8.405681162411536e-16,OO_fraction,41,0.2806017821975613,0.07555867108658886,0.19093294091670748,0.2317753995621154
174,root_pair_preserving,8.109085007894507e-16,DCApost,41,0.15336632107383308,0.33839875539165903,0.06411149825783974,0.6904615839686084
174,root_pair_preserving,8.109085007894507e-16,OO_fraction,41,0.530025869485618,0.0003651427696108802,0.38832247695069755,0.012110513605100454
175,strength_preserving,4.91959472890578e-16,DCApost,41,0.014306080493665344,0.9292605762701222,-0.11742160278745647,0.46468844407812193
175,strength_preserving,4.91959472890578e-16,OO_fraction,41,0.333826349308353,0.0329214252027201,0.24252725613864257,0.1265574196864274
175,root_pair_preserving,6.798213182764641e-16,DCApost,41,0.11962145273582324,0.4563051016547077,0.02247386759581882,0.8890785947041647
175,root_pair_preserving,6.798213182764641e-16,OO_fraction,41,0.480651125483876,0.0014686192937913834,0.30832246935627644,0.049850151340241955
176,strength_preserving,7.012836007193525e-16,DCApost,41,-0.21855565135427196,0.1698072510703495,-0.24355400696864116,0.12490934945794777
176,strength_preserving,7.012836007193525e-16,OO_fraction,41,0.29939097937411296,0.05721969459664394,0.20944415721335488,0.18876038670120654
176,root_pair_preserving,8.472138906374432e-16,DCApost,41,0.11338660610129314,0.48027691479993945,0.02264808362369338,0.8882241454747231
176,root_pair_preserving,8.472138906374432e-16,OO_fraction,41,0.6019211645378821,3.1400853230354063e-05,0.4495556785444722,0.0031906812636493236
177,strength_preserving,7.035076591684161e-16,DCApost,41,0.11658641200688417,0.4678926709551087,-0.04668989547038328,0.7719127759434078
177,strength_preserving,7.035076591684161e-16,OO_fraction,41,0.25207527143091857,0.11184625050047581,0.16618737961063293,0.2990590435956331
177,root_pair_preserving,1.0144524928103155e-15,DCApost,41,0.13193921881206622,0.41090584083969944,0.021080139372822302,0.8959185679425639
177,root_pair_preserving,1.0144524928103155e-15,OO_fraction,41,0.5743466062100953,8.611309782904259e-05,0.4275381669479628,0.005300715457621314
178,strength_preserving,9.282038098145018e-16,DCApost,41,-0.20484562356903732,0.1988750462532956,-0.20905923344947738,0.18959278377277664
178,strength_preserving,9.282038098145018e-16,OO_fraction,41,0.2886450432827843,0.06721293898120849,0.2102832443631134,0.18695484456319117
178,root_pair_preserving,6.602595988879993e-16,DCApost,41,0.14798749713936446,0.35581118819849383,0.05505226480836238,0.7324528407787662
178,root_pair_preserving,6.602595988879993e-16,OO_fraction,41,0.5344653345298211,0.0003187808419449746,0.37497822489445903,0.0157069515468474
179,strength_preserving,5.565264785064433e-16,DCApost,41,-0.13990251793064815,0.38298384213309233,-0.11062717770034845,0.4910930190150835
179,strength_preserving,5.565264785064433e-16,OO_fraction,41,0.29739380783527275,0.05898112645038343,0.21464054325169843,0.17777577237607348
179,root_pair_preserving,6.991810437983766e-16,DCApost,41,0.13451183236560457,0.40176097862361726,0.0270034843205575,0.866905917656093
179,root_pair_preserving,6.991810437983766e-16,OO_fraction,41,0.5266310805144147,0.00040458655433494645,0.39825647219521454,0.009911852600694642
180,strength_preserving,8.40962803323929e-16,DCApost,41,-0.2457772009518554,0.1213959988853456,-0.3015679442508712,0.0553478396654148
180,strength_preserving,8.40962803323929e-16,OO_fraction,41,0.3238837221881451,0.038848883191722625,0.23485343460580285,0.1393938030769366
180,root_pair_preserving,7.864624778882804e-16,DCApost,41,0.13483724031929556,0.4006126755390474,0.06567944250871081,0.6832818221403809
180,root_pair_preserving,7.864624778882804e-16,OO_fraction,41,0.5339761726146942,0.00032361590384607966,0.38466234588428616,0.013019133400807395
181,strength_preserving,6.672359310094043e-16,DCApost,41,-0.025480996787849222,0.8743481991051026,-0.08101045296167249,0.6146076519591139
181,strength_preserving,6.672359310094043e-16,OO_fraction,41,0.24803364021556812,0.11790657975843527,0.13904861685212747,0.3859232392804588
181,root_pair_preserving,7.698645319936788e-16,DCApost,41,0.1491408935095883,0.35203242215408853,0.07526132404181186,0.6400215277060481
181,root_pair_preserving,7.698645319936788e-16,OO_fraction,41,0.5672830510916128,0.00010992201740813239,0.39424600859605086,0.01075445082977914
182,strength_preserving,8.455303321460775e-16,DCApost,41,-0.0742937251501876,0.6443400131828085,-0.17787456445993033,0.2658666317635787
182,strength_preserving,8.455303321460775e-16,OO_fraction,41,0.33026099565877926,0.034954971708205836,0.21045753631865677,0.1865813469471251
182,root_pair_preserving,7.974526100595601e-16,DCApost,41,0.14536593389172886,0.3644909519361204,0.051742160278745654,0.747997556323061
182,root_pair_preserving,7.974526100595601e-16,OO_fraction,41,0.5315221767569539,0.00034888132963361825,0.38570809761754654,0.012753803352325576
183,strength_preserving,8.718315776197548e-16,DCApost,41,-0.11259632827574502,0.48336174664716286,-0.18972125435540074,0.2348067347421966
183,strength_preserving,8.718315776197548e-16,OO_fraction,41,0.3072060993212754,0.05072713933195677,0.22196080538452126,0.16308864802911904
183,root_pair_preserving,8.096692326328973e-16,DCApost,41,0.15869465918273526,0.32167803880238643,0.07439024390243903,0.643908719560683
183,root_pair_preserving,8.096692326328973e-16,OO_fraction,41,0.5509394477910923,0.0001893949117915407,0.4137752226441524,0.00716181434084399
184,strength_preserving,4.850584514072128e-16,DCApost,41,-0.20306790272537165,0.2028854036029395,-0.21707317073170737,0.17279374000242131
184,strength_preserving,4.850584514072128e-16,OO_fraction,41,0.2678358256022497,0.09044815422235311,0.19476903653329888,0.22235498175219892
184,root_pair_preserving,8.455303321460775e-16,DCApost,41,0.14763047630965268,0.3569858256030118,0.052439024390243914,0.7447165581159533
184,root_pair_preserving,8.455303321460775e-16,OO_fraction,41,0.491829867382081,0.001091165057832505,0.3474472957432859,0.02602754612151824
185,strength_preserving,8.82897417083294e-16,DCApost,41,0.11638010394613257,0.46868598361728775,0.04843205574912893,0.763641355770892
185,strength_preserving,8.82897417083294e-16,OO_fraction,41,0.35349145655208286,0.023377860257267267,0.22756578146475998,0.15245256656642178
185,root_pair_preserving,8.910717924637404e-16,DCApost,41,0.09816227699492172,0.5414744869288688,0.0407665505226481,0.8002173067941821
185,root_pair_preserving,8.910717924637404e-16,OO_fraction,41,0.5100390782574327,0.0006578967504477006,0.3750762883293991,0.015677548998324346
186,strength_preserving,6.493817841532362e-16,DCApost,41,-0.14241633046427138,0.37440735239631484,-0.13501742160278749,0.399977665855347
186,strength_preserving,6.493817841532362e-16,OO_fraction,41,0.3291092905600867,0.03563346415135604,0.23468411813918955,0.13968749154191393
186,root_pair_preserving,6.764242657168619e-16,DCApost,41,0.15691912611269948,0.3271912142743363,0.07822299651567946,0.6268764413792716
186,root_pair_preserving,6.764242657168619e-16,OO_fraction,41,0.536359257980218,0.0003006670006279765,0.4006972057942791,0.009427231593698484
187,strength_preserving,6.972870189927894e-16,DCApost,41,-0.21051916160396425,0.18644941435923024,-0.2576655052264809,0.10385676946890554
187,strength_preserving,6.972870189927894e-16,OO_fraction,41,0.266426121542677,0.09222236320697835,0.18487541664173837,0.247198856927644
187,root_pair_preserving,7.245526403289609e-16,DCApost,41,0.1560330186521949,0.329964567148352,0.07944250871080141,0.6214963779435998
187,root_pair_preserving,7.245526403289609e-16,OO_fraction,41,0.54443533082529,0.000233369222919203,0.4394493880965733,0.0040444427707681686
188,strength_preserving,6.419773783874086e-16,DCApost,41,-0.12540771526080455,0.43464969309810947,-0.06289198606271779,0.6960644448685785
188,strength_preserving,6.419773783874086e-16,OO_fraction,41,0.3007902141958845,0.05601085514541034,0.19895386811503493,0.21238240890834956
188,root_pair_preserving,7.609560757805624e-16,DCApost,41,0.12300864428690678,0.44355832741003176,0.04041811846689897,0.8018905427033989
188,root_pair_preserving,7.609560757805624e-16,OO_fraction,41,0.574486494977745,8.569294928524184e-05,0.3900653965061316,0.01169717716285143
189,strength_preserving,9.178806065105345e-16,DCApost,41,0.12983289652342786,0.41848080113352115,0.11219512195121953,0.48493179246068185
189,strength_preserving,9.178806065105345e-16,OO_fraction,41,0.27397382609315024,0.08302885212248882,0.20787593973006024,0.19216792178239278
189,root_pair_preserving,9.248021032528107e-16,DCApost,41,0.17587813983498382,0.2713565571195187,0.1088850174216028,0.4979859160530923
189,root_pair_preserving,9.248021032528107e-16,OO_fraction,41,0.5320249109901464,0.0003435655777136715,0.3942484034391732,0.010753929974387974
190,strength_preserving,6.51909113357533e-16,DCApost,41,-0.08196680228576662,0.6104218857514259,-0.10331010452961675,0.5203710635516448
190,strength_preserving,6.51909113357533e-16,OO_fraction,41,0.2627158850185002,0.0970203598693676,0.17558855845034196,0.27215902165458394
190,root_pair_preserving,6.58457702641034e-16,DCApost,41,0.11969896862619878,0.45601119722502076,0.03310104529616725,0.8372192632557991
190,root_pair_preserving,6.58457702641034e-16,OO_fraction,41,0.5247323724495039,0.00042827646864475354,0.37542487224048593,0.015573408671588889
191,strength_preserving,6.3514047902203505e-16,DCApost,41,-0.1887147590515861,0.23734515640162984,-0.16759581881533103,0.29492410237980016
191,strength_preserving,6.3514047902203505e-16,OO_fraction,41,0.3058952624132606,0.051772699391961635,0.19271650405821175,0.22736213403868863
191,root_pair_preserving,5.982205887565851e-16,DCApost,41,0.11155360038817283,0.4874477720876623,0.04250871080139374,0.7918644780431342
191,root_pair_preserving,5.982205887565851e-16,OO_fraction,41,0.5442950598259008,0.00023441140708306744,0.43439624287262374,0.004541526114889669
192,strength_preserving,6.51763122155545e-16,DCApost,41,-0.3191701616676625,0.04194878399010374,-0.28728222996515684,0.06857323953255882
192,strength_preserving,6.51763122155545e-16,OO_fraction,41,0.37276218071117206,0.01638392474927991,0.2742483920475416,0.0827083961394605
192,root_pair_preserving,7.122206971192801e-16,DCApost,41,0.15604884971547678,0.32991489089615433,0.06289198606271779,0.6960644448685785
192,root_pair_preserving,7.122206971192801e-16,OO_fraction,41,0.4714840990622368,0.0018600437702599951,0.3357910129343879,0.03184309840346645
193,strength_preserving,8.206738544054997e-16,DCApost,41,-0.17447797149256827,0.2752510499725964,-0.15801393728222998,0.3237848073350894
193,strength_preserving,8.206738544054997e-16,OO_fraction,41,0.3424114733411222,0.028421421652193697,0.2440958837385332,0.12404607422407993
193,root_pair_preserving,8.6388174560498505e-16,DCApost,41,0.12910049208021107,0.4211331321944856,0.02317073170731708,0.8856615503285762
193,root_pair_preserving,8.6388174560498505e-16,OO_fraction,41,0.5747896272977584,8.478888181681328e-05,0.4289946048746088,0.005130872686519252
194,strength_preserving,5.712670931971967e-16,DCApost,41,-0.02060707698847405,0.898241923229125,-0.07926829268292684,0.6222637777397202
194,strength_preserving,5.712670931971967e-16,OO_fraction,41,0.2322533345533866,0.14395439359672568,0.1597385772555271,0.31846396121454934
194,root_pair_preserving,6.615469172046321e-16,DCApost,41,0.13398064148879896,0.4036395226038064,0.06184668989547039,0.7008796305069183
194,root_pair_preserving,6.615469172046321e-16,OO_fraction,41,0.5710704939912898,9.650296021433078e-05,0.4294612138748546,0.005077467787637572
195,strength_preserving,7.661859960879736e-16,DCApost,41,-0.34544461493309214,0.02695868613508202,-0.36550522648083633,0.01877567936496684
195,strength_preserving,7.661859960879736e-16,OO_fraction,41,0.2644660249418933,0.09473376577880861,0.18527234874263535,0.246167562297005
195,root_pair_preserving,7.424067766117469e-16,DCApost,41,0.17355243550422975,0.27784540212771347,0.055923344947735196,0.728379310069173
195,root_pair_preserving,7.424067766117469e-16,OO_fraction,41,0.5220922908998135,0.00046328303207738354,0.38274513437330876,0.013517762109799278
196,strength_preserving,7.312152770396891e-16,DCApost,41,-0.033552925336500915,0.8350275535331273,0.0186411149825784,0.9079061384762451
196,strength_preserving,7.312152770396891e-16,OO_fraction,41,0.28046300492953546,0.075709484737745,0.16285969572256145,0.30897550355775316
196,root_pair_preserving,6.764242657168619e-16,DCApost,41,0.19950371231272007,0.21109557451292688,0.1231707317073171,0.44295329875411493
196,root_pair_preserving,6.764242657168619e-16,OO_fraction,41,0.5503811606536098,0.00019285225550774146,0.4118518909490567,0.007462205787680687
197,strength_preserving,7.203205241246833e-16,DCApost,41,0.1117092411356126,0.4868367441161637,0.054181184668989565,0.7365336276996157
197,strength_preserving,7.203205241246833e-16,OO_fraction,41,0.29205310006540597,0.06390447645635054,0.18562093265372215,0.24526427738987625
197,root_pair_preserving,8.455303321460775e-16,DCApost,41,0.12433777259754142,0.4386104579931923,0.024041811846689902,0.8813931233954637
197,root_pair_preserving,8.455303321460775e-16,OO_fraction,41,0.4382296106293647,0.004159872625153618,0.2840958875357437,0.0718385684262136
198,strength_preserving,6.972828425126919e-16,DCApost,41,0.09645911217510063,0.5485458058214315,0.08658536585365856,0.5903809992429288
198,strength_preserving,6.972828425126919e-16,OO_fraction,41,0.2640126082854184,0.09532214187686949,0.1815250716984522,0.25601941679703905
198,root_pair_preserving,6.194413088867211e-16,DCApost,41,0.15922043254434962,0.3200567213947972,0.0775261324041812,0.6299593719122711
198,root_pair_preserving,6.194413088867211e-16,OO_fraction,41,0.5043637616677604,0.0007725946334754227,0.38787245753488186,0.012219234181636571
199,strength_preserving,6.530090659100919e-16,DCApost,41,0.09614414130913532,0.5498583076361676,0.039024390243902446,0.8085921505104188
199,strength_preserving,6.530090659100919e-16,OO_fraction,41,0.2684901783128846,0.08963362661492778,0.178387816498671,0.26446721114298954
199,root_pair_preserving,8.062538910269299e-16,DCApost,41,0.1135828092335806,0.47951264149642936,0.038153310104529624,0.8127875503048548
199,root_pair_preserving,8.062538910269299e-16,OO_fraction,41,0.5085516224204847,0.0006863840880754691,0.359390012330493,0.02101277384448758
200,strength_preserving,6.85462656781506e-16,DCApost,41,-0.029670460236612843,0.8538967632636064,-0.06829268292682927,0.6713767654169092
200,strength_preserving,6.85462656781506e-16,OO_fraction,41,0.22053520309633268,0.16587762221886318,0.12772260169499927,0.42614863149839666
200,root_pair_preserving,8.070050592483836e-16,DCApost,41,0.17645711688528123,0.2697568167643159,0.0907665505226481,0.5724934203086048
200,root_pair_preserving,8.070050592483836e-16,OO_fraction,41,0.5446041809308394,0.00023212024094393954,0.426318123259159,0.005446724348715063
201,strength_preserving,7.298290382754655e-16,DCApost,41,-0.16023436456055762,0.3169446056943192,-0.1717770034843206,0.2828667223046443
201,strength_preserving,7.298290382754655e-16,OO_fraction,41,0.29220245476880946,0.06376249754559618,0.19358773599337545,0.2252274132711219
201,root_pair_preserving,7.947885063966238e-16,DCApost,41,0.13312070394035055,0.4066913604561609,0.027700348432055752,0.8635032191274418
201,root_pair_preserving,7.947885063966238e-16,OO_fraction,41,0.5025274900163459,0.0008133483780997297,0.35476564399866106,0.022849003915799863
202,strength_preserving,5.417017705062732e-16,DCApost,41,-0.07836463704280106,0.6262505857730281,-0.19703832752613243,0.21690795563315157
202,strength_preserving,5.417017705062732e-16,OO_fraction,41,0.31707482393870046,0.04338990979411928,0.2204216795964176,0.16610118628833948
202,root_pair_preserving,7.5886082751183e-16,DCApost,41,0.12517548241201534,0.43550769309941206,0.02682926829268293,0.867756965197223
202,root_pair_preserving,7.5886082751183e-16,OO_fraction,41,0.599086680227163,3.498224457003873e-05,0.4484744511760471,0.003273770929951467
203,strength_preserving,7.37939209335867e-16,DCApost,41,0.07592514993892394,0.6370655615382451,0.016027874564459935,0.9207722994407067
203,strength_preserving,7.37939209335867e-16,OO_fraction,41,0.28021445549523183,0.07598018105993384,0.17385622565454253,0.2769920960823598
203,root_pair_preserving,8.10872351965165e-16,DCApost,41,0.1710196507872,0.28502655160050366,0.07874564459930315,0.6245683425844459
203,root_pair_preserving,8.10872351965165e-16,OO_fraction,41,0.5179395805955885,0.0005235523905414205,0.4216762566192336,0.006034582842769197
204,strength_preserving,8.249385050094588e-16,DCApost,41,-0.09836784761635144,0.5406239523762543,-0.22909407665505227,0.14964253450011433
204,strength_preserving,8.249385050094588e-16,OO_fraction,41,0.24783776011896202,0.11820646282867416,0.1625272485442215,0.3099775342784551
204,root_pair_preserving,8.902758713991001e-16,DCApost,41,0.14669674359578938,0.3600689869046286,0.07334494773519165,0.6485857276237308
204,root_pair_preserving,8.902758713991001e-16,OO_fraction,41,0.5142341763256456,0.0005831547577833653,0.38055410927950667,0.01410736147011312
205,strength_preserving,9.528844438100114e-16,DCApost,41,-0.09369212302189055,0.5601265389601919,-0.057839721254355415,0.7194435877452519
205,strength_preserving,9.528844438100114e-16,OO_fraction,41,0.27755848332512567,0.07892041260306673,0.16867050264769345,0.2917938920852681
205,root_pair_preserving,6.197875847274136e-16,DCApost,41,0.13149842675618736,0.4124845515732299,0.026480836236933803,0.8694595012468752
205,root_pair_preserving,6.197875847274136e-16,OO_fraction,41,0.49656424204465827,0.0009592310351207862,0.2860130990467212,0.06985949296275981
206,strength_preserving,7.078502779158792e-16,DCApost,41,0.08267488430676219,0.6073305975061413,0.0505226480836237,0.7537498389508615
206,strength_preserving,7.078502779158792e-16,OO_fraction,41,0.30770999391948334,0.05032976926143165,0.18818609799536046,0.23868589590787953
206,root_pair_preserving,6.996113090560986e-16,DCApost,41,0.1445328458138402,0.3672756274105806,0.05000000000000001,0.7562191489680812
206,root_pair_preserving,6.996113090560986e-16,OO_fraction,41,0.5127299921155809,0.0006090322232833598,0.3707063309487855,0.017033818708418934
207,strength_preserving,8.359257703584362e-16,DCApost,41,0.07750716345576737,0.6300433776053026,0.008710801393728224,0.956893410537476
207,strength_preserving,8.359257703584362e-16,OO_fraction,41,0.3457459947378903,0.026816819840285073,0.27585014842943495,0.08085808552921414
207,root_pair_preserving,7.082361268898096e-16,DCApost,41,0.17696838986398433,0.26834932523988714,0.1010452961672474,0.5296051757912612
207,root_pair_preserving,7.082361268898096e-16,OO_fraction,41,0.5342722664243913,0.0003206813888927069,0.4038362476375293,0.008833916665855047
208,strength_preserving,8.794671795013811e-16,DCApost,41,0.1759586955423913,0.27113360481924925,0.25313588850174223,0.11029569958555788
208,strength_preserving,8.794671795013811e-16,OO_fraction,41,0.3054635908425959,0.05212077977312265,0.21482135452911744,0.17740197353151155
208,root_pair_preserving,7.640244470538712e-16,DCApost,41,0.127830788586264,0.42575362593627664,0.02264808362369338,0.8882241454747231
208,root_pair_preserving,7.640244470538712e-16,OO_fraction,41,0.5004855315948594,0.0008609070694714541,0.37597456370869625,0.0154103752418652
209,strength_preserving,7.862181524072048e-16,DCApost,41,-0.03583490321793225,0.8239786244096149,-0.11062717770034845,0.4910930190150835
209,strength_preserving,7.862181524072048e-16,OO_fraction,41,0.3015343913305508,0.05537631324906479,0.2454964693160217,0.12183550063547198
209,root_pair_preserving,6.11219557643097e-16,DCApost,41,0.08586709115366957,0.5934785615505306,0.03379790940766551,0.8338398445683148
209,root_pair_preserving,6.11219557643097e-16,OO_fraction,41,0.5666064056215067,0.00011249005621999376,0.43160830068009987,0.0048378996873416295
210,strength_preserving,6.353826739482352e-16,DCApost,41,0.08596240147402318,0.5930671242364622,0.16393728222996518,0.30574170521099725
210,strength_preserving,6.353826739482352e-16,OO_fraction,41,0.28784853966010626,0.06800535783288965,0.16636167156617632,0.2985453460332679
210,root_pair_preserving,8.503817790848472e-16,DCApost,41,0.09763653893434936,0.5436526085321994,-0.0318815331010453,0.8431401615515391
210,root_pair_preserving,8.503817790848472e-16,OO_fraction,41,0.46069365521667904,0.0024364605167008025,0.3152941475780125,0.04464597244359471
211,strength_preserving,5.211661804096025e-16,DCApost,41,-0.021533589634324495,0.8936923384841396,-0.05365853658536586,0.7389855400599938
211,strength_preserving,5.211661804096025e-16,OO_fraction,41,0.30838212135626764,0.049803636439439344,0.24567095152591226,0.12156219820799223
211,root_pair_preserving,9.142126922741286e-16,DCApost,41,0.12532111538480878,0.43496953248109427,0.0047038327526132415,0.9767147262197864
211,root_pair_preserving,9.142126922741286e-16,OO_fraction,41,0.4697571903476855,0.001943303074462472,0.32048835196795283,0.04106227909754871
212,strength_preserving,8.298930464752709e-16,DCApost,41,0.10840643307167357,0.4998880679441134,0.06933797909407667,0.6666366428152829
212,strength_preserving,8.298930464752709e-16,OO_fraction,41,0.3261087073893929,0.037451990267841156,0.24917233345681986,0.11617464069133837
212,root_pair_preserving,7.363658790376813e-16,DCApost,41,0.14732538796274258,0.3579914569780552,0.06846689895470384,0.670585865955303
212,root_pair_preserving,7.363658790376813e-16,OO_fraction,41,0.48826787451786374,0.0012008083464559083,0.37019611357418386,0.017198431961810968
213,strength_preserving,7.147797603158788e-16,DCApost,41,-0.16440157672722605,0.3043550469513781,-0.16027874564459932,0.3168088216564034
213,strength_preserving,7.147797603158788e-16,OO_fraction,41,0.26668126386674884,0.09189927429387801,0.20492935551646585,0.1986875386252192
213,root_pair_preserving,1.120886980810079e-15,DCApost,41,0.06663196748195611,0.6789334767784105,-0.012891986062717771,0.9362377547833731
213,root_pair_preserving,1.120886980810079e-15,OO_fraction,41,0.5038581868777334,0.0007836295137610699,0.3796078791735275,0.014368649895270461
214,strength_preserving,7.835124319806984e-16,DCApost,41,0.08472024076094466,0.5984391192197086,-0.03310104529616725,0.8372192632557991
214,strength_preserving,7.835124319806984e-16,OO_fraction,41,0.34803464247608684,0.02575958294411246,0.27006538511449996,0.08769610861692206
214,root_pair_preserving,7.5886082751183e-16,DCApost,41,0.10644847885887038,0.5077084454011273,0.015331010452961676,0.9242067797935587
214,root_pair_preserving,7.5886082751183e-16,OO_fraction,41,0.5519109412333172,0.0001835117965749271,0.42675385314801756,0.005394182928939346
215,strength_preserving,1.0899028107827647e-15,DCApost,41,-0.20784425319294925,0.19223721747251915,-0.24773519163763075,0.11836371939200317
215,strength_preserving,1.0899028107827647e-15,OO_fraction,41,0.28126387928189056,0.0748423897022555,0.1846770331469963,0.24771537779493175
215,root_pair_preserving,8.455303321460775e-16,DCApost,41,0.13603877164190814,0.39638914654528573,0.06289198606271779,0.6960644448685785
215,root_pair_preserving,8.455303321460775e-16,OO_fraction,41,0.5121326119158172,0.0006195908034805107,0.3640007025113963,0.019306605752185832
216,strength_preserving,6.512308087117777e-16,DCApost,41,-0.11373584715200005,0.47891695333908996,-0.07735191637630663,0.6307310759611222
216,strength_preserving,6.512308087117777e-16,OO_fraction,41,0.24058186674109214,0.1297245523973971,0.1630501244108517,0.3084024593756755
216,root_pair_preserving,6.454894973548107e-16,DCApost,41,0.13320935081500532,0.40637615079436107,0.0637630662020906,0.6920607546387038
216,root_pair_preserving,6.454894973548107e-16,OO_fraction,41,0.5839840420628465,6.115672133884572e-05,0.43243259677939233,0.004748570902625408
217,strength_preserving,6.27162033391093e-16,DCApost,41,-0.41922452922074815,0.006366669536299477,-0.48379790940766554,0.0013521624794564507
217,strength_preserving,6.27162033391093e-16,OO_fraction,41,0.2909479366346678,0.0649628732085635,0.1979076602196009,0.21484592761360083
217,root_pair_preserving,1.1731049283527636e-07,DCApost,41,0.11546040471129929,0.4722311724940722,0.06027874564459932,0.7081240607262523
217,root_pair_preserving,1.1731049283527636e-07,OO_fraction,41,0.5451386710670566,0.00022820623602470133,0.41289764268231716,0.007297558372004052
218,strength_preserving,6.481633436535945e-16,DCApost,41,0.15339956174558633,0.3382928108736242,0.1407665505226481,0.3800230274958255
218,strength_preserving,6.481633436535945e-16,OO_fraction,41,0.30025310313968573,0.05647244129952417,0.19821179043567919,0.2141277572725614
218,root_pair_preserving,9.63221384563801e-16,DCApost,41,0.150239122592363,0.348457181856391,0.07369337979094079,0.64702523310243
218,root_pair_preserving,9.63221384563801e-16,OO_fraction,41,0.4614863611502779,0.0023893215913284574,0.31581702344464274,0.044274125202978874
219,strength_preserving,7.272079171958381e-16,DCApost,41,-0.060049200820317006,0.7091867862764569,-0.11759581881533102,0.46402154257127626
219,strength_preserving,7.272079171958381e-16,OO_fraction,41,0.2839177716554114,0.07202464914286157,0.17535462094001547,0.27280842898416974
219,root_pair_preserving,8.455303321460775e-16,DCApost,41,0.11536508402055524,0.47259941769570596,0.0378048780487805,0.8144671640110046
219,root_pair_preserving,8.455303321460775e-16,OO_fraction,41,0.5412521689102133,0.000258076831420016,0.4005232559686549,0.00946108523111748
220,strength_preserving,5.87499226999883e-16,DCApost,41,0.008326069051543334,0.9587956461046282,-0.07282229965156796,0.6509292505483479
220,strength_preserving,5.87499226999883e-16,OO_fraction,41,0.3555222640780332,0.02253971794898019,0.22265797320669484,0.16173718425292827
220,root_pair_preserving,8.447584833133889e-16,DCApost,41,0.15148892459220564,0.3444155851238476,0.06393728222996517,0.6912610038570695
220,root_pair_preserving,8.447584833133889e-16,OO_fraction,41,0.5402665427056428,0.0002661911727561307,0.4230065761038344,0.005860745404653008
221,strength_preserving,5.613904922753133e-16,DCApost,41,0.02022223576662635,0.9001326165846646,0.03658536585365854,0.8203522221670649
221,strength_preserving,5.613904922753133e-16,OO_fraction,41,0.2830898478848277,0.07289457950927326,0.20972761628845632,0.18814906476874485
221,root_pair_preserving,9.936574912847463e-16,DCApost,41,0.1967667079123195,0.2175550240616901,0.132404181184669,0.40924430621203967
221,root_pair_preserving,9.936574912847463e-16,OO_fraction,41,0.5660517350221332,0.0001146355635009336,0.44345705499832627,0.0036846171622882083
222,strength_preserving,6.331840605847741e-16,DCApost,41,0.105818516103423,0.5102376692665552,0.0702090592334495,0.6626962779127065
222,strength_preserving,6.331840605847741e-16,OO_fraction,41,0.2995713545012734,0.0570627028440295,0.22824768918718732,0.15119403291516903
222,root_pair_preserving,7.752917072482553e-16,DCApost,41,0.14039340470816405,0.38130003861752304,0.07073170731707319,0.6603363492798524
222,root_pair_preserving,7.752917072482553e-16,OO_fraction,41,0.5213976627549552,0.0004729096268116901,0.3714932971538042,0.01678252204077228
223,strength_preserving,6.556344201830813e-16,DCApost,41,-0.15129060596855481,0.34505497960069,-0.0839721254355401,0.6016847073438263
223,strength_preserving,6.556344201830813e-16,OO_fraction,41,0.31290907689351205,0.04637436925231847,0.2544028865730376,0.10846488368758067
223,root_pair_preserving,6.769088283513905e-16,DCApost,41,0.12529887221639197,0.43505170425774536,0.034668989547038336,0.8296197223336204
223,root_pair_preserving,6.769088283513905e-16,OO_fraction,41,0.4938316313611398,0.001033533236089331,0.349364006000646,0.025161548719663963
224,strength_preserving,4.799177231929077e-16,DCApost,41,0.03052600251574981,0.8497314468402255,-0.09581881533101047,0.5512155189680046
224,strength_preserving,4.799177231929077e-16,OO_fraction,41,0.2485214110763293,0.11716231835943466,0.1609586209443309,0.3147333261308633
224,root_pair_preserving,6.92315370155232e-16,DCApost,41,0.12034323537734824,0.45357239895712476,0.07543554006968643,0.6392452230695091
224,root_pair_preserving,6.92315370155232e-16,OO_fraction,41,0.4844232503978715,0.0013300196927907718,0.33429197073224326,0.03266318675217362
225,strength_preserving,7.171846311889168e-16,DCApost,41,-0.006008393127994539,0.9702593541253418,-0.026655052264808368,0.8686081600383542
225,strength_preserving,7.171846311889168e-16,OO_fraction,41,0.3520412153457613,0.023992169763292975,0.2756757804468626,0.0810579307822113
225,root_pair_preserving,9.131472909366749e-16,DCApost,41,0.15077724521990313,0.34671346963524347,0.0642857142857143,0.689662495744899
225,root_pair_preserving,9.131472909366749e-16,OO_fraction,41,0.56093338296467,0.00013625427317962016,0.4341612612586121,0.004565881217467596
226,strength_preserving,5.958445914954967e-16,DCApost,41,-0.08936452008936213,0.5784638502675402,-0.09668989547038329,0.5475850631403533
226,strength_preserving,5.958445914954967e-16,OO_fraction,41,0.2974709738009006,0.058912275104131044,0.17285241593647924,0.2798182047691265
226,root_pair_preserving,8.115619942482524e-16,DCApost,41,0.13634902432830961,0.3953027820032592,0.009930313588850177,0.9508653739391913
226,root_pair_preserving,8.115619942482524e-16,OO_fraction,41,0.5557234249957212,0.00016198466860748998,0.41522914029902225,0.006941712363818782
227,strength_preserving,7.002577007798955e-16,DCApost,41,-0.061344264095891464,0.7031981984444898,-0.06602787456445994,0.6816900240892849
227,strength_preserving,7.002577007798955e-16,OO_fraction,41,0.2665394497173592,0.09207874672999761,0.14778643177730658,0.3564724267236936
227,root_pair_preserving,7.003655488779672e-16,DCApost,41,0.13332883170395007,0.40595152365630033,0.039547038327526145,0.8060774386129512
227,root_pair_preserving,7.003655488779672e-16,OO_fraction,41,0.5450236487682248,0.00022904347130262535,0.40942250550820525,0.007857097600277002
228,strength_preserving,5.854299518991524e-16,DCApost,41,0.0978829637188618,0.5426311544481439,0.05696864111498259,0.7235007954376089
228,strength_preserving,5.854299518991524e-16,OO_fraction,41,0.2936970942446361,0.0623554154517542,0.20924157908680271,0.18919813820584577
228,root_pair_preserving,6.337574136969479e-16,DCApost,41,0.1778937153613454,0.26581432756352064,0.07717770034843208,0.6315031672024487
228,root_pair_preserving,6.337574136969479e-16,OO_fraction,41,0.5082191389018194,0.0006929003178495697,0.366265905542822,0.018511950099809125
229,strength_preserving,5.930359128032787e-16,DCApost,41,-0.09538190816870842,0.5530407167237815,-0.11672473867595821,0.4673611665166766
229,strength_preserving,5.930359128032787e-16,OO_fraction,41,0.3355279810936988,0.031985756771864486,0.2577778022486902,0.10370086571169625
229,root_pair_preserving,8.416457780603351e-16,DCApost,41,0.1604987868593018,0.3161361467054304,0.08728222996515682,0.587382625546039
229,root_pair_preserving,8.416457780603351e-16,OO_fraction,41,0.5670898354602779,0.00011064984700839515,0.428123372939445,0.005231894252545436
230,strength_preserving,6.948882405461366e-16,DCApost,41,-0.039662402880598385,0.8055226226952222,0.01045296167247387,0.9482827371471974
230,strength_preserving,6.948882405461366e-16,OO_fraction,41,0.2242424529494229,0.15869590979649287,0.1400174900055855,0.38258908139057024
230,root_pair_preserving,8.82576129813613e-16,DCApost,41,0.12096630836262472,0.45122056985660336,0.056445993031358895,0.7259387172118275
230,root_pair_preserving,8.82576129813613e-16,OO_fraction,41,0.5216915245978345,0.0004688154490869027,0.3843875297942271,0.013089633413026852
231,strength_preserving,6.533726305840002e-16,DCApost,41,0.243864478927897,0.12441418118856533,0.19843205574912898,0.21360866468186568
231,strength_preserving,6.533726305840002e-16,OO_fraction,41,0.3432442787259844,0.028013408099392227,0.25579369616406405,0.10648186179015652
231,root_pair_preserving,7.645663681502479e-16,DCApost,41,0.15026374115879762,0.3483772920930232,0.07108013937282232,0.6587648633788299
231,root_pair_preserving,7.645663681502479e-16,OO_fraction,41,0.5141764911097,0.0005841287316291578,0.39693326966058445,0.0101833821231552
232,strength_preserving,5.362586684981888e-16,DCApost,41,0.02599133564066329,0.8718523184689554,-0.029442508710801403,0.8550072397156785
232,strength_preserving,5.362586684981888e-16,OO_fraction,41,0.343040014239636,0.028113030987819025,0.25823314558252247,0.1030705360676634
232,root_pair_preserving,1.170736100112265e-15,DCApost,41,0.11901105626834155,0.45862301532535305,0.03083623693379791,0.8482220202077351
232,root_pair_preserving,1.170736100112265e-15,OO_fraction,41,0.4965271937343302,0.0009602057613702211,0.348932494997889,0.025354391572736855
233,strength_preserving,6.58457702641034e-16,DCApost,41,-0.23039189510097785,0.14728624255132888,-0.25435540069686413,0.10853308148057315
233,strength_preserving,6.58457702641034e-16,OO_fraction,41,0.3297156360422075,0.03527492101593833,0.24958608033815033,0.11555011742918508
233,root_pair_preserving,7.874945669142583e-16,DCApost,41,0.16571160138151642,0.3004642073572734,0.08815331010452963,0.5836442141354536
233,root_pair_preserving,7.874945669142583e-16,OO_fraction,41,0.5295068829071619,0.0003709399346198353,0.3836165941510258,0.013289139032581379
234,strength_preserving,8.380508654899131e-16,DCApost,41,-0.32072991592930233,0.04090148873509236,-0.3029616724738676,0.05417541705634913
234,strength_preserving,8.380508654899131e-16,OO_fraction,41,0.3615950681508734,0.02018168574932064,0.27462957255142856,0.08226510414243622
234,root_pair_preserving,8.416457780603351e-16,DCApost,41,0.13591330555294032,0.39682896333097123,0.05017421602787458,0.7553957784220293
234,root_pair_preserving,8.416457780603351e-16,OO_fraction,41,0.5460009854180747,0.0002220168687047129,0.4360784727695895,0.00437044575619574
235,strength_preserving,6.239980458510386e-16,DCApost,41,-0.3051293765445161,0.05239156456943689,-0.2815331010452962,0.07455266390457331
235,strength_preserving,6.239980458510386e-16,OO_fraction,41,0.2879458840401804,0.06790811858753988,0.21986930191800044,0.16719210237798607
235,root_pair_preserving,7.896877837274247e-16,DCApost,41,0.13160923481907136,0.41208736426143383,0.05505226480836238,0.7324528407787662
235,root_pair_preserving,7.896877837274247e-16,OO_fraction,41,0.5153452353308015,0.0005646764404784601,0.38501092979537294,0.012930173727262993
236,strength_preserving,6.243134983425415e-16,DCApost,41,-0.2179601908343634,0.17100231862322401,-0.26341463414634153,0.09610239776686975
236,strength_preserving,6.243134983425415e-16,OO_fraction,41,0.34868097236863993,0.025467363118402912,0.2676548532485351,0.09067443262181994
236,root_pair_preserving,7.462214487798886e-16,DCApost,41,0.21830838919051077,0.17030276466759622,0.10836236933797913,0.5000633870265402
236,root_pair_preserving,7.462214487798886e-16,OO_fraction,41,0.5440863183579046,0.00023597007748030638,0.39738565863895436,0.010089842094907604
237,strength_preserving,7.645663681502479e-16,DCApost,41,-0.12191051636012781,0.44766926922944145,-0.15592334494773522,0.3303088397715316
237,strength_preserving,7.645663681502479e-16,OO_fraction,41,0.3362851088739473,0.03157653659194455,0.2022668597839093,0.20471084724114794
237,root_pair_preserving,7.5886082751183e-16,DCApost,41,0.1500522349811421,0.3490640160049466,0.06498257839721257,0.6864694748936425
237,root_pair_preserving,7.5886082751183e-16,OO_fraction,41,0.5552091051265506,0.00016474896251315952,0.45010897519083326,0.003148880282999324
238,strength_preserving,8.206738544054997e-16,DCApost,41,-0.14408206140473756,0.36878771303685215,-0.15923344947735196,0.32001664657494816
238,strength_preserving,8.206738544054997e-16,OO_fraction,41,0.3217647836257129,0.04021844921688522,0.22423722558802356,0.1587058743972378
238,root_pair_preserving,7.624592087378822e-16,DCApost,41,0.13437878757163524,0.40223101455011995,0.06602787456445994,0.6816900240892849
238,root_pair_preserving,7.624592087378822e-16,OO_fraction,41,0.505951405946042,0.000738837053759246,0.3653159388189686,0.01884179418536278
239,strength_preserving,6.309841940125899e-16,DCApost,41,0.03689176316982215,0.8188726981118181,0.007665505226480838,0.9620621978789157
239,strength_preserving,6.309841940125899e-16,OO_fraction,41,0.34045755472916983,0.029398033212885914,0.2683394360304214,0.08982076321385261
239,root_pair_preserving,9.722017122105058e-16,DCApost,41,0.19483428140752043,0.2221970713043848,0.06637630662020907,0.6800995863762873
239,root_pair_preserving,9.722017122105058e-16,OO_fraction,41,0.5063959982827935,0.000729622713481857,0.35660134104179864,0.022104674432554195
240,strength_preserving,6.155632499309159e-16,DCApost,41,-0.15939416145485877,0.3195221274930574,-0.20487804878048785,0.19880241915105476
240,strength_preserving,6.155632499309159e-16,OO_fraction,41,0.3038208563081203,0.05346263776045625,0.2254453593322766,0.15641496485462628
240,root_pair_preserving,2.2205364031078615e-13,DCApost,41,0.14228387742654122,0.37485637897714236,0.08780487804878051,0.5851383002762269
240,root_pair_preserving,2.2205364031078615e-13,OO_fraction,41,0.5546114496452511,0.00016801464028663523,0.40139437361645264,0.00929259026763366
241,strength_preserving,7.06568289133723e-16,DCApost,41,-0.01637267427603184,0.9190734822889695,-0.0017421602787456448,0.9913748092201911
241,strength_preserving,7.06568289133723e-16,OO_fraction,41,0.2439504960633955,0.12427725403813977,0.18208747444921453,0.254524278786757
241,root_pair_preserving,8.895901227758192e-16,DCApost,41,0.09142620189561872,0.5696941132579926,0.03205574912891987,0.8422937892105641
241,root_pair_preserving,8.895901227758192e-16,OO_fraction,41,0.5189800219087519,0.0005078277311059428,0.3781146598610483,0.014789319077211508
242,strength_preserving,4.645809816650408e-16,DCApost,41,-0.0408033131709217,0.800040816915318,-0.07108013937282232,0.6587648633788299
242,strength_preserving,4.645809816650408e-16,OO_fraction,41,0.30758245574772547,0.05043010786102462,0.2254453593322766,0.15641496485462628
242,root_pair_preserving,7.288986677870119e-16,DCApost,41,0.13044010852607385,0.41628902522272826,0.002090592334494774,0.9896498562997393
242,root_pair_preserving,7.288986677870119e-16,OO_fraction,41,0.572571451549055,9.160945884969215e-05,0.3991285781943884,0.00973629879442947
243,strength_preserving,6.76959212335637e-16,DCApost,41,0.03562040917366249,0.825015774699919,0.051916376306620216,0.74717689293566
243,strength_preserving,6.76959212335637e-16,OO_fraction,41,0.3361710450697595,0.0316379095184627,0.25387161539076863,0.10922973849701784
243,root_pair_preserving,2.261657447609859e-15,DCApost,41,0.118418198176757,0.46088038722662805,0.02177700348432056,0.8924976207118112
243,root_pair_preserving,2.261657447609859e-15,OO_fraction,41,0.5416923725709961,0.00025452527019886016,0.3914597321504788,0.011375221309395524
244,strength_preserving,6.757018586723092e-16,DCApost,41,0.04754391558410319,0.7678548879619067,0.0348432055749129,0.8287762604741155
244,strength_preserving,6.757018586723092e-16,OO_fraction,41,0.38204211261572496,0.013704621124974682,0.30196081297894234,0.05501531597645761
244,root_pair_preserving,7.888805070983547e-16,DCApost,41,0.147035764145998,0.3589476973030722,0.06794425087108015,0.6729596132151034
244,root_pair_preserving,7.888805070983547e-16,OO_fraction,41,0.5235351594079739,0.00044384594167895856,0.39773336824749755,0.010018446980172813
245,strength_preserving,7.019610223339834e-16,DCApost,41,0.009444786827846555,0.9532650227557813,0.00017421602787456451,0.9991374649399968
245,strength_preserving,7.019610223339834e-16,OO_fraction,41,0.30941929224895187,0.04900045532448801,0.22591514431613627,0.1555306799731379
245,root_pair_preserving,6.602595988879993e-16,DCApost,41,0.13746819711076888,0.39139834095365567,0.06289198606271779,0.6960644448685785
245,root_pair_preserving,6.602595988879993e-16,OO_fraction,41,0.5516006433593718,0.00018537269639469367,0.40401061562010154,0.008801920579540956
246,strength_preserving,8.804287611968103e-16,DCApost,41,-0.20743092465007762,0.19314274823960834,-0.1682926829268293,0.2928919053813079
246,strength_preserving,8.804287611968103e-16,OO_fraction,41,0.3335386699439382,0.03308181270724542,0.23642703769462353,0.13668611778943032
246,root_pair_preserving,8.395335708673184e-16,DCApost,41,0.09782253157953166,0.5428815663057005,0.030662020905923352,0.849069592172181
246,root_pair_preserving,8.395335708673184e-16,OO_fraction,41,0.5566422849809315,0.00015715021873471548,0.4169063576598153,0.006695078541502821
247,strength_preserving,6.359778520195001e-16,DCApost,41,-0.05310623839744212,0.7415793244980362,-0.08728222996515682,0.587382625546039
247,strength_preserving,6.359778520195001e-16,OO_fraction,41,0.22417901312384506,0.158816872025606,0.11378289073237999,0.47873391793420617
247,root_pair_preserving,6.126348346889593e-16,DCApost,41,0.17630692262848655,0.2701712119524731,0.09982578397212546,0.5346103226686483
247,root_pair_preserving,6.126348346889593e-16,OO_fraction,41,0.4917260022903198,0.0010942317897147675,0.3360071024168907,0.031726292263669596
248,strength_preserving,8.773260788806381e-16,DCApost,41,-0.17273808166965668,0.2801412896815413,-0.19547038327526134,0.22066157369531317
248,strength_preserving,8.773260788806381e-16,OO_fraction,41,0.290478472838821,0.06541665421262624,0.18867104187573164,0.23745583338592888
248,root_pair_preserving,8.398560155875886e-16,DCApost,41,0.19769466596717644,0.21534988249883308,0.10783972125435543,0.5021452677562486
248,root_pair_preserving,8.398560155875886e-16,OO_fraction,41,0.5761339723213745,8.088285633351963e-05,0.43892664893547506,0.0040935640395457695
249,strength_preserving,6.711023643844588e-16,DCApost,41,-0.0069902350801962915,0.9654021061035113,-0.08257839721254358,0.6077514378608551
249,strength_preserving,6.711023643844588e-16,OO_fraction,41,0.29279167190184624,0.06320481866883695,0.1975954028951285,0.2155850231459475
249,root_pair_preserving,7.122206971192801e-16,DCApost,41,0.09033341045372233,0.5743349070838215,-0.009059233449477353,0.9551708580650319
249,root_pair_preserving,7.122206971192801e-16,OO_fraction,41,0.5920467217292291,4.554532597023578e-05,0.45335675468807257,0.002913046470763716
